916
ID_ESTADO|ID_DISTRITO_FEDERAL|SECCION|TIPO_CASILLA|ID_CASILLA|EXT_CONTIGUA|TIPO_SECCION|LISTA_NOMINAL|ID_MUNICIPIO|ID_DIST_LOC|ID_ESTRATO|ESTRATO|NUMERO_ARE|PAN|PRI|PRD|PVEM|PT|MC|MORENA|PAN_PRI_PRD|PAN_PRI|PAN_PRD|PRI_PRD|PVEM_PT_MORENA|PVEM_PT|PVEM_MORENA|PT_MORENA|CI|CNR|NULOS|TOTAL|ANIO|MES|DIA|HORA|MINUTOS|SEGUNDOS|ORIGEN_CAPTURA|MODIFICADO
9|2|1084|B|1|0|U|466|5|6|50|E0902|38|50|36|0|8|4|0|7|17|0|1|1|0|13|0|0|0|0|5|142|2024|4|25|14|6|13|4|N
9|2|1096|C|1|0|U|385|5|6|50|E0902|40|127|93|1|1|7|4|1|0|2|2|0|0|0|6|1|0|1|10|256|2024|4|25|14|4|48|4|N
9|2|1111|B|1|0|U|586|5|2|50|E0902|91|45|146|0|12|8|0|0|22|0|1|4|1|16|2|0|0|0|15|272|2024|4|25|14|10|53|4|N
9|2|1161|C|1|0|U|570|5|6|50|E0902|123|0|116|1|6|24|6|15|39|12|6|0|0|68|17|0|0|0|14|324|2024|4|25|14|7|40|4|N
9|2|1274|B|1|0|U|516|5|4|50|E0902|13|132|56|22|9|25|0|0|0|3|0|3|3|111|15|3|0|0|23|405|2024|4|25|14|7|21|4|N
9|2|1326|C|1|0|U|403|5|2|50|E0902|92|58|106|0|3|12|0|0|15|1|0|0|0|27|5|0|0|0|0|227|2024|4|25|14|10|28|4|N
9|2|4586|C|1|0|U|716|15|9|50|E0902|160|0|165|7|18|21|0|0|28|10|3|0|0|0|23|0|0|2|18|295|2024|4|25|14|5|34|4|N
9|2|4605|B|1|0|U|749|15|9|50|E0902|162|176|135|5|4|25|0|0|21|22|0|0|0|63|14|0|0|0|0|465|2024|4|25|14|10|27|4|N
10|3|23|B|1|0|R|616|1|8|73|E1003|4|0|198|0|28|2|0|104|7|0|0|0|0|6|0|0|0|0|53|398|2024|4|25|14|11|24|1|N
10|3|689|B|1|0|U|746|12|13|73|E1003|56|12|114|0|137|37|29|0|22|0|6|0|0|12|0|5|0|9|117|500|2024|4|25|14|4|46|4|N
10|3|1065|C|2|0|U|549|25|9|73|E1003|145|7|83|0|21|6|3|46|0|0|1|0|0|2|0|2|0|0|54|225|2024|4|25|14|3|38|4|N
10|3|1379|B|1|0|U|676|39|14|73|E1003|171|82|0|0|110|0|0|0|134|0|19|0|0|19|0|0|0|0|143|507|2024|4|25|14|12|52|4|N
10|3|1461|B|1|0|U|690|12|13|73|E1003|51|64|68|9|68|43|1|35|41|0|9|1|0|0|0|5|0|0|141|485|2024|4|25|15|0|58|4|N
9|3|208|C|4|0|U|684|2|3|51|E0903|41|126|41|11|13|22|8|35|98|15|0|0|2|53|32|3|0|2|0|461|2024|4|25|14|14|41|4|N
9|3|216|C|1|0|U|728|2|3|51|E0903|55|208|44|0|21|16|9|0|18|0|4|1|3|60|67|0|0|0|15|466|2024|4|25|15|12|36|4|N
9|3|266|C|1|0|U|651|2|5|51|E0903|161|158|0|0|26|8|6|0|58|3|4|3|4|30|32|0|0|2|2|336|2024|4|25|14|15|45|4|N
12|2|137|C|1|0|U|532|1|9|91|E1202|10|0|109|4|9|0|0|0|0|0|29|0|3|0|0|3|0|0|189|346|2024|4|25|14|6|1|4|N
12|2|292|B|1|0|U|584|1|6|91|E1202|55|174|45|41|0|0|10|24|0|0|1|1|0|0|0|0|0|0|14|310|2024|4|25|14|17|32|4|N
12|2|2838|B|1|0|U|568|1|6|91|E1202|19|76|0|25|0|35|8|46|8|0|0|0|1|29|0|0|0|0|18|246|2024|4|25|15|13|41|4|N
11|11|1585|C|1|0|U|718|20|21|85|E1111|76|24|64|6|2|19|1|109|0|0|0|0|0|0|28|0|0|1|17|271|2024|4|25|15|3|32|4|N
11|11|1613|C|1|0|U|709|20|6|85|E1111|96|2|154|6|0|1|22|180|0|0|0|0|1|7|44|1|0|3|19|440|2024|4|25|14|1|39|4|N
11|11|1633|C|7|0|U|690|20|21|85|E1111|45|26|181|8|4|11|15|53|0|0|0|0|0|6|17|1|0|1|26|349|2024|4|25|15|11|15|4|N
11|11|1644|C|4|0|U|723|20|4|85|E1111|39|20|204|2|1|0|16|128|0|0|0|0|0|7|16|0|0|0|2|396|2024|4|25|14|2|57|4|N
11|13|1931|C|4|0|U|680|23|18|87|E1113|48|20|36|0|24|95|23|61|5|44|0|0|0|6|30|0|0|0|19|363|2024|4|25|11|13|29|4|N
7|2|145|C|3|0|U|701|13|11|28|E0702|8|102|89|0|16|39|0|56|13|17|0|3|2|20|73|0|0|2|43|475|2024|4|25|14|12|34|4|N
7|2|627|C|2|0|U|739|44|3|28|E0702|118|0|115|0|32|71|0|42|0|29|42|0|1|43|23|2|0|0|32|432|2024|4|25|14|10|21|4|N
7|2|1209|C|5|0|U|651|82|8|28|E0702|69|30|1|0|3|52|29|75|2|28|0|2|0|0|36|1|0|0|15|274|2024|4|25|13|59|52|4|N
15|7|790|C|2|0|U|535|25|43|131|E1507|125|87|50|7|0|5|23|101|17|41|0|1|0|2|17|1|0|1|3|356|2024|4|25|15|14|26|4|N
15|7|857|C|3|0|U|694|25|43|131|E1507|10|83|80|6|0|9|0|121|23|46|4|1|0|9|55|1|0|0|3|441|2024|4|25|14|18|16|1|N
15|7|6593|C|2|0|U|681|25|43|131|E1507|80|74|104|1|1|6|27|74|15|35|4|0|1|0|0|0|0|0|16|358|2024|4|25|15|9|51|4|N
15|7|6713|B|1|0|U|700|25|43|131|E1507|123|45|0|20|9|14|31|184|30|30|0|0|0|15|0|0|0|1|0|379|2024|4|25|14|47|45|4|N
7|4|48|E|1|1|R|416|5|11|30|E0704|4|19|29|2|0|29|10|45|0|17|0|0|0|7|0|0|0|1|9|168|2024|4|25|15|7|13|4|N
15|40|130|C|1|0|U|712|5|45|164|E1540|31|25|0|57|4|28|18|75|35|46|0|0|0|50|20|1|0|0|4|363|2024|4|25|14|17|12|4|N
15|40|5828|B|1|0|U|684|119|36|164|E1540|128|98|0|23|3|15|24|88|12|52|14|4|0|30|16|1|0|0|11|391|2024|4|25|15|7|32|4|N
15|14|36|B|1|0|R|534|2|39|138|E1514|35|99|27|6|11|3|6|104|14|18|0|3|1|14|31|0|0|3|1|341|2024|4|25|15|13|59|4|N
15|14|49|B|1|0|U|673|2|39|138|E1514|24|63|10|5|2|2|0|103|11|0|2|2|0|7|10|3|0|1|12|233|2024|4|25|14|15|26|4|N
15|14|4696|C|9|0|U|695|101|39|138|E1514|56|130|41|7|6|2|0|133|0|66|0|3|0|40|32|0|0|0|29|489|2024|4|25|14|17|30|4|N
15|14|6701|B|1|0|U|632|2|39|138|E1514|11|89|62|4|0|3|0|116|15|27|0|0|1|20|31|0|0|1|8|377|2024|4|25|15|2|31|4|N
15|35|2170|B|1|0|U|733|41|9|159|E1535|30|67|92|0|7|17|15|187|0|0|0|0|0|14|46|1|0|0|22|468|2024|4|25|15|11|26|4|N
15|35|4481|C|2|0|U|602|91|7|159|E1535|61|46|61|4|0|17|10|150|0|9|4|2|0|15|37|1|0|1|6|363|2024|4|25|14|17|23|4|N
15|35|4484|B|1|0|U|651|91|7|159|E1535|82|40|71|10|7|23|9|121|0|34|0|4|3|6|40|0|0|0|18|386|2024|4|25|14|13|47|4|N
16|1|574|B|1|0|U|622|35|22|165|E1601|41|46|39|0|12|12|0|207|0|21|6|0|0|0|0|0|0|0|8|351|2024|4|25|14|12|59|4|N
16|1|1315|C|2|0|R|734|56|22|165|E1601|60|104|133|0|0|16|8|268|0|0|0|0|0|0|0|0|0|1|14|544|2024|4|25|15|1|44|4|N
14|9|635|B|1|0|U|611|41|9|113|E1409|117|2|131|69|17|1|0|30|12|69|2|3|1|30|17|1|0|0|0|385|2024|4|25|14|10|35|4|N
14|9|652|C|1|0|U|694|41|9|113|E1409|143|33|99|103|6|25|0|94|0|53|3|4|0|15|41|4|0|1|3|484|2024|4|25|15|9|20|4|N
14|9|1192|C|2|0|U|640|41|9|113|E1409|7|0|161|79|16|28|0|58|11|29|0|0|0|15|47|3|0|0|0|447|2024|4|25|14|9|0|4|N
14|9|1328|C|1|0|U|700|41|9|113|E1409|112|0|139|71|13|7|2|67|2|0|4|0|1|30|57|1|0|0|54|448|2024|4|25|13|30|25|4|N
14|10|3053|B|1|0|U|736|120|10|114|E1410|9|6|225|32|3|14|5|134|9|28|0|0|0|14|11|0|0|1|7|489|2024|4|25|15|10|51|4|N
14|10|3058|B|1|0|U|558|120|10|114|E1410|7|0|0|47|14|14|17|222|0|11|0|0|0|20|30|1|0|0|0|376|2024|4|25|15|5|5|4|N
14|15|172|C|2|0|U|719|13|15|119|E1415|74|25|89|66|0|14|1|237|4|36|1|4|1|1|0|4|0|2|0|485|2024|4|25|13|40|47|4|N
14|15|174|C|1|0|U|474|13|15|119|E1415|82|7|56|53|6|6|2|167|6|16|0|3|2|0|4|2|0|0|0|330|2024|4|25|15|9|11|4|N
14|15|237|B|1|0|R|254|16|15|119|E1415|96|10|13|20|0|0|0|47|2|10|0|2|0|1|9|3|0|0|1|118|2024|4|25|14|14|48|4|N
14|15|290|C|1|0|U|648|18|15|119|E1415|106|28|53|86|5|10|7|153|0|22|1|1|0|3|31|2|0|1|0|403|2024|4|25|15|11|37|4|N
14|15|1636|C|1|0|U|737|49|15|119|E1415|138|52|67|59|12|8|2|289|3|51|0|1|0|12|33|0|0|1|7|597|2024|4|25|14|16|53|4|N
14|15|1643|C|3|0|U|637|49|15|119|E1415|139|3|4|8|5|3|1|13|4|9|0|3|3|9|11|0|0|0|0|76|2024|4|25|14|0|48|4|N
25|1|2601|B|1|0|U|567|12|23|241|E2501|119|0|0|5|0|28|89|256|2|0|2|2|0|0|0|1|0|0|35|420|2024|4|25|15|6|14|4|N
25|1|2891|B|1|0|U|369|12|22|241|E2501|113|97|40|0|9|0|50|31|11|0|4|0|0|8|0|1|0|1|50|302|2024|4|25|15|10|32|4|N
25|5|1103|B|1|0|U|486|6|14|245|E2505|92|34|60|3|0|0|44|21|0|0|2|0|0|5|0|2|4|0|31|206|2024|4|25|11|7|39|4|N
14|18|551|C|1|0|U|639|39|18|122|E1418|85|31|9|17|11|18|7|101|0|25|1|2|1|5|47|1|0|1|4|281|2024|4|25|15|7|5|4|N
26|1|633|C|1|0|U|619|53|2|248|E2601|48|1|286|0|0|6|18|0|28|0|2|0|2|15|0|1|0|6|0|365|2024|4|25|15|12|54|1|N
26|1|676|C|1|0|U|433|55|1|248|E2601|76|1|5|0|1|0|2|18|4|0|0|2|1|9|0|0|0|7|6|56|2024|4|25|15|14|30|4|N
26|1|689|C|1|0|U|385|55|1|248|E2601|76|4|2|8|3|6|0|10|0|0|1|3|1|0|0|1|0|0|0|39|2024|4|25|15|10|57|4|N
26|1|699|B|1|0|U|398|55|1|248|E2601|92|41|70|14|17|8|0|68|4|0|0|0|0|1|0|0|0|2|11|236|2024|4|25|14|6|8|4|N
26|2|22|C|9|0|U|691|2|7|249|E2602|12|44|98|2|3|6|8|207|8|0|0|0|0|8|0|0|0|0|23|407|2024|4|25|13|0|32|4|N
26|2|191|C|1|0|U|597|30|5|249|E2602|109|9|141|0|8|2|35|226|0|0|3|0|1|3|0|0|0|2|27|457|2024|4|25|13|2|45|4|N
26|2|218|C|1|0|U|658|30|5|249|E2602|75|28|126|0|1|4|0|168|2|0|1|0|0|10|0|0|0|0|24|364|2024|4|25|14|14|35|4|N
26|2|1597|C|2|0|U|681|30|4|249|E2602|91|24|185|2|3|2|16|218|0|0|6|0|0|5|0|0|0|0|34|495|2024|4|25|15|10|52|4|N
28|7|723|B|1|0|U|713|25|3|267|E2807|6|89|0|17|0|8|18|253|5|0|3|1|3|15|0|2|0|0|32|446|2024|4|25|14|17|29|4|N
28|7|1755|C|1|0|U|719|32|5|267|E2807|89|87|17|8|11|0|27|286|10|0|28|4|3|0|0|4|0|0|50|535|2024|4|25|14|8|36|1|N
28|7|1756|C|1|0|U|491|32|5|267|E2807|90|38|141|7|2|19|4|89|3|0|0|0|5|24|0|1|0|1|18|352|2024|4|25|14|6|18|4|N
28|7|2091|C|1|0|U|734|32|8|267|E2807|111|71|50|5|1|4|25|189|10|0|4|2|0|8|0|1|0|0|19|389|2024|4|25|14|9|27|4|N
28|5|1573|C|7|0|U|719|41|14|265|E2805|82|44|0|0|24|10|79|277|8|0|0|0|1|13|0|0|0|4|52|512|2024|4|25|14|15|53|4|N
28|5|1631|B|1|0|U|670|41|15|265|E2805|157|39|0|4|0|37|105|0|0|0|0|1|1|16|0|0|0|0|97|300|2024|4|25|14|11|30|4|N
28|5|1642|B|1|0|U|514|41|15|265|E2805|157|0|5|5|0|64|68|130|0|0|2|0|2|12|0|2|0|3|35|328|2024|4|25|14|15|45|4|N
28|5|1676|B|1|0|U|448|41|15|265|E2805|116|26|105|0|7|40|40|18|8|0|0|1|0|15|0|1|0|1|36|298|2024|4|25|14|7|47|4|N
28|5|1692|B|1|0|U|740|41|15|265|E2805|128|0|222|9|6|0|0|0|43|0|25|3|6|31|0|0|0|9|124|478|2024|4|25|14|17|6|4|N
28|8|189|C|6|0|U|671|9|20|268|E2808|29|9|176|6|2|0|27|148|0|0|1|3|2|7|0|0|0|1|44|426|2024|4|25|15|5|27|4|N
28|8|226|C|1|0|U|466|9|20|268|E2808|59|57|52|5|8|10|6|126|2|0|4|1|0|8|0|0|0|1|23|303|2024|4|25|14|5|8|4|N
28|8|238|B|1|0|U|641|9|20|268|E2808|63|68|61|7|17|9|17|45|0|0|2|0|0|10|0|0|0|0|26|262|2024|4|25|15|1|17|4|N
28|8|1325|B|1|0|U|567|38|21|268|E2808|87|28|36|13|6|25|0|105|0|0|3|0|1|0|0|2|0|1|47|267|2024|4|25|14|15|53|4|N
28|8|1382|B|1|0|U|392|38|22|268|E2808|123|50|41|3|0|7|0|29|0|0|2|0|0|2|0|0|0|0|29|163|2024|4|25|14|5|23|4|N
28|8|1419|B|1|0|U|645|38|22|268|E2808|147|142|21|2|15|17|73|153|0|0|0|1|1|15|0|0|0|0|40|480|2024|4|25|14|7|12|4|N
28|8|1483|B|1|0|U|382|38|22|268|E2808|176|29|32|5|1|7|49|76|5|0|1|1|1|7|0|0|0|0|19|233|2024|4|25|15|4|33|4|N
19|10|1331|C|2|0|U|542|40|8|193|E1910|98|17|228|0|4|6|0|34|4|10|1|1|1|0|19|0|0|0|4|329|2024|4|25|14|8|46|4|N
19|10|1679|B|1|0|U|430|40|6|193|E1910|27|11|202|2|3|0|0|45|0|26|2|0|0|1|19|1|0|0|1|313|2024|4|25|14|6|13|4|N
29|1|103|B|1|0|M|741|7|11|269|E2901|22|13|54|14|43|43|0|82|5|0|0|0|2|28|0|1|0|0|26|311|2024|4|25|15|13|54|4|N
29|1|470|B|1|0|U|549|34|2|269|E2901|68|0|137|6|27|0|0|127|0|0|16|0|4|14|0|0|0|0|32|363|2024|4|25|14|16|7|4|N
20|8|1424|B|1|0|U|547|291|9|205|E2008|146|143|93|0|24|27|24|0|33|0|0|0|0|23|0|0|0|1|12|380|2024|4|25|15|1|41|4|N
20|2|962|B|1|0|M|593|170|1|199|E2002|1|185|0|23|103|0|0|0|36|0|11|4|0|5|0|0|0|3|42|412|2024|4|25|14|4|8|1|N
20|6|2373|E|1|0|M|397|553|8|203|E2006|48|0|0|0|0|2|0|3|0|0|1|0|0|2|0|0|0|0|5|13|2024|4|25|15|12|31|4|N
22|3|284|C|1|0|U|499|14|1|226|E2203|1|47|62|11|16|26|0|68|0|38|5|0|0|0|0|0|0|0|35|308|2024|4|25|14|5|51|4|N
22|3|309|B|1|0|U|571|14|1|226|E2203|6|27|108|8|0|7|47|47|5|54|0|0|0|0|0|0|0|0|13|316|2024|4|25|14|16|23|4|N
22|3|328|C|4|0|U|623|14|1|226|E2203|33|27|0|8|17|6|85|133|0|59|1|0|0|0|0|0|0|1|9|346|2024|4|25|15|13|26|4|N
22|3|936|C|1|0|U|591|14|1|226|E2203|15|25|80|11|0|12|74|56|11|28|1|0|0|0|0|0|0|0|0|298|2024|4|25|14|8|40|1|N
22|2|8|C|1|0|R|692|1|9|225|E2202|4|73|27|0|17|17|48|186|3|0|1|2|0|0|0|0|0|0|6|380|2024|4|25|14|11|31|1|N
22|2|11|E|1|0|R|710|1|9|225|E2202|14|27|33|22|3|0|32|253|0|0|0|1|0|0|0|0|0|0|10|381|2024|4|25|14|16|9|4|N
22|2|577|C|1|0|U|520|16|11|225|E2202|35|49|58|0|7|33|16|59|8|0|2|0|1|0|0|0|0|0|25|258|2024|4|25|10|49|18|4|N
22|2|586|C|5|0|U|695|16|10|225|E2202|40|0|164|33|3|4|17|225|0|0|0|0|0|0|0|0|0|0|24|470|2024|4|25|15|10|8|4|N
30|10|1853|B|1|0|U|543|89|11|281|E3010|12|23|19|2|2|0|0|125|54|0|4|1|0|18|21|0|0|1|0|270|2024|4|25|14|9|28|4|N
30|10|1872|C|5|0|U|744|89|11|281|E3010|4|104|22|0|5|7|15|156|77|5|3|2|1|0|42|2|0|0|11|452|2024|4|25|14|12|56|1|N
30|10|1910|C|1|0|U|675|89|10|281|E3010|151|111|63|5|3|8|4|173|51|17|7|0|0|12|32|0|0|0|14|500|2024|4|25|15|8|21|4|N
30|10|1971|B|1|0|U|724|89|10|281|E3010|117|168|84|7|7|0|2|43|16|62|1|2|4|75|47|0|0|0|5|523|2024|4|25|15|6|5|4|N
30|10|2039|B|1|0|U|408|89|10|281|E3010|87|126|0|6|2|4|0|42|64|13|0|0|0|7|56|0|0|0|0|320|2024|4|25|14|7|18|4|N
30|10|2099|C|4|0|U|708|89|10|281|E3010|113|113|3|4|4|0|0|112|26|35|8|0|0|24|35|0|0|0|8|372|2024|4|25|15|5|58|4|N
2|6|795|B|1|0|U|611|4|10|9|E0206|19|34|125|18|8|7|15|150|0|0|0|3|0|0|0|0|0|0|16|376|2024|4|25|14|15|14|4|N
2|6|843|C|4|0|U|690|4|11|9|E0206|112|14|117|0|6|19|18|83|0|40|9|3|0|0|0|0|0|0|14|323|2024|4|25|15|5|52|4|N
2|6|854|C|2|0|U|644|4|11|9|E0206|134|0|100|16|0|6|0|117|6|0|1|3|0|0|0|0|0|0|2|251|2024|4|25|15|14|15|4|N
2|6|947|B|1|0|U|622|4|10|9|E0206|77|0|127|13|11|3|0|51|21|0|0|9|0|0|0|0|0|0|35|270|2024|4|25|15|1|50|4|N
2|6|947|C|1|0|U|621|4|10|9|E0206|77|56|59|5|13|0|31|65|0|5|2|0|0|0|0|0|0|1|11|248|2024|4|25|15|5|8|4|N
2|6|1499|E|1|1|M|630|4|11|9|E0206|145|0|226|0|12|16|0|0|12|18|8|8|0|0|0|0|0|1|31|332|2024|4|25|15|14|18|4|N
2|6|1508|B|1|0|U|744|4|11|9|E0206|155|34|186|0|37|25|56|129|25|0|0|0|0|0|0|0|0|1|0|493|2024|4|25|15|13|58|4|N
31|1|38|C|1|0|M|535|8|18|291|E3101|2|72|1|3|0|3|0|166|3|5|4|2|0|0|14|0|0|0|0|273|2024|4|25|14|5|33|1|N
31|1|139|B|1|0|R|569|32|17|291|E3101|8|57|0|6|1|2|4|123|9|0|0|1|0|9|5|0|0|0|9|226|2024|4|25|14|14|31|1|N
31|1|954|C|1|0|U|604|96|17|291|E3101|52|45|27|0|0|2|2|128|0|8|2|0|0|22|5|0|0|0|1|242|2024|4|25|15|13|8|4|N
31|1|972|B|1|0|M|750|96|17|291|E3101|47|120|166|21|0|23|0|59|0|106|9|0|1|49|32|0|0|1|22|609|2024|4|25|15|11|54|4|N
5|3|331|B|1|0|U|593|18|5|19|E0503|59|23|100|0|0|22|6|0|29|0|12|0|3|30|0|0|0|4|67|296|2024|4|25|15|3|54|4|N
5|3|713|C|2|0|U|674|28|3|19|E0503|41|54|200|0|4|19|6|83|6|0|0|2|0|3|0|0|0|0|17|394|2024|4|25|15|12|13|4|N
6|1|78|B|1|0|M|368|1|6|25|E0601|32|45|98|2|0|72|0|50|0|6|0|0|0|6|4|0|0|0|0|283|2024|4|25|14|15|2|4|N
6|1|155|B|1|0|U|683|5|7|25|E0601|105|124|77|2|0|152|0|0|0|14|14|1|0|22|5|0|0|0|20|431|2024|4|25|14|17|43|4|N
32|1|114|B|1|0|M|601|9|18|297|E3201|1|48|113|0|145|6|0|0|0|0|0|1|2|23|38|1|0|0|9|386|2024|4|25|14|16|57|2|N
32|1|155|C|1|0|M|723|10|6|297|E3201|12|63|78|1|208|0|14|0|1|0|16|1|0|17|31|0|0|0|3|433|2024|4|25|14|16|18|1|N
32|1|1273|C|1|0|U|418|40|7|297|E3201|117|46|22|0|146|0|0|0|8|32|0|0|1|3|22|1|0|0|0|281|2024|4|25|13|19|37|4|N
27|4|292|C|1|0|U|407|4|9|258|E2704|104|119|12|0|0|2|2|56|1|5|0|0|0|0|0|0|0|0|5|202|2024|4|25|14|2|47|4|N
27|4|301|B|1|0|U|402|4|9|258|E2704|106|78|28|3|0|2|6|90|4|7|6|1|0|0|0|0|0|0|6|231|2024|4|25|14|13|5|4|N
27|4|1156|B|1|0|U|740|4|7|258|E2704|79|224|89|4|13|0|2|118|2|5|4|0|0|0|0|0|0|0|4|465|2024|4|25|14|5|10|4|N
27|4|1159|B|1|0|U|699|4|7|258|E2704|81|120|58|40|0|0|0|68|29|44|18|1|0|0|0|0|0|0|25|403|2024|4|25|14|7|50|4|N
30|14|1413|C|1|0|U|669|63|30|285|E3014|1|49|0|2|1|12|15|307|11|0|15|0|1|4|46|1|0|1|38|503|2024|4|25|15|5|25|4|N
30|14|1419|C|1|0|U|718|63|30|285|E3014|3|52|7|6|3|18|14|262|12|27|8|2|0|3|0|1|0|0|10|425|2024|4|25|15|0|58|4|N
30|14|2110|C|1|0|U|443|91|27|285|E3014|105|13|20|6|3|0|10|147|20|24|12|0|0|6|14|0|0|0|0|275|2024|4|25|13|48|37|4|N
30|14|2161|B|1|0|U|636|93|28|285|E3014|41|25|0|7|1|17|13|209|26|16|5|0|1|25|17|2|0|1|9|374|2024|4|25|14|11|48|1|N
30|14|4897|B|1|0|U|656|109|28|285|E3014|48|39|0|8|7|6|0|233|8|9|9|2|0|16|9|0|0|0|35|381|2024|4|25|12|24|20|4|N
11|14|64|B|1|0|U|392|2|22|88|E1114|13|0|183|3|2|17|0|20|11|20|0|2|0|3|26|0|0|0|7|294|2024|4|25|14|14|43|1|N
11|14|86|C|1|0|U|725|2|22|88|E1114|19|2|290|0|8|0|0|144|0|31|0|0|1|0|20|1|0|0|5|502|2024|4|25|14|11|37|4|N
28|1|765|E|1|4|U|728|27|1|261|E2801|30|58|98|9|2|79|140|128|20|0|0|0|0|0|0|2|0|0|50|586|2024|4|25|14|3|22|4|N
28|1|819|B|1|0|U|523|27|2|261|E2801|78|39|84|3|14|0|37|86|4|0|0|2|1|8|0|1|0|0|29|308|2024|4|25|13|3|16|4|N
28|1|884|C|1|0|U|483|27|2|261|E2801|104|18|42|3|8|0|0|149|8|0|1|0|0|3|0|0|0|0|17|249|2024|4|25|14|15|21|1|N
28|1|898|C|4|0|U|725|27|3|261|E2801|130|49|172|10|11|39|0|188|0|0|0|1|1|4|0|2|0|2|17|496|2024|4|25|13|19|33|4|N
28|1|901|C|3|0|U|693|27|3|261|E2801|134|15|134|6|7|34|8|41|1|0|0|1|0|9|0|1|0|0|0|257|2024|4|25|13|20|28|4|N
28|1|1831|B|1|0|U|496|27|1|261|E2801|47|0|0|4|11|33|39|51|0|0|0|0|0|7|0|0|0|0|28|173|2024|4|25|14|11|11|1|N
19|9|866|C|1|0|U|653|34|24|192|E1909|90|4|305|4|0|0|0|136|6|1|6|1|0|15|0|0|0|0|0|478|2024|4|25|14|16|41|4|N
19|9|869|B|1|0|U|588|34|24|192|E1909|86|0|222|8|24|4|26|47|9|18|0|0|0|12|5|1|0|0|0|376|2024|4|25|13|19|36|4|N
19|9|884|C|1|0|U|537|34|24|192|E1909|79|0|240|4|5|4|0|33|7|0|1|0|0|11|0|0|0|0|19|324|2024|4|25|12|54|57|4|N
19|9|2101|C|2|0|U|666|49|24|192|E1909|130|25|0|8|0|26|45|238|0|0|0|0|1|1|0|0|0|1|0|345|2024|4|25|15|1|3|4|N
9|11|5191|B|1|0|U|585|17|10|59|E0911|4|91|36|6|19|0|0|13|39|2|14|0|1|19|27|0|0|0|7|274|2024|4|25|14|17|1|4|N
9|11|5249|C|1|0|U|618|17|10|59|E0911|23|156|24|7|5|0|10|14|18|14|0|4|2|34|19|2|0|1|4|314|2024|4|25|15|5|49|4|N
9|11|5259|C|1|0|U|728|17|10|59|E0911|44|202|58|8|11|4|14|0|81|16|12|1|2|19|29|0|0|1|0|458|2024|4|25|15|4|36|4|N
9|11|5511|C|2|0|U|604|17|10|59|E0911|75|221|41|10|8|1|4|2|43|3|11|5|0|50|33|0|0|0|9|441|2024|4|25|14|4|8|4|N
29|2|1|C|1|0|U|641|1|5|270|E2902|1|41|81|21|18|2|19|107|62|0|4|3|0|0|0|1|0|0|55|414|2024|4|25|15|1|58|4|N
29|2|78|C|1|0|M|695|6|1|270|E2902|13|11|97|4|23|28|109|35|46|0|5|0|0|66|0|2|0|0|58|484|2024|4|25|14|10|15|1|N
29|2|83|B|1|0|U|660|6|1|270|E2902|19|60|27|0|17|0|32|93|40|0|9|2|2|7|0|3|0|0|84|376|2024|4|25|14|5|26|4|N
29|2|301|C|1|0|M|660|21|1|270|E2902|36|0|45|8|13|6|0|63|29|0|3|3|0|8|0|0|0|0|33|211|2024|4|25|14|3|59|1|N
29|2|448|C|2|0|U|630|33|7|270|E2902|109|0|83|5|17|0|106|46|17|0|8|1|0|64|0|1|0|1|27|376|2024|4|25|14|3|56|1|N
29|2|449|C|1|0|U|679|33|7|270|E2902|107|0|133|6|58|32|0|0|21|0|1|6|0|70|0|6|0|2|39|374|2024|4|25|14|5|28|4|N
29|2|463|C|1|0|U|622|33|7|270|E2902|116|2|152|18|12|11|0|63|0|0|2|2|0|44|0|0|0|0|80|386|2024|4|25|14|14|18|1|N
29|2|575|C|2|0|U|609|43|2|270|E2902|141|0|67|1|8|30|40|173|52|0|9|0|0|5|0|1|0|0|27|413|2024|4|25|14|12|35|4|N
29|2|579|B|1|0|U|702|43|2|270|E2902|143|36|154|1|14|29|0|176|45|0|5|0|0|0|0|0|0|2|69|531|2024|4|25|15|8|40|4|N
29|2|629|B|1|0|U|737|33|7|270|E2902|114|68|122|10|0|0|63|86|10|0|0|2|1|50|0|0|0|1|58|471|2024|4|25|14|8|23|4|N
29|2|642|B|1|0|U|749|43|2|270|E2902|150|0|144|6|24|16|0|88|29|0|2|3|1|44|0|1|0|1|61|420|2024|4|25|14|6|15|4|N
9|16|3199|C|1|0|U|464|10|18|64|E0916|24|69|28|8|6|9|7|43|32|18|4|0|8|29|16|9|0|1|10|297|2024|4|25|14|13|17|4|N
9|16|3287|B|1|0|U|522|10|32|64|E0916|81|86|35|10|19|1|58|22|42|54|0|4|0|0|5|5|0|1|22|364|2024|4|25|14|15|7|4|N
9|16|3294|B|1|0|U|470|10|18|64|E0916|96|65|23|19|7|4|19|60|46|6|7|1|8|60|9|2|0|1|8|345|2024|4|25|14|12|22|1|N
9|16|3300|C|2|0|U|570|10|32|64|E0916|90|80|42|23|13|11|1|40|75|4|14|2|6|33|0|0|0|0|11|355|2024|4|25|14|8|46|4|N
9|16|3333|C|1|0|U|712|10|32|64|E0916|114|135|2|7|7|0|19|63|125|6|14|0|4|89|44|1|0|0|6|522|2024|4|25|13|45|34|4|N
9|16|3359|B|1|0|U|561|10|32|64|E0916|59|52|16|15|6|7|13|51|31|27|0|1|0|53|5|2|0|0|5|284|2024|4|25|15|13|48|4|N
21|4|851|C|3|0|U|627|105|14|211|E2104|5|49|19|5|1|11|27|109|0|31|5|2|2|0|65|0|0|0|71|397|2024|4|25|15|12|39|4|N
30|2|132|B|1|0|U|741|8|4|273|E3002|24|0|185|6|0|0|5|88|0|36|0|0|0|1|3|1|0|1|10|336|2024|4|25|15|9|37|1|N
21|5|1678|C|2|0|U|697|123|7|212|E2105|37|58|89|0|3|9|0|206|10|11|9|0|0|0|45|0|0|0|0|440|2024|4|25|14|5|23|4|N
21|5|1726|C|1|0|U|417|133|7|212|E2105|44|17|19|0|11|7|37|69|0|25|5|0|2|21|34|0|0|0|4|251|2024|4|25|14|4|54|4|N
21|5|1728|B|1|0|U|538|133|7|212|E2105|40|43|105|11|0|5|0|82|0|40|0|0|0|20|31|0|0|0|19|356|2024|4|25|15|5|57|4|N
21|5|1749|C|1|0|U|634|133|7|212|E2105|59|40|86|6|51|4|49|53|0|5|0|0|0|19|0|0|0|0|7|320|2024|4|25|15|0|54|4|N
21|5|2246|C|1|0|U|738|180|7|212|E2105|120|167|0|9|0|19|0|252|0|76|0|6|2|13|0|0|0|0|39|583|2024|4|25|14|5|28|4|N
21|5|2246|C|3|0|U|738|180|7|212|E2105|121|132|35|0|48|4|8|115|18|14|3|1|1|40|41|1|0|0|31|492|2024|4|25|15|1|1|4|N
9|19|555|B|1|0|U|585|3|30|67|E0919|63|33|11|34|0|14|14|99|13|16|13|1|0|67|33|1|0|0|18|367|2024|4|25|14|10|22|4|N
9|19|578|B|1|0|U|398|3|30|67|E0919|42|98|4|14|7|19|9|43|32|13|11|2|1|8|13|0|0|0|13|287|2024|4|25|14|3|56|4|N
9|19|2394|B|1|0|U|641|7|24|67|E0919|147|126|2|15|10|11|17|48|43|5|24|3|0|26|1|4|0|0|17|352|2024|4|25|14|5|13|4|N
9|19|2411|B|1|0|U|489|7|24|67|E0919|140|105|14|26|0|13|8|19|49|25|14|3|3|68|23|0|0|0|6|376|2024|4|25|14|4|9|4|N
9|19|2424|B|1|0|U|547|7|24|67|E0919|113|53|0|8|0|12|0|29|29|11|7|1|0|28|2|0|0|0|9|189|2024|4|25|14|6|40|4|N
9|7|1388|C|1|0|U|527|5|4|55|E0907|54|53|172|0|7|5|16|0|23|0|8|0|1|6|0|0|0|0|14|305|2024|4|25|15|4|29|4|N
15|38|240|B|1|0|U|672|11|39|162|E1538|6|31|33|44|37|9|0|140|3|46|9|8|3|0|20|2|0|1|1|387|2024|4|25|15|5|59|4|N
15|38|4628|C|6|0|M|694|100|23|162|E1538|32|18|132|29|5|0|32|91|32|0|10|0|4|0|57|0|0|1|42|453|2024|4|25|15|11|8|4|N
15|38|4662|C|4|0|M|703|100|23|162|E1538|105|86|54|0|0|0|18|146|19|0|0|8|1|0|0|0|0|0|20|352|2024|4|25|15|5|54|4|N
15|38|4668|C|2|0|U|669|100|23|162|E1538|95|17|23|17|17|0|0|60|1|12|0|0|0|9|27|0|0|0|7|190|2024|4|25|15|5|15|4|N
15|38|4672|B|1|0|M|566|100|23|162|E1538|81|0|56|0|33|0|36|226|48|0|0|17|0|0|4|2|0|0|44|466|2024|4|25|15|13|49|4|N
15|38|4676|B|1|0|M|744|100|23|162|E1538|86|100|9|18|9|11|10|181|12|21|4|0|0|10|45|1|0|1|25|457|2024|4|25|15|12|13|4|N
14|12|3220|C|1|0|U|506|120|12|116|E1412|39|16|52|49|2|14|0|49|2|12|1|1|1|4|0|2|0|0|3|208|2024|4|25|14|15|23|4|N
14|12|3468|C|5|0|M|741|98|12|116|E1412|91|26|162|79|14|48|0|64|10|35|3|4|2|0|26|3|0|0|28|504|2024|4|25|12|11|8|4|N
14|12|3468|C|6|0|M|740|98|12|116|E1412|91|37|101|80|9|18|16|28|10|37|0|3|0|21|79|3|0|0|25|467|2024|4|25|12|16|10|4|N
3|1|122|C|1|0|U|378|3|2|13|E0301|77|0|6|0|6|0|2|6|0|0|0|0|0|4|0|0|0|0|6|30|2024|4|25|15|1|43|4|N
3|1|151|B|1|0|U|667|3|2|13|E0301|88|0|0|0|11|35|0|0|57|0|2|0|4|52|0|0|0|0|168|329|2024|4|25|13|56|7|4|N
3|1|168|B|1|0|U|494|3|2|13|E0301|86|2|66|0|6|0|0|69|13|0|2|1|0|0|0|0|0|1|31|191|2024|4|25|13|47|47|4|N
3|1|478|C|1|0|U|471|3|4|13|E0301|136|0|134|19|0|10|21|55|11|0|8|0|0|0|0|0|0|0|52|310|2024|4|25|15|9|11|4|N
4|1|135|C|1|0|R|484|1|6|15|E0401|84|19|76|8|6|0|7|51|9|19|5|0|1|0|28|1|7|0|0|237|2024|4|25|15|10|59|1|N
4|1|416|B|1|0|R|227|11|21|15|E0401|151|0|39|0|0|23|8|4|12|0|2|0|0|0|0|4|6|0|20|118|2024|4|25|15|14|1|4|N
14|20|2030|C|8|0|U|709|72|20|124|E1420|55|25|8|80|7|5|0|264|0|38|0|0|0|6|59|2|0|0|75|569|2024|4|25|13|5|46|4|N
14|20|2695|E|3|0|M|731|102|20|124|E1420|19|34|166|7|7|0|4|282|0|21|0|0|0|1|12|0|0|1|15|550|2024|4|25|14|11|8|1|N
14|20|2718|C|4|0|U|619|102|20|124|E1420|4|0|0|0|2|7|14|320|4|23|0|0|0|5|30|2|0|1|39|447|2024|4|25|14|15|3|1|N
14|20|2719|C|1|0|U|750|102|20|124|E1420|1|0|0|0|3|26|0|374|18|40|0|0|0|20|0|0|0|0|84|565|2024|4|25|14|4|28|4|N
31|3|308|C|6|0|U|712|50|8|293|E3103|2|173|0|4|2|0|1|166|12|16|0|3|0|6|11|0|0|0|9|403|2024|4|25|15|12|44|4|N
31|3|380|B|1|0|U|652|50|1|293|E3103|12|0|0|11|43|0|24|183|0|68|0|0|2|20|43|4|0|0|0|398|2024|4|25|15|1|28|4|N
5|8|265|C|5|0|U|687|17|7|24|E0508|43|0|230|0|1|0|7|191|0|8|2|2|0|3|48|0|0|1|13|506|2024|4|25|15|11|25|4|N
5|8|661|C|3|0|U|688|27|12|24|E0508|81|15|111|1|0|17|4|215|4|28|0|4|0|5|0|0|0|0|23|427|2024|4|25|14|17|34|4|N
5|8|1718|B|1|0|U|743|27|12|24|E0508|93|14|165|17|5|10|1|210|0|0|0|2|0|5|0|1|0|2|0|432|2024|4|25|11|20|51|4|N
9|9|3673|C|2|0|U|682|11|8|57|E0909|53|80|53|10|11|15|5|47|25|9|8|5|1|16|13|2|0|2|10|312|2024|4|25|14|13|31|4|N
9|9|3727|C|2|0|U|506|11|7|57|E0909|125|31|78|14|37|18|23|24|42|40|11|7|0|54|10|0|0|0|3|392|2024|4|25|15|1|11|4|N
32|2|612|C|1|0|U|538|20|10|298|E3202|2|0|128|2|0|0|66|83|6|0|0|0|0|2|39|0|0|0|49|375|2024|4|25|14|5|33|4|N
32|2|617|C|2|0|U|714|20|10|298|E3202|4|30|189|9|0|0|67|0|0|0|4|1|1|0|112|0|0|0|20|433|2024|4|25|14|13|42|4|N
32|2|968|B|1|0|U|709|34|15|298|E3202|145|0|218|6|22|0|10|0|0|0|5|0|0|0|111|3|0|1|41|417|2024|4|25|10|48|5|4|N
9|15|4315|B|1|0|U|728|14|17|63|E0915|63|15|82|0|16|13|34|121|26|7|10|7|1|48|56|6|0|1|8|451|2024|4|25|15|13|30|4|N
9|15|4461|C|1|0|U|664|14|18|63|E0915|113|112|45|8|15|7|19|26|23|2|1|2|0|36|0|2|0|1|3|302|2024|4|25|14|7|55|4|N
11|12|343|C|1|0|U|739|7|16|86|E1112|25|39|39|0|15|34|48|115|11|15|3|1|0|3|2|0|0|0|19|344|2024|4|25|13|37|17|4|N
11|12|375|C|1|0|U|582|7|15|86|E1112|54|25|198|0|3|0|33|24|4|13|1|0|1|3|0|0|0|0|10|315|2024|4|25|14|9|44|4|N
11|12|414|C|1|0|U|467|7|15|86|E1112|62|26|59|3|0|6|14|97|7|8|1|0|0|4|5|2|0|0|16|248|2024|4|25|13|57|47|4|N
11|12|479|B|1|0|U|616|7|15|86|E1112|79|8|179|4|7|0|38|108|0|11|0|0|0|1|25|0|0|1|2|384|2024|4|25|15|13|33|4|N
11|12|3254|C|2|0|U|687|7|16|86|E1112|11|66|106|19|0|0|89|0|24|41|0|3|4|0|14|0|0|3|14|383|2024|4|25|14|10|15|4|N
7|12|1268|B|1|0|U|560|90|19|38|E0712|37|30|138|0|2|7|17|179|41|0|0|0|0|0|0|0|0|2|25|441|2024|4|25|15|5|15|4|N
7|12|1336|B|1|0|U|620|90|19|38|E0712|73|41|109|6|9|26|1|178|37|0|0|1|0|0|0|0|0|1|31|440|2024|4|25|15|9|41|4|N
9|1|840|C|2|0|U|521|5|1|49|E0901|89|134|0|12|5|24|12|41|17|10|0|1|0|48|17|0|0|0|0|321|2024|4|25|12|30|39|4|N
9|1|893|C|1|0|U|593|5|1|49|E0901|27|62|0|11|14|10|8|50|70|0|4|1|3|107|7|2|0|0|0|349|2024|4|25|14|17|9|4|N
9|1|901|B|1|0|U|744|5|1|49|E0901|67|154|0|8|11|4|12|65|64|0|0|0|1|75|7|0|0|0|10|411|2024|4|25|15|10|55|4|N
9|1|909|B|1|0|U|590|5|1|49|E0901|30|99|0|17|22|22|6|27|0|0|0|5|0|82|7|4|0|1|19|311|2024|4|25|14|12|13|4|N
9|1|935|B|1|0|U|562|5|1|49|E0901|40|120|25|22|27|19|0|33|68|0|2|0|7|92|4|6|0|0|15|440|2024|4|25|14|16|52|4|N
9|1|948|B|1|0|U|543|5|1|49|E0901|49|68|0|22|39|11|8|83|28|5|7|5|4|52|9|0|0|0|13|354|2024|4|25|15|3|8|4|N
9|1|5562|C|2|0|U|711|5|2|49|E0901|117|236|0|24|34|21|9|25|49|0|1|1|0|106|18|0|0|0|3|527|2024|4|25|14|17|2|4|N
9|1|5563|C|2|0|U|724|5|2|49|E0901|118|75|42|13|36|22|12|27|54|18|0|2|0|49|5|1|0|0|2|358|2024|4|25|14|3|52|4|N
15|29|3081|B|1|0|U|416|60|25|153|E1529|1|66|52|3|2|7|10|109|18|18|0|0|0|0|0|0|0|0|9|294|2024|4|25|14|16|57|4|N
15|29|3254|C|1|0|U|484|60|24|153|E1529|104|70|84|0|2|6|38|111|12|0|2|2|0|0|0|0|0|0|13|340|2024|4|25|15|14|4|4|N
15|29|3260|C|1|0|U|507|60|24|153|E1529|107|98|2|9|0|0|10|91|29|0|8|1|0|0|0|0|0|1|10|259|2024|4|25|14|5|42|4|N
15|29|3312|B|1|0|U|573|60|25|153|E1529|98|75|37|1|5|6|11|61|5|10|2|0|0|0|0|0|0|0|1|214|2024|4|25|14|2|34|4|N
15|29|3342|C|1|0|U|616|60|25|153|E1529|130|104|64|7|0|8|4|137|9|15|2|0|0|0|0|0|0|2|8|360|2024|4|25|14|2|25|4|N
15|29|3348|C|1|0|U|411|60|25|153|E1529|56|95|73|3|0|6|0|49|5|28|0|2|0|0|0|0|0|0|6|267|2024|4|25|14|5|54|4|N
15|29|3406|C|1|0|U|465|60|25|153|E1529|43|51|52|0|0|7|0|95|2|3|3|0|0|0|0|0|0|0|7|220|2024|4|25|14|2|53|4|N
15|29|3424|C|1|0|U|509|60|25|153|E1529|138|87|75|0|1|22|51|37|13|35|0|1|0|0|0|0|0|0|12|334|2024|4|25|14|8|39|4|N
15|29|3427|B|1|0|U|725|60|24|153|E1529|157|135|0|1|0|1|0|245|16|0|0|18|0|0|0|0|0|1|13|430|2024|4|25|14|11|18|4|N
19|3|2152|B|1|0|U|498|21|25|186|E1903|28|0|173|5|0|0|33|37|5|5|1|0|1|0|23|0|0|0|5|288|2024|4|25|14|4|26|4|N
19|3|2821|B|1|0|U|594|21|25|186|E1903|7|12|251|0|0|1|15|59|4|7|0|1|0|1|11|1|0|1|6|370|2024|4|25|15|11|27|4|N
12|4|23|B|1|0|U|543|1|4|93|E1204|23|47|23|0|2|12|36|154|17|0|0|1|0|16|0|0|0|0|28|336|2024|4|25|14|9|56|4|N
12|4|26|B|1|0|U|582|1|4|93|E1204|22|40|6|6|0|2|38|159|4|0|6|0|0|7|0|1|0|0|17|286|2024|4|25|15|2|14|4|N
12|4|30|C|1|0|U|585|1|4|93|E1204|20|133|11|0|3|8|69|93|0|0|5|1|0|4|0|1|0|0|50|378|2024|4|25|13|29|46|4|N
12|4|32|C|1|0|U|481|1|4|93|E1204|32|23|0|0|9|7|42|138|0|0|7|2|0|6|0|0|0|0|21|255|2024|4|25|13|9|15|4|N
12|4|33|C|2|0|U|577|1|4|93|E1204|32|133|1|18|0|19|108|0|0|0|15|0|0|4|0|0|0|1|45|344|2024|4|25|13|12|33|4|N
12|4|45|C|1|0|U|483|1|4|93|E1204|35|44|26|0|3|3|40|153|11|0|6|2|0|2|0|1|0|0|16|307|2024|4|25|12|7|17|4|N
12|4|90|B|1|0|U|419|1|4|93|E1204|43|163|0|0|17|18|10|48|0|0|3|4|0|0|0|0|0|1|33|297|2024|4|25|14|6|5|4|N
9|6|3006|C|1|0|U|453|8|33|54|E0906|68|96|19|0|9|12|2|105|25|16|8|1|2|19|0|0|0|1|3|318|2024|4|25|14|4|2|4|N
9|6|3014|C|2|0|U|593|8|33|54|E0906|79|99|58|5|11|4|0|113|33|8|3|4|3|0|25|0|0|0|5|371|2024|4|25|14|5|20|4|N
9|6|3553|B|1|0|U|701|10|23|54|E0906|37|154|38|11|17|8|0|103|10|33|19|4|0|23|0|5|0|0|9|434|2024|4|25|15|12|14|4|N
9|6|3593|B|1|0|U|696|10|23|54|E0906|1|181|0|4|24|6|2|138|10|26|17|0|0|15|10|0|0|0|0|433|2024|4|25|14|6|40|4|N
14|3|2367|C|2|0|M|592|94|3|107|E1403|137|43|173|36|36|7|0|20|0|28|0|2|0|0|0|0|0|0|6|351|2024|4|25|14|11|53|4|N
14|3|2759|C|1|0|R|618|106|3|107|E1403|52|26|215|39|9|9|0|43|0|0|0|2|0|0|0|0|0|0|4|347|2024|4|25|15|12|3|4|N
14|3|2823|B|1|0|R|343|112|3|107|E1403|119|20|57|5|8|7|18|88|3|0|1|0|0|0|0|0|0|0|5|212|2024|4|25|14|9|10|1|N
14|3|2871|C|3|0|M|616|118|3|107|E1403|135|34|199|11|0|0|11|149|4|5|1|0|0|0|0|0|0|1|8|423|2024|4|25|11|2|6|4|N
14|3|3309|C|1|0|R|710|124|3|107|E1403|45|75|78|14|0|9|44|145|5|19|0|0|0|0|0|0|0|0|4|393|2024|4|25|14|17|11|4|N
2|4|1156|C|2|0|U|674|4|8|7|E0204|23|54|66|7|36|12|15|82|10|14|7|5|0|0|0|0|0|0|4|312|2024|4|25|14|4|9|4|N
2|4|1380|B|1|0|U|579|4|8|7|E0204|27|37|209|0|35|0|17|27|13|2|4|1|0|0|0|0|0|0|0|345|2024|4|25|13|26|33|4|N
2|4|1439|C|1|0|U|553|4|6|7|E0204|153|28|181|12|10|0|17|43|2|0|10|3|0|0|0|0|0|1|0|307|2024|4|25|11|47|45|4|N
2|4|1538|B|1|0|U|551|4|7|7|E0204|43|34|162|14|45|9|0|21|26|9|8|1|0|0|0|0|0|0|0|329|2024|4|25|14|14|25|4|N
2|4|1770|B|1|0|U|509|4|14|7|E0204|148|119|115|9|5|0|18|39|14|17|5|2|0|0|0|0|0|0|0|343|2024|4|25|15|7|3|4|N
15|37|655|C|1|0|U|692|23|12|161|E1537|10|85|211|6|24|0|12|0|9|24|3|0|0|18|85|0|0|1|12|490|2024|4|25|15|5|58|4|N
15|37|658|B|1|0|U|677|23|12|161|E1537|14|24|79|1|0|0|3|100|0|3|3|0|0|1|5|0|0|0|6|225|2024|4|25|15|5|31|4|N
15|37|1957|E|1|9|U|693|36|12|161|E1537|20|213|0|2|0|0|0|182|3|28|8|0|0|7|13|0|0|0|34|490|2024|4|25|15|2|42|4|N
15|37|1963|C|7|0|U|688|36|12|161|E1537|46|129|75|0|22|1|8|193|0|20|18|1|0|16|9|1|0|0|20|513|2024|4|25|14|16|22|4|N
15|37|1963|C|10|0|U|688|36|12|161|E1537|47|230|0|0|34|8|0|0|0|25|22|4|0|16|32|0|0|0|10|381|2024|4|25|14|3|55|4|N
15|37|1963|E|1|2|U|583|36|12|161|E1537|48|97|20|0|10|0|10|106|4|23|21|0|0|0|10|1|0|0|35|337|2024|4|25|15|11|22|4|N
15|37|4568|C|4|0|U|742|96|12|161|E1537|93|186|136|0|4|8|11|0|1|0|3|0|0|14|6|0|0|0|28|397|2024|4|25|15|6|2|4|N
15|37|4569|B|1|0|U|574|96|12|161|E1537|94|41|0|2|18|3|7|122|10|17|17|2|1|6|7|0|0|1|15|269|2024|4|25|15|12|56|4|N
15|37|5710|C|1|0|R|642|113|14|161|E1537|127|176|1|0|0|0|19|23|0|4|0|0|0|0|18|1|0|0|7|249|2024|4|25|15|4|24|4|N
15|37|6527|C|1|0|U|686|36|12|161|E1537|37|211|0|0|0|5|3|134|0|28|13|0|1|0|55|1|0|0|28|479|2024|4|25|14|5|21|4|N
2|3|100|B|1|0|U|730|1|16|6|E0203|51|110|128|8|4|8|0|20|3|30|3|3|0|0|0|0|0|1|0|318|2024|4|25|14|6|0|4|N
2|3|165|B|1|0|U|282|1|17|6|E0203|96|47|12|6|8|0|11|39|14|0|3|2|0|0|0|0|0|0|7|149|2024|4|25|14|17|40|4|N
2|3|1989|B|1|0|U|629|1|17|6|E0203|82|129|118|9|9|3|16|15|0|10|2|1|0|0|0|0|0|0|19|331|2024|4|25|14|8|4|4|N
9|5|5595|B|1|0|U|572|12|16|53|E0905|119|86|0|32|8|11|0|90|45|26|2|0|1|42|0|3|0|0|26|372|2024|4|25|14|15|30|4|N
9|5|5619|C|1|0|U|689|13|19|53|E0905|1|121|47|18|3|5|8|41|27|32|4|5|2|21|3|0|0|1|9|347|2024|4|25|14|13|33|1|N
5|2|140|B|1|0|U|469|9|7|18|E0502|14|16|168|4|0|1|4|141|1|0|3|0|0|3|0|0|0|0|3|344|2024|4|25|14|16|45|4|N
5|2|460|B|1|0|U|633|20|6|18|E0502|81|7|94|2|7|10|9|94|2|0|0|0|1|23|0|1|0|0|22|272|2024|4|25|15|15|12|4|N
5|2|494|B|1|0|U|417|20|6|18|E0502|91|0|191|14|4|0|18|20|21|0|0|3|1|0|0|3|0|3|13|291|2024|4|25|14|5|27|4|N
6|2|186|B|1|0|U|559|6|9|26|E0602|3|58|33|0|0|54|13|16|2|11|2|0|0|0|0|0|0|0|40|229|2024|4|25|14|4|31|4|N
6|2|282|C|1|0|U|688|10|10|26|E0602|95|0|330|20|0|0|0|90|0|0|26|2|0|10|18|0|0|1|0|497|2024|4|25|14|4|3|4|N
9|10|4922|B|1|0|U|743|16|13|58|E0910|101|71|31|10|21|15|4|95|25|18|8|7|1|1|74|0|0|1|2|384|2024|4|25|10|59|15|4|N
9|10|5045|C|1|0|U|596|16|5|58|E0910|18|81|31|8|14|22|16|94|2|11|7|5|2|21|46|3|0|1|0|364|2024|4|25|14|16|39|4|N
9|10|5052|B|1|0|U|514|16|5|58|E0910|7|39|28|5|7|7|0|28|0|6|4|3|0|17|4|0|0|0|1|149|2024|4|25|14|14|11|1|N
9|10|5109|C|2|0|U|616|16|5|58|E0910|6|100|46|16|13|15|0|97|5|11|13|3|2|0|22|1|0|0|0|344|2024|4|25|14|4|50|1|N
9|10|5114|C|1|0|U|694|16|5|58|E0910|3|104|62|29|20|22|16|91|0|8|23|3|1|46|46|0|0|1|17|489|2024|4|25|14|10|33|1|N
9|10|5175|B|1|0|U|391|16|13|58|E0910|74|50|45|10|12|17|0|46|14|8|4|0|1|31|24|0|0|0|1|263|2024|4|25|11|14|21|4|N
9|12|4621|C|2|0|U|637|15|9|60|E0912|21|107|46|3|5|1|8|32|31|25|11|0|1|10|8|2|0|3|58|351|2024|4|25|14|11|29|1|N
9|12|4622|C|2|0|U|625|15|9|60|E0912|22|72|81|7|22|8|5|46|17|20|5|0|1|10|8|2|0|0|12|316|2024|4|25|14|4|31|4|N
9|12|4626|B|1|0|U|547|15|9|60|E0912|5|67|0|12|24|9|3|38|21|27|9|0|1|12|1|0|0|1|18|243|2024|4|25|14|15|50|4|N
9|12|4702|B|1|0|U|676|15|9|60|E0912|45|118|95|21|42|25|4|18|0|33|6|0|4|32|15|0|0|1|64|478|2024|4|25|15|14|11|1|N
9|12|4703|C|2|0|U|574|15|9|60|E0912|47|88|0|10|37|39|6|56|0|42|6|2|2|3|0|2|0|0|18|311|2024|4|25|14|6|49|4|N
9|12|4809|C|2|0|U|532|15|12|60|E0912|149|36|0|7|23|5|1|64|0|22|6|4|0|6|21|2|0|0|14|211|2024|4|25|15|2|21|4|N
9|12|4819|B|1|0|U|577|15|12|60|E0912|147|105|112|12|30|3|1|41|4|21|3|0|0|17|9|0|0|2|12|372|2024|4|25|15|10|6|4|N
9|12|4907|B|1|0|U|708|15|12|60|E0912|155|73|71|7|32|23|6|53|37|35|9|0|0|17|15|1|0|0|23|402|2024|4|25|14|7|22|4|N
13|3|37|C|2|0|U|698|3|8|100|E1303|4|0|45|11|61|0|72|163|20|0|9|3|0|0|0|0|0|2|103|489|2024|4|25|15|4|27|4|N
13|3|1850|B|1|0|U|484|40|17|100|E1303|129|0|60|0|0|11|39|175|0|0|4|1|0|0|0|0|16|0|54|360|2024|4|25|15|11|51|4|N
11|1|758|C|1|0|U|689|14|1|75|E1101|29|16|155|0|10|0|0|215|1|0|3|0|1|1|0|2|0|0|31|435|2024|4|25|15|9|28|4|N
11|1|2549|C|1|0|U|681|33|2|75|E1101|82|35|183|0|0|0|0|0|0|0|2|2|0|65|0|0|0|2|152|441|2024|4|25|14|3|7|4|N
1|3|56|B|1|0|U|467|1|6|3|E0103|15|34|51|0|5|20|34|53|0|0|0|0|2|0|0|0|0|0|14|213|2024|4|25|14|5|27|4|N
12|3|650|B|1|0|R|443|11|10|92|E1203|3|65|0|1|4|19|2|89|0|0|0|2|0|0|0|0|0|1|40|223|2024|4|25|14|5|53|4|N
12|3|664|C|1|0|M|495|11|10|92|E1203|3|42|67|8|0|7|0|0|6|0|11|0|0|11|0|0|0|0|8|160|2024|4|25|14|9|13|4|N
12|3|1612|C|1|0|U|664|39|11|92|E1203|76|262|64|0|0|0|11|69|15|0|19|4|0|0|0|0|0|0|33|477|2024|4|25|14|15|19|1|N
17|2|403|C|7|0|U|605|8|9|177|E1702|49|55|159|16|3|4|14|140|13|0|0|1|1|7|0|0|0|1|0|414|2024|4|25|15|3|50|4|N
17|2|453|C|3|0|U|700|11|6|177|E1702|114|90|39|0|7|5|23|148|47|0|8|7|0|8|0|0|0|1|0|383|2024|4|25|14|1|7|4|N
17|2|498|C|1|0|U|615|11|12|177|E1702|73|90|0|28|0|45|39|101|28|0|0|0|3|45|0|3|0|3|79|464|2024|4|25|14|17|35|4|N
21|11|1219|B|1|0|U|729|115|19|218|E2111|50|98|158|4|34|0|18|91|44|0|9|0|1|0|8|0|0|0|16|481|2024|4|25|15|0|58|4|N
24|7|251|B|1|0|U|466|12|12|240|E2407|17|82|123|0|19|8|25|10|16|0|0|0|0|0|0|1|0|0|14|298|2024|4|25|15|4|49|4|N
25|2|354|C|4|0|U|700|1|4|242|E2502|52|73|146|6|10|3|61|39|7|0|5|0|0|0|0|0|5|1|0|356|2024|4|25|14|5|8|4|N
25|2|411|C|2|0|M|706|1|3|242|E2502|11|0|365|0|0|0|35|22|0|0|26|3|0|0|0|0|5|0|0|456|2024|4|25|14|16|10|4|N
25|2|3871|C|3|0|U|648|1|4|242|E2502|53|124|71|0|3|0|0|132|7|0|9|0|0|0|0|0|5|1|15|367|2024|4|25|14|2|14|4|N
25|2|3876|B|1|0|U|658|1|4|242|E2502|54|50|95|5|7|6|0|174|0|0|0|0|0|0|0|0|5|0|38|380|2024|4|25|14|14|6|4|N
30|7|1837|C|1|0|R|413|88|9|278|E3007|44|38|25|0|7|14|0|75|4|21|2|0|0|16|9|1|0|0|12|224|2024|4|25|15|11|16|1|N
30|7|2610|C|1|0|M|508|115|8|278|E3007|154|34|0|0|7|8|3|67|7|28|1|0|0|0|23|0|0|1|13|192|2024|4|25|13|16|16|4|N
7|8|256|C|4|0|U|614|19|6|34|E0708|27|31|21|2|0|130|16|27|1|0|4|2|0|13|0|0|0|0|24|271|2024|4|25|14|16|16|4|N
7|8|518|B|1|0|R|477|34|10|34|E0708|64|47|0|4|0|72|54|40|0|0|0|0|0|0|0|0|0|2|43|262|2024|4|25|14|13|41|1|N
7|8|1536|S|1|0|M|0|99|10|34|E0708|104|0|329|0|16|0|0|234|8|0|21|0|0|32|0|3|0|0|25|668|2024|4|25|14|15|40|1|N
7|8|1563|B|1|0|R|436|99|10|34|E0708|112|51|65|2|5|94|1|14|3|0|3|0|1|0|0|0|0|0|12|251|2024|4|25|15|6|8|1|N
14|7|2675|C|3|0|M|703|102|7|111|E1407|92|65|146|10|0|10|38|93|0|7|3|0|2|6|10|0|0|0|6|396|2024|4|25|14|16|53|1|N
14|7|2684|C|7|0|M|741|102|7|111|E1407|78|25|0|206|12|45|6|173|46|35|7|16|0|0|0|0|0|1|2|574|2024|4|25|14|16|14|1|N
14|7|2710|C|6|0|U|683|102|7|111|E1407|62|39|160|13|4|13|19|83|6|50|3|0|3|17|14|4|0|0|2|430|2024|4|25|14|6|6|1|N
15|16|1383|C|3|0|U|739|34|37|140|E1516|16|101|348|1|4|14|14|1|1|0|0|1|0|21|44|0|0|0|21|571|2024|4|25|14|4|55|4|N
15|16|1391|C|2|0|U|675|34|37|140|E1516|27|103|0|4|7|15|0|65|26|43|10|0|2|0|47|6|0|2|14|344|2024|4|25|15|3|17|4|N
15|16|4763|B|1|0|U|581|105|37|140|E1516|85|113|0|0|7|18|31|40|0|65|10|1|0|8|17|1|0|1|14|326|2024|4|25|15|6|53|4|N
30|19|3348|C|1|0|U|429|142|25|290|E3019|11|34|63|12|11|1|0|102|6|13|0|0|1|21|9|0|0|1|9|283|2024|4|25|15|10|31|4|N
30|19|3359|B|1|0|R|536|142|25|290|E3019|15|67|78|0|0|2|9|28|10|57|4|0|0|0|62|0|0|0|1|318|2024|4|25|10|6|19|4|N
30|19|3361|B|1|0|R|389|142|25|290|E3019|16|47|86|0|0|0|0|106|0|0|1|0|0|2|33|0|0|0|8|283|2024|4|25|15|5|7|4|N
30|19|3372|B|1|0|U|711|142|25|290|E3019|49|28|0|14|0|14|2|141|0|110|18|0|0|11|2|0|0|0|1|341|2024|4|25|15|4|43|4|N
30|19|3373|C|2|0|U|667|142|25|290|E3019|49|74|230|18|10|8|19|0|0|87|0|0|0|23|15|1|0|0|5|490|2024|4|25|15|6|35|4|N
14|13|884|C|1|0|U|705|41|13|117|E1413|20|5|68|74|8|17|26|195|0|0|0|0|0|0|48|5|0|0|27|473|2024|4|25|14|5|25|4|N
14|13|903|C|2|0|U|580|41|13|117|E1413|25|9|66|85|5|21|22|69|0|15|6|3|3|2|75|1|0|0|0|382|2024|4|25|14|13|17|4|N
14|13|914|C|1|0|U|510|41|13|117|E1413|52|0|0|93|8|25|20|167|15|0|0|0|3|7|36|2|0|0|9|385|2024|4|25|13|22|50|4|N
14|13|925|C|2|0|U|725|41|13|117|E1413|31|18|0|143|21|32|17|171|0|3|0|6|1|0|120|4|0|1|30|567|2024|4|25|11|56|19|4|N
14|13|2574|B|1|0|U|583|99|13|117|E1413|99|0|45|96|7|26|31|73|23|0|12|0|1|0|73|6|0|0|1|394|2024|4|25|15|3|1|4|N
14|13|3318|B|1|0|U|705|99|13|117|E1413|54|0|0|58|4|24|44|165|8|0|7|0|1|13|64|0|0|3|30|421|2024|4|25|14|17|31|4|N
15|24|2588|C|1|0|U|505|58|30|148|E1524|54|3|113|4|0|15|21|0|16|74|4|2|1|30|25|0|0|0|1|309|2024|4|25|14|9|37|4|N
15|24|2625|B|1|0|U|519|58|30|148|E1524|84|60|0|12|0|5|14|81|8|63|1|1|0|5|0|2|0|1|49|302|2024|4|25|14|3|58|4|N
15|24|2647|C|2|0|U|590|58|30|148|E1524|109|54|204|0|0|19|2|0|13|45|4|0|0|12|18|0|0|0|5|376|2024|4|25|15|7|23|4|N
15|24|2978|C|1|0|U|732|58|30|148|E1524|139|21|100|9|55|6|4|119|8|37|0|0|0|6|15|0|0|0|31|411|2024|4|25|15|8|44|4|N
15|24|2995|C|2|0|U|624|58|32|148|E1524|14|10|61|11|11|11|39|198|0|18|12|2|1|8|41|2|0|1|10|436|2024|4|25|12|25|53|4|N
19|7|347|C|15|0|U|724|18|12|190|E1907|92|36|35|2|0|0|29|137|42|30|1|0|4|32|66|2|0|1|67|484|2024|4|25|13|41|21|4|N
19|7|2291|B|1|0|U|644|18|12|190|E1907|50|21|60|11|0|5|0|171|30|0|12|1|4|32|55|1|0|0|52|455|2024|4|25|11|41|7|4|N
19|7|2304|B|1|0|U|483|18|12|190|E1907|60|7|64|2|38|8|20|145|6|0|4|0|0|14|11|1|0|0|23|343|2024|4|25|10|35|39|4|N
19|7|2552|C|5|0|M|666|18|20|190|E1907|37|0|156|1|8|13|20|229|5|19|9|3|2|1|5|1|0|0|13|485|2024|4|25|12|30|25|4|N
19|7|2825|B|1|0|M|552|18|12|190|E1907|46|4|108|1|14|7|5|68|0|13|0|1|1|6|22|1|0|1|9|261|2024|4|25|12|9|49|4|N
19|7|2826|C|2|0|M|710|18|12|190|E1907|47|0|110|3|43|6|16|91|18|45|0|1|1|0|51|1|0|5|28|419|2024|4|25|11|31|21|4|N
19|7|3003|C|1|0|U|666|18|12|190|E1907|98|0|0|1|11|22|1|230|14|4|0|0|0|25|61|1|0|5|26|401|2024|4|25|13|45|20|4|N
19|7|3008|C|3|0|M|609|18|12|190|E1907|100|0|8|4|0|0|10|155|10|4|3|0|1|30|25|0|0|2|30|282|2024|4|25|13|7|50|4|N
24|1|502|C|2|0|U|732|20|1|234|E2401|39|8|258|12|0|0|0|128|18|0|0|0|0|0|0|0|0|0|0|424|2024|4|25|15|10|3|4|N
24|1|502|C|4|0|U|731|20|1|234|E2401|39|96|0|7|0|0|17|241|2|0|3|1|0|12|0|4|0|1|84|468|2024|4|25|15|12|59|4|N
20|3|201|C|2|0|U|627|37|6|200|E2003|27|68|66|1|23|8|0|140|0|0|4|3|1|9|0|0|0|0|47|370|2024|4|25|15|7|2|4|N
20|3|798|C|2|0|U|585|112|21|200|E2003|112|151|11|34|11|0|8|149|0|0|7|1|0|35|0|0|0|0|4|411|2024|4|25|10|16|33|4|N
24|6|876|B|1|0|U|407|28|5|239|E2406|1|14|0|8|0|27|0|149|4|0|5|1|1|0|0|1|0|2|3|215|2024|4|25|15|2|42|4|N
24|6|877|B|1|0|U|713|28|5|239|E2406|3|0|148|2|4|0|2|184|0|0|2|0|1|0|0|1|0|0|18|362|2024|4|25|15|4|6|4|N
24|6|921|S|1|0|U|0|28|5|239|E2406|7|167|0|0|0|0|65|399|51|0|7|0|3|0|0|0|0|0|37|729|2024|4|25|14|5|51|1|N
24|6|925|C|1|0|U|387|28|5|239|E2406|8|17|0|0|16|30|0|195|0|0|6|0|0|19|0|1|0|0|17|301|2024|4|25|14|6|19|1|N
24|6|977|C|4|0|U|694|28|7|239|E2406|85|119|36|5|5|10|42|219|0|0|0|0|0|3|0|0|0|0|52|491|2024|4|25|14|6|59|4|N
24|6|1020|C|1|0|U|568|28|5|239|E2406|25|45|191|0|1|4|25|57|15|0|0|1|0|17|0|0|0|2|52|410|2024|4|25|14|5|39|4|N
24|6|1043|B|1|0|U|545|28|5|239|E2406|28|55|0|0|0|11|27|212|11|0|0|0|1|0|0|1|0|1|0|319|2024|4|25|14|7|30|4|N
24|6|1054|C|1|0|U|666|28|7|239|E2406|60|0|173|8|0|15|18|38|0|0|0|0|0|13|0|0|0|0|55|320|2024|4|25|14|17|40|4|N
24|6|1068|C|8|0|U|733|28|5|239|E2406|34|44|90|1|2|26|9|323|0|0|0|1|0|2|0|0|0|0|12|510|2024|4|25|14|9|28|1|N
24|6|1073|C|13|0|U|748|28|7|239|E2406|54|69|80|0|22|0|10|230|0|0|3|0|1|0|0|1|0|3|64|483|2024|4|25|14|5|21|4|N
24|6|1110|C|3|0|M|696|28|6|239|E2406|131|0|0|0|7|22|42|157|0|0|6|0|1|3|0|0|0|0|57|295|2024|4|25|15|14|11|1|N
24|6|1113|B|1|0|U|698|28|6|239|E2406|125|52|0|0|0|0|5|248|0|0|3|1|0|8|0|0|0|0|56|373|2024|4|25|14|9|25|4|N
24|6|1856|C|3|0|U|674|28|6|239|E2406|120|14|85|7|0|198|65|0|7|0|21|0|0|38|0|0|0|3|17|455|2024|4|25|15|10|18|1|N
16|8|1200|C|5|0|U|735|54|10|172|E1608|41|130|71|18|14|6|8|0|17|0|0|4|0|0|0|0|0|1|60|329|2024|4|25|12|53|9|4|N
23|1|191|B|1|0|U|551|2|11|230|E2301|20|30|45|10|33|0|25|116|31|30|13|0|2|0|24|1|0|1|24|385|2024|4|25|14|9|19|4|N
23|1|288|E|1|0|R|620|6|1|230|E2301|14|19|34|9|54|14|36|133|45|4|0|2|1|14|58|0|0|0|0|423|2024|4|25|14|5|2|1|N
23|1|896|B|1|0|U|644|8|10|230|E2301|109|45|34|3|0|1|24|258|0|15|6|1|0|0|37|1|0|1|0|426|2024|4|25|11|0|37|4|N
23|1|1101|B|1|0|U|472|8|9|230|E2301|73|7|35|3|11|8|56|91|7|0|5|0|2|4|38|0|0|0|4|271|2024|4|25|13|14|17|4|N
9|14|3792|B|1|0|U|523|12|14|62|E0914|12|75|0|4|17|3|11|159|30|4|0|0|3|56|4|2|0|2|15|385|2024|4|25|15|7|6|4|N
9|14|3866|B|1|0|U|629|12|14|62|E0914|49|54|127|0|3|6|8|16|26|10|9|1|0|37|2|2|0|0|2|303|2024|4|25|15|13|18|4|N
9|14|3908|B|1|0|U|642|12|14|62|E0914|87|15|0|10|0|9|5|18|59|43|2|5|3|57|24|5|0|2|13|270|2024|4|25|14|17|24|4|N
7|1|1106|B|1|0|R|636|76|9|27|E0701|29|0|127|0|0|50|0|0|0|0|15|0|0|25|0|4|0|0|44|265|2024|4|25|15|2|19|4|N
8|6|641|C|4|0|U|709|19|18|45|E0806|134|0|144|2|0|2|70|144|0|0|2|3|2|5|0|0|0|5|1|380|2024|4|25|15|12|7|1|N
8|6|805|C|2|0|U|742|19|18|45|E0806|144|15|113|0|13|0|64|280|4|0|0|0|0|6|0|0|0|0|31|526|2024|4|25|13|58|45|4|N
8|6|3294|B|1|0|U|716|19|17|45|E0806|5|25|201|6|0|0|24|100|0|0|1|0|0|9|0|0|0|0|0|366|2024|4|25|14|2|10|4|N
7|9|1613|C|2|0|U|569|102|2|35|E0709|65|0|0|0|0|112|6|0|27|62|18|8|0|14|40|7|52|1|9|356|2024|4|25|15|12|29|2|N
7|9|2159|C|1|0|U|739|102|1|35|E0709|6|117|84|0|6|61|3|83|6|4|0|0|0|0|12|1|5|0|0|382|2024|4|25|15|8|46|4|N
9|20|2139|C|1|0|U|612|7|22|68|E0920|32|299|0|22|10|0|0|112|37|0|0|6|0|35|6|2|0|0|21|550|2024|4|25|14|3|12|1|N
9|20|2208|C|1|0|U|545|7|22|68|E0920|85|162|19|10|11|16|6|45|32|9|12|0|1|7|7|1|0|0|5|343|2024|4|25|14|5|47|4|N
9|20|2243|B|1|0|U|409|7|21|68|E0920|107|88|0|5|0|2|2|54|33|11|0|2|2|49|3|1|0|0|6|258|2024|4|25|14|5|38|4|N
9|20|2321|C|1|0|U|688|7|29|68|E0920|134|106|81|1|5|13|0|87|19|11|6|0|0|31|10|1|0|0|0|371|2024|4|25|14|9|19|4|N
19|13|52|B|1|0|R|270|5|21|196|E1913|7|6|60|0|9|8|2|46|1|1|0|0|0|3|8|1|0|0|14|159|2024|4|25|13|25|44|4|N
19|13|232|E|1|2|M|652|12|21|196|E1913|98|19|50|0|2|8|0|152|5|8|0|0|0|4|13|0|0|1|0|262|2024|4|25|13|57|8|4|N
19|13|232|E|1|4|M|651|12|21|196|E1913|98|31|0|7|11|35|15|193|31|15|3|1|0|19|0|0|0|0|10|371|2024|4|25|14|0|33|4|N
19|13|232|E|3|5|M|710|12|21|196|E1913|102|30|78|2|9|23|0|210|7|9|0|1|0|1|15|1|0|1|8|395|2024|4|25|13|27|28|4|N
19|13|1734|C|1|0|M|563|45|21|196|E1913|25|48|0|3|8|13|42|178|4|18|1|1|0|8|19|1|0|0|32|376|2024|4|25|13|42|24|4|N
19|13|1746|B|1|0|M|469|45|21|196|E1913|32|29|0|3|13|11|55|84|2|2|3|0|1|4|8|0|0|1|0|216|2024|4|25|14|12|40|4|N
19|13|2767|C|2|0|M|644|46|4|196|E1913|68|2|1|0|0|0|3|3|0|0|0|0|0|0|0|0|0|0|0|9|2024|4|25|14|6|52|4|N
1|2|102|B|1|0|U|479|1|11|2|E0102|81|36|0|4|9|8|0|139|2|0|0|0|1|7|0|0|0|0|66|272|2024|4|25|15|1|11|4|N
1|2|555|C|3|0|U|649|1|16|2|E0102|32|17|27|0|18|13|30|180|4|0|0|1|0|14|0|1|0|0|38|343|2024|4|25|11|10|57|4|N
1|2|669|B|1|0|U|699|1|12|2|E0102|68|52|0|0|15|28|67|77|0|0|0|0|0|11|0|1|0|0|42|293|2024|4|25|14|15|41|4|N
21|15|844|B|1|0|U|651|104|25|222|E2115|11|51|126|13|19|9|4|82|20|0|26|0|5|0|0|0|0|0|3|358|2024|4|25|14|7|16|4|N
21|15|2001|B|1|0|U|638|155|24|222|E2115|77|154|48|0|41|0|0|0|0|18|0|9|8|0|169|7|0|0|0|454|2024|4|25|14|17|38|4|N
11|4|826|C|1|0|U|495|15|8|78|E1104|2|0|51|0|4|25|4|119|0|0|0|0|0|0|11|1|0|0|22|237|2024|4|25|14|14|59|1|N
11|4|851|C|1|0|U|557|15|8|78|E1104|11|56|180|4|5|21|3|24|0|0|0|0|0|5|12|0|0|0|13|323|2024|4|25|14|3|8|4|N
11|4|865|B|1|0|U|547|15|8|78|E1104|21|64|115|0|14|12|0|95|0|0|0|0|1|1|38|0|0|0|21|361|2024|4|25|14|17|0|1|N
11|4|904|B|1|0|R|701|15|8|78|E1104|62|36|241|0|5|12|0|66|0|0|0|0|1|0|25|2|0|0|21|409|2024|4|25|15|12|36|4|N
2|5|1053|B|1|0|U|656|4|9|8|E0205|68|145|146|3|21|0|9|119|33|31|11|0|0|0|0|0|0|3|0|521|2024|4|25|14|5|57|4|N
2|5|1081|C|1|0|U|574|4|9|8|E0205|62|26|26|3|5|0|13|91|23|18|2|2|0|0|0|0|0|2|5|216|2024|4|25|15|6|16|4|N
2|5|1103|C|2|0|U|657|4|9|8|E0205|101|89|135|5|14|17|29|122|22|23|6|0|0|0|0|0|0|2|0|464|2024|4|25|14|6|39|4|N
2|5|1121|C|2|0|U|658|4|8|8|E0205|155|107|94|17|13|7|13|103|5|37|13|2|0|0|0|0|0|2|0|413|2024|4|25|15|11|19|4|N
2|5|1140|C|5|0|U|660|4|9|8|E0205|113|65|106|3|0|9|9|92|20|34|0|2|0|0|0|0|0|0|0|340|2024|4|25|15|8|22|4|N
2|5|1413|C|2|0|U|742|4|8|8|E0205|123|58|61|9|0|27|16|125|12|33|14|2|0|0|0|0|0|1|0|358|2024|4|25|15|8|57|4|N
2|5|2066|C|1|0|U|563|4|9|8|E0205|76|80|161|0|0|14|14|63|10|16|16|0|0|0|0|0|0|1|0|375|2024|4|25|14|9|59|4|N
22|4|422|C|1|0|U|480|14|5|227|E2204|9|0|93|8|9|16|1|104|0|0|0|1|0|0|0|0|0|0|29|261|2024|4|25|14|7|6|4|N
11|6|1346|C|1|0|U|491|20|7|80|E1106|17|26|190|5|0|7|20|4|0|0|0|0|1|4|0|0|0|0|18|275|2024|4|25|13|48|41|4|N
11|6|1391|C|2|0|U|695|20|4|80|E1106|43|0|123|9|5|30|0|53|0|0|0|0|0|4|31|0|0|0|15|270|2024|4|25|14|16|18|4|N
11|6|3134|C|2|0|U|567|20|21|80|E1106|72|173|54|19|7|35|3|0|0|0|0|0|2|0|0|4|0|0|59|356|2024|4|25|14|7|55|4|N
2|7|2|C|2|0|U|524|1|15|10|E0207|2|0|65|0|25|28|2|127|4|56|0|1|0|0|0|0|0|1|4|313|2024|4|25|15|8|57|4|N
2|7|1980|C|2|0|U|746|1|16|10|E0207|30|0|0|0|19|78|0|67|63|85|9|4|0|0|0|0|0|0|55|380|2024|4|25|15|0|57|4|N
2|7|2142|C|2|0|U|599|1|16|10|E0207|38|38|74|12|44|51|0|155|12|17|0|1|0|0|0|0|0|0|0|404|2024|4|25|15|5|53|4|N
2|7|2146|C|3|0|U|708|1|16|10|E0207|41|0|0|4|14|52|0|163|27|17|6|2|0|0|0|0|0|0|9|294|2024|4|25|15|8|8|4|N
22|5|144|E|1|1|R|572|7|9|228|E2205|8|15|92|0|11|1|12|121|7|0|0|0|0|0|0|0|0|1|31|291|2024|4|25|14|16|42|1|N
22|5|144|E|2|1|R|559|7|9|228|E2205|9|18|208|17|8|3|9|146|3|0|3|0|0|0|0|1|0|0|34|450|2024|4|25|14|14|3|1|N
22|5|951|C|1|0|U|550|10|13|228|E2205|69|3|62|0|11|0|10|188|0|0|0|0|0|7|0|0|0|0|21|302|2024|4|25|15|9|20|4|N
12|8|756|B|1|0|M|697|80|15|97|E1208|93|99|8|0|19|24|0|101|34|0|3|7|1|36|0|2|0|7|0|341|2024|4|25|14|11|31|1|N
5|6|1793|C|3|0|U|599|35|11|22|E0506|10|32|170|0|13|9|10|0|7|0|0|0|0|9|0|0|0|0|0|250|2024|4|25|14|27|16|1|N
15|5|4192|B|1|0|U|643|82|33|129|E1505|5|81|60|10|15|9|16|63|16|19|1|2|1|4|21|0|0|1|7|326|2024|4|25|15|2|16|4|N
15|5|4209|C|1|0|U|719|82|33|129|E1505|47|78|115|9|7|18|6|54|18|18|3|0|0|19|41|1|0|0|1|388|2024|4|25|15|11|6|4|N
15|5|4231|C|8|0|U|695|82|33|129|E1505|45|93|52|0|10|0|20|123|30|22|1|1|2|0|21|1|0|1|0|377|2024|4|25|15|14|10|4|N
15|5|4248|C|3|0|U|673|82|22|129|E1505|46|104|137|20|9|9|23|49|28|12|5|0|0|24|42|1|0|0|7|470|2024|4|25|15|13|32|4|N
15|5|4253|C|3|0|U|595|82|22|129|E1505|34|49|33|5|14|4|4|28|9|31|6|1|2|4|27|0|0|0|9|226|2024|4|25|15|10|41|4|N
15|5|6863|C|2|0|U|623|82|33|129|E1505|27|174|0|17|23|16|32|117|31|10|0|0|2|48|25|1|0|0|12|508|2024|4|25|15|12|41|4|N
27|5|1140|C|1|0|U|739|13|18|259|E2705|92|386|2|0|9|11|8|27|0|2|0|4|0|0|0|0|0|0|13|462|2024|4|25|12|38|41|4|N
18|3|80|B|1|0|U|578|3|13|183|E1803|13|118|0|7|16|5|2|0|66|0|12|7|2|5|0|0|0|0|33|273|2024|4|25|13|43|5|4|N
19|4|1765|C|1|0|U|695|47|10|187|E1904|6|32|254|2|0|0|1|139|3|23|2|1|0|6|0|0|0|0|0|463|2024|4|25|15|10|26|4|N
19|4|1819|B|1|0|U|672|47|10|187|E1904|42|44|179|7|9|1|15|129|2|9|0|0|0|7|0|0|0|0|6|408|2024|4|25|14|12|43|4|N
19|4|1895|C|1|0|U|658|47|9|187|E1904|79|33|194|9|12|0|16|99|0|32|0|0|0|2|0|2|0|0|0|399|2024|4|25|14|4|50|4|N
30|4|518|B|1|0|U|443|29|16|275|E3004|93|0|56|3|10|0|0|142|19|1|0|3|4|38|7|1|0|1|26|311|2024|4|25|15|4|47|4|N
30|4|556|C|1|0|U|583|29|16|275|E3004|99|0|15|1|0|0|9|274|17|14|7|4|0|27|40|1|0|0|14|423|2024|4|25|14|9|26|4|N
30|4|4400|B|1|0|U|283|192|15|275|E3004|67|0|46|0|2|0|3|64|8|6|0|0|0|8|8|0|0|0|0|145|2024|4|25|14|4|48|4|N
30|4|4441|C|1|0|U|456|192|15|275|E3004|59|27|126|3|0|0|0|20|9|6|0|1|0|3|5|0|0|1|15|216|2024|4|25|14|8|20|4|N
30|4|4824|C|2|0|U|633|192|15|275|E3004|22|16|274|10|4|3|20|0|31|40|4|0|0|0|36|0|0|0|23|461|2024|4|25|14|10|17|4|N
8|1|1854|C|1|0|U|517|37|7|40|E0801|31|0|0|11|7|54|0|110|6|0|8|11|2|28|0|3|0|0|56|296|2024|4|25|15|5|46|4|N
8|1|1885|C|6|0|U|731|37|9|40|E0801|83|66|62|2|45|59|20|105|12|0|6|0|2|26|0|3|0|0|59|467|2024|4|25|14|13|3|4|N
8|1|1919|C|1|0|U|652|37|7|40|E0801|25|0|107|0|0|44|0|185|27|0|7|10|2|36|0|2|0|0|52|472|2024|4|25|14|14|45|4|N
8|1|1919|S|1|0|U|0|37|7|40|E0801|25|0|10|14|82|109|56|280|26|0|22|0|0|66|0|3|0|2|133|803|2024|4|25|14|17|27|4|N
8|1|2755|B|1|0|U|540|37|7|40|E0801|58|0|111|13|0|46|2|134|12|0|6|0|2|37|0|1|0|0|23|387|2024|4|25|14|7|17|4|N
8|1|2815|C|18|0|U|722|37|2|40|E0801|74|38|192|18|21|76|15|29|7|0|11|0|7|79|0|1|0|1|85|580|2024|4|25|14|9|37|4|N
14|4|2911|B|1|0|U|610|120|4|108|E1404|131|68|24|0|9|36|10|193|0|0|3|0|3|0|12|1|0|1|3|363|2024|4|25|15|1|12|4|N
14|4|2946|C|3|0|U|571|120|4|108|E1404|100|31|61|15|5|6|19|174|1|14|0|0|1|0|18|1|0|0|0|346|2024|4|25|14|17|6|4|N
14|4|2993|C|6|0|U|722|120|4|108|E1404|15|19|66|53|3|0|19|178|5|30|0|0|0|0|52|0|0|0|0|425|2024|4|25|14|12|31|4|N
14|4|3004|C|2|0|U|657|120|4|108|E1404|35|0|97|0|12|0|29|140|6|0|4|0|2|0|140|2|0|0|0|432|2024|4|25|15|6|34|4|N
14|4|3482|B|1|0|U|585|120|4|108|E1404|55|33|44|24|0|38|0|148|7|24|0|1|1|8|0|0|0|0|0|328|2024|4|25|14|14|45|4|N
15|20|2250|C|3|0|U|613|45|22|144|E1520|23|52|67|0|18|14|2|130|10|32|0|3|2|37|56|0|0|3|17|443|2024|4|25|14|10|30|4|N
15|20|4245|C|2|0|U|530|82|22|144|E1520|20|86|101|2|5|0|0|51|5|31|2|0|2|5|19|0|0|3|33|345|2024|4|25|14|3|9|4|N
15|20|6291|C|4|0|U|741|82|22|144|E1520|78|0|159|3|0|4|11|132|31|5|6|1|0|0|39|0|0|0|43|434|2024|4|25|14|3|0|4|N
15|20|6296|B|1|0|U|494|82|22|144|E1520|95|0|99|5|6|3|0|22|29|3|0|0|0|11|71|0|0|0|14|263|2024|4|25|14|3|58|4|N
15|20|6311|C|1|0|U|683|82|22|144|E1520|70|181|89|16|14|0|31|66|10|5|0|1|0|59|26|1|0|6|20|525|2024|4|25|14|4|53|4|N
15|20|6335|B|1|0|U|499|82|22|144|E1520|87|95|0|5|6|0|13|11|14|9|4|1|1|25|0|1|0|1|13|199|2024|4|25|14|7|16|4|N
15|20|6579|C|4|0|U|652|82|22|144|E1520|68|77|76|0|0|15|15|81|6|40|0|0|3|27|36|0|0|4|16|396|2024|4|25|14|2|58|4|N
8|2|2784|B|1|0|U|445|37|10|41|E0802|81|0|83|3|0|3|45|28|0|0|3|0|0|0|0|1|0|0|44|210|2024|4|25|14|5|34|4|N
8|2|2918|C|1|0|U|653|37|8|41|E0802|44|0|112|8|11|0|54|0|1|0|0|2|0|0|0|3|0|0|111|302|2024|4|25|14|5|35|4|N
8|2|2932|B|1|0|U|507|37|8|41|E0802|49|11|162|8|10|14|0|73|0|0|1|1|0|8|0|4|0|1|47|340|2024|4|25|14|1|26|4|N
14|16|2538|B|1|0|U|579|99|16|120|E1416|52|13|139|80|0|13|4|65|8|30|1|1|0|0|19|0|0|0|13|386|2024|4|25|14|16|24|4|N
14|16|2554|C|3|0|U|692|99|16|120|E1416|94|9|121|89|8|27|6|103|12|9|1|4|0|5|26|2|0|0|7|429|2024|4|25|15|2|9|4|N
14|16|2566|C|3|0|U|673|99|16|120|E1416|76|15|141|131|4|22|4|131|11|0|0|0|7|2|1|3|0|0|14|486|2024|4|25|14|12|46|4|N
14|16|2567|B|1|0|U|734|99|16|120|E1416|78|10|0|49|5|10|8|101|15|0|4|6|0|12|39|0|0|0|33|292|2024|4|25|14|9|28|4|N
14|16|3615|B|1|0|U|451|99|16|120|E1416|122|9|86|41|6|13|0|45|7|16|1|1|0|6|2|1|0|1|1|236|2024|4|25|14|5|12|4|N
24|5|805|C|3|0|U|695|28|8|238|E2405|47|17|17|17|17|17|17|17|17|17|17|17|17|17|17|17|0|17|17|289|2024|4|25|12|18|36|4|N
24|5|833|B|1|0|U|663|28|8|238|E2405|59|24|56|0|36|39|76|109|21|0|0|3|0|4|0|0|0|9|0|377|2024|4|25|14|14|43|4|N
24|5|860|B|1|0|U|566|28|5|238|E2405|94|0|59|6|0|0|0|114|10|0|7|5|2|11|0|0|0|8|24|246|2024|4|25|14|5|44|4|N
24|5|1846|C|2|0|U|549|28|4|238|E2405|29|0|88|0|19|9|51|101|0|0|1|2|0|3|0|0|0|17|40|331|2024|4|25|14|11|1|4|N
8|5|966|C|2|0|U|711|21|19|44|E0805|55|42|93|1|10|36|45|201|1|0|2|3|0|6|0|0|0|1|32|473|2024|4|25|13|29|31|4|N
8|5|967|B|1|0|U|719|21|19|44|E0805|53|86|0|17|17|36|74|225|1|0|2|0|1|10|0|1|0|0|62|532|2024|4|25|14|14|58|4|N
8|5|2289|C|1|0|U|620|45|11|44|E0805|115|21|86|6|17|20|21|187|5|0|2|2|0|4|0|0|0|1|10|382|2024|4|25|11|4|31|4|N
16|6|29|C|1|0|U|525|3|8|170|E1606|27|83|33|2|0|8|10|84|14|0|5|2|1|6|0|0|0|0|48|296|2024|4|25|14|14|55|4|N
16|6|482|C|5|0|U|675|34|12|170|E1606|122|61|129|0|1|0|26|85|4|0|1|5|2|0|0|0|0|0|40|354|2024|4|25|14|15|0|1|N
16|6|1652|C|1|0|U|628|73|12|170|E1606|82|0|90|6|0|0|0|125|25|0|0|0|0|30|0|0|0|0|26|302|2024|4|25|15|1|38|4|N
14|17|458|B|1|0|U|642|31|17|121|E1417|74|0|172|73|20|24|45|0|2|29|0|0|6|0|13|5|0|1|9|399|2024|4|25|14|5|2|4|N
14|17|2889|B|1|0|U|638|119|17|121|E1417|121|48|45|31|21|8|18|98|2|25|2|0|0|7|13|1|0|0|4|323|2024|4|25|15|13|19|4|N
15|15|271|C|1|0|U|672|13|26|139|E1515|7|25|45|9|0|10|44|179|8|23|11|6|1|0|37|0|0|0|0|398|2024|4|25|14|17|58|4|N
15|15|283|C|4|0|U|647|13|16|139|E1515|69|51|69|6|0|13|0|199|14|10|1|0|0|0|0|2|0|0|16|381|2024|4|25|15|10|46|4|N
15|15|347|C|1|0|U|692|13|26|139|E1515|42|0|221|3|3|19|28|161|0|0|0|6|0|15|19|2|0|0|2|479|2024|4|25|14|18|0|4|N
15|15|365|C|3|0|U|572|13|26|139|E1515|44|42|93|7|31|4|19|197|15|2|8|0|0|1|36|0|0|2|3|460|2024|4|25|15|5|55|4|N
15|2|675|C|2|0|U|563|24|19|126|E1502|2|35|119|108|0|8|0|58|10|52|0|0|1|9|4|1|0|0|23|428|2024|4|25|14|17|8|1|N
15|2|688|C|1|0|U|564|24|19|126|E1502|12|0|170|43|0|10|6|83|0|27|2|0|0|18|0|2|0|1|15|377|2024|4|25|15|7|7|4|N
15|2|5462|C|3|0|U|637|109|19|126|E1502|73|18|0|0|0|12|0|271|0|45|0|0|2|4|0|0|0|0|0|352|2024|4|25|15|6|37|4|N
25|7|720|B|1|0|U|355|6|11|247|E2507|125|96|26|2|0|0|10|79|4|0|5|2|1|4|0|1|0|1|0|231|2024|4|25|14|7|24|4|N
25|7|732|B|1|0|U|312|6|11|247|E2507|123|0|136|0|0|0|3|48|0|0|0|1|2|0|0|0|0|0|1|191|2024|4|25|15|11|56|4|N
25|7|1394|C|1|0|U|526|6|17|247|E2507|54|50|214|4|8|8|0|71|0|0|2|2|0|1|0|0|0|0|16|376|2024|4|25|14|15|9|4|N
25|7|1477|E|1|1|U|691|6|16|247|E2507|1|108|0|11|25|2|13|190|16|0|1|0|3|13|0|0|0|0|0|382|2024|4|25|15|3|47|4|N
17|4|722|C|1|0|R|566|24|9|179|E1704|70|51|92|1|9|2|23|62|9|7|6|0|1|12|16|0|0|0|14|305|2024|4|25|14|7|45|4|N
17|4|724|B|1|0|U|609|24|9|179|E1704|72|53|134|2|12|26|14|70|3|6|2|1|0|18|5|0|0|1|27|374|2024|4|25|14|13|27|4|N
17|4|735|C|1|0|U|519|25|11|179|E1704|80|49|58|3|4|15|27|74|7|25|4|2|0|5|13|1|0|0|0|287|2024|4|25|15|11|21|4|N
15|18|2046|C|3|0|U|564|38|17|142|E1518|49|39|26|4|8|12|19|58|22|71|8|3|4|7|26|0|0|2|11|320|2024|4|25|14|14|11|4|N
15|18|3905|B|1|0|U|735|68|45|142|E1518|103|113|19|8|0|31|49|124|99|79|4|1|3|19|0|8|0|0|17|574|2024|4|25|15|6|6|4|N
15|18|3905|C|2|0|U|735|68|45|142|E1518|103|148|48|9|60|32|34|0|9|73|8|7|0|0|61|7|0|0|4|500|2024|4|25|15|9|30|4|N
15|18|3915|C|3|0|U|594|68|45|142|E1518|115|63|61|0|0|18|32|83|35|133|0|3|6|43|0|0|0|1|6|484|2024|4|25|14|9|57|4|N
15|18|5802|B|1|0|U|689|116|4|142|E1518|135|87|0|17|45|8|33|55|108|79|0|0|6|33|0|2|0|3|14|490|2024|4|25|15|10|58|4|N
27|2|46|C|1|0|U|571|2|2|256|E2702|1|152|0|8|0|4|0|83|40|0|2|0|0|0|0|0|1|1|0|291|2024|4|25|14|12|23|1|N
27|2|694|C|4|0|U|706|8|15|256|E2702|109|73|2|14|0|21|0|144|39|12|32|9|0|0|0|0|46|1|32|425|2024|4|25|14|7|32|4|N
17|5|853|C|2|0|U|602|30|10|180|E1705|94|138|42|21|13|36|9|75|0|19|2|1|1|18|5|2|12|0|19|413|2024|4|25|14|6|16|4|N
15|4|3733|C|3|0|U|733|61|44|128|E1504|50|0|66|0|12|41|18|194|0|43|4|7|0|23|30|0|0|0|19|457|2024|4|25|14|3|19|4|N
15|4|3740|C|1|0|U|670|61|44|128|E1504|54|49|3|12|0|16|44|131|41|0|9|2|1|22|25|3|0|2|24|384|2024|4|25|14|12|33|4|N
15|4|3740|C|2|0|U|670|61|44|128|E1504|54|0|33|20|20|25|35|264|0|22|0|0|7|24|41|0|0|0|21|512|2024|4|25|14|15|39|4|N
15|4|3802|C|2|0|U|608|61|44|128|E1504|10|22|62|48|0|42|51|0|23|111|2|0|2|0|15|0|0|0|58|436|2024|4|25|15|3|38|4|N
15|4|6699|C|3|0|U|636|61|44|128|E1504|118|11|29|0|14|31|0|163|0|18|0|0|2|21|51|3|0|0|49|392|2024|4|25|15|11|52|4|N
15|19|4888|B|1|0|U|709|105|18|143|E1519|76|53|131|10|2|0|8|169|10|16|7|2|2|4|26|1|0|0|9|450|2024|4|25|15|11|29|4|N
15|19|4902|B|1|0|U|516|105|18|143|E1519|72|28|75|2|0|9|39|69|12|18|0|2|3|2|27|0|0|2|20|308|2024|4|25|14|8|14|4|N
15|19|4928|B|1|0|U|688|105|18|143|E1519|97|65|73|7|0|0|11|158|8|18|0|2|0|26|19|1|0|0|32|420|2024|4|25|15|5|53|4|N
15|19|4932|C|1|0|U|425|105|18|143|E1519|93|36|62|4|0|0|6|82|5|10|2|0|0|0|10|0|0|0|7|224|2024|4|25|14|4|14|4|N
15|19|5047|B|1|0|U|428|105|18|143|E1519|17|22|109|1|12|1|0|96|18|13|2|0|0|13|31|1|0|1|3|323|2024|4|25|14|6|20|4|N
15|19|5054|B|1|0|U|636|105|18|143|E1519|6|54|175|0|6|0|0|56|17|0|0|0|2|26|40|1|0|0|20|397|2024|4|25|14|8|45|4|N
15|19|5073|C|1|0|U|551|105|18|143|E1519|122|48|56|10|8|0|33|99|0|29|2|1|2|4|24|0|0|1|25|342|2024|4|25|15|10|51|4|N
5|7|1651|B|1|0|U|459|30|16|23|E0507|89|0|60|7|1|28|0|112|18|0|0|2|0|10|23|0|0|0|29|290|2024|4|25|14|17|32|4|N
5|7|1663|C|1|0|U|377|30|16|23|E0507|111|10|104|4|0|7|9|43|6|7|2|0|0|4|7|0|0|1|9|213|2024|4|25|15|9|56|4|N
11|10|1182|B|1|0|U|601|18|20|84|E1110|37|0|178|0|0|32|5|112|8|15|1|0|0|0|61|0|0|1|3|416|2024|4|25|14|10|1|4|N
11|10|1874|B|1|0|U|462|21|20|84|E1110|55|42|180|0|0|11|33|55|7|10|1|0|0|0|0|0|0|0|21|360|2024|4|25|15|6|34|4|N
11|10|2791|B|1|0|U|675|41|20|84|E1110|112|0|155|5|0|20|39|92|0|15|1|1|0|0|0|0|0|0|13|341|2024|4|25|14|12|45|4|N
11|10|2792|B|1|0|U|575|41|20|84|E1110|114|0|265|3|24|41|0|43|0|17|1|0|0|16|0|1|0|0|29|440|2024|4|25|14|8|13|4|N
11|10|2793|C|2|0|U|698|41|20|84|E1110|115|39|128|5|0|24|22|105|6|24|1|0|0|6|26|1|0|0|11|398|2024|4|25|14|5|29|1|N
11|10|2804|C|1|0|U|568|41|20|84|E1110|123|39|158|6|0|27|21|79|5|1|2|1|0|0|7|0|0|0|0|346|2024|4|25|15|11|10|4|N
15|9|1291|B|1|0|R|612|33|10|133|E1509|7|35|54|2|2|3|0|64|0|4|3|1|0|9|13|1|0|0|6|197|2024|4|25|15|1|33|4|N
15|9|1299|B|1|0|R|704|33|10|133|E1509|9|41|34|32|39|2|0|202|0|49|3|4|0|34|53|0|0|0|38|531|2024|4|25|15|0|58|4|N
15|9|4030|B|1|0|R|415|124|13|133|E1509|59|53|32|8|8|10|2|61|10|14|0|1|0|16|0|1|0|0|12|228|2024|4|25|15|9|5|4|N
15|9|4042|C|1|0|R|719|75|15|133|E1509|27|48|53|11|11|28|25|99|13|9|10|1|1|37|30|3|0|0|32|411|2024|4|25|15|3|18|4|N
15|9|4066|C|2|0|R|651|124|13|133|E1509|72|15|99|32|18|33|0|127|6|34|20|5|0|48|47|0|0|0|19|503|2024|4|25|15|6|6|4|N
15|9|4078|C|4|0|R|656|75|15|133|E1509|37|84|16|23|13|29|0|203|10|34|0|0|0|33|63|0|0|0|15|523|2024|4|25|15|8|23|4|N
15|9|5689|C|1|0|R|676|112|10|133|E1509|90|35|56|21|3|0|5|113|4|0|5|1|0|19|0|0|0|0|10|272|2024|4|25|15|13|35|4|N
15|9|5703|B|1|0|R|690|112|10|133|E1509|89|95|33|25|9|7|5|128|0|28|3|2|1|27|16|0|0|0|15|394|2024|4|24|21|43|37|4|N
9|22|2586|C|2|0|U|617|7|27|70|E0922|54|91|0|0|39|9|0|61|5|0|17|2|0|65|17|0|0|0|29|335|2024|4|25|14|7|51|4|N
9|22|2682|B|1|0|U|611|7|29|70|E0922|30|184|0|3|17|10|1|49|0|11|13|0|0|51|18|0|0|1|10|368|2024|4|25|14|9|57|4|N
9|22|2812|B|1|0|U|704|7|27|70|E0922|39|101|0|7|16|3|3|27|20|27|10|3|12|36|9|4|0|0|7|285|2024|4|25|14|4|29|4|N
9|22|2861|B|1|0|U|553|7|31|70|E0922|9|132|47|0|47|0|0|28|0|8|2|0|4|74|20|0|0|0|10|372|2024|4|25|15|13|53|4|N
9|22|2964|B|1|0|U|452|7|27|70|E0922|62|91|5|3|7|3|3|40|1|3|14|1|0|52|23|9|0|0|16|271|2024|4|25|14|10|26|4|N
11|15|1039|C|1|0|U|617|17|12|89|E1115|105|0|0|4|50|0|9|201|24|24|1|3|1|0|21|0|0|1|0|339|2024|4|25|15|10|53|4|N
15|26|5175|C|2|0|U|556|107|34|150|E1526|68|66|32|0|3|4|11|149|18|52|0|8|1|8|10|1|0|1|6|370|2024|4|25|15|8|25|4|N
15|26|5189|C|2|0|U|550|107|34|150|E1526|54|74|40|0|0|0|0|145|17|44|0|2|0|1|35|2|0|0|4|364|2024|4|25|15|8|23|4|N
15|26|5287|C|3|0|U|617|107|34|150|E1526|70|65|32|0|9|4|10|215|19|29|3|1|0|22|0|0|0|0|3|412|2024|4|25|15|6|35|4|N
15|26|5306|C|1|0|U|610|107|34|150|E1526|51|73|6|0|2|4|8|144|22|24|3|2|3|1|0|4|0|1|9|306|2024|4|25|15|12|10|4|N
15|26|5359|C|4|0|R|692|107|34|150|E1526|7|67|53|0|0|0|21|219|20|42|0|3|2|23|5|0|0|0|4|459|2024|4|25|15|12|16|4|N
15|26|5362|C|8|0|R|680|107|34|150|E1526|20|60|1|7|3|6|19|176|25|36|8|3|5|13|13|0|0|1|3|379|2024|4|25|15|6|34|4|N
15|26|5401|B|1|0|U|735|107|34|150|E1526|39|31|32|0|3|0|8|116|18|19|2|0|0|0|21|0|0|1|5|256|2024|4|25|15|4|53|4|N
15|26|6451|B|1|0|U|552|107|2|150|E1526|111|70|42|0|6|6|6|94|5|26|2|0|2|17|27|1|0|0|5|309|2024|4|25|14|17|13|4|N
15|30|1117|C|2|0|U|568|30|5|154|E1530|61|5|60|11|10|4|9|78|21|18|6|3|0|28|21|0|0|0|15|289|2024|4|25|15|13|48|4|N
15|30|5965|B|1|0|U|565|32|5|154|E1530|33|0|120|12|5|0|28|95|26|0|0|0|0|46|20|4|0|1|14|371|2024|4|25|15|7|2|4|N
15|30|5973|C|8|0|U|676|32|5|154|E1530|5|0|77|23|18|3|15|115|61|37|0|7|0|27|3|1|0|1|28|416|2024|4|25|15|7|11|4|N
15|30|5983|B|1|0|U|711|32|5|154|E1530|11|0|102|37|18|23|0|54|79|67|12|0|1|27|14|5|0|0|27|466|2024|4|25|15|10|46|4|N
15|30|6358|C|3|0|U|620|30|5|154|E1530|107|91|9|0|21|23|16|63|42|51|0|2|1|22|37|0|0|0|26|404|2024|4|25|15|12|7|4|N
15|30|6806|C|1|0|U|734|32|5|154|E1530|48|0|122|7|15|21|41|108|57|68|0|0|0|31|59|0|0|0|31|560|2024|4|25|15|3|17|4|N
31|2|34|B|1|0|U|666|7|15|292|E3102|96|53|290|0|0|43|0|44|0|2|0|0|0|0|43|0|0|1|16|492|2024|4|25|14|13|36|4|N
31|2|189|C|1|0|U|679|40|16|292|E3102|107|23|113|0|3|0|0|287|1|0|4|1|1|0|21|0|0|1|35|490|2024|4|25|14|11|43|4|N
31|2|198|C|1|0|U|625|40|16|292|E3102|115|0|224|0|5|0|0|45|2|0|1|0|0|0|19|0|0|0|5|301|2024|4|25|14|9|37|4|N
31|2|201|B|1|0|U|582|40|16|292|E3102|108|31|168|6|0|35|6|134|2|5|1|0|0|0|8|0|0|0|14|410|2024|4|25|14|17|12|4|N
13|6|380|C|1|0|R|611|23|7|103|E1306|131|55|46|7|0|116|27|104|24|0|8|2|0|0|0|0|0|1|53|443|2024|4|25|15|10|18|4|N
7|6|8|C|1|0|U|584|2|3|32|E0706|2|146|1|0|0|139|83|12|19|0|37|1|4|0|0|1|0|0|0|443|2024|4|25|14|14|26|4|N
7|6|11|C|1|0|U|532|2|3|32|E0706|4|45|0|0|0|229|7|86|1|0|4|0|0|0|0|0|0|0|27|399|2024|4|25|13|55|49|4|N
7|6|12|B|1|0|U|546|2|3|32|E0706|5|35|10|4|45|0|18|33|6|0|0|0|0|3|0|0|0|3|0|157|2024|4|25|13|56|13|4|N
7|6|404|B|1|0|U|622|27|3|32|E0706|12|52|16|0|9|246|0|93|36|0|10|0|0|0|0|0|0|3|14|479|2024|4|25|13|12|40|4|N
7|6|1623|C|3|0|U|648|102|1|32|E0706|90|13|72|0|2|0|50|0|15|0|20|1|2|0|0|0|0|6|46|227|2024|4|25|12|49|51|4|N
7|7|88|C|1|0|U|617|9|15|33|E0707|44|55|70|5|1|62|54|24|4|21|8|2|0|0|0|0|0|0|14|320|2024|4|25|15|6|27|4|N
7|10|80|E|1|1|R|650|8|17|36|E0710|8|36|151|6|1|10|31|124|0|4|5|0|3|16|12|1|0|1|29|430|2024|4|25|15|8|8|4|N
5|5|1201|C|1|0|U|539|35|8|21|E0505|47|7|237|0|12|9|6|66|12|0|3|2|1|19|0|0|0|0|41|415|2024|4|25|12|21|55|4|N
5|5|1338|C|1|0|U|551|35|9|21|E0505|43|87|86|0|1|14|14|80|9|0|3|0|0|1|0|0|0|0|36|331|2024|4|25|12|23|50|4|N
5|5|1347|B|1|0|U|581|35|10|21|E0505|96|102|104|0|17|10|18|118|13|0|4|2|0|0|0|0|0|0|21|409|2024|4|25|14|6|50|4|N
5|5|1841|B|1|0|U|702|35|11|21|E0505|111|18|166|3|1|3|11|96|0|0|1|1|0|16|0|1|0|1|37|355|2024|4|25|14|16|53|4|N
9|21|3135|C|1|0|U|729|9|7|69|E0921|112|39|17|21|0|4|2|88|32|0|5|5|0|28|35|1|0|0|8|285|2024|4|25|14|4|59|4|N
9|21|4145|C|1|0|M|669|13|25|69|E0921|18|0|136|17|5|0|1|34|38|0|9|4|2|30|21|1|0|3|11|312|2024|4|25|14|17|42|1|N
9|21|4172|C|2|0|U|602|13|25|69|E0921|41|6|170|0|8|0|11|68|6|5|9|0|0|41|30|2|0|3|6|365|2024|4|25|14|4|6|4|N
9|21|4223|C|1|0|M|715|13|25|69|E0921|51|58|5|41|53|10|11|117|19|11|1|3|2|90|36|0|0|0|16|473|2024|4|25|15|13|15|1|N
9|21|4244|B|1|0|U|620|13|25|69|E0921|66|52|119|15|14|0|20|124|13|0|9|0|4|11|11|0|0|3|36|431|2024|4|25|14|6|58|4|N
15|8|870|C|1|0|U|644|25|26|132|E1508|17|25|0|33|44|33|34|66|0|8|29|2|0|16|6|0|0|1|32|329|2024|4|25|14|17|52|1|N
15|8|890|C|2|0|U|724|25|26|132|E1508|23|27|0|23|25|9|28|180|0|32|13|1|2|31|0|4|0|0|21|396|2024|4|25|15|3|42|4|N
15|8|5491|C|3|0|U|563|110|11|132|E1508|36|34|85|0|12|28|22|152|0|0|8|2|0|38|14|4|0|1|22|422|2024|4|25|15|7|1|4|N
15|8|5548|C|5|0|U|728|110|11|132|E1508|90|0|64|20|11|26|7|103|23|46|21|1|0|83|15|6|0|3|23|452|2024|4|25|15|1|30|4|N
15|8|5651|C|1|0|U|697|110|11|132|E1508|126|57|90|24|28|15|44|208|0|38|6|2|2|26|4|0|0|3|13|560|2024|4|25|15|13|7|4|N
29|3|131|B|1|0|U|611|10|9|271|E2903|23|42|18|7|3|7|5|204|14|0|2|0|1|10|12|0|0|0|11|336|2024|4|25|14|5|58|4|N
29|3|158|C|3|0|U|683|51|12|271|E2903|42|88|0|0|11|6|10|107|15|3|7|1|1|2|26|1|0|2|23|303|2024|4|25|14|12|57|4|N
29|3|159|B|1|0|U|640|51|12|271|E2903|43|0|0|12|15|8|2|91|0|119|0|1|0|2|70|1|0|1|14|336|2024|4|25|14|15|6|4|N
29|3|382|C|2|0|U|571|28|12|271|E2903|47|72|0|0|8|0|0|213|12|47|2|1|0|0|14|1|0|1|15|386|2024|4|25|14|4|20|4|N
29|3|396|C|2|0|U|658|47|12|271|E2903|62|65|83|0|3|4|4|105|12|19|0|0|1|11|48|0|0|0|11|366|2024|4|25|14|0|32|4|N
17|1|222|C|2|0|U|673|7|2|176|E1701|36|115|7|7|4|25|6|81|0|0|6|1|1|10|0|0|0|1|31|295|2024|4|25|15|1|30|4|N
17|1|308|B|1|0|U|693|7|2|176|E1701|84|0|19|7|8|36|0|243|27|0|0|2|3|1|0|1|0|5|66|418|2024|4|25|11|21|19|4|N
15|28|1979|B|1|0|U|616|37|20|152|E1528|15|57|132|0|147|10|33|0|21|24|5|0|0|16|0|1|0|0|25|471|2024|4|25|15|9|56|4|N
15|28|5909|C|2|0|U|656|121|20|152|E1528|58|15|131|5|17|4|8|136|17|29|0|0|1|2|0|0|0|1|10|376|2024|4|25|15|12|57|4|N
21|2|2117|C|4|0|U|714|171|3|209|E2102|108|57|92|1|0|0|6|191|19|0|0|0|0|4|17|0|0|0|14|401|2024|4|25|15|3|32|4|N
17|3|68|C|3|0|U|581|4|10|178|E1703|25|50|84|0|11|21|27|100|25|7|0|2|0|12|37|4|0|0|53|433|2024|4|25|14|13|46|4|N
17|3|121|C|1|0|U|406|6|7|178|E1703|87|49|47|2|0|2|11|48|13|3|0|0|0|11|10|0|0|0|7|203|2024|4|25|14|5|34|4|N
17|3|172|C|1|0|U|458|6|7|178|E1703|114|95|111|0|13|12|16|36|0|14|3|3|0|32|17|3|0|1|0|356|2024|4|25|14|8|3|4|N
17|3|427|C|2|0|U|554|10|4|178|E1703|59|108|58|0|15|9|6|81|0|7|0|4|0|10|1|4|0|2|17|322|2024|4|25|15|8|16|4|N
21|6|1396|C|3|0|U|697|115|10|213|E2106|54|40|140|14|28|0|30|40|17|70|0|0|2|0|27|1|0|0|8|417|2024|4|25|14|5|24|4|N
21|6|1408|C|4|0|U|668|115|10|213|E2106|66|0|102|0|51|0|47|68|40|79|0|5|5|3|66|2|0|2|35|505|2024|4|25|15|1|58|4|N
21|6|1548|C|1|0|U|516|115|16|213|E2106|98|0|118|8|19|2|47|0|7|48|13|3|0|13|49|1|0|1|28|357|2024|4|25|14|2|50|4|N
18|1|328|B|1|0|U|448|11|3|181|E1801|56|81|48|40|0|16|2|142|0|7|0|0|1|0|17|2|0|0|8|364|2024|4|25|14|17|38|4|N
18|1|448|B|1|0|U|593|15|4|181|E1801|102|65|124|1|0|64|14|41|24|0|5|0|1|0|24|0|0|1|3|367|2024|4|25|15|5|42|4|N
21|7|5|C|4|0|M|630|1|12|214|E2107|5|0|114|5|19|15|1|68|18|25|0|0|3|20|21|0|0|0|22|331|2024|4|25|14|3|36|1|N
21|7|124|B|1|0|U|664|15|12|214|E2107|40|45|215|0|28|17|4|61|0|51|12|0|4|13|0|0|0|0|20|470|2024|4|25|14|15|49|4|N
21|7|131|C|2|0|U|654|15|12|214|E2107|28|46|135|3|9|20|36|46|17|35|0|0|2|14|18|1|0|1|0|383|2024|4|25|14|5|38|4|N
21|7|1643|C|3|0|U|639|119|13|214|E2107|67|46|99|8|34|0|35|80|29|52|20|0|1|33|16|3|0|0|0|456|2024|4|25|14|5|2|4|N
21|7|2913|B|1|0|U|504|163|13|214|E2107|109|3|130|9|17|11|32|42|17|42|3|0|1|9|48|0|0|1|6|371|2024|4|25|14|9|37|4|N
8|3|1963|B|1|0|U|320|37|3|42|E0803|73|0|179|6|12|0|0|54|5|0|0|0|1|3|0|2|0|1|3|266|2024|4|25|12|28|44|4|N
8|3|2182|C|1|0|U|414|37|6|42|E0803|129|33|134|0|0|18|9|42|4|0|0|1|0|0|0|0|0|1|57|299|2024|4|25|13|10|13|4|N
25|6|1531|B|1|0|R|169|6|19|246|E2506|150|0|29|0|0|5|16|42|5|0|1|0|0|0|0|0|0|1|8|107|2024|4|25|15|7|9|4|N
25|6|2577|B|1|0|U|235|12|21|246|E2506|9|19|11|0|15|8|16|37|1|0|0|1|0|0|0|0|0|1|25|134|2024|4|25|11|31|0|4|N
25|6|2733|B|1|0|U|710|12|21|246|E2506|32|126|0|4|41|27|103|112|37|0|9|2|0|0|0|0|0|0|0|461|2024|4|25|15|10|34|4|N
15|31|3065|B|1|0|U|549|60|41|155|E1531|42|76|28|17|1|0|2|40|24|24|7|2|0|0|0|0|0|1|14|236|2024|4|25|15|7|19|4|N
15|31|3076|B|1|0|U|650|60|25|155|E1531|5|139|54|12|19|23|14|70|39|17|0|0|0|0|0|0|0|0|10|397|2024|4|25|15|4|25|4|N
15|31|3092|C|1|0|U|503|60|41|155|E1531|50|91|34|18|3|8|14|38|34|7|10|3|0|0|0|0|0|3|7|270|2024|4|25|15|8|19|4|N
15|31|3456|B|1|0|U|633|60|25|155|E1531|9|138|46|7|8|28|16|78|3|43|4|1|0|0|0|0|0|1|18|391|2024|4|25|15|6|41|4|N
15|31|3567|C|1|0|U|507|60|41|155|E1531|136|29|22|7|1|15|0|27|28|13|2|1|0|0|0|0|0|0|7|152|2024|4|25|15|6|9|4|N
15|31|3697|B|1|0|U|533|60|41|155|E1531|107|121|23|8|9|0|19|51|39|17|5|3|0|0|0|0|0|1|10|306|2024|4|25|15|10|22|4|N
19|8|146|C|3|0|U|567|6|7|191|E1908|28|31|36|7|0|21|99|0|7|62|9|0|1|0|41|1|0|9|0|324|2024|4|25|14|6|3|4|N
19|8|621|B|1|0|U|577|26|14|191|E1908|80|76|0|11|16|37|0|0|16|104|16|2|5|0|0|9|0|2|37|331|2024|4|25|13|31|18|4|N
19|8|651|C|2|0|U|725|26|14|191|E1908|95|32|298|9|36|11|0|127|0|0|5|1|1|11|13|1|0|1|3|549|2024|4|25|14|16|3|4|N
19|8|2237|B|1|0|U|654|6|7|191|E1908|46|25|191|1|0|3|19|19|1|12|2|0|1|9|3|0|0|2|9|297|2024|4|25|14|14|44|4|N
19|8|2238|C|1|0|U|542|6|7|191|E1908|36|0|196|10|70|8|0|91|0|4|3|1|1|0|0|2|0|0|36|422|2024|4|25|14|10|10|4|N
19|8|2263|C|1|0|U|576|6|7|191|E1908|57|0|163|11|25|2|17|0|1|44|0|0|1|0|16|2|0|4|24|310|2024|4|25|14|8|17|4|N
19|8|2953|C|1|0|U|710|6|7|191|E1908|10|0|274|28|0|20|0|165|3|22|9|3|3|4|11|0|0|4|0|546|2024|4|25|13|59|35|4|N
8|4|1642|B|1|0|U|731|37|5|43|E0804|104|45|16|7|0|3|11|189|13|0|2|0|0|5|0|2|0|0|46|339|2024|4|25|14|10|2|4|N
8|4|2130|B|1|0|U|590|37|6|43|E0804|81|118|0|25|6|15|0|36|26|0|1|6|6|0|0|4|0|5|123|371|2024|4|25|14|6|16|4|N
15|33|992|C|7|0|U|746|26|1|157|E1533|18|77|21|0|13|19|6|79|36|47|0|6|0|0|0|0|0|0|3|307|2024|4|25|10|4|8|4|N
15|33|1039|C|4|0|U|644|26|1|157|E1533|33|159|27|50|14|0|31|102|29|45|17|0|0|0|0|0|0|0|19|493|2024|4|25|15|2|43|4|N
15|33|1043|E|1|11|U|695|26|1|157|E1533|50|250|52|0|6|17|20|0|2|20|12|4|0|0|0|0|0|0|4|387|2024|4|25|15|11|37|4|N
26|3|340|C|5|0|U|673|49|12|250|E2603|34|0|11|14|7|8|49|240|8|0|3|1|2|0|0|1|0|1|0|345|2024|4|25|14|13|46|4|N
26|3|371|B|1|0|U|476|49|6|250|E2603|101|15|57|0|14|26|51|122|4|0|5|0|0|4|0|2|0|0|10|310|2024|4|25|15|1|41|4|N
26|3|374|C|6|0|U|705|49|6|250|E2603|51|0|119|14|13|0|0|150|36|0|11|4|0|0|0|1|0|0|87|435|2024|4|25|14|12|36|4|N
26|3|387|B|1|0|U|609|49|6|250|E2603|89|30|111|0|17|10|31|126|6|0|3|0|0|6|0|2|0|1|29|372|2024|4|25|13|39|54|4|N
26|3|392|B|1|0|U|568|49|10|250|E2603|114|15|105|3|0|13|105|44|11|0|0|1|0|24|0|1|0|1|35|358|2024|4|25|15|7|11|4|N
26|3|402|C|2|0|U|718|49|6|250|E2603|83|7|152|10|0|16|92|146|6|0|6|0|8|0|0|0|0|2|64|509|2024|4|25|14|15|44|4|N
26|3|591|B|1|0|R|261|49|11|250|E2603|131|10|45|0|9|7|0|1|6|0|0|0|2|6|0|0|0|0|18|104|2024|4|25|14|10|52|4|N
26|3|601|C|5|0|U|712|49|11|250|E2603|123|65|157|15|1|2|166|149|26|0|1|1|2|43|0|0|0|2|0|630|2024|4|25|14|10|3|4|N
26|3|1349|B|1|0|U|618|49|12|250|E2603|47|2|66|7|16|15|119|189|34|0|0|0|1|3|0|0|0|0|13|465|2024|4|25|15|13|41|4|N
26|3|1350|B|1|0|U|625|49|12|250|E2603|48|0|67|0|4|4|128|95|16|0|11|0|0|10|0|0|0|1|12|348|2024|4|25|15|0|54|4|N
26|3|1351|B|1|0|U|612|49|12|250|E2603|48|16|51|0|19|3|45|174|11|0|6|1|3|7|0|0|0|0|0|336|2024|4|25|15|2|48|4|N
20|4|1873|B|1|0|U|463|420|9|201|E2004|93|6|0|0|9|6|0|1|0|0|6|0|0|0|0|0|0|1|0|29|2024|4|25|13|11|25|4|N
20|4|2354|B|1|0|U|650|550|17|201|E2004|5|114|11|4|23|16|53|48|1|0|5|2|0|0|0|0|0|0|23|300|2024|4|25|14|29|44|1|N
15|10|1830|B|1|0|U|683|34|6|134|E1510|46|37|40|0|23|1|8|136|3|8|0|0|1|9|11|0|0|0|5|282|2024|4|25|10|37|56|4|N
28|4|537|B|1|0|U|418|22|12|264|E2804|9|30|87|2|6|0|11|113|1|0|0|0|0|3|0|0|0|0|0|253|2024|4|25|14|9|20|1|N
28|4|610|B|1|0|U|664|22|12|264|E2804|47|17|66|10|16|0|31|118|1|0|0|0|0|0|0|1|0|0|28|288|2024|4|25|14|6|3|4|N
28|4|649|B|1|0|U|684|22|12|264|E2804|46|0|306|0|0|0|0|128|26|0|5|3|2|4|0|1|0|0|44|519|2024|4|25|14|13|47|4|N
28|4|651|C|5|0|U|728|22|12|264|E2804|20|3|102|18|31|9|41|153|0|0|0|0|1|8|0|0|0|0|53|419|2024|4|25|14|4|9|4|N
28|4|651|C|6|0|U|728|22|12|264|E2804|20|70|138|3|0|12|21|175|19|0|1|0|0|2|0|3|0|1|51|496|2024|4|25|14|17|37|1|N
28|4|2007|C|4|0|U|739|22|10|264|E2804|136|55|115|13|27|1|95|74|2|0|2|1|0|6|0|0|0|0|4|395|2024|4|25|14|13|24|4|N
28|4|2057|C|3|0|U|691|22|12|264|E2804|16|75|103|20|0|36|0|140|17|0|1|0|0|0|0|1|0|0|62|455|2024|4|25|14|15|9|1|N
15|12|2078|C|5|0|U|690|40|40|136|E1512|40|109|51|0|11|9|28|162|36|63|3|1|0|44|28|0|0|4|15|564|2024|4|25|14|10|15|4|N
15|12|2089|C|9|0|U|730|40|40|136|E1512|59|0|140|14|25|40|0|91|0|61|0|0|3|44|59|0|0|3|0|480|2024|4|25|14|5|5|4|N
15|12|2109|C|1|0|U|737|40|40|136|E1512|55|149|0|7|14|2|12|125|27|14|4|0|0|31|0|1|0|1|0|387|2024|4|25|14|11|6|4|N
15|12|2110|C|1|0|U|561|40|40|136|E1512|61|82|23|16|7|11|0|154|0|31|9|3|0|3|14|0|0|0|1|354|2024|4|25|14|16|41|4|N
15|12|2138|C|1|0|U|651|40|40|136|E1512|85|21|0|8|31|42|72|0|18|142|34|5|0|44|93|0|0|9|17|536|2024|4|25|15|15|31|4|N
15|12|6051|C|2|0|U|720|40|40|136|E1512|33|119|110|7|3|32|0|135|4|63|12|0|1|61|13|1|0|0|0|561|2024|4|25|15|3|1|4|N
15|12|6060|B|1|0|U|488|40|40|136|E1512|42|72|53|10|5|7|7|91|0|30|4|3|3|11|16|1|0|0|8|321|2024|4|25|15|11|54|4|N
15|12|6733|B|1|0|U|640|40|40|136|E1512|63|3|22|3|11|11|25|169|24|22|5|1|1|24|12|0|0|0|4|337|2024|4|25|14|4|39|4|N
16|9|2260|C|3|0|U|618|103|20|173|E1609|57|16|0|7|2|13|13|240|12|35|0|0|1|3|40|1|0|0|0|383|2024|4|25|14|2|23|4|N
16|9|2271|C|1|0|U|596|103|20|173|E1609|76|36|0|3|5|4|6|116|5|14|0|1|0|6|11|0|8|0|0|215|2024|4|25|15|2|32|4|N
16|9|2284|B|1|0|U|545|103|20|173|E1609|79|39|85|13|7|0|23|130|3|19|0|2|0|4|33|0|12|0|0|370|2024|4|25|14|3|59|4|N
16|9|2300|C|4|0|M|612|103|14|173|E1609|7|18|160|4|4|1|15|58|0|42|1|0|0|14|7|0|0|0|8|332|2024|4|25|14|17|12|1|N
16|9|2782|C|3|0|U|663|103|20|173|E1609|99|9|0|0|3|1|10|14|1|10|8|1|0|4|4|0|0|0|6|71|2024|4|25|14|10|50|4|N
28|6|2017|B|1|0|U|524|3|18|266|E2806|48|48|201|3|0|0|0|36|9|0|3|0|1|20|0|0|0|0|10|331|2024|4|25|14|9|56|4|N
28|6|2021|C|1|0|U|563|3|18|266|E2806|47|110|209|7|25|4|11|3|32|0|0|2|2|14|0|1|0|0|0|420|2024|4|25|14|8|1|4|N
20|7|44|C|1|0|U|461|6|19|204|E2007|13|16|33|9|3|3|5|139|6|0|0|1|0|4|0|0|0|0|9|228|2024|4|25|14|6|45|4|N
20|7|268|C|1|0|U|406|41|19|204|E2007|5|0|62|0|0|0|0|190|0|0|8|2|0|0|0|1|0|0|0|263|2024|4|25|14|16|42|4|N
15|21|196|C|1|0|U|687|9|28|145|E1521|111|80|100|45|18|18|18|135|36|21|18|0|0|0|22|5|0|1|0|517|2024|4|25|15|10|28|4|N
11|3|1276|C|3|0|U|685|20|3|77|E1103|15|40|139|7|4|24|0|136|2|0|0|0|0|0|0|0|0|1|3|356|2024|4|25|14|16|11|1|N
11|3|1282|C|3|0|U|743|20|3|77|E1103|126|71|208|0|17|45|43|40|0|25|0|0|0|0|14|1|0|2|10|476|2024|4|25|15|6|44|4|N
11|3|1283|B|1|0|U|685|20|3|77|E1103|23|53|266|2|10|16|4|169|5|24|1|0|0|0|24|0|0|0|7|581|2024|4|25|15|13|20|4|N
11|3|1423|B|1|0|U|296|20|7|77|E1103|140|9|69|1|0|3|5|2|0|13|0|0|0|4|0|0|0|0|6|112|2024|4|25|14|7|23|4|N
15|11|1320|C|2|0|U|619|34|21|135|E1511|32|60|44|7|20|31|0|19|20|14|11|1|0|0|0|0|0|1|14|242|2024|4|25|15|9|55|4|N
15|11|1348|B|1|0|U|669|34|21|135|E1511|71|10|69|0|0|6|0|54|34|57|11|4|0|0|0|0|0|2|2|249|2024|4|25|15|11|19|1|N
16|2|59|C|1|0|U|570|6|23|166|E1602|8|86|97|17|0|8|5|104|6|0|0|0|0|26|0|0|0|2|19|370|2024|4|25|15|12|18|4|N
16|2|147|C|1|0|R|699|8|21|166|E1602|53|236|67|9|6|0|27|31|0|0|0|0|0|37|0|0|0|0|36|449|2024|4|25|15|12|8|4|N
13|5|152|C|1|0|U|719|9|7|102|E1305|1|91|73|0|11|8|36|75|16|0|3|0|0|0|0|0|0|0|25|338|2024|4|25|14|4|19|4|N
13|5|210|C|1|0|R|455|12|15|102|E1305|14|76|0|1|35|19|34|57|0|0|0|1|0|0|0|0|10|0|18|251|2024|4|25|15|10|46|1|N
13|5|1325|C|1|0|M|553|66|6|102|E1305|96|101|58|4|0|32|26|129|0|0|4|2|0|0|0|0|0|0|53|409|2024|4|25|14|14|25|1|N
16|10|980|B|1|0|U|747|54|11|174|E1610|29|187|169|0|0|58|32|20|0|0|6|2|3|13|0|0|0|1|60|551|2024|4|25|15|13|51|4|N
16|10|1106|B|1|0|U|683|54|11|174|E1610|72|178|79|0|0|14|0|0|0|0|0|4|0|30|0|0|0|5|92|402|2024|4|25|14|7|24|4|N
16|10|1110|C|1|0|U|692|54|17|174|E1610|79|66|153|0|5|49|26|32|0|0|4|1|0|13|0|3|0|0|51|403|2024|4|25|14|7|44|4|N
16|10|1125|C|1|0|U|711|54|17|174|E1610|97|17|99|10|23|0|4|147|44|0|13|3|0|25|0|0|0|1|78|464|2024|4|25|14|11|9|4|N
16|10|1165|C|1|0|U|714|54|17|174|E1610|101|33|255|0|0|56|0|0|0|0|14|3|0|22|0|3|0|0|60|446|2024|4|25|14|4|59|4|N
16|10|1178|B|1|0|U|473|54|17|174|E1610|93|119|123|2|6|9|3|0|0|0|13|3|0|10|0|0|0|0|45|333|2024|4|25|14|10|30|4|N
16|10|1205|C|1|0|U|472|54|11|174|E1610|19|0|116|1|0|46|5|27|19|0|10|3|4|0|0|0|0|2|93|326|2024|4|25|15|0|54|4|N
14|5|1950|C|4|0|U|738|69|5|109|E1405|63|9|321|0|1|33|24|126|0|0|0|2|0|0|0|0|0|4|16|536|2024|4|25|15|5|28|4|N
14|8|805|C|1|0|U|734|41|8|112|E1408|92|42|181|0|0|25|12|92|2|17|0|1|0|32|45|0|0|0|0|449|2024|4|25|10|19|51|4|N
14|8|981|B|1|0|U|430|41|8|112|E1408|134|9|71|14|3|10|0|77|3|10|0|1|1|5|20|2|0|0|0|226|2024|4|25|10|16|55|4|N
14|8|991|B|1|0|U|412|41|8|112|E1408|108|28|92|43|0|5|0|69|9|16|1|1|0|1|30|0|0|0|36|331|2024|4|25|15|2|38|4|N
9|17|807|C|2|0|U|657|4|20|65|E0917|66|63|53|7|16|1|1|47|11|2|3|0|3|17|9|0|0|0|0|233|2024|4|25|14|10|29|4|N
9|17|3498|C|2|0|U|520|10|23|65|E0917|106|79|99|4|21|17|14|14|55|13|9|3|4|10|22|2|0|4|17|387|2024|4|25|15|9|10|4|N
13|7|1224|C|1|0|M|716|61|18|104|E1307|44|170|76|4|14|95|22|0|78|0|7|2|0|0|0|0|0|1|0|469|2024|4|25|14|14|40|1|N
11|7|598|B|1|0|R|241|8|18|81|E1107|9|12|57|5|0|44|0|22|2|45|0|0|0|0|0|0|0|0|5|192|2024|4|25|15|2|5|4|N
11|7|2456|C|1|0|U|467|31|10|81|E1107|82|9|171|0|4|32|6|65|0|22|1|0|0|4|24|0|0|1|28|367|2024|4|25|11|58|16|4|N
15|13|1573|C|1|0|U|632|34|8|137|E1513|89|104|112|14|2|0|28|64|0|25|9|0|0|0|0|0|0|5|19|382|2024|4|25|15|3|20|4|N
15|13|1637|C|1|0|U|398|34|42|137|E1513|137|90|31|22|0|11|24|8|22|27|7|0|0|0|0|0|0|0|1|243|2024|4|25|14|1|21|4|N
9|18|2249|B|1|0|U|694|7|21|66|E0918|57|88|13|4|18|8|21|107|31|21|9|4|0|33|21|0|0|1|7|386|2024|4|25|14|13|36|4|N
9|18|2350|C|3|0|U|565|7|24|66|E0918|33|74|0|23|2|12|25|153|64|3|0|1|3|56|28|0|0|1|15|460|2024|4|25|15|14|8|4|N
9|18|2352|C|2|0|U|645|7|24|66|E0918|36|98|0|18|24|16|23|43|67|1|9|4|3|70|30|0|0|2|1|409|2024|4|25|14|5|10|4|N
11|8|2930|B|1|0|U|595|44|13|82|E1108|138|15|163|3|3|0|3|29|4|21|0|1|0|0|25|0|0|0|12|279|2024|4|25|15|1|3|4|N
15|17|1734|C|1|0|U|625|34|42|141|E1517|35|86|0|11|11|6|0|79|42|0|6|7|0|0|0|0|0|0|11|259|2024|4|25|15|12|29|4|N
15|17|3125|C|1|0|U|493|60|24|141|E1517|52|105|0|20|1|21|0|88|13|0|9|0|0|0|0|0|0|0|12|269|2024|4|25|15|8|34|4|N
15|17|3140|C|1|0|U|577|60|24|141|E1517|75|111|0|7|14|9|22|54|10|18|4|2|0|0|0|0|0|1|4|256|2024|4|25|15|12|55|4|N
12|6|1462|B|1|0|U|680|35|23|95|E1206|65|104|86|0|115|8|10|19|2|0|0|0|0|17|0|0|0|2|0|363|2024|4|25|14|14|12|4|N
10|1|306|C|1|0|U|503|5|4|71|E1001|19|66|0|0|20|25|46|65|0|15|28|2|1|65|0|0|0|8|45|386|2024|4|25|14|12|32|4|N
10|1|1028|B|1|0|R|463|24|15|71|E1001|105|54|102|6|17|17|22|49|2|0|7|3|4|9|5|2|0|2|24|325|2024|4|25|14|13|35|1|N
4|2|231|C|1|0|U|579|3|11|16|E0402|38|43|138|17|9|4|18|87|8|0|5|1|1|1|0|3|0|1|0|336|2024|4|25|11|58|35|4|N
15|23|2400|C|1|0|R|639|52|4|147|E1523|7|160|0|10|17|17|13|0|44|6|1|0|0|7|0|0|0|1|0|276|2024|4|25|15|12|16|4|N
15|23|3838|C|1|0|U|732|63|4|147|E1523|55|20|364|18|62|18|15|38|17|37|1|0|0|0|22|0|0|3|16|631|2024|4|25|15|10|52|4|N
10|4|111|B|1|0|U|716|5|2|74|E1004|7|42|64|10|0|33|10|160|22|0|5|6|3|2|0|0|0|0|13|370|2024|4|25|15|3|13|4|N
10|4|165|C|1|0|U|665|5|6|74|E1004|72|155|160|9|2|0|3|109|4|0|6|0|0|0|0|1|0|0|46|495|2024|4|25|14|6|50|4|N
10|4|201|C|2|0|U|703|5|6|74|E1004|75|65|66|9|0|0|38|218|0|0|8|0|1|1|0|0|0|1|30|437|2024|4|25|14|9|59|4|N
10|4|1450|C|3|0|U|650|5|1|74|E1004|24|111|122|17|53|38|50|0|0|0|0|7|0|9|0|3|0|0|29|439|2024|4|25|15|11|41|4|N
7|5|354|B|1|0|R|671|23|22|31|E0705|28|39|75|0|8|0|0|119|14|23|0|0|0|10|9|0|0|0|6|303|2024|4|25|15|12|28|4|N
7|5|1126|C|1|0|U|572|77|5|31|E0705|52|40|204|6|8|73|22|0|3|5|1|2|0|13|5|0|0|0|0|382|2024|4|25|14|17|28|4|N
12|7|1211|B|1|0|U|689|29|1|96|E1207|38|52|48|2|0|19|3|203|0|0|6|0|1|0|0|0|0|2|60|396|2024|4|25|14|3|6|4|N
12|7|1216|B|1|0|U|722|29|1|96|E1207|39|117|0|18|0|34|12|152|0|0|0|13|1|9|0|0|0|0|33|389|2024|4|25|14|11|0|4|N
12|7|1228|C|2|0|U|695|29|2|96|E1207|44|51|82|20|14|0|21|3|20|0|0|14|2|0|0|0|0|0|28|255|2024|4|25|14|13|38|4|N
12|7|1242|C|2|0|U|629|29|2|96|E1207|52|269|0|63|0|0|0|0|0|0|0|16|0|67|0|1|0|0|0|416|2024|4|25|14|16|22|4|N
12|7|1250|C|1|0|U|638|29|1|96|E1207|50|49|46|27|43|10|3|113|0|0|2|0|0|13|0|0|0|0|8|314|2024|4|25|13|59|10|4|N
12|7|1267|C|2|0|U|736|29|2|96|E1207|28|26|0|218|0|47|20|114|0|0|25|13|0|0|0|0|0|3|89|555|2024|4|25|14|9|44|4|N
12|7|1764|B|1|0|U|525|45|24|96|E1207|131|67|12|38|8|12|0|24|0|0|0|0|2|0|0|3|0|0|73|239|2024|4|25|15|5|25|4|N
12|7|2493|B|1|0|U|599|62|24|96|E1207|146|30|94|0|66|0|44|33|0|0|0|17|0|64|0|10|0|0|0|358|2024|4|25|14|17|40|4|N
12|7|2823|B|1|0|U|690|29|1|96|E1207|9|87|0|150|0|0|0|100|0|0|21|7|3|10|0|0|0|0|36|414|2024|4|25|14|13|57|4|N
15|34|5217|C|1|0|U|533|107|34|158|E1534|77|45|37|32|14|7|11|31|20|26|1|0|1|18|14|2|0|2|15|276|2024|4|25|15|12|18|4|N
15|34|5292|B|1|0|U|718|107|2|158|E1534|24|42|69|0|22|6|0|226|41|0|0|6|1|2|36|3|0|0|20|474|2024|4|25|15|10|59|4|N
15|34|5433|C|1|0|U|695|107|36|158|E1534|150|54|37|51|14|8|24|118|30|15|5|9|4|24|50|3|0|0|18|464|2024|4|25|15|12|51|4|N
21|8|549|B|1|0|U|548|66|14|215|E2108|50|84|25|0|9|0|9|115|21|12|0|0|1|30|24|1|0|8|15|354|2024|4|25|14|15|21|4|N
26|7|1194|C|1|0|U|458|64|21|254|E2607|43|0|28|0|17|12|7|185|18|21|0|0|0|23|0|2|0|0|31|344|2024|4|25|15|3|22|4|N
26|7|1263|C|2|0|U|660|65|19|254|E2607|89|119|47|23|12|0|9|119|18|51|3|8|2|30|14|0|0|2|0|457|2024|4|25|15|11|29|4|N
23|3|14|C|2|0|U|710|1|6|232|E2303|10|55|0|69|62|0|0|105|0|0|10|0|0|0|0|0|0|3|35|339|2024|4|25|14|11|21|1|N
27|6|398|C|2|0|U|701|4|8|260|E2706|2|0|387|17|1|13|56|0|10|0|0|0|0|0|0|0|0|0|17|501|2024|4|25|14|8|42|1|N
27|6|1051|B|1|0|R|455|15|20|260|E2706|106|0|157|4|6|18|0|2|8|0|6|1|0|0|0|0|0|0|47|249|2024|4|25|11|25|24|4|N
27|6|1174|C|3|0|U|730|4|10|260|E2706|63|26|297|0|4|16|31|63|7|0|1|1|0|0|0|0|0|0|22|468|2024|4|25|14|4|43|4|N
9|13|1681|B|1|0|U|718|6|15|61|E0913|20|0|169|33|36|1|1|81|78|19|16|1|3|26|31|0|0|2|10|507|2024|4|25|15|1|27|4|N
9|13|1682|C|1|0|U|511|6|15|61|E0913|20|48|59|18|12|3|3|20|26|7|5|0|1|11|2|0|0|0|1|216|2024|4|25|15|8|11|4|N
9|13|1699|C|1|0|U|533|6|15|61|E0913|131|23|77|6|38|11|8|43|24|3|0|3|1|30|8|0|0|0|10|285|2024|4|25|10|41|7|4|N
9|13|1716|C|1|0|U|527|6|15|61|E0913|103|25|120|8|8|0|0|62|91|17|8|0|2|11|0|1|0|0|28|381|2024|4|25|15|8|44|4|N
9|13|1774|C|1|0|U|453|6|15|61|E0913|150|0|0|12|9|12|12|39|37|21|8|0|6|52|26|0|0|0|17|251|2024|4|25|15|5|17|4|N
9|13|1815|B|1|0|U|535|6|15|61|E0913|150|0|109|0|20|5|6|76|42|22|7|7|4|50|34|1|0|1|18|402|2024|4|25|15|8|16|4|N
9|13|1815|C|1|0|U|535|6|15|61|E0913|150|9|53|17|19|0|6|50|74|27|11|4|3|58|3|2|0|0|15|351|2024|4|25|15|10|57|4|N
9|13|1959|C|1|0|U|500|6|15|61|E0913|5|0|65|14|15|16|0|62|51|11|9|4|0|20|21|2|0|0|4|294|2024|4|25|14|3|28|4|N
15|39|1270|B|1|0|U|747|32|31|163|E1539|22|26|65|0|0|9|23|219|44|36|0|1|3|11|0|0|0|30|0|467|2024|4|25|15|13|48|4|N
15|39|3958|C|2|0|U|712|71|31|163|E1539|92|14|26|73|21|0|17|58|0|0|0|8|0|19|0|4|0|10|75|325|2024|4|25|15|12|50|4|N
23|4|579|B|1|0|U|647|1|3|233|E2304|81|43|0|0|9|42|0|194|7|25|0|0|0|13|28|2|0|1|12|376|2024|4|25|15|12|52|1|N
23|4|586|B|1|0|U|272|1|3|233|E2304|81|14|32|3|4|17|5|55|9|14|0|1|0|0|3|0|0|1|10|168|2024|4|25|15|10|10|1|N
23|4|616|C|1|0|U|413|1|2|233|E2304|125|19|0|0|18|54|44|0|5|22|0|0|2|2|23|0|0|2|0|191|2024|4|25|14|10|33|4|N
23|4|632|C|2|0|M|739|1|3|233|E2304|22|56|0|13|16|34|44|62|0|55|4|0|0|13|54|5|0|5|36|397|2024|4|25|14|17|23|1|N
21|13|293|C|3|0|U|685|35|8|220|E2113|14|24|138|15|0|0|33|27|17|35|0|3|0|1|29|2|0|1|11|336|2024|4|25|15|15|8|4|N
21|13|2176|C|1|0|U|680|174|21|220|E2113|35|4|81|5|0|0|53|135|13|67|1|0|2|0|15|3|0|0|0|379|2024|4|25|15|14|31|4|N
21|13|2874|C|1|0|U|659|19|21|220|E2113|73|16|126|15|0|6|18|20|30|62|4|2|0|17|45|0|0|0|13|374|2024|4|25|14|13|5|4|N
19|1|382|C|2|0|U|546|19|18|184|E1901|23|43|87|0|0|13|0|65|19|0|5|0|0|30|0|0|0|0|28|290|2024|4|25|15|10|41|4|N
19|1|401|C|1|0|U|555|19|18|184|E1901|27|0|0|5|1|11|54|177|53|0|0|1|5|21|0|0|0|0|65|393|2024|4|25|13|50|34|4|N
19|1|2000|C|3|0|U|707|48|19|184|E1901|128|25|77|4|0|25|40|78|46|0|6|0|0|11|0|4|0|0|51|367|2024|4|25|14|10|40|4|N
24|3|440|B|1|0|R|474|17|3|236|E2403|30|57|65|2|9|5|0|74|19|24|0|2|1|9|0|1|0|1|0|269|2024|4|25|14|17|12|1|N
24|3|1638|C|2|0|U|563|51|3|236|E2403|117|110|51|5|0|74|37|97|0|36|0|0|1|0|0|1|0|4|0|416|2024|4|25|14|13|34|4|N
24|3|1670|C|1|0|M|657|52|3|236|E2403|134|36|154|4|1|18|0|31|9|4|0|0|0|0|6|0|0|1|10|274|2024|4|25|14|17|44|4|N
21|16|85|C|2|0|U|690|10|26|223|E2116|6|36|115|12|0|10|52|105|14|14|0|0|1|39|6|1|0|0|25|430|2024|4|25|14|5|35|4|N
21|16|2101|C|1|0|R|432|168|23|223|E2116|94|72|97|10|0|0|0|60|8|24|1|3|0|0|0|1|0|0|19|295|2024|4|25|13|40|47|4|N
21|16|2184|S|1|0|U|0|176|24|223|E2116|108|84|176|12|0|0|0|76|49|71|0|0|1|31|13|0|0|0|0|513|2024|4|25|15|13|29|4|N
21|16|2190|C|3|0|U|657|176|24|223|E2116|115|64|75|3|10|0|76|84|19|35|0|0|0|14|6|0|0|0|3|389|2024|4|25|14|11|49|4|N
19|5|1439|C|2|0|U|594|40|1|188|E1905|90|0|0|19|34|0|36|228|4|41|1|0|0|9|38|0|0|0|39|449|2024|4|25|14|10|6|1|N
19|5|1520|B|1|0|U|662|40|2|188|E1905|41|0|249|5|7|2|20|22|1|52|6|1|1|7|15|0|0|0|11|399|2024|4|25|14|5|37|4|N
19|5|1546|C|1|0|U|633|40|2|188|E1905|37|38|315|0|9|0|9|42|0|9|2|0|0|0|16|0|0|0|10|450|2024|4|25|14|12|25|4|N
19|5|1589|C|1|0|U|559|40|2|188|E1905|19|13|30|0|15|5|22|190|0|20|0|0|0|0|10|0|0|0|22|327|2024|4|25|14|15|15|4|N
19|5|1590|C|2|0|U|666|40|2|188|E1905|21|24|186|5|8|0|2|38|8|22|1|0|0|0|16|0|0|0|16|326|2024|4|25|15|3|49|4|N
19|5|1616|B|1|0|U|630|40|2|188|E1905|23|0|228|2|12|17|5|26|0|60|0|0|0|10|10|0|0|0|21|391|2024|4|25|14|9|57|1|N
19|5|2129|C|3|0|U|716|40|1|188|E1905|106|0|72|10|1|11|15|277|3|55|8|1|0|4|35|0|0|2|0|494|2024|4|25|14|17|13|4|N
19|5|2134|C|12|0|U|749|40|1|188|E1905|112|0|274|1|15|0|7|0|0|12|7|0|1|31|19|1|0|0|1|369|2024|4|25|15|11|52|4|N
19|5|2134|C|13|0|U|749|40|1|188|E1905|112|15|0|18|94|0|45|62|0|23|4|1|4|12|100|3|0|4|69|454|2024|4|25|15|11|12|4|N
30|13|615|C|1|0|R|622|32|17|284|E3013|17|108|0|0|0|11|17|139|0|27|3|0|0|30|0|2|0|0|8|345|2024|4|25|15|3|21|4|N
30|13|1263|C|1|0|R|443|51|17|284|E3013|32|23|42|2|4|4|2|139|1|0|2|3|0|15|6|0|0|0|23|266|2024|4|25|15|10|56|4|N
24|4|410|B|1|0|U|711|16|14|237|E2404|90|56|107|0|15|28|0|130|16|2|5|0|0|3|6|1|0|0|37|406|2024|4|25|15|5|5|4|N
24|4|1500|C|1|0|U|480|42|14|237|E2404|146|7|101|1|5|9|7|70|1|15|0|0|1|2|0|0|0|1|14|234|2024|4|25|14|16|51|4|N
32|4|502|C|1|0|U|470|17|3|300|E3204|25|62|33|0|14|0|34|84|2|0|0|0|0|0|0|0|0|1|19|249|2024|4|25|14|8|58|4|N
19|6|985|B|1|0|U|538|40|2|189|E1906|41|6|168|1|0|0|1|58|8|13|1|1|0|6|13|0|0|1|12|289|2024|4|25|14|4|10|4|N
19|6|991|B|1|0|U|477|40|2|189|E1906|49|5|142|0|4|1|1|23|1|4|0|0|0|1|0|0|0|0|6|188|2024|4|25|11|57|12|4|N
19|6|1504|C|3|0|U|677|40|2|189|E1906|102|36|0|0|12|26|25|276|4|35|6|0|1|26|25|0|0|4|40|516|2024|4|25|14|10|5|4|N
26|6|778|B|1|0|U|572|59|16|253|E2606|66|0|12|0|0|28|0|185|17|0|12|4|0|0|0|0|0|0|37|295|2024|4|25|14|3|59|4|N
26|6|798|B|1|0|U|520|59|16|253|E2606|74|72|51|0|1|10|5|201|10|0|0|2|0|4|0|1|0|0|0|357|2024|4|25|14|4|20|4|N
26|6|827|B|1|0|U|554|59|16|253|E2606|65|0|153|0|24|37|42|3|23|0|21|0|0|1|0|0|0|2|104|410|2024|4|25|15|7|27|4|N
26|6|851|B|1|0|U|626|59|15|253|E2606|5|0|162|9|0|24|41|0|55|0|0|3|0|17|0|2|0|2|103|418|2024|4|25|15|6|12|4|N
26|6|942|C|1|0|U|738|59|16|253|E2606|85|110|61|0|0|26|3|177|14|0|4|0|0|0|0|0|0|0|60|455|2024|4|25|14|14|43|4|N
26|6|956|B|1|0|M|745|59|17|253|E2606|122|0|208|0|0|61|0|109|59|0|36|0|0|0|0|1|0|0|103|577|2024|4|25|14|3|42|4|N
26|6|1621|C|3|0|U|646|59|16|253|E2606|100|65|64|4|5|10|0|179|2|0|0|0|0|5|0|1|0|0|49|384|2024|4|25|14|12|41|4|N
15|3|2332|C|1|0|R|671|48|15|127|E1503|95|0|121|17|20|2|17|167|20|11|6|1|0|26|0|1|0|0|10|419|2024|4|25|15|8|11|4|N
15|3|2337|E|2|0|R|601|48|15|127|E1503|100|0|51|32|41|33|38|93|43|25|7|5|0|6|22|1|0|1|16|414|2024|4|25|15|14|11|4|N
30|15|1787|C|1|0|U|387|85|21|286|E3015|52|14|93|0|6|8|5|39|9|27|3|0|2|0|8|0|0|1|37|252|2024|4|25|15|10|2|4|N
30|15|2668|C|8|0|U|710|119|20|286|E3015|83|51|156|23|0|18|6|67|19|24|16|3|0|45|36|1|0|0|3|468|2024|4|25|15|1|13|4|N
30|15|2753|B|1|0|U|384|119|20|286|E3015|90|1|54|9|0|10|1|19|28|32|5|0|0|17|31|1|0|0|55|263|2024|4|25|15|11|11|4|N
15|32|983|C|3|0|U|633|122|27|156|E1532|69|126|25|10|2|2|9|112|0|0|0|0|0|19|30|0|0|1|6|342|2024|4|25|14|17|1|1|N
14|1|1567|C|2|0|M|615|44|1|105|E1401|3|7|192|0|5|5|0|78|21|0|3|1|1|20|0|0|0|0|25|358|2024|4|25|14|17|7|1|N
30|18|596|B|1|0|U|444|31|21|289|E3018|18|38|100|3|10|0|15|49|5|0|0|3|1|22|0|1|4|0|0|251|2024|4|25|14|5|18|1|N
30|18|1291|B|1|0|U|528|54|23|289|E3018|29|0|70|0|9|8|0|10|17|6|2|1|2|4|19|0|6|0|10|164|2024|4|25|15|9|29|1|N
30|18|2243|B|1|0|M|568|100|21|289|E3018|34|0|125|1|5|12|7|53|16|16|1|0|0|3|9|1|0|0|0|249|2024|4|25|14|16|18|1|N
30|18|4077|C|3|0|M|661|184|22|289|E3018|117|13|99|0|10|20|15|179|0|13|0|2|0|4|66|0|1|1|8|431|2024|4|25|14|5|15|4|N
19|11|552|C|1|0|U|602|26|15|194|E1911|26|1|237|8|0|1|0|23|6|0|1|1|1|0|38|0|0|0|11|328|2024|4|25|15|13|0|4|N
19|11|633|C|1|0|U|609|26|15|194|E1911|1|5|86|0|0|3|127|111|2|0|3|0|0|0|6|2|0|0|2|347|2024|4|25|14|14|39|1|N
19|11|640|E|1|0|U|622|26|15|194|E1911|7|0|0|13|31|0|209|0|19|44|0|0|1|0|5|4|0|0|38|364|2024|4|25|14|15|41|1|N
19|11|775|C|2|0|U|504|26|13|194|E1911|139|0|228|0|12|1|12|0|1|46|3|0|1|0|50|4|0|1|21|380|2024|4|25|14|7|14|4|N
14|2|1707|C|2|0|U|703|55|2|106|E1402|23|60|44|3|15|17|0|211|23|0|0|1|0|13|0|2|0|0|17|406|2024|4|25|14|14|41|4|N
30|1|2844|B|1|0|R|133|124|1|272|E3001|17|3|43|0|2|1|1|41|0|2|0|0|0|0|4|0|0|0|3|100|2024|4|25|14|16|2|4|N
15|1|73|E|1|0|R|532|3|14|125|E1501|37|9|45|63|0|11|9|146|6|30|2|0|0|4|5|3|0|0|1|334|2024|4|25|15|5|13|4|N
15|1|2260|B|1|0|U|677|46|14|125|E1501|52|32|16|42|0|5|3|132|8|11|0|0|0|6|9|8|0|0|5|277|2024|4|25|15|5|47|4|N
15|1|2290|C|1|0|R|532|46|14|125|E1501|55|88|0|47|17|0|0|87|8|11|2|0|15|11|19|21|0|1|7|334|2024|4|25|15|4|38|4|N
15|1|2301|C|1|0|R|638|46|14|125|E1501|55|68|11|9|10|0|43|134|1|9|2|2|0|8|4|8|0|0|9|318|2024|4|25|15|6|52|4|N
15|1|6681|C|2|0|R|674|46|14|125|E1501|83|41|177|43|0|9|0|39|7|16|1|2|10|9|30|9|0|0|9|402|2024|4|25|15|13|1|4|N
30|3|7|C|1|0|U|611|3|27|274|E3003|65|43|179|5|2|6|6|100|0|5|2|0|0|14|20|0|0|0|11|393|2024|4|25|13|22|47|4|N
15|22|399|C|5|0|U|716|13|16|146|E1522|21|0|167|14|14|27|30|208|0|0|0|0|0|5|28|0|0|0|0|493|2024|4|25|14|10|7|1|N
15|22|403|C|1|0|U|613|13|16|146|E1522|9|1|0|7|6|10|11|84|13|60|2|0|0|34|20|0|0|0|0|248|2024|4|25|14|4|20|1|N
15|22|2578|C|1|0|U|533|58|30|146|E1522|31|0|84|5|17|6|26|122|0|34|23|3|3|24|0|6|0|0|13|366|2024|4|25|14|15|13|4|N
15|22|2755|C|1|0|U|743|58|32|146|E1522|76|0|65|16|13|16|11|117|7|79|8|0|0|26|6|1|0|0|9|374|2024|4|25|14|10|8|4|N
15|22|2759|C|1|0|U|690|58|32|146|E1522|74|74|109|2|9|16|28|165|0|123|7|1|0|12|0|2|0|0|0|548|2024|4|25|14|8|7|4|N
15|22|2763|C|3|0|U|623|58|32|146|E1522|61|0|201|11|20|11|10|69|18|41|6|4|0|11|18|0|0|0|0|420|2024|4|25|14|2|3|4|N
15|22|2775|C|3|0|U|688|58|32|146|E1522|93|19|110|17|17|4|0|209|30|95|12|0|0|19|13|0|0|0|0|545|2024|4|25|14|6|34|4|N
15|22|2851|B|1|0|U|382|58|30|146|E1522|28|0|161|2|2|6|16|1|13|50|2|0|2|21|0|0|0|0|0|276|2024|4|25|14|5|11|4|N
15|22|2854|B|1|0|U|191|58|30|146|E1522|23|0|15|3|1|0|7|48|0|17|3|1|1|0|18|0|0|0|0|114|2024|4|25|14|14|52|1|N
15|22|6770|C|2|0|U|748|58|32|146|E1522|131|5|62|5|8|13|13|64|2|59|0|0|0|13|11|0|0|0|0|255|2024|4|25|15|10|1|4|N
2|2|231|C|1|0|U|397|2|4|5|E0202|37|22|103|3|0|8|25|81|8|0|1|0|0|0|0|0|0|0|0|251|2024|4|25|14|4|29|4|N
2|2|284|C|1|0|U|409|2|4|5|E0202|46|1|70|0|3|3|17|65|3|18|0|1|0|0|0|0|0|0|5|186|2024|4|25|15|8|29|4|N
2|2|538|C|1|0|U|691|2|4|5|E0202|67|0|122|0|0|8|27|15|6|20|3|1|0|0|0|0|0|0|5|207|2024|4|25|12|51|33|4|N
2|2|2100|C|2|0|U|715|2|4|5|E0202|11|80|98|7|1|0|0|181|27|24|0|1|0|0|0|0|0|1|2|422|2024|4|25|15|10|51|4|N
15|6|525|B|1|0|U|726|20|38|130|E1506|65|144|39|0|63|4|12|113|8|6|6|0|0|22|35|0|0|1|12|465|2024|4|25|15|2|56|4|N
15|6|557|B|1|0|U|742|20|38|130|E1506|107|103|77|0|11|0|2|95|0|33|0|3|6|22|27|0|0|0|4|383|2024|4|25|15|1|2|4|N
30|5|3130|C|1|0|U|527|132|5|276|E3005|14|152|0|0|0|29|14|60|45|0|9|6|2|35|0|3|0|0|15|370|2024|4|25|14|2|13|4|N
30|5|3149|C|1|0|U|517|132|5|276|E3005|26|33|66|15|7|0|11|72|0|3|2|2|1|15|6|0|0|1|9|243|2024|4|25|14|14|25|4|N
30|5|3158|C|1|0|U|477|132|5|276|E3005|32|64|92|9|6|4|18|68|11|3|4|2|0|23|0|1|0|1|7|313|2024|4|25|14|10|41|4|N
30|5|3184|C|1|0|U|525|132|5|276|E3005|45|87|39|10|14|15|1|0|24|52|0|1|1|17|0|0|0|0|4|265|2024|4|25|14|6|47|4|N
30|5|3218|C|1|0|U|427|132|5|276|E3005|57|40|0|20|8|0|7|168|0|5|3|2|0|6|0|0|0|0|6|265|2024|4|25|14|15|20|4|N
30|5|3957|B|1|0|R|519|174|3|276|E3005|91|42|0|14|10|6|32|152|47|18|5|1|0|9|17|0|0|0|29|382|2024|4|25|15|11|32|4|N
30|5|3973|C|2|0|M|630|174|3|276|E3005|103|105|193|2|34|0|0|0|0|31|39|0|0|0|31|0|0|2|18|455|2024|4|25|15|13|53|4|N
2|8|1183|C|3|0|U|582|4|13|11|E0208|35|136|100|14|15|7|19|1|6|16|0|0|0|19|15|0|0|0|0|348|2024|4|25|11|13|47|4|N
2|8|1200|C|1|0|U|692|4|12|11|E0208|97|146|207|7|40|23|0|20|5|0|2|2|4|2|4|2|0|2|0|466|2024|4|25|13|24|14|4|N
2|8|1792|C|2|0|U|564|4|13|11|E0208|53|82|83|8|4|2|3|52|6|12|0|2|0|13|8|2|0|1|12|290|2024|4|25|15|5|28|4|N
15|25|1193|C|4|0|U|697|32|3|149|E1525|41|36|49|7|7|3|11|216|0|0|0|0|1|13|2|0|0|2|30|377|2024|4|25|14|15|27|4|N
15|25|1209|C|5|0|U|628|32|3|149|E1525|39|31|46|1|1|4|0|85|0|0|0|0|1|9|0|0|0|0|9|187|2024|4|25|14|14|42|1|N
15|25|1214|C|1|0|U|656|32|3|149|E1525|10|71|85|11|3|7|5|190|0|0|0|0|4|9|14|0|0|2|14|415|2024|4|25|15|0|54|4|N
15|25|1217|C|4|0|U|678|32|3|149|E1525|19|20|64|5|5|0|0|133|0|0|0|0|0|17|27|1|0|0|11|283|2024|4|25|15|2|41|4|N
24|2|1253|C|5|0|U|706|35|9|235|E2402|21|0|0|0|179|0|0|0|90|0|206|0|0|0|0|54|0|9|0|538|2024|4|25|15|9|25|1|N
24|2|1253|C|6|0|U|706|35|9|235|E2402|21|32|238|26|11|31|7|43|13|0|10|3|0|0|0|2|0|1|0|417|2024|4|25|15|8|17|4|N
24|2|1840|C|3|0|U|626|35|10|235|E2402|79|83|190|8|18|0|23|9|5|0|14|0|3|0|0|3|0|1|4|361|2024|4|25|14|14|56|4|N
24|2|1865|C|3|0|U|605|35|10|235|E2402|42|9|75|44|0|8|37|154|2|0|1|0|4|0|0|0|0|1|41|376|2024|4|25|13|59|22|4|N
30|6|1518|B|1|0|U|613|68|6|277|E3006|91|0|69|0|8|20|8|3|5|76|8|0|0|3|65|0|0|0|57|322|2024|4|25|15|1|5|4|N
30|6|2374|B|1|0|U|625|104|6|277|E3006|112|5|92|1|11|9|59|111|0|46|4|0|0|26|3|0|0|0|21|388|2024|4|25|13|59|2|4|N
30|6|2377|C|1|0|R|559|104|6|277|E3006|115|47|42|0|1|0|9|87|1|27|3|0|1|2|4|0|0|0|12|236|2024|4|25|13|56|52|4|N
30|6|2976|B|1|0|R|536|125|6|277|E3006|84|89|0|0|5|3|0|105|21|61|0|2|0|0|46|0|0|0|25|357|2024|4|25|14|9|24|4|N
30|6|4762|B|1|0|M|608|158|7|277|E3006|142|43|37|0|6|18|53|198|0|47|8|3|0|1|8|0|0|0|29|451|2024|4|25|14|5|45|4|N
15|27|510|C|1|0|R|501|18|29|151|E1527|4|69|101|5|4|36|0|0|0|42|4|1|2|7|0|1|0|2|3|277|2024|4|25|15|6|26|4|N
15|27|2478|B|1|0|U|634|55|35|151|E1527|32|46|72|4|3|20|3|108|4|70|5|0|0|23|9|0|0|0|11|378|2024|4|25|15|4|4|4|N
15|27|2490|C|4|0|U|700|55|35|151|E1527|42|98|1|0|0|25|17|87|17|20|0|2|0|12|102|3|0|2|34|420|2024|4|25|14|5|12|4|N
15|27|2502|C|1|0|U|705|55|35|151|E1527|51|83|170|10|7|15|0|169|1|13|2|2|1|28|18|3|0|2|1|525|2024|4|25|15|9|37|4|N
15|27|2524|B|1|0|U|710|55|35|151|E1527|69|108|122|15|2|29|7|61|21|42|1|1|2|0|54|1|0|2|9|477|2024|4|25|15|9|6|4|N
15|27|2525|C|2|0|U|557|55|35|151|E1527|69|49|66|5|0|18|4|91|0|19|3|0|0|3|37|1|0|1|11|308|2024|4|25|15|12|40|4|N
15|27|2534|B|1|0|U|607|55|35|151|E1527|76|49|40|15|3|33|0|80|9|68|5|1|0|0|26|1|0|0|16|346|2024|4|25|15|4|16|4|N
3|2|423|C|1|0|U|491|4|7|14|E0302|25|6|44|8|0|2|38|120|2|0|2|0|0|0|0|0|0|0|35|257|2024|4|25|11|41|23|4|N
26|4|287|C|1|0|U|414|44|7|251|E2604|12|0|234|0|5|0|3|8|2|0|3|0|1|0|0|0|0|1|19|276|2024|4|25|15|15|13|4|N
26|4|1517|C|1|0|U|511|61|13|251|E2604|132|30|202|3|7|7|7|94|10|0|2|1|0|0|0|0|0|0|0|363|2024|4|25|15|4|45|4|N
20|1|3|C|2|0|U|560|2|1|198|E2001|7|13|123|115|0|29|0|0|33|0|0|0|1|0|0|0|0|0|3|317|2024|4|25|14|8|8|4|N
27|3|588|E|1|0|R|626|5|12|257|E2703|10|258|23|0|0|2|13|1|22|7|12|0|0|0|0|0|0|0|16|354|2024|4|25|14|13|9|1|N
27|3|603|B|1|0|R|435|5|12|257|E2703|22|111|16|0|9|8|2|46|24|6|15|3|0|0|0|0|0|0|11|251|2024|4|25|15|0|59|4|N
9|4|2764|C|1|0|U|570|7|31|52|E0904|48|88|96|15|29|6|5|71|30|6|0|3|2|12|15|2|0|0|1|381|2024|4|25|14|6|25|4|N
9|4|2849|C|1|0|U|553|7|28|52|E0904|127|57|70|4|17|13|0|76|14|19|3|1|2|12|0|0|0|2|0|290|2024|4|25|12|36|14|4|N
9|4|2876|B|1|0|U|588|7|31|52|E0904|58|28|39|5|16|2|0|49|21|14|2|2|1|6|0|0|0|0|2|187|2024|4|25|15|2|43|4|N
9|4|2879|B|1|0|U|613|7|28|52|E0904|123|117|32|0|27|9|0|63|14|0|0|0|0|48|14|3|0|2|7|336|2024|4|25|13|49|57|4|N
9|4|2891|B|1|0|U|491|7|28|52|E0904|117|48|6|23|42|2|9|108|35|39|3|3|0|56|0|0|0|2|11|387|2024|4|25|14|5|29|4|N
9|4|2897|B|1|0|U|598|7|31|52|E0904|40|58|16|16|2|6|5|104|27|20|3|2|3|24|12|0|0|1|0|299|2024|4|25|14|9|21|4|N
9|4|2921|B|1|0|U|723|7|28|52|E0904|107|71|91|8|0|5|0|178|52|89|10|1|5|51|38|0|0|1|18|618|2024|4|25|14|8|14|4|N
9|4|2921|C|1|0|U|722|7|28|52|E0904|108|113|69|16|12|12|0|100|31|51|0|2|0|63|20|1|0|0|10|500|2024|4|25|14|10|10|4|N
9|4|2941|C|1|0|U|608|7|31|52|E0904|96|48|35|12|20|8|3|73|27|12|14|0|0|28|15|0|0|3|0|298|2024|4|25|14|10|45|4|N
9|4|2951|C|1|0|U|557|7|31|52|E0904|97|75|38|9|9|18|7|89|41|0|14|3|2|50|44|0|0|1|0|400|2024|4|25|15|5|25|4|N
9|4|5594|C|2|0|U|693|7|31|52|E0904|38|72|69|13|9|3|11|106|30|38|0|0|2|34|27|0|0|0|0|414|2024|4|25|13|55|11|4|N
11|5|1750|B|1|0|U|602|20|5|79|E1105|93|0|0|3|14|68|73|7|0|0|0|5|0|3|96|0|0|0|94|363|2024|4|25|15|1|28|4|N
20|10|433|C|3|0|U|643|59|24|207|E2010|1|0|89|14|21|134|0|0|9|0|4|1|0|0|0|0|0|0|21|293|2024|4|25|14|8|32|4|N
20|10|1709|C|1|0|U|594|385|24|207|E2010|13|3|236|2|20|0|0|0|0|0|20|0|0|0|0|0|0|0|18|299|2024|4|25|15|6|16|4|N
20|10|2176|B|1|0|M|684|508|24|207|E2010|73|96|30|7|11|0|6|157|13|0|0|0|0|0|0|0|0|1|12|333|2024|4|25|11|50|53|4|N
11|9|939|B|1|0|U|588|17|11|83|E1109|10|20|0|10|3|0|5|172|3|70|2|1|0|0|4|0|0|2|5|297|2024|4|25|15|9|58|4|N
11|9|944|C|2|0|U|602|17|11|83|E1109|24|25|53|0|2|0|20|143|8|45|0|0|0|0|33|0|0|0|0|329|2024|4|25|15|12|17|4|N
11|9|1121|C|1|0|R|582|17|11|83|E1109|37|66|22|0|4|0|53|25|16|69|1|0|0|17|61|1|0|2|0|337|2024|4|25|15|13|49|4|N
11|9|2667|B|1|0|U|388|37|10|83|E1109|81|0|18|1|4|0|8|121|0|17|0|0|0|3|9|0|0|0|6|187|2024|4|25|15|10|42|4|N
14|11|725|C|1|0|U|540|41|11|115|E1411|25|62|14|56|12|0|18|160|0|35|1|5|5|0|0|1|0|2|16|387|2024|4|25|12|16|42|4|N
14|11|738|B|1|0|U|454|41|11|115|E1411|41|33|41|52|15|0|7|43|13|49|0|2|0|0|0|0|0|2|3|260|2024|4|25|15|5|7|4|N
14|11|1028|B|1|0|U|501|41|11|115|E1411|6|62|0|52|14|0|9|149|30|3|0|0|1|0|23|0|0|3|0|346|2024|4|25|14|10|9|4|N
14|11|1408|B|1|0|U|718|41|11|115|E1411|108|17|17|17|17|17|17|17|17|17|17|17|17|17|17|17|0|0|17|272|2024|4|25|14|8|10|4|N
30|9|3041|C|1|0|U|672|129|9|280|E3009|74|5|0|8|14|8|15|102|38|24|21|0|0|42|15|0|0|0|71|363|2024|4|25|14|8|34|4|N
22|6|857|C|3|0|U|632|14|3|229|E2206|58|36|77|0|8|30|2|7|11|38|2|0|1|23|26|0|0|0|9|270|2024|4|25|10|38|16|4|N
14|19|1816|B|1|0|U|666|61|19|123|E1419|66|90|48|73|7|13|0|108|5|34|1|0|0|5|34|0|0|0|17|435|2024|4|25|14|17|13|4|N
30|12|4228|C|5|0|U|684|192|14|283|E3012|11|0|0|0|0|0|0|0|0|0|0|0|0|0|0|0|0|0|0|0|2024|4|25|15|2|40|4|N
30|12|4365|C|3|0|U|640|192|14|283|E3012|94|52|264|6|7|0|18|0|0|0|0|1|0|17|47|0|0|0|14|426|2024|4|25|15|4|53|4|N
30|12|4493|B|1|0|U|587|192|15|283|E3012|123|0|178|5|4|11|5|173|15|1|2|2|1|1|60|0|0|1|13|472|2024|4|25|15|10|57|4|N
30|12|4802|C|1|0|U|477|192|14|283|E3012|29|52|50|15|5|4|0|64|0|54|0|0|0|6|69|0|0|0|0|319|2024|4|25|15|12|30|4|N
31|5|3|B|1|0|R|205|1|12|295|E3105|45|4|66|1|0|2|4|26|3|13|0|0|0|1|6|0|0|0|2|128|2024|4|25|15|11|0|4|N
31|5|149|C|2|0|M|641|33|13|295|E3105|33|37|367|5|6|0|0|13|15|21|2|0|2|4|22|0|0|1|6|501|2024|4|25|15|3|13|4|N
31|5|848|C|3|0|U|608|80|21|295|E3105|50|24|177|4|2|0|3|71|3|18|0|1|0|3|24|0|0|0|5|335|2024|4|25|15|3|50|4|N
31|5|981|B|1|0|R|488|98|20|295|E3105|106|25|273|0|7|8|0|0|15|0|1|0|2|8|7|1|0|1|18|366|2024|4|25|15|13|36|4|N
23|2|322|C|1|0|U|524|7|14|231|E2302|31|59|100|4|2|5|5|83|0|15|3|2|1|35|12|1|0|1|0|328|2024|4|25|14|14|7|4|N
30|16|998|C|1|0|U|445|46|19|287|E3016|35|0|196|0|7|0|2|47|12|35|2|0|0|15|12|0|0|0|4|332|2024|4|25|15|13|57|4|N
30|16|1051|B|1|0|U|547|46|19|287|E3016|64|19|207|5|0|3|0|0|17|20|0|4|0|17|11|0|0|0|5|308|2024|4|25|15|8|9|4|N
30|16|1295|C|1|0|U|646|55|17|287|E3016|93|37|88|4|6|0|9|79|19|38|0|0|0|0|5|0|0|0|23|308|2024|4|25|15|5|25|4|N
25|3|562|B|1|0|M|517|2|9|243|E2503|23|25|72|6|0|22|50|115|16|0|0|1|1|10|0|0|0|0|22|340|2024|4|25|15|7|22|4|N
25|3|3241|B|1|0|U|334|15|9|243|E2503|81|38|100|7|0|7|0|0|16|0|6|0|0|0|0|2|0|0|26|202|2024|4|25|14|14|0|4|N
25|3|3313|B|1|0|U|277|15|9|243|E2503|106|7|2|6|0|3|12|9|6|0|2|1|0|3|0|0|0|0|2|53|2024|4|25|14|15|55|4|N
25|3|3633|B|1|0|U|358|18|10|243|E2503|172|0|7|5|7|8|0|1|3|0|5|1|0|9|0|1|0|1|0|48|2024|4|25|15|11|42|4|N
19|14|189|B|1|0|U|603|9|26|197|E1914|68|0|81|0|0|51|64|48|8|0|0|0|0|12|21|1|0|0|75|361|2024|4|25|15|9|11|4|N
19|14|201|C|1|0|R|511|9|26|197|E1914|75|0|36|9|0|14|77|198|8|24|6|0|2|3|0|0|0|4|0|381|2024|4|25|12|20|36|4|N
19|14|241|C|1|0|U|465|13|11|197|E1914|101|0|96|0|19|0|11|157|0|31|3|1|2|9|6|0|0|0|13|348|2024|4|25|13|36|42|4|N
19|14|245|C|2|0|M|587|13|11|197|E1914|103|23|90|2|0|0|102|119|0|4|0|0|0|0|19|0|0|2|17|378|2024|4|25|14|17|13|4|N
19|14|2657|B|1|0|U|658|25|21|197|E1914|52|75|98|0|24|33|0|108|5|64|2|1|1|0|24|5|0|2|0|442|2024|4|25|14|8|29|4|N
19|14|2743|C|2|0|U|585|9|26|197|E1914|93|9|122|13|0|3|63|90|4|14|0|0|2|4|0|0|0|0|0|324|2024|4|25|14|7|18|4|N
19|14|2893|C|3|0|U|626|42|11|197|E1914|14|0|84|1|11|27|50|173|2|0|2|0|0|0|0|0|0|0|10|360|2024|4|25|14|15|15|4|N
8|9|54|B|1|0|M|562|3|20|48|E0809|3|115|30|0|28|3|10|0|14|1|4|1|2|13|14|1|0|0|5|241|2024|4|25|13|56|57|4|N
26|5|413|C|1|0|U|637|49|10|252|E2605|26|14|59|5|14|3|0|153|0|0|7|0|0|8|0|0|0|0|62|325|2024|4|25|15|13|30|4|N
26|5|457|B|1|0|U|550|49|10|252|E2605|34|34|66|4|16|15|5|258|0|0|6|2|0|8|0|0|0|1|0|415|2024|4|25|14|11|37|4|N
26|5|537|C|2|0|U|566|49|8|252|E2605|80|24|9|7|0|2|7|256|0|0|0|2|0|12|0|0|0|1|51|371|2024|4|25|15|6|13|4|N
21|9|984|B|1|0|U|435|115|17|216|E2109|91|41|56|0|18|0|48|90|24|0|15|1|1|30|13|2|0|1|4|344|2024|4|25|14|11|5|4|N
21|9|1047|B|1|0|U|698|115|9|216|E2109|46|0|0|0|27|10|35|169|115|3|0|1|0|36|25|7|0|0|0|428|2024|4|25|14|14|15|4|N
21|9|1053|C|1|0|U|723|115|17|216|E2109|41|30|78|7|24|3|8|111|17|8|6|0|1|32|0|2|0|0|0|327|2024|4|25|15|5|13|4|N
21|9|1073|B|1|0|U|626|115|10|216|E2109|26|57|55|12|75|24|19|161|0|0|0|0|2|12|40|1|0|2|22|482|2024|4|25|14|13|49|4|N
21|9|1147|B|1|0|U|432|115|17|216|E2109|156|26|18|2|0|18|14|0|100|45|13|3|1|21|0|5|0|0|15|281|2024|4|25|14|15|12|4|N
21|9|2782|C|2|0|U|714|115|9|216|E2109|129|8|70|6|0|11|27|95|38|50|17|2|0|60|15|0|0|0|14|413|2024|4|25|14|15|5|4|N
21|10|331|C|5|0|U|695|42|9|217|E2110|2|81|76|43|11|12|41|101|9|39|14|8|2|49|33|3|0|1|48|571|2024|4|25|15|12|37|1|N
21|10|1652|C|1|0|U|679|120|18|217|E2110|96|45|102|5|8|0|24|18|18|4|3|3|1|36|41|0|0|0|0|308|2024|4|25|15|12|4|4|N
21|10|1697|B|1|0|U|679|127|21|217|E2110|127|25|146|12|20|2|13|0|30|1|12|4|0|30|39|0|0|0|11|345|2024|4|25|12|22|19|4|N
21|12|1530|C|1|0|U|727|115|16|219|E2112|65|60|119|27|15|0|0|66|49|17|3|1|3|34|74|0|0|0|2|470|2024|4|25|14|7|58|4|N
21|12|1592|C|2|0|U|624|115|20|219|E2112|117|22|127|20|19|4|24|26|23|0|5|2|0|45|49|2|0|0|10|378|2024|4|25|14|15|7|4|N
31|6|408|B|1|0|U|457|50|4|296|E3106|71|2|85|3|0|8|4|135|4|15|3|2|0|0|28|1|0|0|5|295|2024|4|25|14|11|39|4|N
31|6|437|B|1|0|U|474|50|4|296|E3106|51|0|0|0|27|0|0|183|0|0|5|0|0|1|24|0|0|0|4|244|2024|4|25|13|48|15|4|N
31|6|449|B|1|0|U|636|50|4|296|E3106|62|43|48|0|16|12|0|133|0|11|0|0|1|6|44|0|0|0|32|346|2024|4|25|11|47|37|4|N
31|6|453|B|1|0|U|451|50|4|296|E3106|66|46|0|0|0|0|16|171|0|0|0|1|0|10|46|0|0|0|13|303|2024|4|25|14|15|25|4|N
31|6|492|B|1|0|U|541|50|4|296|E3106|53|7|0|0|0|42|0|68|6|13|14|8|0|4|0|3|0|0|71|236|2024|4|25|15|3|54|4|N
31|6|547|B|1|0|U|505|50|5|296|E3106|88|0|0|2|0|0|0|234|0|11|5|1|0|2|40|0|0|0|1|296|2024|4|25|14|15|19|4|N
32|3|70|B|1|0|R|439|6|17|299|E3203|15|0|98|1|7|0|27|89|8|12|2|0|0|8|4|1|0|1|6|264|2024|4|25|14|16|18|1|N
32|3|832|B|1|0|R|232|26|12|299|E3203|46|20|23|0|3|0|12|23|0|1|0|0|0|0|16|0|0|0|0|98|2024|4|25|14|11|44|1|N
32|3|953|B|1|0|U|525|32|9|299|E3203|59|46|40|2|19|28|30|34|8|8|2|1|0|4|11|0|0|2|7|242|2024|4|25|11|17|37|4|N
