2030
ID_ESTADO|ID_DISTRITO_FEDERAL|SECCION|TIPO_CASILLA|ID_CASILLA|EXT_CONTIGUA|TIPO_SECCION|LISTA_NOMINAL|ID_MUNICIPIO|ID_DIST_LOC|ID_ESTRATO|ESTRATO|NUMERO_ARE|PAN|PRI|PRD|PVEM|PT|MC|MORENA|PAN_PRI_PRD|PAN_PRI|PAN_PRD|PRI_PRD|PVEM_PT_MORENA|PVEM_PT|PVEM_MORENA|PT_MORENA|CI|CNR|NULOS|TOTAL|ANIO|MES|DIA|HORA|MINUTOS|SEGUNDOS|ORIGEN_CAPTURA|MODIFICADO
8|8|415|B|1|0|U|415|19|18|47|E0808|161|27|129|7|12|0|17|23|14|0|0|0|0|18|12|2|0|1|4|266|2024|4|25|15|29|9|4|N
8|8|452|B|1|0|U|625|19|15|47|E0808|152|0|201|7|0|12|13|24|52|0|7|0|2|16|18|1|0|0|7|360|2024|4|25|15|49|22|4|N
8|8|511|B|1|0|U|561|19|17|47|E0808|174|95|95|0|7|0|17|74|23|6|0|0|4|7|27|2|0|1|8|366|2024|4|25|15|20|20|4|N
8|8|564|B|1|0|U|727|19|17|47|E0808|39|102|61|20|10|0|11|28|66|9|0|0|1|0|57|5|0|1|22|393|2024|4|25|15|14|20|4|N
8|8|593|C|1|0|U|666|19|16|47|E0808|89|41|204|0|7|0|11|9|0|11|1|0|0|27|43|2|0|0|0|356|2024|4|25|15|33|6|4|N
8|8|714|C|1|0|U|675|19|15|47|E0808|129|82|143|0|12|21|24|32|30|8|0|0|1|45|12|4|0|0|13|427|2024|4|25|15|33|57|4|N
9|2|1084|B|1|0|U|466|5|6|50|E0902|38|50|36|0|8|4|0|7|17|0|1|1|0|13|0|0|0|0|5|142|2024|4|25|14|6|13|4|N
9|2|1096|C|1|0|U|385|5|6|50|E0902|40|127|93|1|1|7|4|1|0|2|2|0|0|0|6|1|0|1|10|256|2024|4|25|14|4|48|4|N
9|2|1111|B|1|0|U|586|5|2|50|E0902|91|45|146|0|12|8|0|0|22|0|1|4|1|16|2|0|0|0|15|272|2024|4|25|14|10|53|4|N
9|2|1161|C|1|0|U|570|5|6|50|E0902|123|0|116|1|6|24|6|15|39|12|6|0|0|68|17|0|0|0|14|324|2024|4|25|14|7|40|4|N
9|2|1274|B|1|0|U|516|5|4|50|E0902|13|132|56|22|9|25|0|0|0|3|0|3|3|111|15|3|0|0|23|405|2024|4|25|14|7|21|4|N
9|2|1326|C|1|0|U|403|5|2|50|E0902|92|58|106|0|3|12|0|0|15|1|0|0|0|27|5|0|0|0|0|227|2024|4|25|14|10|28|4|N
9|2|4586|C|1|0|U|716|15|9|50|E0902|160|0|165|7|18|21|0|0|28|10|3|0|0|0|23|0|0|2|18|295|2024|4|25|14|5|34|4|N
9|2|4605|B|1|0|U|749|15|9|50|E0902|162|176|135|5|4|25|0|0|21|22|0|0|0|63|14|0|0|0|0|465|2024|4|25|14|10|27|4|N
10|3|23|B|1|0|R|616|1|8|73|E1003|4|0|198|0|28|2|0|104|7|0|0|0|0|6|0|0|0|0|53|398|2024|4|25|14|11|24|1|N
10|3|95|C|1|0|U|531|4|14|73|E1003|27|7|65|14|0|13|0|0|29|0|18|0|13|0|0|0|0|0|77|236|2024|4|25|15|18|26|4|N
10|3|689|B|1|0|U|746|12|13|73|E1003|56|12|114|0|137|37|29|0|22|0|6|0|0|12|0|5|0|9|117|500|2024|4|25|14|4|46|4|N
10|3|1065|C|2|0|U|549|25|9|73|E1003|145|7|83|0|21|6|3|46|0|0|1|0|0|2|0|2|0|0|54|225|2024|4|25|14|3|38|4|N
10|3|1379|B|1|0|U|676|39|14|73|E1003|171|82|0|0|110|0|0|0|134|0|19|0|0|19|0|0|0|0|143|507|2024|4|25|14|12|52|4|N
10|3|1461|B|1|0|U|690|12|13|73|E1003|51|64|68|9|68|43|1|35|41|0|9|1|0|0|0|5|0|0|141|485|2024|4|25|15|0|58|4|N
9|3|55|C|1|0|U|445|2|5|51|E0903|139|139|11|12|22|5|5|0|26|14|0|0|0|37|21|1|0|0|9|302|2024|4|25|15|19|19|4|N
9|3|208|C|4|0|U|684|2|3|51|E0903|41|126|41|11|13|22|8|35|98|15|0|0|2|53|32|3|0|2|0|461|2024|4|25|14|14|41|4|N
9|3|216|C|1|0|U|728|2|3|51|E0903|55|208|44|0|21|16|9|0|18|0|4|1|3|60|67|0|0|0|15|466|2024|4|25|15|12|36|4|N
9|3|266|C|1|0|U|651|2|5|51|E0903|161|158|0|0|26|8|6|0|58|3|4|3|4|30|32|0|0|2|2|336|2024|4|25|14|15|45|4|N
9|3|281|C|1|0|U|522|2|5|51|E0903|169|123|54|9|15|25|7|45|46|23|10|0|0|30|25|0|0|1|0|413|2024|4|25|15|39|2|1|N
12|2|137|C|1|0|U|532|1|9|91|E1202|10|0|109|4|9|0|0|0|0|0|29|0|3|0|0|3|0|0|189|346|2024|4|25|14|6|1|4|N
12|2|154|B|1|0|U|598|1|9|91|E1202|15|78|0|77|6|66|0|72|41|0|0|0|0|37|0|3|0|3|22|405|2024|4|25|15|17|15|4|N
12|2|174|B|1|0|U|638|1|6|91|E1202|27|158|48|55|7|0|6|102|14|0|8|1|0|13|0|0|0|0|28|440|2024|4|25|15|17|43|1|N
12|2|186|B|1|0|U|658|1|6|91|E1202|27|0|0|86|2|68|0|192|16|0|9|1|1|0|0|0|0|0|10|385|2024|4|25|15|14|49|1|N
12|2|262|C|1|0|U|663|1|3|91|E1202|107|156|2|0|3|0|9|277|2|0|11|0|1|21|0|1|0|1|15|499|2024|4|25|15|46|45|4|N
12|2|292|B|1|0|U|584|1|6|91|E1202|55|174|45|41|0|0|10|24|0|0|1|1|0|0|0|0|0|0|14|310|2024|4|25|14|17|32|4|N
12|2|2825|C|2|0|U|654|1|7|91|E1202|72|92|154|17|6|32|1|35|32|0|7|4|1|0|0|1|0|0|67|449|2024|4|25|15|23|18|1|N
12|2|2826|B|1|0|U|750|1|7|91|E1202|73|10|0|50|0|179|0|123|17|0|0|14|0|0|0|0|0|11|88|492|2024|4|25|15|32|18|1|N
12|2|2838|B|1|0|U|568|1|6|91|E1202|19|76|0|25|0|35|8|46|8|0|0|0|1|29|0|0|0|0|18|246|2024|4|25|15|13|41|4|N
11|11|1585|C|1|0|U|718|20|21|85|E1111|76|24|64|6|2|19|1|109|0|0|0|0|0|0|28|0|0|1|17|271|2024|4|25|15|3|32|4|N
11|11|1613|C|1|0|U|709|20|6|85|E1111|96|2|154|6|0|1|22|180|0|0|0|0|1|7|44|1|0|3|19|440|2024|4|25|14|1|39|4|N
11|11|1633|C|7|0|U|690|20|21|85|E1111|45|26|181|8|4|11|15|53|0|0|0|0|0|6|17|1|0|1|26|349|2024|4|25|15|11|15|4|N
11|11|1644|C|4|0|U|723|20|4|85|E1111|39|20|204|2|1|0|16|128|0|0|0|0|0|7|16|0|0|0|2|396|2024|4|25|14|2|57|4|N
11|13|1931|C|4|0|U|680|23|18|87|E1113|48|20|36|0|24|95|23|61|5|44|0|0|0|6|30|0|0|0|19|363|2024|4|25|11|13|29|4|N
7|2|145|C|3|0|U|701|13|11|28|E0702|8|102|89|0|16|39|0|56|13|17|0|3|2|20|73|0|0|2|43|475|2024|4|25|14|12|34|4|N
7|2|561|B|1|0|R|717|38|8|28|E0702|92|0|78|2|5|51|31|84|34|0|0|0|0|17|44|0|0|0|41|387|2024|4|25|15|42|20|1|N
7|2|627|C|2|0|U|739|44|3|28|E0702|118|0|115|0|32|71|0|42|0|29|42|0|1|43|23|2|0|0|32|432|2024|4|25|14|10|21|4|N
7|2|684|E|1|1|R|414|49|8|28|E0702|10|8|52|2|5|38|42|0|5|0|7|0|1|4|7|2|0|0|6|179|2024|4|25|15|26|3|1|N
7|2|1209|C|5|0|U|651|82|8|28|E0702|69|30|1|0|3|52|29|75|2|28|0|2|0|0|36|1|0|0|15|274|2024|4|25|13|59|52|4|N
15|7|712|B|1|0|U|685|25|43|131|E1507|105|110|15|13|0|11|13|129|8|38|0|0|1|0|43|1|0|0|3|385|2024|4|25|15|38|24|4|N
15|7|725|B|1|0|U|539|25|43|131|E1507|74|32|127|12|0|0|22|5|1|45|0|0|1|0|48|0|0|1|0|294|2024|4|25|15|15|46|4|N
15|7|789|C|3|0|U|654|25|43|131|E1507|124|8|119|15|2|13|0|77|0|90|0|0|0|8|112|1|0|0|0|445|2024|4|25|15|28|43|4|N
15|7|790|C|2|0|U|535|25|43|131|E1507|125|87|50|7|0|5|23|101|17|41|0|1|0|2|17|1|0|1|3|356|2024|4|25|15|14|26|4|N
15|7|829|C|1|0|U|514|25|43|131|E1507|12|82|29|7|1|9|18|62|36|27|0|2|0|0|16|0|0|0|0|289|2024|4|25|15|35|40|4|N
15|7|857|C|3|0|U|694|25|43|131|E1507|10|83|80|6|0|9|0|121|23|46|4|1|0|9|55|1|0|0|3|441|2024|4|25|14|18|16|1|N
15|7|6187|C|1|0|U|620|25|43|131|E1507|109|113|98|4|8|11|16|49|25|31|6|1|0|0|33|0|0|0|0|395|2024|4|25|15|51|35|4|N
15|7|6202|B|1|0|U|493|25|43|131|E1507|112|68|76|5|6|15|36|52|11|31|0|3|1|7|21|0|0|0|9|341|2024|4|25|15|44|53|4|N
15|7|6465|B|1|0|U|426|25|43|131|E1507|135|98|48|7|12|0|22|33|0|36|1|1|0|4|0|0|0|1|11|274|2024|4|25|15|19|55|4|N
15|7|6468|B|1|0|U|712|25|43|131|E1507|133|107|136|27|9|14|0|97|18|54|4|0|1|7|56|1|0|0|0|531|2024|4|25|15|52|22|4|N
15|7|6593|C|2|0|U|681|25|43|131|E1507|80|74|104|1|1|6|27|74|15|35|4|0|1|0|0|0|0|0|16|358|2024|4|25|15|9|51|4|N
15|7|6713|B|1|0|U|700|25|43|131|E1507|123|45|0|20|9|14|31|184|30|30|0|0|0|15|0|0|0|1|0|379|2024|4|25|14|47|45|4|N
7|4|48|E|1|1|R|416|5|11|30|E0704|4|19|29|2|0|29|10|45|0|17|0|0|0|7|0|0|0|1|9|168|2024|4|25|15|7|13|4|N
7|4|678|B|1|0|R|620|48|12|30|E0704|26|3|66|6|0|125|25|84|8|28|4|0|0|11|0|0|0|0|7|367|2024|4|25|15|21|30|4|N
7|4|1405|E|1|0|R|303|91|11|30|E0704|76|0|0|0|0|0|0|0|0|0|0|0|0|0|0|0|0|0|0|0|2024|4|25|15|53|28|4|N
15|40|130|C|1|0|U|712|5|45|164|E1540|31|25|0|57|4|28|18|75|35|46|0|0|0|50|20|1|0|0|4|363|2024|4|25|14|17|12|4|N
15|40|143|C|2|0|U|548|5|45|164|E1540|50|85|0|26|5|17|33|68|26|11|1|3|3|33|23|0|0|0|21|355|2024|4|25|15|49|56|1|N
15|40|5828|B|1|0|U|684|119|36|164|E1540|128|98|0|23|3|15|24|88|12|52|14|4|0|30|16|1|0|0|11|391|2024|4|25|15|7|32|4|N
15|14|36|B|1|0|R|534|2|39|138|E1514|35|99|27|6|11|3|6|104|14|18|0|3|1|14|31|0|0|3|1|341|2024|4|25|15|13|59|4|N
15|14|45|C|1|0|U|612|2|39|138|E1514|28|98|48|2|8|2|7|126|0|4|1|2|3|38|28|0|0|1|8|376|2024|4|25|15|22|13|4|N
15|14|49|B|1|0|U|673|2|39|138|E1514|24|63|10|5|2|2|0|103|11|0|2|2|0|7|10|3|0|1|12|233|2024|4|25|14|15|26|4|N
15|14|55|C|3|0|U|680|2|39|138|E1514|14|156|38|8|4|6|11|90|0|60|3|1|4|22|32|3|0|0|11|449|2024|4|25|15|42|26|4|N
15|14|3880|C|2|0|M|534|66|39|138|E1514|38|0|0|0|0|0|0|0|0|0|0|0|0|0|0|0|0|0|0|0|2024|4|25|15|53|41|1|N
15|14|4108|C|3|0|U|602|76|33|138|E1514|80|74|48|4|0|0|4|4|2|8|4|0|1|3|0|0|0|1|1|154|2024|4|25|15|14|53|4|N
15|14|4108|C|4|0|U|602|76|33|138|E1514|80|116|16|5|1|2|1|4|7|3|2|1|0|2|6|1|0|0|5|172|2024|4|25|15|16|47|4|N
15|14|4110|C|3|0|M|678|76|33|138|E1514|79|104|77|6|9|16|10|129|8|5|3|7|0|7|52|1|0|0|11|445|2024|4|25|15|16|57|4|N
15|14|4696|C|9|0|U|695|101|39|138|E1514|56|130|41|7|6|2|0|133|0|66|0|3|0|40|32|0|0|0|29|489|2024|4|25|14|17|30|4|N
15|14|6701|B|1|0|U|632|2|39|138|E1514|11|89|62|4|0|3|0|116|15|27|0|0|1|20|31|0|0|1|8|377|2024|4|25|15|2|31|4|N
15|14|6702|C|2|0|U|701|2|39|138|E1514|10|126|50|13|8|1|12|53|0|27|0|4|4|76|44|0|0|0|18|436|2024|4|25|15|51|35|1|N
15|35|2170|B|1|0|U|733|41|9|159|E1535|30|67|92|0|7|17|15|187|0|0|0|0|0|14|46|1|0|0|22|468|2024|4|25|15|11|26|4|N
15|35|4481|C|2|0|U|602|91|7|159|E1535|61|46|61|4|0|17|10|150|0|9|4|2|0|15|37|1|0|1|6|363|2024|4|25|14|17|23|4|N
15|35|4482|C|2|0|U|640|91|7|159|E1535|62|53|68|6|8|10|16|58|0|33|1|0|1|6|27|0|0|0|18|305|2024|4|25|15|42|43|4|N
15|35|4484|B|1|0|U|651|91|7|159|E1535|82|40|71|10|7|23|9|121|0|34|0|4|3|6|40|0|0|0|18|386|2024|4|25|14|13|47|4|N
15|35|4493|C|1|0|M|729|91|7|159|E1535|67|7|102|7|15|29|15|168|25|32|17|1|3|0|17|0|0|0|52|490|2024|4|25|15|32|51|1|N
15|35|5451|B|1|0|R|400|108|9|159|E1535|117|32|63|2|0|16|11|55|8|11|2|0|2|3|25|1|0|0|10|241|2024|4|25|15|14|39|4|N
16|1|150|C|1|0|M|481|9|19|165|E1601|10|82|0|2|29|8|0|205|3|6|0|0|0|0|0|0|0|1|5|341|2024|4|25|15|15|54|4|N
16|1|161|C|1|0|R|691|9|19|165|E1601|4|104|63|0|5|5|0|185|0|0|1|1|0|0|0|0|0|0|23|387|2024|4|25|15|38|41|1|N
16|1|473|C|1|0|U|548|33|22|165|E1601|33|7|46|18|0|8|22|206|0|0|3|0|0|0|0|0|0|0|5|315|2024|4|25|15|23|7|4|N
16|1|574|B|1|0|U|622|35|22|165|E1601|41|46|39|0|12|12|0|207|0|21|6|0|0|0|0|0|0|0|8|351|2024|4|25|14|12|59|4|N
16|1|576|B|1|0|R|326|35|22|165|E1601|61|12|54|15|0|8|0|68|5|9|0|0|0|0|0|0|0|0|5|176|2024|4|25|15|48|32|4|N
16|1|813|C|5|0|U|673|50|24|165|E1601|91|26|100|1|37|8|4|128|17|31|0|0|0|0|0|0|0|0|1|353|2024|4|25|15|51|52|1|N
16|1|849|C|5|0|U|659|50|24|165|E1601|120|87|34|12|0|11|0|218|0|0|0|0|0|0|0|0|0|0|17|379|2024|4|25|15|36|22|4|N
16|1|853|C|1|0|U|534|50|24|165|E1601|82|114|6|0|6|11|19|140|7|24|3|0|0|0|0|0|0|0|0|330|2024|4|25|15|50|54|4|N
16|1|1308|S|1|0|U|0|56|22|165|E1601|55|124|0|6|46|20|0|362|2|36|3|0|0|0|0|0|0|0|0|599|2024|4|25|15|34|23|4|N
16|1|1315|C|2|0|R|734|56|22|165|E1601|60|104|133|0|0|16|8|268|0|0|0|0|0|0|0|0|0|1|14|544|2024|4|25|15|1|44|4|N
16|1|1366|E|1|0|R|194|60|22|165|E1601|69|36|11|6|0|8|1|41|0|2|0|0|0|0|0|0|0|0|1|106|2024|4|25|15|48|23|4|N
16|1|1432|C|1|0|U|624|65|23|165|E1601|77|0|0|5|0|12|11|373|2|7|0|1|0|0|0|0|0|1|9|421|2024|4|25|15|50|30|1|N
16|11|619|B|1|0|R|657|38|18|175|E1611|25|88|31|23|2|94|0|0|29|24|0|4|2|0|89|5|0|7|0|398|2024|4|25|15|14|42|4|N
16|11|1768|B|1|0|M|546|78|18|175|E1611|98|0|0|0|0|3|1|0|0|0|0|0|0|0|3|0|0|0|1|8|2024|4|25|15|22|56|4|N
16|11|1802|B|1|0|M|695|80|15|175|E1611|86|62|99|7|13|23|10|75|9|20|2|0|2|0|85|0|0|1|52|460|2024|4|25|15|50|5|1|N
16|11|1867|B|1|0|R|731|83|19|175|E1611|115|212|57|13|0|65|0|0|0|93|0|4|0|0|35|1|0|3|18|501|2024|4|25|15|52|13|1|N
16|11|2155|E|1|0|R|469|101|15|175|E1611|78|52|88|12|0|22|15|0|23|0|1|1|0|3|70|0|0|0|0|287|2024|4|25|15|43|26|1|N
16|4|2055|B|1|0|M|721|96|9|168|E1604|130|66|155|0|20|20|11|89|4|0|0|2|1|25|0|1|0|0|0|394|2024|4|25|15|50|15|4|N
14|9|635|B|1|0|U|611|41|9|113|E1409|117|2|131|69|17|1|0|30|12|69|2|3|1|30|17|1|0|0|0|385|2024|4|25|14|10|35|4|N
14|9|652|C|1|0|U|694|41|9|113|E1409|143|33|99|103|6|25|0|94|0|53|3|4|0|15|41|4|0|1|3|484|2024|4|25|15|9|20|4|N
14|9|1192|C|2|0|U|640|41|9|113|E1409|7|0|161|79|16|28|0|58|11|29|0|0|0|15|47|3|0|0|0|447|2024|4|25|14|9|0|4|N
14|9|1328|C|1|0|U|700|41|9|113|E1409|112|0|139|71|13|7|2|67|2|0|4|0|1|30|57|1|0|0|54|448|2024|4|25|13|30|25|4|N
14|9|1372|C|1|0|U|663|41|9|113|E1409|95|31|145|71|10|12|3|85|5|0|0|0|0|16|45|3|0|0|3|429|2024|4|25|15|50|8|4|N
18|2|607|C|2|0|U|741|17|8|182|E1802|21|3|208|17|40|15|14|31|15|10|1|2|0|12|1|1|0|1|6|377|2024|4|25|15|16|53|4|N
18|2|900|B|1|0|U|622|17|11|182|E1802|70|88|159|14|32|16|7|46|18|0|1|0|0|0|0|1|0|1|4|387|2024|4|25|15|52|11|4|N
18|2|941|B|1|0|U|643|17|6|182|E1802|120|124|115|5|0|33|1|65|6|0|12|4|0|25|7|0|0|0|13|410|2024|4|25|15|47|21|1|N
18|2|970|B|1|0|U|450|17|6|182|E1802|146|46|113|1|2|5|1|18|12|0|0|0|0|3|1|0|0|0|1|203|2024|4|25|15|41|58|4|N
18|2|1004|B|1|0|U|684|17|7|182|E1802|130|0|90|0|61|24|43|46|53|28|0|0|4|9|0|1|0|0|0|359|2024|4|25|15|29|11|4|N
14|6|3047|B|1|0|U|432|120|6|110|E1406|23|10|59|38|7|12|9|104|8|20|0|2|0|6|36|1|0|0|0|312|2024|4|25|15|46|59|4|N
14|6|3378|B|1|0|U|510|120|6|110|E1406|35|18|71|84|3|9|1|0|9|41|1|0|5|0|35|1|0|1|14|293|2024|4|25|15|20|1|4|N
14|6|3628|C|4|0|U|622|120|6|110|E1406|94|5|114|42|3|4|33|33|4|22|0|4|0|9|31|4|0|1|13|322|2024|4|25|15|35|44|4|N
14|10|3053|B|1|0|U|736|120|10|114|E1410|9|6|225|32|3|14|5|134|9|28|0|0|0|14|11|0|0|1|7|489|2024|4|25|15|10|51|4|N
14|10|3058|B|1|0|U|558|120|10|114|E1410|7|0|0|47|14|14|17|222|0|11|0|0|0|20|30|1|0|0|0|376|2024|4|25|15|5|5|4|N
14|10|3069|B|1|0|U|586|120|10|114|E1410|14|0|56|27|3|15|1|159|3|18|0|0|0|5|9|2|0|0|9|307|2024|4|25|15|16|45|1|N
14|10|3094|C|2|0|U|642|120|10|114|E1410|36|15|89|38|26|30|41|143|12|36|3|0|1|4|0|3|0|4|7|452|2024|4|25|15|19|54|1|N
14|10|3120|C|2|0|U|693|120|10|114|E1410|114|0|216|45|19|15|9|82|10|37|4|0|2|2|59|2|0|2|21|525|2024|4|25|15|37|31|1|N
14|10|3122|C|7|0|U|671|120|10|114|E1410|111|21|0|62|0|17|11|207|1|26|0|4|2|21|40|2|0|1|6|421|2024|4|25|15|40|52|1|N
14|10|3157|C|7|0|U|716|120|10|114|E1410|127|16|155|18|0|18|3|125|8|20|0|3|0|9|23|1|0|0|0|399|2024|4|25|15|26|44|4|N
14|10|3162|C|2|0|U|662|120|10|114|E1410|103|0|101|22|10|4|11|146|13|67|2|0|0|12|19|1|0|1|1|410|2024|4|25|15|42|44|4|N
14|10|3193|B|1|0|U|495|120|10|114|E1410|87|9|67|21|0|18|0|64|9|16|0|0|0|10|0|1|0|1|0|216|2024|4|25|15|28|16|4|N
14|10|3197|C|1|0|U|561|120|10|114|E1410|85|0|95|20|11|7|21|104|8|26|0|2|0|0|0|1|0|0|20|315|2024|4|25|15|42|3|4|N
14|10|3213|C|4|0|U|686|120|10|114|E1410|137|0|15|16|8|20|30|329|7|3|1|0|0|10|19|0|0|0|5|463|2024|4|25|15|24|6|4|N
14|15|172|C|2|0|U|719|13|15|119|E1415|74|25|89|66|0|14|1|237|4|36|1|4|1|1|0|4|0|2|0|485|2024|4|25|13|40|47|4|N
14|15|174|C|1|0|U|474|13|15|119|E1415|82|7|56|53|6|6|2|167|6|16|0|3|2|0|4|2|0|0|0|330|2024|4|25|15|9|11|4|N
14|15|228|C|1|0|M|539|16|15|119|E1415|98|35|43|67|0|4|3|121|7|11|1|0|0|0|22|0|0|2|0|316|2024|4|25|15|40|36|4|N
14|15|237|B|1|0|R|254|16|15|119|E1415|96|10|13|20|0|0|0|47|2|10|0|2|0|1|9|3|0|0|1|118|2024|4|25|14|14|48|4|N
14|15|290|C|1|0|U|648|18|15|119|E1415|106|28|53|86|5|10|7|153|0|22|1|1|0|3|31|2|0|1|0|403|2024|4|25|15|11|37|4|N
14|15|1636|C|1|0|U|737|49|15|119|E1415|138|52|67|59|12|8|2|289|3|51|0|1|0|12|33|0|0|1|7|597|2024|4|25|14|16|53|4|N
14|15|1643|C|3|0|U|637|49|15|119|E1415|139|3|4|8|5|3|1|13|4|9|0|3|3|9|11|0|0|0|0|76|2024|4|25|14|0|48|4|N
14|15|1648|C|2|0|M|553|50|15|119|E1415|40|12|8|28|5|6|4|93|5|27|0|2|0|8|10|3|0|0|6|217|2024|4|25|15|18|44|4|N
14|15|3883|B|1|0|R|268|74|15|119|E1415|63|3|22|7|0|6|2|64|0|11|1|1|0|0|1|1|0|1|4|124|2024|4|25|15|15|43|4|N
14|14|3415|B|1|0|U|748|98|14|118|E1414|38|48|139|62|6|18|27|95|20|5|1|0|1|2|27|0|0|1|3|455|2024|4|25|15|40|20|4|N
14|14|3424|C|1|0|M|614|98|14|118|E1414|52|0|0|0|0|0|0|0|0|0|0|0|0|0|0|0|0|0|0|0|2024|4|25|15|52|44|1|N
25|1|2601|B|1|0|U|567|12|23|241|E2501|119|0|0|5|0|28|89|256|2|0|2|2|0|0|0|1|0|0|35|420|2024|4|25|15|6|14|4|N
25|1|2807|B|1|0|U|749|12|23|241|E2501|93|0|57|1|8|43|168|140|10|0|0|3|0|0|0|0|0|0|0|430|2024|4|25|15|27|2|1|N
25|1|2869|C|1|0|U|390|12|22|241|E2501|115|106|0|9|2|0|73|0|11|0|0|2|0|23|0|2|0|3|0|231|2024|4|25|15|36|24|4|N
25|1|2891|B|1|0|U|369|12|22|241|E2501|113|97|40|0|9|0|50|31|11|0|4|0|0|8|0|1|0|1|50|302|2024|4|25|15|10|32|4|N
25|5|888|C|4|0|U|707|6|12|245|E2505|30|65|49|0|20|31|138|0|1|0|5|0|0|21|0|1|0|2|84|417|2024|4|25|15|34|52|4|N
25|5|1004|B|1|0|U|435|6|15|245|E2505|147|15|25|5|2|18|5|100|8|0|1|2|0|25|0|1|5|0|46|258|2024|4|25|15|25|2|1|N
25|5|1103|B|1|0|U|486|6|14|245|E2505|92|34|60|3|0|0|44|21|0|0|2|0|0|5|0|2|4|0|31|206|2024|4|25|11|7|39|4|N
25|5|1194|C|2|0|U|559|6|15|245|E2505|136|46|16|13|25|46|119|0|0|0|4|1|0|0|0|0|6|0|71|347|2024|4|25|15|16|59|4|N
25|5|3892|C|2|0|U|668|6|15|245|E2505|148|35|21|8|2|0|44|160|6|0|2|0|0|19|0|0|5|1|23|326|2024|4|25|15|47|42|4|N
14|18|146|B|1|0|M|636|10|18|122|E1418|46|24|164|21|10|5|17|93|5|9|2|0|2|4|39|0|0|1|6|402|2024|4|25|15|30|36|4|N
14|18|248|C|1|0|U|548|17|18|122|E1418|38|43|72|6|7|20|16|132|3|14|1|1|0|14|39|1|0|0|6|375|2024|4|25|15|22|57|4|N
14|18|551|C|1|0|U|639|39|18|122|E1418|85|31|9|17|11|18|7|101|0|25|1|2|1|5|47|1|0|1|4|281|2024|4|25|15|7|5|4|N
26|1|232|B|1|0|M|446|31|3|248|E2601|5|71|70|9|45|59|0|0|11|0|0|2|4|0|0|2|0|0|0|273|2024|4|25|15|35|7|1|N
26|1|298|C|2|0|U|730|46|3|248|E2601|20|0|175|0|1|44|12|201|12|0|0|1|1|6|0|1|0|2|0|456|2024|4|25|15|37|41|4|N
26|1|633|C|1|0|U|619|53|2|248|E2601|48|1|286|0|0|6|18|0|28|0|2|0|2|15|0|1|0|6|0|365|2024|4|25|15|12|54|1|N
26|1|652|S|1|0|U|0|55|1|248|E2601|85|12|321|17|0|0|2|339|18|0|0|1|0|1|0|2|0|2|0|715|2024|4|25|15|38|50|4|N
26|1|676|C|1|0|U|433|55|1|248|E2601|76|1|5|0|1|0|2|18|4|0|0|2|1|9|0|0|0|7|6|56|2024|4|25|15|14|30|4|N
26|1|689|C|1|0|U|385|55|1|248|E2601|76|4|2|8|3|6|0|10|0|0|1|3|1|0|0|1|0|0|0|39|2024|4|25|15|10|57|4|N
26|1|699|B|1|0|U|398|55|1|248|E2601|92|41|70|14|17|8|0|68|4|0|0|0|0|1|0|0|0|2|11|236|2024|4|25|14|6|8|4|N
26|2|22|C|9|0|U|691|2|7|249|E2602|12|44|98|2|3|6|8|207|8|0|0|0|0|8|0|0|0|0|23|407|2024|4|25|13|0|32|4|N
26|2|191|C|1|0|U|597|30|5|249|E2602|109|9|141|0|8|2|35|226|0|0|3|0|1|3|0|0|0|2|27|457|2024|4|25|13|2|45|4|N
26|2|218|C|1|0|U|658|30|5|249|E2602|75|28|126|0|1|4|0|168|2|0|1|0|0|10|0|0|0|0|24|364|2024|4|25|14|14|35|4|N
26|2|1597|C|2|0|U|681|30|4|249|E2602|91|24|185|2|3|2|16|218|0|0|6|0|0|5|0|0|0|0|34|495|2024|4|25|15|10|52|4|N
28|2|1057|C|1|0|U|700|32|6|262|E2802|68|69|162|4|0|10|0|137|6|0|0|0|0|10|0|0|0|2|15|415|2024|4|25|15|48|26|1|N
28|2|1787|C|1|0|U|449|32|4|262|E2802|83|39|103|9|0|1|0|87|15|0|2|2|0|2|0|1|0|0|11|272|2024|4|25|15|27|19|4|N
28|2|1817|C|1|0|U|658|32|7|262|E2802|125|48|74|3|6|5|13|79|11|0|0|2|0|6|0|1|0|0|18|266|2024|4|25|15|42|18|4|N
28|7|130|B|1|0|U|486|7|3|267|E2807|16|28|89|4|6|6|7|119|4|0|0|0|0|6|0|1|0|0|18|288|2024|4|25|14|15|48|4|N
28|7|723|B|1|0|U|713|25|3|267|E2807|6|89|0|17|0|8|18|253|5|0|3|1|3|15|0|2|0|0|32|446|2024|4|25|14|17|29|4|N
28|7|1743|B|1|0|U|651|32|5|267|E2807|85|39|107|3|3|17|30|137|2|0|0|1|0|19|0|1|0|0|16|375|2024|4|25|14|17|51|4|N
28|7|1755|C|1|0|U|719|32|5|267|E2807|89|87|17|8|11|0|27|286|10|0|28|4|3|0|0|4|0|0|50|535|2024|4|25|14|8|36|1|N
28|7|1756|C|1|0|U|491|32|5|267|E2807|90|38|141|7|2|19|4|89|3|0|0|0|5|24|0|1|0|1|18|352|2024|4|25|14|6|18|4|N
28|7|1949|C|1|0|U|390|32|4|267|E2807|56|29|70|3|0|10|7|63|0|0|0|0|1|0|0|0|0|0|11|194|2024|4|25|14|16|14|4|N
28|7|2091|C|1|0|U|734|32|8|267|E2807|111|71|50|5|1|4|25|189|10|0|4|2|0|8|0|1|0|0|19|389|2024|4|25|14|9|27|4|N
28|5|1573|C|7|0|U|719|41|14|265|E2805|82|44|0|0|24|10|79|277|8|0|0|0|1|13|0|0|0|4|52|512|2024|4|25|14|15|53|4|N
28|5|1631|B|1|0|U|670|41|15|265|E2805|157|39|0|4|0|37|105|0|0|0|0|1|1|16|0|0|0|0|97|300|2024|4|25|14|11|30|4|N
28|5|1642|B|1|0|U|514|41|15|265|E2805|157|0|5|5|0|64|68|130|0|0|2|0|2|12|0|2|0|3|35|328|2024|4|25|14|15|45|4|N
28|5|1676|B|1|0|U|448|41|15|265|E2805|116|26|105|0|7|40|40|18|8|0|0|1|0|15|0|1|0|1|36|298|2024|4|25|14|7|47|4|N
28|5|1692|B|1|0|U|740|41|15|265|E2805|128|0|222|9|6|0|0|0|43|0|25|3|6|31|0|0|0|9|124|478|2024|4|25|14|17|6|4|N
28|8|189|C|6|0|U|671|9|20|268|E2808|29|9|176|6|2|0|27|148|0|0|1|3|2|7|0|0|0|1|44|426|2024|4|25|15|5|27|4|N
28|8|226|C|1|0|U|466|9|20|268|E2808|59|57|52|5|8|10|6|126|2|0|4|1|0|8|0|0|0|1|23|303|2024|4|25|14|5|8|4|N
28|8|238|B|1|0|U|641|9|20|268|E2808|63|68|61|7|17|9|17|45|0|0|2|0|0|10|0|0|0|0|26|262|2024|4|25|15|1|17|4|N
28|8|1325|B|1|0|U|567|38|21|268|E2808|87|28|36|13|6|25|0|105|0|0|3|0|1|0|0|2|0|1|47|267|2024|4|25|14|15|53|4|N
28|8|1369|B|1|0|U|447|38|22|268|E2808|119|59|51|10|11|10|15|66|11|0|2|2|1|4|0|1|0|1|44|288|2024|4|25|15|17|53|1|N
28|8|1382|B|1|0|U|392|38|22|268|E2808|123|50|41|3|0|7|0|29|0|0|2|0|0|2|0|0|0|0|29|163|2024|4|25|14|5|23|4|N
28|8|1419|B|1|0|U|645|38|22|268|E2808|147|142|21|2|15|17|73|153|0|0|0|1|1|15|0|0|0|0|40|480|2024|4|25|14|7|12|4|N
28|8|1483|B|1|0|U|382|38|22|268|E2808|176|29|32|5|1|7|49|76|5|0|1|1|1|7|0|0|0|0|19|233|2024|4|25|15|4|33|4|N
19|10|1316|C|1|0|U|692|40|6|193|E1910|60|24|347|0|0|15|0|0|0|10|5|2|0|0|47|3|0|1|0|454|2024|4|25|15|48|48|1|N
19|10|1331|C|2|0|U|542|40|8|193|E1910|98|17|228|0|4|6|0|34|4|10|1|1|1|0|19|0|0|0|4|329|2024|4|25|14|8|46|4|N
19|10|1428|C|2|0|U|675|40|8|193|E1910|142|23|184|0|0|19|51|19|0|26|0|1|4|8|24|2|0|0|17|378|2024|4|25|15|29|59|4|N
19|10|1679|B|1|0|U|430|40|6|193|E1910|27|11|202|2|3|0|0|45|0|26|2|0|0|1|19|1|0|0|1|313|2024|4|25|14|6|13|4|N
19|10|1695|B|1|0|U|483|40|6|193|E1910|30|28|198|1|1|10|19|66|3|0|0|0|0|7|6|1|0|1|5|346|2024|4|25|15|22|25|1|N
19|10|3019|S|1|0|U|0|40|8|193|E1910|136|17|446|3|0|11|3|76|7|2|0|0|0|7|14|1|0|0|3|590|2024|4|25|15|45|29|1|N
29|1|103|B|1|0|M|741|7|11|269|E2901|22|13|54|14|43|43|0|82|5|0|0|0|2|28|0|1|0|0|26|311|2024|4|25|15|13|54|4|N
29|1|189|B|1|0|U|531|13|10|269|E2901|91|0|70|7|23|0|17|48|11|0|7|4|1|34|0|1|0|0|19|242|2024|4|25|15|49|18|4|N
29|1|189|C|2|0|U|530|13|10|269|E2901|91|0|65|27|2|46|0|89|0|0|0|6|2|0|0|4|0|0|18|259|2024|4|25|15|51|58|4|N
29|1|191|B|1|0|U|641|13|10|269|E2901|92|114|141|4|48|0|0|104|10|0|27|0|1|0|0|0|0|0|19|468|2024|4|25|15|38|9|4|N
29|1|208|E|1|0|R|246|13|10|269|E2901|84|0|45|0|29|0|3|33|5|0|4|0|2|21|0|1|0|0|30|173|2024|4|25|15|37|5|1|N
29|1|470|B|1|0|U|549|34|2|269|E2901|68|0|137|6|27|0|0|127|0|0|16|0|4|14|0|0|0|0|32|363|2024|4|25|14|16|7|4|N
29|1|473|B|1|0|M|601|34|2|269|E2901|68|45|87|0|33|8|0|92|87|0|8|0|3|22|0|0|0|0|12|397|2024|4|25|15|34|36|1|N
29|1|546|C|1|0|U|432|39|3|269|E2901|48|0|69|9|38|21|0|45|3|0|0|0|2|17|0|2|0|0|28|234|2024|4|25|15|38|30|4|N
20|8|490|B|1|0|U|716|66|13|205|E2008|87|107|79|0|11|19|11|32|15|0|5|1|2|3|0|0|0|0|19|304|2024|4|25|15|45|20|4|N
20|8|612|C|1|0|U|568|66|12|205|E2008|32|85|38|3|11|32|4|48|12|0|0|0|3|21|0|0|0|1|30|288|2024|4|25|15|24|17|4|N
20|8|1424|B|1|0|U|547|291|9|205|E2008|146|143|93|0|24|27|24|0|33|0|0|0|0|23|0|0|0|1|12|380|2024|4|25|15|1|41|4|N
20|8|1786|B|1|0|M|544|400|14|205|E2008|136|0|0|0|0|0|0|0|0|0|0|0|0|0|0|0|0|0|0|0|2024|4|25|15|53|19|1|N
20|8|2473|B|1|0|U|635|66|13|205|E2008|125|177|17|3|10|25|13|36|67|0|3|0|0|39|0|2|0|0|36|428|2024|4|25|15|42|50|4|N
20|8|2490|C|2|0|U|504|400|14|205|E2008|142|118|49|8|6|40|11|10|34|0|0|3|0|18|0|0|0|0|34|331|2024|4|25|15|24|34|4|N
20|2|192|C|3|0|M|572|33|14|199|E2002|120|98|0|45|103|0|17|0|28|0|9|4|8|0|0|10|0|0|74|396|2024|4|25|15|43|6|1|N
20|2|459|C|1|0|U|669|63|14|199|E2002|107|131|146|78|10|0|0|40|0|0|5|0|4|22|0|0|0|3|58|497|2024|4|25|15|51|29|1|N
20|2|902|C|1|0|U|591|147|5|199|E2002|94|109|32|0|20|9|1|127|0|0|0|0|1|0|0|0|0|2|8|309|2024|4|25|15|50|2|1|N
20|2|962|B|1|0|M|593|170|1|199|E2002|1|185|0|23|103|0|0|0|36|0|11|4|0|5|0|0|0|3|42|412|2024|4|25|14|4|8|1|N
20|2|994|B|1|0|R|558|175|4|199|E2002|65|99|95|7|0|18|2|41|12|0|2|1|0|5|0|3|0|0|0|285|2024|4|25|15|22|4|1|N
20|2|1428|C|1|0|U|544|292|5|199|E2002|96|34|106|13|27|17|0|112|22|0|11|4|4|0|0|0|0|0|38|388|2024|4|25|15|47|6|1|N
20|2|2131|B|1|0|U|484|491|4|199|E2002|90|84|7|28|63|11|0|101|0|0|3|3|0|15|0|3|0|0|17|335|2024|4|25|15|27|49|1|N
20|2|2261|B|1|0|U|635|527|14|199|E2002|103|236|11|46|68|5|0|10|8|0|2|0|0|13|0|0|0|1|0|400|2024|4|25|15|46|27|1|N
20|6|2373|E|1|0|M|397|553|8|203|E2006|48|0|0|0|0|2|0|3|0|0|1|0|0|2|0|0|0|0|5|13|2024|4|25|15|12|31|4|N
21|14|459|B|1|0|U|661|53|23|221|E2114|27|46|122|20|0|20|22|0|51|6|31|0|0|6|46|1|0|0|10|381|2024|4|25|15|16|24|4|N
22|3|284|C|1|0|U|499|14|1|226|E2203|1|47|62|11|16|26|0|68|0|38|5|0|0|0|0|0|0|0|35|308|2024|4|25|14|5|51|4|N
22|3|288|C|3|0|U|624|14|4|226|E2203|80|45|76|15|15|5|45|127|16|28|0|0|0|0|0|0|0|1|29|402|2024|4|25|15|16|27|4|N
22|3|309|B|1|0|U|571|14|1|226|E2203|6|27|108|8|0|7|47|47|5|54|0|0|0|0|0|0|0|0|13|316|2024|4|25|14|16|23|4|N
22|3|328|C|4|0|U|623|14|1|226|E2203|33|27|0|8|17|6|85|133|0|59|1|0|0|0|0|0|0|1|9|346|2024|4|25|15|13|26|4|N
22|3|346|C|1|0|U|655|14|1|226|E2203|36|63|46|0|3|6|71|217|15|7|3|0|0|0|0|0|0|0|38|469|2024|4|25|15|26|38|4|N
22|3|401|C|1|0|U|436|14|5|226|E2203|106|29|24|12|1|4|2|156|0|11|0|0|0|0|0|0|0|0|0|239|2024|4|25|15|44|27|1|N
22|3|936|C|1|0|U|591|14|1|226|E2203|15|25|80|11|0|12|74|56|11|28|1|0|0|0|0|0|0|0|0|298|2024|4|25|14|8|40|1|N
22|2|8|C|1|0|R|692|1|9|225|E2202|4|73|27|0|17|17|48|186|3|0|1|2|0|0|0|0|0|0|6|380|2024|4|25|14|11|31|1|N
22|2|11|E|1|0|R|710|1|9|225|E2202|14|27|33|22|3|0|32|253|0|0|0|1|0|0|0|0|0|0|10|381|2024|4|25|14|16|9|4|N
22|2|577|C|1|0|U|520|16|11|225|E2202|35|49|58|0|7|33|16|59|8|0|2|0|1|0|0|0|0|0|25|258|2024|4|25|10|49|18|4|N
22|2|586|C|5|0|U|695|16|10|225|E2202|40|0|164|33|3|4|17|225|0|0|0|0|0|0|0|0|0|0|24|470|2024|4|25|15|10|8|4|N
22|2|606|C|2|0|U|594|16|11|225|E2202|57|5|77|4|10|0|7|179|2|0|0|0|0|2|0|0|0|0|0|286|2024|4|25|15|31|46|4|N
22|2|607|C|4|0|M|694|16|11|225|E2202|100|0|0|0|0|0|0|0|0|0|0|0|0|0|0|0|0|0|0|0|2024|4|25|15|52|47|1|N
22|2|613|C|1|0|M|749|16|11|225|E2202|94|35|169|25|0|0|87|254|5|0|0|0|0|2|0|0|0|0|12|589|2024|4|25|15|42|0|1|N
22|2|638|C|2|0|M|646|16|10|225|E2202|85|0|65|13|1|7|25|149|3|0|0|0|0|0|0|1|0|0|3|267|2024|4|25|15|36|48|1|N
30|10|1853|B|1|0|U|543|89|11|281|E3010|12|23|19|2|2|0|0|125|54|0|4|1|0|18|21|0|0|1|0|270|2024|4|25|14|9|28|4|N
30|10|1872|C|5|0|U|744|89|11|281|E3010|4|104|22|0|5|7|15|156|77|5|3|2|1|0|42|2|0|0|11|452|2024|4|25|14|12|56|1|N
30|10|1877|C|2|0|U|551|89|11|281|E3010|29|57|20|6|3|0|1|140|38|18|0|1|0|26|32|1|0|0|5|348|2024|4|25|15|22|13|4|N
30|10|1910|C|1|0|U|675|89|10|281|E3010|151|111|63|5|3|8|4|173|51|17|7|0|0|12|32|0|0|0|14|500|2024|4|25|15|8|21|4|N
30|10|1971|B|1|0|U|724|89|10|281|E3010|117|168|84|7|7|0|2|43|16|62|1|2|4|75|47|0|0|0|5|523|2024|4|25|15|6|5|4|N
30|10|2039|B|1|0|U|408|89|10|281|E3010|87|126|0|6|2|4|0|42|64|13|0|0|0|7|56|0|0|0|0|320|2024|4|25|14|7|18|4|N
30|10|2093|E|1|0|R|676|89|10|281|E3010|168|145|0|2|3|7|0|27|72|56|0|5|0|0|42|1|0|0|8|368|2024|4|25|15|34|5|1|N
30|10|2099|C|4|0|U|708|89|10|281|E3010|113|113|3|4|4|0|0|112|26|35|8|0|0|24|35|0|0|0|8|372|2024|4|25|15|5|58|4|N
30|10|2100|B|1|0|U|636|89|10|281|E3010|106|64|23|0|5|0|6|187|34|16|7|0|0|17|34|0|0|0|14|407|2024|4|25|15|46|18|1|N
10|2|443|C|3|0|U|712|7|11|72|E1002|72|162|0|6|44|26|22|98|0|43|10|6|4|45|41|0|0|4|2|513|2024|4|25|15|39|21|4|N
10|2|453|C|1|0|U|659|7|11|72|E1002|66|76|16|4|22|12|16|87|14|41|17|1|1|15|45|1|0|7|0|375|2024|4|25|15|29|44|4|N
10|2|455|C|1|0|U|450|7|11|72|E1002|67|81|0|13|31|17|16|52|48|33|0|2|0|16|18|0|0|0|0|327|2024|4|25|15|48|21|1|N
10|2|486|B|1|0|U|543|7|12|72|E1002|35|51|0|0|12|10|8|46|6|18|5|0|0|20|12|0|0|0|4|192|2024|4|25|15|24|0|4|N
10|2|490|C|1|0|U|544|7|12|72|E1002|34|101|0|25|0|14|13|88|44|46|13|0|0|41|4|4|0|0|0|393|2024|4|25|15|25|55|4|N
10|2|505|C|1|0|U|424|7|11|72|E1002|9|69|0|15|14|10|6|92|13|18|11|2|0|17|25|2|0|2|0|296|2024|4|25|15|37|51|1|N
10|2|519|B|1|0|U|428|7|11|72|E1002|7|66|0|23|12|17|12|88|0|18|5|0|1|23|19|0|0|2|0|286|2024|4|25|15|51|43|4|N
10|2|527|B|1|0|U|562|7|12|72|E1002|30|128|0|13|0|21|5|104|31|42|8|1|1|33|35|0|0|0|0|422|2024|4|25|15|36|10|4|N
31|4|262|C|1|0|U|708|50|3|294|E3104|90|16|165|0|0|9|0|245|11|1|0|3|0|4|43|0|0|0|7|504|2024|4|25|15|20|55|4|N
31|4|289|B|1|0|U|677|50|2|294|E3104|65|0|141|6|5|10|13|232|9|33|0|1|0|2|14|0|0|0|9|475|2024|4|25|15|32|32|4|N
31|4|1064|B|1|0|U|451|50|2|294|E3104|61|3|102|0|0|0|6|118|3|19|0|0|0|5|18|0|0|0|7|281|2024|4|25|15|17|21|4|N
31|4|1074|B|1|0|U|524|50|2|294|E3104|66|0|120|2|1|0|6|76|4|0|0|1|0|0|14|0|0|0|4|228|2024|4|25|15|37|43|4|N
2|6|795|B|1|0|U|611|4|10|9|E0206|19|34|125|18|8|7|15|150|0|0|0|3|0|0|0|0|0|0|16|376|2024|4|25|14|15|14|4|N
2|6|820|C|1|0|U|599|4|10|9|E0206|60|26|77|22|23|8|25|72|21|11|3|0|0|0|0|0|0|0|3|291|2024|4|25|15|19|1|4|N
2|6|821|B|1|0|U|645|4|10|9|E0206|60|44|20|7|19|23|17|118|17|8|3|0|0|0|0|0|0|0|8|284|2024|4|25|15|16|42|4|N
2|6|822|B|1|0|U|680|4|10|9|E0206|59|25|158|0|28|55|0|161|16|54|0|1|0|0|0|0|0|2|24|524|2024|4|25|15|16|37|4|N
2|6|829|B|1|0|U|570|4|11|9|E0206|116|19|98|15|20|16|2|47|6|6|12|0|0|0|0|0|0|0|14|255|2024|4|25|15|46|54|4|N
2|6|843|C|4|0|U|690|4|11|9|E0206|112|14|117|0|6|19|18|83|0|40|9|3|0|0|0|0|0|0|14|323|2024|4|25|15|5|52|4|N
2|6|854|C|2|0|U|644|4|11|9|E0206|134|0|100|16|0|6|0|117|6|0|1|3|0|0|0|0|0|0|2|251|2024|4|25|15|14|15|4|N
2|6|912|B|1|0|U|429|4|10|9|E0206|51|42|115|3|3|31|1|86|2|0|5|3|0|0|0|0|0|0|12|303|2024|4|25|15|40|31|4|N
2|6|922|B|1|0|U|517|4|10|9|E0206|74|28|183|5|15|17|7|81|0|16|0|3|0|0|0|0|0|1|15|371|2024|4|25|15|44|16|4|N
2|6|947|B|1|0|U|622|4|10|9|E0206|77|0|127|13|11|3|0|51|21|0|0|9|0|0|0|0|0|0|35|270|2024|4|25|15|1|50|4|N
2|6|947|C|1|0|U|621|4|10|9|E0206|77|56|59|5|13|0|31|65|0|5|2|0|0|0|0|0|0|1|11|248|2024|4|25|15|5|8|4|N
2|6|1499|E|1|1|M|630|4|11|9|E0206|145|0|226|0|12|16|0|0|12|18|8|8|0|0|0|0|0|1|31|332|2024|4|25|15|14|18|4|N
2|6|1508|B|1|0|U|744|4|11|9|E0206|155|34|186|0|37|25|56|129|25|0|0|0|0|0|0|0|0|1|0|493|2024|4|25|15|13|58|4|N
2|6|2133|C|1|0|M|648|4|11|9|E0206|149|61|218|3|27|7|13|2|0|0|0|8|0|0|0|0|0|1|4|344|2024|4|25|15|29|33|4|N
31|1|38|C|1|0|M|535|8|18|291|E3101|2|72|1|3|0|3|0|166|3|5|4|2|0|0|14|0|0|0|0|273|2024|4|25|14|5|33|1|N
31|1|139|B|1|0|R|569|32|17|291|E3101|8|57|0|6|1|2|4|123|9|0|0|1|0|9|5|0|0|0|9|226|2024|4|25|14|14|31|1|N
31|1|907|C|1|0|R|580|91|18|291|E3101|79|5|0|4|12|6|9|217|4|25|5|0|1|25|9|1|0|0|2|325|2024|4|25|15|38|31|4|N
31|1|954|C|1|0|U|604|96|17|291|E3101|52|45|27|0|0|2|2|128|0|8|2|0|0|22|5|0|0|0|1|242|2024|4|25|15|13|8|4|N
31|1|972|B|1|0|M|750|96|17|291|E3101|47|120|166|21|0|23|0|59|0|106|9|0|1|49|32|0|0|1|22|609|2024|4|25|15|11|54|4|N
31|1|1010|C|2|0|U|691|102|19|291|E3101|81|38|133|4|0|9|0|140|8|13|9|0|1|39|21|0|0|0|11|426|2024|4|25|15|50|16|4|N
5|3|331|B|1|0|U|593|18|5|19|E0503|59|23|100|0|0|22|6|0|29|0|12|0|3|30|0|0|0|4|67|296|2024|4|25|15|3|54|4|N
5|3|376|B|1|0|U|594|18|5|19|E0503|108|14|90|6|3|0|2|110|6|0|1|0|1|7|0|0|0|0|11|251|2024|4|25|15|45|26|1|N
5|3|382|B|1|0|U|644|18|5|19|E0503|82|2|165|3|2|10|0|169|24|0|0|0|0|12|0|0|0|2|73|462|2024|4|25|15|31|28|4|N
5|3|396|C|1|0|U|567|18|5|19|E0503|110|36|154|0|5|7|27|103|5|0|4|0|0|8|0|1|0|1|0|351|2024|4|25|15|47|13|4|N
5|3|400|B|1|0|U|654|18|5|19|E0503|93|11|178|4|7|25|29|120|14|0|0|1|0|16|0|1|0|0|0|406|2024|4|25|15|36|27|4|N
5|3|433|C|1|0|U|691|18|5|19|E0503|121|44|0|11|25|28|61|97|41|0|0|0|5|25|0|0|0|1|61|399|2024|4|25|15|52|11|4|N
5|3|713|C|2|0|U|674|28|3|19|E0503|41|54|200|0|4|19|6|83|6|0|0|2|0|3|0|0|0|0|17|394|2024|4|25|15|12|13|4|N
5|3|725|B|1|0|U|497|28|3|19|E0503|32|27|73|0|10|2|14|36|17|0|0|0|2|14|0|0|0|1|50|246|2024|4|25|15|44|43|4|N
5|3|1068|B|1|0|U|588|32|3|19|E0503|26|20|169|16|11|15|20|137|11|0|4|2|0|7|0|0|0|0|28|440|2024|4|25|15|18|28|4|N
5|3|1072|C|1|0|U|459|32|3|19|E0503|28|9|166|8|0|11|7|17|12|0|0|4|0|3|0|0|0|1|50|288|2024|4|25|15|15|29|4|N
6|1|41|B|1|0|U|389|1|2|25|E0601|25|0|16|1|13|46|7|80|10|8|1|0|0|14|0|0|0|0|27|223|2024|4|25|15|34|3|4|N
6|1|78|B|1|0|M|368|1|6|25|E0601|32|45|98|2|0|72|0|50|0|6|0|0|0|6|4|0|0|0|0|283|2024|4|25|14|15|2|4|N
6|1|81|C|2|0|M|610|1|2|25|E0601|8|83|62|1|11|31|10|113|5|21|3|0|1|14|16|0|0|0|27|398|2024|4|25|15|41|15|1|N
6|1|83|E|1|0|M|305|1|3|25|E0601|5|0|35|1|6|0|0|110|0|5|10|6|0|1|22|1|0|0|28|225|2024|4|25|15|37|14|1|N
6|1|155|B|1|0|U|683|5|7|25|E0601|105|124|77|2|0|152|0|0|0|14|14|1|0|22|5|0|0|0|20|431|2024|4|25|14|17|43|4|N
32|1|114|B|1|0|M|601|9|18|297|E3201|1|48|113|0|145|6|0|0|0|0|0|1|2|23|38|1|0|0|9|386|2024|4|25|14|16|57|2|N
32|1|155|C|1|0|M|723|10|6|297|E3201|12|63|78|1|208|0|14|0|1|0|16|1|0|17|31|0|0|0|3|433|2024|4|25|14|16|18|1|N
32|1|177|B|1|0|U|684|10|6|297|E3201|15|0|35|0|265|0|0|0|0|49|34|0|1|21|45|2|0|0|0|452|2024|4|25|15|21|41|4|N
32|1|315|B|1|0|R|120|10|8|297|E3201|84|9|15|0|33|3|0|0|3|0|1|0|1|2|10|1|0|0|5|83|2024|4|25|15|30|14|1|N
32|1|710|B|1|0|M|501|21|18|297|E3201|91|26|0|0|91|19|14|51|2|9|3|0|0|1|47|1|0|0|8|272|2024|4|25|15|51|52|2|N
32|1|1273|C|1|0|U|418|40|7|297|E3201|117|46|22|0|146|0|0|0|8|32|0|0|1|3|22|1|0|0|0|281|2024|4|25|13|19|37|4|N
27|4|292|C|1|0|U|407|4|9|258|E2704|104|119|12|0|0|2|2|56|1|5|0|0|0|0|0|0|0|0|5|202|2024|4|25|14|2|47|4|N
27|4|301|B|1|0|U|402|4|9|258|E2704|106|78|28|3|0|2|6|90|4|7|6|1|0|0|0|0|0|0|6|231|2024|4|25|14|13|5|4|N
27|4|344|C|1|0|U|710|4|8|258|E2704|91|240|44|6|6|1|7|152|34|13|0|0|0|0|0|0|0|0|31|534|2024|4|25|15|35|11|4|N
27|4|393|C|2|0|U|606|4|8|258|E2704|101|55|89|8|16|0|15|149|26|6|0|0|0|0|0|0|0|0|9|373|2024|4|25|15|35|26|4|N
27|4|1156|B|1|0|U|740|4|7|258|E2704|79|224|89|4|13|0|2|118|2|5|4|0|0|0|0|0|0|0|4|465|2024|4|25|14|5|10|4|N
27|4|1156|C|1|0|U|740|4|7|258|E2704|79|0|0|0|0|0|0|0|0|0|0|0|0|0|0|0|0|0|0|0|2024|4|25|15|53|8|1|N
27|4|1159|B|1|0|U|699|4|7|258|E2704|81|120|58|40|0|0|0|68|29|44|18|1|0|0|0|0|0|0|25|403|2024|4|25|14|7|50|4|N
30|14|1413|C|1|0|U|669|63|30|285|E3014|1|49|0|2|1|12|15|307|11|0|15|0|1|4|46|1|0|1|38|503|2024|4|25|15|5|25|4|N
30|14|1419|C|1|0|U|718|63|30|285|E3014|3|52|7|6|3|18|14|262|12|27|8|2|0|3|0|1|0|0|10|425|2024|4|25|15|0|58|4|N
30|14|2108|B|1|0|U|573|91|27|285|E3014|103|36|46|0|5|13|7|111|4|17|0|0|1|10|9|0|0|0|9|268|2024|4|25|15|36|18|4|N
30|14|2110|C|1|0|U|443|91|27|285|E3014|105|13|20|6|3|0|10|147|20|24|12|0|0|6|14|0|0|0|0|275|2024|4|25|13|48|37|4|N
30|14|2161|B|1|0|U|636|93|28|285|E3014|41|25|0|7|1|17|13|209|26|16|5|0|1|25|17|2|0|1|9|374|2024|4|25|14|11|48|1|N
30|14|2425|B|1|0|U|512|109|28|285|E3014|77|3|66|5|3|12|5|112|0|3|8|0|0|1|5|0|0|0|8|231|2024|4|25|15|34|57|4|N
30|14|2498|E|1|0|R|567|109|28|285|E3014|87|79|37|4|12|13|2|100|14|0|8|1|0|11|1|0|0|0|1|283|2024|4|25|15|47|41|4|N
30|14|4897|B|1|0|U|656|109|28|285|E3014|48|39|0|8|7|6|0|233|8|9|9|2|0|16|9|0|0|0|35|381|2024|4|25|12|24|20|4|N
11|14|64|B|1|0|U|392|2|22|88|E1114|13|0|183|3|2|17|0|20|11|20|0|2|0|3|26|0|0|0|7|294|2024|4|25|14|14|43|1|N
11|14|86|C|1|0|U|725|2|22|88|E1114|19|2|290|0|8|0|0|144|0|31|0|0|1|0|20|1|0|0|5|502|2024|4|25|14|11|37|4|N
11|14|1205|C|1|0|U|585|19|22|88|E1114|105|5|132|6|4|11|0|80|1|26|2|0|0|2|15|0|0|0|23|307|2024|4|25|15|52|31|1|N
28|1|750|C|2|0|U|602|27|1|261|E2801|11|0|104|5|13|24|74|101|4|0|3|1|0|10|0|0|0|0|12|351|2024|4|25|15|45|37|1|N
28|1|765|E|1|4|U|728|27|1|261|E2801|30|58|98|9|2|79|140|128|20|0|0|0|0|0|0|2|0|0|50|586|2024|4|25|14|3|22|4|N
28|1|793|B|1|0|U|659|27|2|261|E2801|58|12|0|10|10|23|70|139|2|0|13|0|1|33|0|1|0|1|79|394|2024|4|25|15|37|17|1|N
28|1|816|C|8|0|U|700|27|2|261|E2801|88|42|98|1|18|3|0|219|2|0|4|1|0|31|0|0|0|1|0|420|2024|4|25|15|42|58|1|N
28|1|819|B|1|0|U|523|27|2|261|E2801|78|39|84|3|14|0|37|86|4|0|0|2|1|8|0|1|0|0|29|308|2024|4|25|13|3|16|4|N
28|1|884|C|1|0|U|483|27|2|261|E2801|104|18|42|3|8|0|0|149|8|0|1|0|0|3|0|0|0|0|17|249|2024|4|25|14|15|21|1|N
28|1|889|C|1|0|U|711|27|2|261|E2801|93|51|233|8|3|10|10|63|0|0|3|1|0|1|0|1|0|0|4|388|2024|4|25|15|44|1|1|N
28|1|898|C|4|0|U|725|27|3|261|E2801|130|49|172|10|11|39|0|188|0|0|0|1|1|4|0|2|0|2|17|496|2024|4|25|13|19|33|4|N
28|1|901|C|3|0|U|693|27|3|261|E2801|134|15|134|6|7|34|8|41|1|0|0|1|0|9|0|1|0|0|0|257|2024|4|25|13|20|28|4|N
28|1|1831|B|1|0|U|496|27|1|261|E2801|47|0|0|4|11|33|39|51|0|0|0|0|0|7|0|0|0|0|28|173|2024|4|25|14|11|11|1|N
28|1|2087|C|1|0|U|614|27|3|261|E2801|121|31|65|9|0|7|6|295|0|0|0|0|0|2|0|1|0|0|8|424|2024|4|25|15|44|9|1|N
19|9|508|B|1|0|M|721|22|11|192|E1909|56|0|0|0|0|0|3|4|2|0|4|1|0|3|3|1|0|0|10|31|2024|4|25|15|49|47|4|N
19|9|865|C|2|0|M|698|34|24|192|E1909|88|3|161|5|18|11|32|169|0|0|4|1|0|3|19|1|0|2|0|429|2024|4|25|15|36|42|4|N
19|9|866|C|1|0|U|653|34|24|192|E1909|90|4|305|4|0|0|0|136|6|1|6|1|0|15|0|0|0|0|0|478|2024|4|25|14|16|41|4|N
19|9|869|B|1|0|U|588|34|24|192|E1909|86|0|222|8|24|4|26|47|9|18|0|0|0|12|5|1|0|0|0|376|2024|4|25|13|19|36|4|N
19|9|884|C|1|0|U|537|34|24|192|E1909|79|0|240|4|5|4|0|33|7|0|1|0|0|11|0|0|0|0|19|324|2024|4|25|12|54|57|4|N
19|9|2099|C|1|0|U|701|49|24|192|E1909|142|3|192|7|3|0|0|77|11|2|2|0|0|8|11|1|0|0|0|317|2024|4|25|15|48|51|4|N
19|9|2099|C|3|0|U|701|49|24|192|E1909|142|0|0|0|0|0|0|0|0|0|0|0|0|0|0|0|0|0|0|0|2024|4|25|15|53|36|4|N
19|9|2101|C|2|0|U|666|49|24|192|E1909|130|25|0|8|0|26|45|238|0|0|0|0|1|1|0|0|0|1|0|345|2024|4|25|15|1|3|4|N
9|11|5191|B|1|0|U|585|17|10|59|E0911|4|91|36|6|19|0|0|13|39|2|14|0|1|19|27|0|0|0|7|274|2024|4|25|14|17|1|4|N
9|11|5224|B|1|0|U|674|17|10|59|E0911|26|141|28|4|15|0|0|0|45|10|12|0|2|40|16|3|0|0|8|324|2024|4|25|15|15|53|4|N
9|11|5249|C|1|0|U|618|17|10|59|E0911|23|156|24|7|5|0|10|14|18|14|0|4|2|34|19|2|0|1|4|314|2024|4|25|15|5|49|4|N
9|11|5259|C|1|0|U|728|17|10|59|E0911|44|202|58|8|11|4|14|0|81|16|12|1|2|19|29|0|0|1|0|458|2024|4|25|15|4|36|4|N
9|11|5290|C|3|0|U|663|17|11|59|E0911|123|204|63|0|0|10|10|0|37|0|9|0|2|41|49|0|0|0|9|434|2024|4|25|15|22|52|4|N
9|11|5322|C|1|0|U|579|17|11|59|E0911|132|161|50|11|20|11|12|0|47|14|8|4|0|51|25|0|0|1|8|423|2024|4|25|15|15|0|4|N
9|11|5332|C|1|0|U|515|17|10|59|E0911|105|151|42|0|18|2|0|0|37|2|0|2|3|44|15|0|0|0|7|323|2024|4|25|15|16|7|4|N
9|11|5374|C|1|0|U|553|17|10|59|E0911|58|88|49|2|17|0|3|0|44|9|0|1|2|51|32|2|0|0|10|310|2024|4|25|15|28|35|4|N
9|11|5452|B|1|0|U|594|17|11|59|E0911|157|137|20|2|16|3|0|7|26|10|5|0|2|14|0|3|0|1|5|251|2024|4|25|15|22|25|2|N
9|11|5456|C|2|0|U|543|17|11|59|E0911|155|128|62|8|12|0|4|0|55|41|10|0|1|43|10|0|0|1|0|375|2024|4|25|15|43|19|2|N
9|11|5511|C|2|0|U|604|17|10|59|E0911|75|221|41|10|8|1|4|2|43|3|11|5|0|50|33|0|0|0|9|441|2024|4|25|14|4|8|4|N
12|5|1185|B|1|0|R|695|77|25|94|E1205|89|42|40|57|0|9|1|109|14|27|1|10|1|0|14|2|0|1|7|335|2024|4|25|15|50|55|4|N
12|5|2595|C|3|0|R|648|67|27|94|E1205|143|110|22|7|3|8|0|125|16|7|2|12|0|32|40|1|0|0|27|412|2024|4|25|15|28|35|1|N
12|5|2788|B|1|0|R|440|79|28|94|E1205|81|5|14|24|0|0|0|39|19|7|2|0|0|30|24|1|0|0|0|165|2024|4|25|15|23|54|1|N
29|2|1|C|1|0|U|641|1|5|270|E2902|1|41|81|21|18|2|19|107|62|0|4|3|0|0|0|1|0|0|55|414|2024|4|25|15|1|58|4|N
29|2|78|C|1|0|M|695|6|1|270|E2902|13|11|97|4|23|28|109|35|46|0|5|0|0|66|0|2|0|0|58|484|2024|4|25|14|10|15|1|N
29|2|83|B|1|0|U|660|6|1|270|E2902|19|60|27|0|17|0|32|93|40|0|9|2|2|7|0|3|0|0|84|376|2024|4|25|14|5|26|4|N
29|2|232|C|1|0|M|595|15|6|270|E2902|67|0|89|2|1|32|21|90|24|0|5|0|0|42|0|2|0|0|38|346|2024|4|25|15|24|52|1|N
29|2|254|C|4|0|U|637|58|13|270|E2902|70|0|78|11|0|15|57|151|9|0|4|4|0|52|0|3|0|0|43|427|2024|4|25|15|48|47|1|N
29|2|301|C|1|0|M|660|21|1|270|E2902|36|0|45|8|13|6|0|63|29|0|3|3|0|8|0|0|0|0|33|211|2024|4|25|14|3|59|1|N
29|2|448|C|2|0|U|630|33|7|270|E2902|109|0|83|5|17|0|106|46|17|0|8|1|0|64|0|1|0|1|27|376|2024|4|25|14|3|56|1|N
29|2|449|C|1|0|U|679|33|7|270|E2902|107|0|133|6|58|32|0|0|21|0|1|6|0|70|0|6|0|2|39|374|2024|4|25|14|5|28|4|N
29|2|463|C|1|0|U|622|33|7|270|E2902|116|2|152|18|12|11|0|63|0|0|2|2|0|44|0|0|0|0|80|386|2024|4|25|14|14|18|1|N
29|2|575|C|2|0|U|609|43|2|270|E2902|141|0|67|1|8|30|40|173|52|0|9|0|0|5|0|1|0|0|27|413|2024|4|25|14|12|35|4|N
29|2|579|B|1|0|U|702|43|2|270|E2902|143|36|154|1|14|29|0|176|45|0|5|0|0|0|0|0|0|2|69|531|2024|4|25|15|8|40|4|N
29|2|629|B|1|0|U|737|33|7|270|E2902|114|68|122|10|0|0|63|86|10|0|0|2|1|50|0|0|0|1|58|471|2024|4|25|14|8|23|4|N
29|2|642|B|1|0|U|749|43|2|270|E2902|150|0|144|6|24|16|0|88|29|0|2|3|1|44|0|1|0|1|61|420|2024|4|25|14|6|15|4|N
9|16|3199|C|1|0|U|464|10|18|64|E0916|24|69|28|8|6|9|7|43|32|18|4|0|8|29|16|9|0|1|10|297|2024|4|25|14|13|17|4|N
9|16|3287|B|1|0|U|522|10|32|64|E0916|81|86|35|10|19|1|58|22|42|54|0|4|0|0|5|5|0|1|22|364|2024|4|25|14|15|7|4|N
9|16|3294|B|1|0|U|470|10|18|64|E0916|96|65|23|19|7|4|19|60|46|6|7|1|8|60|9|2|0|1|8|345|2024|4|25|14|12|22|1|N
9|16|3300|C|2|0|U|570|10|32|64|E0916|90|80|42|23|13|11|1|40|75|4|14|2|6|33|0|0|0|0|11|355|2024|4|25|14|8|46|4|N
9|16|3315|C|2|0|U|661|10|32|64|E0916|75|70|16|17|0|8|0|87|89|13|9|2|0|66|18|9|0|0|14|418|2024|4|25|15|15|36|4|N
9|16|3333|C|1|0|U|712|10|32|64|E0916|114|135|2|7|7|0|19|63|125|6|14|0|4|89|44|1|0|0|6|522|2024|4|25|13|45|34|4|N
9|16|3359|B|1|0|U|561|10|32|64|E0916|59|52|16|15|6|7|13|51|31|27|0|1|0|53|5|2|0|0|5|284|2024|4|25|15|13|48|4|N
21|4|851|C|3|0|U|627|105|14|211|E2104|5|49|19|5|1|11|27|109|0|31|5|2|2|0|65|0|0|0|71|397|2024|4|25|15|12|39|4|N
30|2|132|B|1|0|U|741|8|4|273|E3002|24|0|185|6|0|0|5|88|0|36|0|0|0|1|3|1|0|1|10|336|2024|4|25|15|9|37|1|N
30|2|617|C|2|0|M|520|33|4|273|E3002|53|46|27|12|0|7|7|197|14|11|0|0|1|7|1|1|0|0|0|331|2024|4|25|15|45|15|1|N
30|2|692|E|1|0|R|161|36|4|273|E3002|67|6|20|1|1|4|0|59|8|1|1|0|0|4|0|1|0|0|1|107|2024|4|25|15|43|2|4|N
30|2|4009|B|1|0|R|441|179|4|273|E3002|69|44|141|1|8|23|9|40|8|24|0|0|0|11|0|0|0|0|7|316|2024|4|25|15|40|49|4|N
21|5|668|C|3|0|R|645|76|8|212|E2105|27|107|189|2|7|14|0|60|15|43|5|0|1|29|61|2|0|0|13|548|2024|4|25|15|30|12|1|N
21|5|1678|C|2|0|U|697|123|7|212|E2105|37|58|89|0|3|9|0|206|10|11|9|0|0|0|45|0|0|0|0|440|2024|4|25|14|5|23|4|N
21|5|1726|C|1|0|U|417|133|7|212|E2105|44|17|19|0|11|7|37|69|0|25|5|0|2|21|34|0|0|0|4|251|2024|4|25|14|4|54|4|N
21|5|1728|B|1|0|U|538|133|7|212|E2105|40|43|105|11|0|5|0|82|0|40|0|0|0|20|31|0|0|0|19|356|2024|4|25|15|5|57|4|N
21|5|1749|C|1|0|U|634|133|7|212|E2105|59|40|86|6|51|4|49|53|0|5|0|0|0|19|0|0|0|0|7|320|2024|4|25|15|0|54|4|N
21|5|2246|C|1|0|U|738|180|7|212|E2105|120|167|0|9|0|19|0|252|0|76|0|6|2|13|0|0|0|0|39|583|2024|4|25|14|5|28|4|N
21|5|2246|C|3|0|U|738|180|7|212|E2105|121|132|35|0|48|4|8|115|18|14|3|1|1|40|41|1|0|0|31|492|2024|4|25|15|1|1|4|N
9|19|555|B|1|0|U|585|3|30|67|E0919|63|33|11|34|0|14|14|99|13|16|13|1|0|67|33|1|0|0|18|367|2024|4|25|14|10|22|4|N
9|19|571|B|1|0|U|634|3|30|67|E0919|54|134|2|18|0|10|2|63|19|15|5|2|1|59|6|1|0|0|8|345|2024|4|25|15|25|37|4|N
9|19|578|B|1|0|U|398|3|30|67|E0919|42|98|4|14|7|19|9|43|32|13|11|2|1|8|13|0|0|0|13|287|2024|4|25|14|3|56|4|N
9|19|2386|B|1|0|U|725|7|24|67|E0919|132|83|0|20|11|0|24|73|40|37|7|2|0|38|23|13|0|0|19|390|2024|4|25|15|23|22|4|N
9|19|2394|B|1|0|U|641|7|24|67|E0919|147|126|2|15|10|11|17|48|43|5|24|3|0|26|1|4|0|0|17|352|2024|4|25|14|5|13|4|N
9|19|2411|B|1|0|U|489|7|24|67|E0919|140|105|14|26|0|13|8|19|49|25|14|3|3|68|23|0|0|0|6|376|2024|4|25|14|4|9|4|N
9|19|2424|B|1|0|U|547|7|24|67|E0919|113|53|0|8|0|12|0|29|29|11|7|1|0|28|2|0|0|0|9|189|2024|4|25|14|6|40|4|N
9|19|2448|C|1|0|U|542|7|24|67|E0919|118|95|0|7|24|8|0|54|30|18|20|3|3|62|44|5|0|0|9|382|2024|4|25|15|18|7|4|N
1|1|380|B|1|0|M|678|3|8|1|E0101|21|15|225|7|35|37|63|44|0|0|0|0|1|0|0|1|0|0|40|468|2024|4|25|15|52|35|4|N
1|1|400|B|1|0|M|575|5|4|1|E0101|41|8|143|0|3|48|137|0|0|0|0|0|0|12|0|0|0|0|70|421|2024|4|25|15|38|50|4|N
1|1|403|C|4|0|U|679|5|4|1|E0101|42|74|0|20|0|48|181|8|0|0|0|0|1|8|0|0|0|2|72|414|2024|4|25|15|50|52|4|N
1|1|447|B|1|0|U|612|7|1|1|E0101|88|33|131|0|9|29|0|0|2|0|2|0|0|0|0|0|0|0|42|248|2024|4|25|15|25|39|4|N
9|7|1204|B|1|0|U|622|5|6|55|E0907|115|118|0|3|0|29|6|37|28|0|2|0|0|4|0|0|0|3|36|266|2024|4|25|15|18|56|4|N
9|7|1340|C|1|0|U|507|5|4|55|E0907|30|30|14|13|1|34|17|108|43|12|10|1|1|61|12|3|0|0|4|364|2024|4|25|15|36|20|4|N
9|7|1346|C|1|0|U|613|5|4|55|E0907|30|22|0|0|29|0|16|76|73|22|12|2|0|0|0|0|0|0|11|263|2024|4|25|15|36|20|4|N
9|7|1388|C|1|0|U|527|5|4|55|E0907|54|53|172|0|7|5|16|0|23|0|8|0|1|6|0|0|0|0|14|305|2024|4|25|15|4|29|4|N
9|7|1577|B|1|0|U|748|5|6|55|E0907|96|110|163|10|7|11|23|54|17|2|5|0|0|1|0|0|0|2|14|419|2024|4|25|15|23|26|4|N
9|7|1631|B|1|0|U|737|5|6|55|E0907|153|95|7|7|14|26|14|64|64|26|1|3|2|8|35|0|0|0|11|377|2024|4|25|15|40|51|4|N
9|7|1635|B|1|0|U|505|5|6|55|E0907|149|46|98|0|2|0|14|40|17|4|0|0|0|0|3|0|0|1|1|226|2024|4|25|15|39|38|4|N
9|7|5539|C|1|0|U|653|5|4|55|E0907|24|64|94|27|16|0|5|26|92|0|6|6|0|15|18|0|0|0|47|416|2024|4|25|15|35|37|1|N
9|7|5574|B|1|0|U|604|5|6|55|E0907|101|7|0|1|0|1|1|9|3|0|0|0|0|1|0|0|0|0|1|24|2024|4|25|15|19|5|4|N
15|38|235|C|3|0|U|653|11|39|162|E1538|13|0|110|31|23|13|0|178|10|0|4|0|2|26|69|3|0|1|0|470|2024|4|25|15|22|48|4|N
15|38|236|C|4|0|M|599|11|39|162|E1538|14|83|0|18|47|0|49|179|0|10|6|4|0|15|0|1|0|0|6|418|2024|4|25|15|17|9|4|N
15|38|240|B|1|0|U|672|11|39|162|E1538|6|31|33|44|37|9|0|140|3|46|9|8|3|0|20|2|0|1|1|387|2024|4|25|15|5|59|4|N
15|38|1148|C|3|0|U|659|31|23|162|E1538|21|76|48|0|7|10|6|151|8|33|1|2|0|0|4|2|0|1|15|364|2024|4|25|15|30|55|4|N
15|38|4627|C|1|0|U|662|100|23|162|E1538|43|0|112|19|9|6|25|172|9|56|2|4|2|0|3|0|0|0|13|432|2024|4|25|15|34|42|4|N
15|38|4628|C|6|0|M|694|100|23|162|E1538|32|18|132|29|5|0|32|91|32|0|10|0|4|0|57|0|0|1|42|453|2024|4|25|15|11|8|4|N
15|38|4653|B|1|0|U|749|100|23|162|E1538|59|84|30|132|3|3|26|246|37|0|16|0|2|0|0|3|0|7|45|634|2024|4|25|15|19|7|4|N
15|38|4653|C|2|0|U|748|100|23|162|E1538|59|189|0|16|12|0|57|174|14|16|0|0|5|39|0|0|0|2|5|529|2024|4|25|15|19|8|4|N
15|38|4653|C|4|0|U|748|100|23|162|E1538|59|23|40|0|18|0|2|189|0|51|8|0|2|0|94|0|0|2|5|434|2024|4|25|15|19|8|4|N
15|38|4662|C|4|0|M|703|100|23|162|E1538|105|86|54|0|0|0|18|146|19|0|0|8|1|0|0|0|0|0|20|352|2024|4|25|15|5|54|4|N
15|38|4668|C|2|0|U|669|100|23|162|E1538|95|17|23|17|17|0|0|60|1|12|0|0|0|9|27|0|0|0|7|190|2024|4|25|15|5|15|4|N
15|38|4672|B|1|0|M|566|100|23|162|E1538|81|0|56|0|33|0|36|226|48|0|0|17|0|0|4|2|0|0|44|466|2024|4|25|15|13|49|4|N
15|38|4676|B|1|0|M|744|100|23|162|E1538|86|100|9|18|9|11|10|181|12|21|4|0|0|10|45|1|0|1|25|457|2024|4|25|15|12|13|4|N
14|12|2455|E|1|0|M|681|98|12|116|E1412|71|70|5|98|15|30|12|66|5|19|3|0|2|7|18|0|0|0|18|368|2024|4|25|15|34|46|1|N
14|12|3220|C|1|0|U|506|120|12|116|E1412|39|16|52|49|2|14|0|49|2|12|1|1|1|4|0|2|0|0|3|208|2024|4|25|14|15|23|4|N
14|12|3468|C|5|0|M|741|98|12|116|E1412|91|26|162|79|14|48|0|64|10|35|3|4|2|0|26|3|0|0|28|504|2024|4|25|12|11|8|4|N
14|12|3468|C|6|0|M|740|98|12|116|E1412|91|37|101|80|9|18|16|28|10|37|0|3|0|21|79|3|0|0|25|467|2024|4|25|12|16|10|4|N
14|12|3636|C|1|0|U|669|120|12|116|E1412|22|32|149|102|7|26|6|118|0|50|4|8|4|13|2|0|0|2|6|529|2024|4|25|15|38|22|4|N
14|12|3679|C|1|0|R|557|98|12|116|E1412|99|33|168|0|3|25|9|25|4|3|1|0|2|6|0|0|0|3|3|285|2024|4|25|15|43|36|1|N
3|1|3|B|1|0|U|591|1|10|13|E0301|50|0|0|0|14|46|0|106|14|0|12|0|2|52|0|0|0|0|8|254|2024|4|25|15|21|52|4|N
3|1|27|B|1|0|U|489|1|10|13|E0301|47|0|78|5|5|0|12|101|12|0|3|0|0|0|0|0|0|0|32|248|2024|4|25|15|36|48|1|N
3|1|122|C|1|0|U|378|3|2|13|E0301|77|0|6|0|6|0|2|6|0|0|0|0|0|4|0|0|0|0|6|30|2024|4|25|15|1|43|4|N
3|1|151|B|1|0|U|667|3|2|13|E0301|88|0|0|0|11|35|0|0|57|0|2|0|4|52|0|0|0|0|168|329|2024|4|25|13|56|7|4|N
3|1|168|B|1|0|U|494|3|2|13|E0301|86|2|66|0|6|0|0|69|13|0|2|1|0|0|0|0|0|1|31|191|2024|4|25|13|47|47|4|N
3|1|278|B|1|0|R|539|3|6|13|E0301|160|45|20|0|17|28|1|78|24|0|6|0|0|5|0|0|0|0|58|282|2024|4|25|15|44|37|1|N
3|1|466|B|1|0|U|483|3|3|13|E0301|124|0|149|6|7|0|0|98|3|0|4|2|1|6|0|0|0|0|23|299|2024|4|25|15|18|27|1|N
3|1|478|C|1|0|U|471|3|4|13|E0301|136|0|134|19|0|10|21|55|11|0|8|0|0|0|0|0|0|0|52|310|2024|4|25|15|9|11|4|N
4|1|135|C|1|0|R|484|1|6|15|E0401|84|19|76|8|6|0|7|51|9|19|5|0|1|0|28|1|7|0|0|237|2024|4|25|15|10|59|1|N
4|1|381|C|1|0|M|693|6|18|15|E0401|131|0|40|3|0|10|0|182|19|32|4|0|2|4|53|5|9|0|7|370|2024|4|25|15|15|18|4|N
4|1|381|C|2|0|M|692|6|18|15|E0401|131|71|0|15|0|30|0|91|14|79|0|1|4|0|82|1|10|1|22|421|2024|4|25|15|19|28|4|N
4|1|414|B|1|0|R|313|11|21|15|E0401|147|77|0|2|0|0|10|40|1|26|0|0|0|3|14|0|8|0|6|187|2024|4|25|15|38|28|4|N
4|1|416|B|1|0|R|227|11|21|15|E0401|151|0|39|0|0|23|8|4|12|0|2|0|0|0|0|4|6|0|20|118|2024|4|25|15|14|1|4|N
14|20|2030|C|8|0|U|709|72|20|124|E1420|55|25|8|80|7|5|0|264|0|38|0|0|0|6|59|2|0|0|75|569|2024|4|25|13|5|46|4|N
14|20|2046|C|2|0|U|632|72|20|124|E1420|64|2|96|57|4|22|0|211|0|20|2|0|0|8|8|0|0|2|54|486|2024|4|25|15|49|59|1|N
14|20|2048|C|2|0|M|661|72|20|124|E1420|66|10|0|77|1|0|29|239|7|40|2|0|1|7|2|0|0|0|3|418|2024|4|25|15|31|9|1|N
14|20|2695|C|9|0|M|697|102|20|124|E1420|15|53|0|1|17|27|51|183|23|26|0|0|7|3|56|1|0|0|58|506|2024|4|25|15|40|18|1|N
14|20|2695|E|2|3|M|687|102|20|124|E1420|42|8|103|19|3|8|39|120|7|7|0|2|2|7|0|1|0|1|21|348|2024|4|25|15|45|41|1|N
14|20|2695|E|3|0|M|731|102|20|124|E1420|19|34|166|7|7|0|4|282|0|21|0|0|0|1|12|0|0|1|15|550|2024|4|25|14|11|8|1|N
14|20|2717|E|1|0|U|379|102|20|124|E1420|39|42|0|0|0|8|0|111|0|35|2|0|0|1|20|0|0|0|20|239|2024|4|25|15|16|58|4|N
14|20|2718|C|4|0|U|619|102|20|124|E1420|4|0|0|0|2|7|14|320|4|23|0|0|0|5|30|2|0|1|39|447|2024|4|25|14|15|3|1|N
14|20|2719|C|1|0|U|750|102|20|124|E1420|1|0|0|0|3|26|0|374|18|40|0|0|0|20|0|0|0|0|84|565|2024|4|25|14|4|28|4|N
14|20|2721|B|1|0|U|722|102|20|124|E1420|27|9|67|18|2|7|0|171|10|10|0|0|1|3|8|0|0|2|42|350|2024|4|25|15|33|58|4|N
14|20|2723|C|5|0|U|742|102|20|124|E1420|41|100|0|0|0|31|49|222|14|33|1|2|0|17|12|0|0|0|50|531|2024|4|25|15|17|17|4|N
14|20|2726|C|2|0|M|646|102|20|124|E1420|25|30|145|27|0|18|10|150|1|7|1|0|1|1|24|0|0|0|20|435|2024|4|25|15|50|17|4|N
31|3|308|C|6|0|U|712|50|8|293|E3103|2|173|0|4|2|0|1|166|12|16|0|3|0|6|11|0|0|0|9|403|2024|4|25|15|12|44|4|N
31|3|371|C|1|0|U|412|50|1|293|E3103|10|54|17|6|0|64|23|0|0|7|2|2|0|5|66|1|0|1|0|248|2024|4|25|15|27|35|4|N
31|3|380|B|1|0|U|652|50|1|293|E3103|12|0|0|11|43|0|24|183|0|68|0|0|2|20|43|4|0|0|0|398|2024|4|25|15|1|28|4|N
31|3|499|B|1|0|U|480|50|1|293|E3103|74|158|0|2|5|14|29|0|0|24|3|1|2|9|0|0|0|0|15|262|2024|4|25|15|34|43|4|N
31|3|596|C|1|0|U|530|50|1|293|E3103|48|0|0|6|0|15|0|279|6|29|0|0|0|1|15|0|0|0|3|354|2024|4|25|15|44|10|4|N
31|3|626|C|1|0|U|675|50|6|293|E3103|101|168|6|14|9|0|0|99|0|24|0|0|0|6|76|0|0|0|0|402|2024|4|25|15|42|17|4|N
27|1|27|B|1|0|M|467|1|21|255|E2701|15|20|58|0|0|2|0|0|54|44|51|0|0|0|0|0|0|1|5|235|2024|4|25|15|25|9|4|N
27|1|847|B|1|0|U|510|11|14|255|E2701|35|35|4|1|2|0|7|54|24|15|23|1|0|0|0|0|0|0|17|183|2024|4|25|15|19|47|4|N
27|1|874|S|1|0|U|0|12|16|255|E2701|48|256|0|0|3|10|0|95|34|43|59|0|0|0|0|0|0|1|17|518|2024|4|25|15|23|19|4|N
27|1|935|C|1|0|M|595|12|16|255|E2701|88|30|19|1|4|0|0|79|56|5|38|0|0|0|0|0|0|0|33|265|2024|4|25|15|46|34|1|N
27|1|935|C|2|0|M|595|12|16|255|E2701|88|142|2|0|14|0|5|47|16|11|24|0|0|0|0|0|0|0|7|268|2024|4|25|15|50|2|1|N
5|8|57|C|7|0|M|708|4|12|24|E0508|2|36|24|3|10|16|2|281|9|0|0|1|0|12|17|0|0|0|4|415|2024|4|25|15|34|12|1|N
5|8|61|B|1|0|R|299|4|12|24|E0508|5|9|36|3|4|0|0|124|7|0|0|0|0|5|10|0|0|0|8|206|2024|4|25|15|40|52|1|N
5|8|259|C|2|0|U|657|17|7|24|E0508|51|17|88|0|10|0|11|188|0|0|1|0|0|1|17|0|0|11|1|345|2024|4|25|15|26|16|1|N
5|8|265|C|5|0|U|687|17|7|24|E0508|43|0|230|0|1|0|7|191|0|8|2|2|0|3|48|0|0|1|13|506|2024|4|25|15|11|25|4|N
5|8|555|B|1|0|U|649|24|12|24|E0508|62|22|114|6|7|38|6|121|7|16|2|0|0|6|32|0|0|0|0|377|2024|4|25|15|38|44|1|N
5|8|652|C|8|0|U|715|27|12|24|E0508|91|31|81|11|9|1|7|170|0|15|3|1|0|5|18|0|0|0|22|374|2024|4|25|15|48|58|4|N
5|8|661|C|3|0|U|688|27|12|24|E0508|81|15|111|1|0|17|4|215|4|28|0|4|0|5|0|0|0|0|23|427|2024|4|25|14|17|34|4|N
5|8|1718|B|1|0|U|743|27|12|24|E0508|93|14|165|17|5|10|1|210|0|0|0|2|0|5|0|1|0|2|0|432|2024|4|25|11|20|51|4|N
9|9|3673|C|2|0|U|682|11|8|57|E0909|53|80|53|10|11|15|5|47|25|9|8|5|1|16|13|2|0|2|10|312|2024|4|25|14|13|31|4|N
9|9|3697|C|1|0|U|604|11|8|57|E0909|82|118|66|16|0|5|9|30|75|21|0|2|0|16|0|0|0|0|28|386|2024|4|25|15|23|27|4|N
9|9|3716|C|3|0|U|685|11|7|57|E0909|116|72|75|10|22|2|16|71|26|24|13|1|0|24|15|4|0|1|9|385|2024|4|25|15|20|47|1|N
9|9|3716|C|6|0|U|684|11|7|57|E0909|116|91|72|10|34|24|30|10|46|25|6|0|0|34|11|1|0|1|5|400|2024|4|25|15|23|32|1|N
9|9|3721|B|1|0|U|633|11|7|57|E0909|113|0|98|15|39|13|27|64|49|41|20|3|7|69|36|0|0|1|0|482|2024|4|25|15|35|28|4|N
9|9|3725|B|1|0|M|627|11|7|57|E0909|128|113|78|5|33|22|30|6|39|11|9|0|3|0|14|0|0|0|0|363|2024|4|25|15|32|3|1|N
9|9|3727|C|2|0|U|506|11|7|57|E0909|125|31|78|14|37|18|23|24|42|40|11|7|0|54|10|0|0|0|3|392|2024|4|25|15|1|11|4|N
32|2|612|C|1|0|U|538|20|10|298|E3202|2|0|128|2|0|0|66|83|6|0|0|0|0|2|39|0|0|0|49|375|2024|4|25|14|5|33|4|N
32|2|617|C|2|0|U|714|20|10|298|E3202|4|30|189|9|0|0|67|0|0|0|4|1|1|0|112|0|0|0|20|433|2024|4|25|14|13|42|4|N
32|2|787|C|1|0|R|524|24|13|298|E3202|77|0|0|6|0|0|21|98|0|88|0|0|0|1|48|0|0|1|7|270|2024|4|25|15|25|9|2|N
32|2|968|B|1|0|U|709|34|15|298|E3202|145|0|218|6|22|0|10|0|0|0|5|0|0|0|111|3|0|1|41|417|2024|4|25|10|48|5|4|N
32|2|1040|B|1|0|U|449|36|11|298|E3202|92|64|56|8|10|0|12|2|14|0|1|1|0|0|76|0|0|0|14|258|2024|4|25|15|49|29|4|N
16|7|388|B|1|0|U|625|25|5|171|E1607|28|236|0|21|0|32|69|0|21|0|12|1|0|0|0|0|0|0|0|392|2024|4|25|15|50|49|4|N
16|7|758|C|1|0|U|583|46|2|171|E1607|46|146|113|1|47|10|17|0|0|0|12|3|0|0|0|4|0|3|77|433|2024|4|25|15|29|34|4|N
16|7|1412|B|1|0|U|479|64|2|171|E1607|68|0|174|2|0|10|0|42|11|0|10|3|0|7|0|2|0|0|23|284|2024|4|25|15|15|29|4|N
9|15|4299|C|1|0|U|661|14|17|63|E0915|29|137|25|15|28|17|24|63|18|0|10|6|3|52|35|0|0|0|4|437|2024|4|25|15|1|15|4|N
9|15|4315|B|1|0|U|728|14|17|63|E0915|63|15|82|0|16|13|34|121|26|7|10|7|1|48|56|6|0|1|8|451|2024|4|25|15|13|30|4|N
9|15|4370|C|1|0|U|606|14|18|63|E0915|98|114|119|0|24|0|33|36|53|12|18|2|6|5|34|0|0|1|13|470|2024|4|25|15|51|12|1|N
9|15|4461|C|1|0|U|664|14|18|63|E0915|113|112|45|8|15|7|19|26|23|2|1|2|0|36|0|2|0|1|3|302|2024|4|25|14|7|55|4|N
19|2|78|C|1|0|U|546|6|16|185|E1902|61|75|39|12|39|0|14|136|0|0|11|3|1|0|0|0|0|0|33|363|2024|4|25|15|24|7|4|N
19|2|100|C|1|0|U|584|6|16|185|E1902|54|54|29|5|16|3|21|72|0|0|3|0|1|7|0|0|0|0|21|232|2024|4|25|15|35|29|4|N
19|2|102|E|1|3|U|725|6|16|185|E1902|70|39|107|2|0|0|4|229|0|0|24|1|0|39|0|0|0|1|39|485|2024|4|25|15|47|34|1|N
19|2|2430|C|1|0|U|520|6|16|185|E1902|38|11|113|0|0|0|0|0|0|0|0|0|0|0|0|0|0|0|0|124|2024|4|25|15|29|53|1|N
19|2|2454|B|1|0|U|631|6|5|185|E1902|5|82|18|0|79|19|0|109|0|0|0|0|0|19|0|0|0|0|37|363|2024|4|25|15|20|5|4|N
11|12|343|C|1|0|U|739|7|16|86|E1112|25|39|39|0|15|34|48|115|11|15|3|1|0|3|2|0|0|0|19|344|2024|4|25|13|37|17|4|N
11|12|375|C|1|0|U|582|7|15|86|E1112|54|25|198|0|3|0|33|24|4|13|1|0|1|3|0|0|0|0|10|315|2024|4|25|14|9|44|4|N
11|12|414|C|1|0|U|467|7|15|86|E1112|62|26|59|3|0|6|14|97|7|8|1|0|0|4|5|2|0|0|16|248|2024|4|25|13|57|47|4|N
11|12|475|C|1|0|U|618|7|15|86|E1112|84|37|144|0|0|0|4|0|2|18|2|0|0|17|10|1|0|0|19|254|2024|4|25|15|26|11|1|N
11|12|479|B|1|0|U|616|7|15|86|E1112|79|8|179|4|7|0|38|108|0|11|0|0|0|1|25|0|0|1|2|384|2024|4|25|15|13|33|4|N
11|12|3254|C|2|0|U|687|7|16|86|E1112|11|66|106|19|0|0|89|0|24|41|0|3|4|0|14|0|0|3|14|383|2024|4|25|14|10|15|4|N
7|12|1268|B|1|0|U|560|90|19|38|E0712|37|30|138|0|2|7|17|179|41|0|0|0|0|0|0|0|0|2|25|441|2024|4|25|15|5|15|4|N
7|12|1331|B|1|0|U|525|90|19|38|E0712|79|37|95|0|0|31|2|83|0|0|7|1|0|0|0|0|0|0|33|289|2024|4|25|15|34|55|1|N
7|12|1336|B|1|0|U|620|90|19|38|E0712|73|41|109|6|9|26|1|178|37|0|0|1|0|0|0|0|0|1|31|440|2024|4|25|15|9|41|4|N
7|12|1386|C|3|0|R|707|90|19|38|E0712|86|45|115|0|3|0|19|136|3|0|7|0|0|0|0|0|0|2|0|330|2024|4|25|15|38|34|1|N
7|12|1990|C|1|0|U|520|90|19|38|E0712|106|7|41|0|12|0|3|113|0|0|5|3|0|0|0|0|0|0|32|216|2024|4|25|15|14|39|4|N
7|12|1996|C|1|0|U|575|90|19|38|E0712|90|13|61|0|9|15|17|146|11|0|2|1|0|0|0|0|0|0|37|312|2024|4|25|15|46|54|1|N
9|1|833|C|1|0|U|697|5|1|49|E0901|3|92|22|25|53|17|11|22|26|16|0|2|1|154|0|6|0|1|5|453|2024|4|25|15|21|49|4|N
9|1|840|C|2|0|U|521|5|1|49|E0901|89|134|0|12|5|24|12|41|17|10|0|1|0|48|17|0|0|0|0|321|2024|4|25|12|30|39|4|N
9|1|893|C|1|0|U|593|5|1|49|E0901|27|62|0|11|14|10|8|50|70|0|4|1|3|107|7|2|0|0|0|349|2024|4|25|14|17|9|4|N
9|1|901|B|1|0|U|744|5|1|49|E0901|67|154|0|8|11|4|12|65|64|0|0|0|1|75|7|0|0|0|10|411|2024|4|25|15|10|55|4|N
9|1|909|B|1|0|U|590|5|1|49|E0901|30|99|0|17|22|22|6|27|0|0|0|5|0|82|7|4|0|1|19|311|2024|4|25|14|12|13|4|N
9|1|916|C|1|0|U|675|5|1|49|E0901|61|118|0|27|19|4|8|89|10|0|12|1|8|74|22|1|0|1|15|409|2024|4|25|15|37|8|4|N
9|1|935|B|1|0|U|562|5|1|49|E0901|40|120|25|22|27|19|0|33|68|0|2|0|7|92|4|6|0|0|15|440|2024|4|25|14|16|52|4|N
9|1|948|B|1|0|U|543|5|1|49|E0901|49|68|0|22|39|11|8|83|28|5|7|5|4|52|9|0|0|0|13|354|2024|4|25|15|3|8|4|N
9|1|1006|B|1|0|U|484|5|2|49|E0901|106|69|0|10|31|24|14|8|61|22|0|2|1|72|5|0|0|0|7|326|2024|4|25|15|22|58|4|N
9|1|1022|C|1|0|U|417|5|2|49|E0901|111|62|26|8|4|12|4|30|34|4|0|1|0|29|7|1|0|0|15|237|2024|4|25|15|25|54|4|N
9|1|1056|C|2|0|U|532|5|2|49|E0901|139|66|8|8|22|3|4|43|41|6|4|0|0|21|3|0|0|0|12|241|2024|4|25|15|31|28|4|N
9|1|5562|C|2|0|U|711|5|2|49|E0901|117|236|0|24|34|21|9|25|49|0|1|1|0|106|18|0|0|0|3|527|2024|4|25|14|17|2|4|N
9|1|5563|C|2|0|U|724|5|2|49|E0901|118|75|42|13|36|22|12|27|54|18|0|2|0|49|5|1|0|0|2|358|2024|4|25|14|3|52|4|N
15|29|3081|B|1|0|U|416|60|25|153|E1529|1|66|52|3|2|7|10|109|18|18|0|0|0|0|0|0|0|0|9|294|2024|4|25|14|16|57|4|N
15|29|3254|C|1|0|U|484|60|24|153|E1529|104|70|84|0|2|6|38|111|12|0|2|2|0|0|0|0|0|0|13|340|2024|4|25|15|14|4|4|N
15|29|3260|C|1|0|U|507|60|24|153|E1529|107|98|2|9|0|0|10|91|29|0|8|1|0|0|0|0|0|1|10|259|2024|4|25|14|5|42|4|N
15|29|3274|C|1|0|U|454|60|24|153|E1529|110|32|29|4|3|1|48|100|21|12|0|1|0|0|0|0|0|0|9|260|2024|4|25|15|42|20|1|N
15|29|3285|C|1|0|U|667|60|25|153|E1529|70|125|115|7|0|0|6|90|12|37|8|0|0|0|0|0|0|1|3|404|2024|4|25|15|45|40|1|N
15|29|3312|B|1|0|U|573|60|25|153|E1529|98|75|37|1|5|6|11|61|5|10|2|0|0|0|0|0|0|0|1|214|2024|4|25|14|2|34|4|N
15|29|3342|C|1|0|U|616|60|25|153|E1529|130|104|64|7|0|8|4|137|9|15|2|0|0|0|0|0|0|2|8|360|2024|4|25|14|2|25|4|N
15|29|3346|C|1|0|U|467|60|25|153|E1529|57|78|83|0|10|10|12|120|12|8|3|0|0|0|0|0|0|1|2|339|2024|4|25|15|23|27|4|N
15|29|3348|C|1|0|U|411|60|25|153|E1529|56|95|73|3|0|6|0|49|5|28|0|2|0|0|0|0|0|0|6|267|2024|4|25|14|5|54|4|N
15|29|3377|C|1|0|U|477|60|24|153|E1529|116|86|87|8|1|10|9|68|8|30|0|3|0|0|0|0|0|1|0|311|2024|4|25|14|17|24|4|N
15|29|3406|C|1|0|U|465|60|25|153|E1529|43|51|52|0|0|7|0|95|2|3|3|0|0|0|0|0|0|0|7|220|2024|4|25|14|2|53|4|N
15|29|3424|C|1|0|U|509|60|25|153|E1529|138|87|75|0|1|22|51|37|13|35|0|1|0|0|0|0|0|0|12|334|2024|4|25|14|8|39|4|N
15|29|3427|B|1|0|U|725|60|24|153|E1529|157|135|0|1|0|1|0|245|16|0|0|18|0|0|0|0|0|1|13|430|2024|4|25|14|11|18|4|N
19|3|438|C|1|0|U|601|21|17|186|E1903|53|19|233|0|0|1|9|37|0|6|0|0|1|0|7|1|0|2|8|324|2024|4|25|15|44|55|4|N
19|3|465|B|1|0|U|435|21|17|186|E1903|76|25|132|0|0|7|18|31|8|3|2|2|1|3|14|0|0|1|4|251|2024|4|25|15|26|50|4|N
19|3|2146|B|1|0|U|738|21|25|186|E1903|35|27|157|1|38|12|9|114|0|17|0|0|0|2|27|0|0|2|13|419|2024|4|25|15|26|18|1|N
19|3|2152|B|1|0|U|498|21|25|186|E1903|28|0|173|5|0|0|33|37|5|5|1|0|1|0|23|0|0|0|5|288|2024|4|25|14|4|26|4|N
19|3|2821|B|1|0|U|594|21|25|186|E1903|7|12|251|0|0|1|15|59|4|7|0|1|0|1|11|1|0|1|6|370|2024|4|25|15|11|27|4|N
19|3|2985|B|1|0|U|681|21|17|186|E1903|114|13|234|0|3|6|8|14|0|6|4|1|1|5|15|0|0|0|5|315|2024|4|25|15|39|21|1|N
12|4|23|B|1|0|U|543|1|4|93|E1204|23|47|23|0|2|12|36|154|17|0|0|1|0|16|0|0|0|0|28|336|2024|4|25|14|9|56|4|N
12|4|26|B|1|0|U|582|1|4|93|E1204|22|40|6|6|0|2|38|159|4|0|6|0|0|7|0|1|0|0|17|286|2024|4|25|15|2|14|4|N
12|4|30|C|1|0|U|585|1|4|93|E1204|20|133|11|0|3|8|69|93|0|0|5|1|0|4|0|1|0|0|50|378|2024|4|25|13|29|46|4|N
12|4|32|C|1|0|U|481|1|4|93|E1204|32|23|0|0|9|7|42|138|0|0|7|2|0|6|0|0|0|0|21|255|2024|4|25|13|9|15|4|N
12|4|33|C|2|0|U|577|1|4|93|E1204|32|133|1|18|0|19|108|0|0|0|15|0|0|4|0|0|0|1|45|344|2024|4|25|13|12|33|4|N
12|4|45|C|1|0|U|483|1|4|93|E1204|35|44|26|0|3|3|40|153|11|0|6|2|0|2|0|1|0|0|16|307|2024|4|25|12|7|17|4|N
12|4|90|B|1|0|U|419|1|4|93|E1204|43|163|0|0|17|18|10|48|0|0|3|4|0|0|0|0|0|1|33|297|2024|4|25|14|6|5|4|N
12|4|98|S|1|0|U|0|1|4|93|E1204|48|147|0|21|0|30|38|264|0|0|6|0|0|31|0|4|0|0|36|577|2024|4|25|15|20|5|4|N
9|6|3006|C|1|0|U|453|8|33|54|E0906|68|96|19|0|9|12|2|105|25|16|8|1|2|19|0|0|0|1|3|318|2024|4|25|14|4|2|4|N
9|6|3014|C|2|0|U|593|8|33|54|E0906|79|99|58|5|11|4|0|113|33|8|3|4|3|0|25|0|0|0|5|371|2024|4|25|14|5|20|4|N
9|6|3032|C|2|0|U|540|8|33|54|E0906|130|172|0|0|14|0|0|81|48|20|11|0|0|0|42|0|0|1|6|395|2024|4|25|15|21|23|4|N
9|6|3069|C|1|0|U|565|8|33|54|E0906|100|72|33|13|13|7|2|38|72|31|3|0|1|34|3|0|0|0|1|323|2024|4|25|15|44|17|4|N
9|6|3226|C|1|0|U|486|10|23|54|E0906|60|87|0|0|7|6|1|72|1|10|4|0|0|0|2|2|0|0|7|199|2024|4|25|15|28|10|4|N
9|6|3553|B|1|0|U|701|10|23|54|E0906|37|154|38|11|17|8|0|103|10|33|19|4|0|23|0|5|0|0|9|434|2024|4|25|15|12|14|4|N
9|6|3593|B|1|0|U|696|10|23|54|E0906|1|181|0|4|24|6|2|138|10|26|17|0|0|15|10|0|0|0|0|433|2024|4|25|14|6|40|4|N
14|3|2367|C|2|0|M|592|94|3|107|E1403|137|43|173|36|36|7|0|20|0|28|0|2|0|0|0|0|0|0|6|351|2024|4|25|14|11|53|4|N
14|3|2759|C|1|0|R|618|106|3|107|E1403|52|26|215|39|9|9|0|43|0|0|0|2|0|0|0|0|0|0|4|347|2024|4|25|15|12|3|4|N
14|3|2823|B|1|0|R|343|112|3|107|E1403|119|20|57|5|8|7|18|88|3|0|1|0|0|0|0|0|0|0|5|212|2024|4|25|14|9|10|1|N
14|3|2871|C|3|0|M|616|118|3|107|E1403|135|34|199|11|0|0|11|149|4|5|1|0|0|0|0|0|0|1|8|423|2024|4|25|11|2|6|4|N
14|3|3309|C|1|0|R|710|124|3|107|E1403|45|75|78|14|0|9|44|145|5|19|0|0|0|0|0|0|0|0|4|393|2024|4|25|14|17|11|4|N
2|4|1156|C|2|0|U|674|4|8|7|E0204|23|54|66|7|36|12|15|82|10|14|7|5|0|0|0|0|0|0|4|312|2024|4|25|14|4|9|4|N
2|4|1380|B|1|0|U|579|4|8|7|E0204|27|37|209|0|35|0|17|27|13|2|4|1|0|0|0|0|0|0|0|345|2024|4|25|13|26|33|4|N
2|4|1395|C|1|0|U|480|4|7|7|E0204|58|20|118|5|10|5|3|34|2|10|4|0|0|0|0|0|0|1|28|240|2024|4|25|15|16|52|4|N
2|4|1439|C|1|0|U|553|4|6|7|E0204|153|28|181|12|10|0|17|43|2|0|10|3|0|0|0|0|0|1|0|307|2024|4|25|11|47|45|4|N
2|4|1538|B|1|0|U|551|4|7|7|E0204|43|34|162|14|45|9|0|21|26|9|8|1|0|0|0|0|0|0|0|329|2024|4|25|14|14|25|4|N
2|4|1584|B|1|0|U|525|4|7|7|E0204|49|8|127|2|23|1|9|89|9|21|5|0|0|0|0|0|0|0|1|295|2024|4|25|15|51|44|4|N
2|4|1747|B|1|0|U|486|4|6|7|E0204|149|32|98|14|16|17|11|67|6|37|4|1|0|0|0|0|0|1|0|304|2024|4|25|15|31|37|4|N
2|4|1770|B|1|0|U|509|4|14|7|E0204|148|119|115|9|5|0|18|39|14|17|5|2|0|0|0|0|0|0|0|343|2024|4|25|15|7|3|4|N
15|37|655|C|1|0|U|692|23|12|161|E1537|10|85|211|6|24|0|12|0|9|24|3|0|0|18|85|0|0|1|12|490|2024|4|25|15|5|58|4|N
15|37|658|B|1|0|U|677|23|12|161|E1537|14|24|79|1|0|0|3|100|0|3|3|0|0|1|5|0|0|0|6|225|2024|4|25|15|5|31|4|N
15|37|1957|E|1|9|U|693|36|12|161|E1537|20|213|0|2|0|0|0|182|3|28|8|0|0|7|13|0|0|0|34|490|2024|4|25|15|2|42|4|N
15|37|1963|C|7|0|U|688|36|12|161|E1537|46|129|75|0|22|1|8|193|0|20|18|1|0|16|9|1|0|0|20|513|2024|4|25|14|16|22|4|N
15|37|1963|C|10|0|U|688|36|12|161|E1537|47|230|0|0|34|8|0|0|0|25|22|4|0|16|32|0|0|0|10|381|2024|4|25|14|3|55|4|N
15|37|1963|E|1|2|U|583|36|12|161|E1537|48|97|20|0|10|0|10|106|4|23|21|0|0|0|10|1|0|0|35|337|2024|4|25|15|11|22|4|N
15|37|4515|B|1|0|U|692|92|12|161|E1537|87|114|0|4|0|0|0|212|0|7|0|1|0|17|15|0|0|0|9|379|2024|4|25|15|27|35|4|N
15|37|4568|C|4|0|U|742|96|12|161|E1537|93|186|136|0|4|8|11|0|1|0|3|0|0|14|6|0|0|0|28|397|2024|4|25|15|6|2|4|N
15|37|4569|B|1|0|U|574|96|12|161|E1537|94|41|0|2|18|3|7|122|10|17|17|2|1|6|7|0|0|1|15|269|2024|4|25|15|12|56|4|N
15|37|4574|B|1|0|M|573|96|12|161|E1537|94|82|4|1|2|1|0|97|5|6|5|0|0|3|10|0|0|0|16|232|2024|4|25|15|16|3|4|N
15|37|4576|C|1|0|U|640|96|12|161|E1537|104|275|42|4|8|1|28|0|4|31|17|2|0|9|30|0|0|1|0|452|2024|4|25|15|19|45|4|N
15|37|5710|C|1|0|R|642|113|14|161|E1537|127|176|1|0|0|0|19|23|0|4|0|0|0|0|18|1|0|0|7|249|2024|4|25|15|4|24|4|N
15|37|6398|B|1|0|U|679|36|12|161|E1537|63|142|62|0|0|0|14|18|11|37|3|1|0|12|51|0|0|0|16|367|2024|4|25|15|27|9|4|N
15|37|6407|B|1|0|U|645|36|12|161|E1537|63|0|0|0|0|8|2|358|3|30|0|2|1|14|27|0|0|0|4|449|2024|4|25|15|44|51|1|N
15|37|6527|C|1|0|U|686|36|12|161|E1537|37|211|0|0|0|5|3|134|0|28|13|0|1|0|55|1|0|0|28|479|2024|4|25|14|5|21|4|N
2|3|100|B|1|0|U|730|1|16|6|E0203|51|110|128|8|4|8|0|20|3|30|3|3|0|0|0|0|0|1|0|318|2024|4|25|14|6|0|4|N
2|3|165|B|1|0|U|282|1|17|6|E0203|96|47|12|6|8|0|11|39|14|0|3|2|0|0|0|0|0|0|7|149|2024|4|25|14|17|40|4|N
2|3|187|C|1|0|R|728|6|17|6|E0203|113|162|144|9|23|0|6|134|9|3|0|0|0|0|0|0|0|0|6|496|2024|4|25|15|29|16|1|N
2|3|189|E|1|4|M|681|6|17|6|E0203|119|60|120|5|12|9|0|160|17|6|2|1|0|0|0|0|0|0|1|393|2024|4|25|15|35|10|1|N
2|3|1853|B|1|0|U|439|1|17|6|E0203|75|23|125|6|5|1|8|123|2|10|8|2|0|0|0|0|0|0|0|313|2024|4|25|15|36|57|4|N
2|3|1854|B|1|0|U|525|1|16|6|E0203|70|40|84|2|0|12|5|100|14|15|8|0|0|0|0|0|0|0|0|280|2024|4|25|15|25|51|4|N
2|3|1989|B|1|0|U|629|1|17|6|E0203|82|129|118|9|9|3|16|15|0|10|2|1|0|0|0|0|0|0|19|331|2024|4|25|14|8|4|4|N
9|5|4097|C|1|0|U|572|13|19|53|E0905|15|50|46|17|0|0|0|37|30|8|3|1|1|22|3|1|0|1|8|228|2024|4|25|15|23|31|4|N
9|5|5595|B|1|0|U|572|12|16|53|E0905|119|86|0|32|8|11|0|90|45|26|2|0|1|42|0|3|0|0|26|372|2024|4|25|14|15|30|4|N
9|5|5619|C|1|0|U|689|13|19|53|E0905|1|121|47|18|3|5|8|41|27|32|4|5|2|21|3|0|0|1|9|347|2024|4|25|14|13|33|1|N
5|2|140|B|1|0|U|469|9|7|18|E0502|14|16|168|4|0|1|4|141|1|0|3|0|0|3|0|0|0|0|3|344|2024|4|25|14|16|45|4|N
5|2|460|B|1|0|U|633|20|6|18|E0502|81|7|94|2|7|10|9|94|2|0|0|0|1|23|0|1|0|0|22|272|2024|4|25|15|15|12|4|N
5|2|494|B|1|0|U|417|20|6|18|E0502|91|0|191|14|4|0|18|20|21|0|0|3|1|0|0|3|0|3|13|291|2024|4|25|14|5|27|4|N
5|2|1111|C|1|0|U|636|33|4|18|E0502|110|0|100|11|21|33|13|184|6|0|7|0|0|6|0|0|0|0|3|384|2024|4|25|15|29|59|4|N
8|7|152|B|1|0|U|542|10|1|46|E0807|6|43|49|0|9|16|0|58|10|9|7|0|4|9|14|0|0|2|3|233|2024|4|25|15|29|27|4|N
8|7|2332|B|1|0|R|273|47|13|46|E0807|138|56|22|0|7|6|19|0|11|30|3|1|0|5|25|0|0|0|0|185|2024|4|25|15|31|57|4|N
8|7|2346|B|1|0|U|434|48|13|46|E0807|145|33|40|0|8|10|18|69|33|6|4|0|3|0|18|0|0|1|3|246|2024|4|25|15|28|13|4|N
8|7|2387|B|1|0|R|153|48|13|46|E0807|150|0|0|0|0|0|0|0|0|0|0|0|0|0|0|0|0|0|0|0|2024|4|25|15|53|35|1|N
6|2|186|B|1|0|U|559|6|9|26|E0602|3|58|33|0|0|54|13|16|2|11|2|0|0|0|0|0|0|0|40|229|2024|4|25|14|4|31|4|N
6|2|248|E|1|2|U|618|8|12|26|E0602|42|108|74|0|47|19|0|87|0|0|0|0|0|17|21|2|0|1|0|376|2024|4|25|15|28|49|4|N
6|2|274|E|1|0|R|159|9|14|26|E0602|78|50|12|4|2|0|13|13|0|7|4|1|0|3|5|0|0|0|5|119|2024|4|25|15|28|34|4|N
6|2|282|C|1|0|U|688|10|10|26|E0602|95|0|330|20|0|0|0|90|0|0|26|2|0|10|18|0|0|1|0|497|2024|4|25|14|4|3|4|N
6|2|294|B|1|0|U|476|10|10|26|E0602|99|83|123|0|0|54|26|0|10|0|6|0|0|6|0|0|0|0|0|308|2024|4|25|15|37|34|1|N
9|10|4922|B|1|0|U|743|16|13|58|E0910|101|71|31|10|21|15|4|95|25|18|8|7|1|1|74|0|0|1|2|384|2024|4|25|10|59|15|4|N
9|10|5045|C|1|0|U|596|16|5|58|E0910|18|81|31|8|14|22|16|94|2|11|7|5|2|21|46|3|0|1|0|364|2024|4|25|14|16|39|4|N
9|10|5052|B|1|0|U|514|16|5|58|E0910|7|39|28|5|7|7|0|28|0|6|4|3|0|17|4|0|0|0|1|149|2024|4|25|14|14|11|1|N
9|10|5109|C|2|0|U|616|16|5|58|E0910|6|100|46|16|13|15|0|97|5|11|13|3|2|0|22|1|0|0|0|344|2024|4|25|14|4|50|1|N
9|10|5114|C|1|0|U|694|16|5|58|E0910|3|104|62|29|20|22|16|91|0|8|23|3|1|46|46|0|0|1|17|489|2024|4|25|14|10|33|1|N
9|10|5129|B|1|0|U|533|16|5|58|E0910|34|20|124|14|5|10|2|69|27|13|12|0|1|39|29|1|0|0|3|369|2024|4|25|15|17|20|4|N
9|10|5175|B|1|0|U|391|16|13|58|E0910|74|50|45|10|12|17|0|46|14|8|4|0|1|31|24|0|0|0|1|263|2024|4|25|11|14|21|4|N
13|1|347|B|1|0|R|102|20|2|98|E1301|14|32|0|0|2|21|1|0|7|0|0|1|0|0|0|0|0|0|0|64|2024|4|25|15|35|55|1|N
9|12|4559|C|1|0|U|519|15|12|60|E0912|112|11|50|32|66|7|0|67|57|27|17|0|3|0|43|3|0|7|5|395|2024|4|25|15|22|34|1|N
9|12|4560|C|1|0|U|713|15|12|60|E0912|112|52|76|18|15|10|12|8|13|39|3|4|3|27|25|1|0|4|34|344|2024|4|25|15|19|14|1|N
9|12|4578|B|1|0|U|643|15|12|60|E0912|119|57|162|12|46|26|6|0|0|31|14|0|0|6|1|1|0|2|29|393|2024|4|25|15|45|47|4|N
9|12|4621|C|2|0|U|637|15|9|60|E0912|21|107|46|3|5|1|8|32|31|25|11|0|1|10|8|2|0|3|58|351|2024|4|25|14|11|29|1|N
9|12|4622|C|2|0|U|625|15|9|60|E0912|22|72|81|7|22|8|5|46|17|20|5|0|1|10|8|2|0|0|12|316|2024|4|25|14|4|31|4|N
9|12|4626|B|1|0|U|547|15|9|60|E0912|5|67|0|12|24|9|3|38|21|27|9|0|1|12|1|0|0|1|18|243|2024|4|25|14|15|50|4|N
9|12|4702|B|1|0|U|676|15|9|60|E0912|45|118|95|21|42|25|4|18|0|33|6|0|4|32|15|0|0|1|64|478|2024|4|25|15|14|11|1|N
9|12|4703|C|2|0|U|574|15|9|60|E0912|47|88|0|10|37|39|6|56|0|42|6|2|2|3|0|2|0|0|18|311|2024|4|25|14|6|49|4|N
9|12|4800|C|1|0|U|668|15|12|60|E0912|153|95|36|11|11|21|4|73|19|14|11|2|2|13|5|0|0|1|26|344|2024|4|25|15|43|52|1|N
9|12|4809|C|2|0|U|532|15|12|60|E0912|149|36|0|7|23|5|1|64|0|22|6|4|0|6|21|2|0|0|14|211|2024|4|25|15|2|21|4|N
9|12|4819|B|1|0|U|577|15|12|60|E0912|147|105|112|12|30|3|1|41|4|21|3|0|0|17|9|0|0|2|12|372|2024|4|25|15|10|6|4|N
9|12|4907|B|1|0|U|708|15|12|60|E0912|155|73|71|7|32|23|6|53|37|35|9|0|0|17|15|1|0|0|23|402|2024|4|25|14|7|22|4|N
13|3|37|C|2|0|U|698|3|8|100|E1303|4|0|45|11|61|0|72|163|20|0|9|3|0|0|0|0|0|2|103|489|2024|4|25|15|4|27|4|N
13|3|1850|B|1|0|U|484|40|17|100|E1303|129|0|60|0|0|11|39|175|0|0|4|1|0|0|0|0|16|0|54|360|2024|4|25|15|11|51|4|N
11|1|758|C|1|0|U|689|14|1|75|E1101|29|16|155|0|10|0|0|215|1|0|3|0|1|1|0|2|0|0|31|435|2024|4|25|15|9|28|4|N
11|1|2549|C|1|0|U|681|33|2|75|E1101|82|35|183|0|0|0|0|0|0|0|2|2|0|65|0|0|0|2|152|441|2024|4|25|14|3|7|4|N
11|1|2550|B|1|0|U|650|33|2|75|E1101|84|52|148|0|0|0|0|206|0|0|3|5|0|4|0|4|0|0|59|481|2024|4|25|15|17|40|4|N
11|1|2550|C|1|0|U|649|33|2|75|E1101|84|0|16|0|0|0|0|407|9|0|2|0|0|0|0|0|0|0|30|464|2024|4|25|15|17|40|4|N
11|1|2574|B|1|0|R|639|33|2|75|E1101|61|15|108|1|7|0|0|179|0|0|0|1|0|4|0|2|0|1|47|365|2024|4|25|15|18|55|1|N
11|1|2577|B|1|0|R|422|33|2|75|E1101|65|71|8|4|0|0|47|0|22|0|12|0|0|8|0|4|0|2|89|267|2024|4|25|15|37|0|1|N
11|1|2579|B|1|0|M|676|33|2|75|E1101|69|0|58|3|37|0|0|151|0|0|0|2|3|18|0|2|0|1|126|401|2024|4|25|15|41|29|1|N
11|1|2587|B|1|0|U|722|33|2|75|E1101|72|172|0|40|161|0|0|0|7|0|0|0|0|33|0|0|0|0|92|505|2024|4|25|15|49|47|1|N
1|3|56|B|1|0|U|467|1|6|3|E0103|15|34|51|0|5|20|34|53|0|0|0|0|2|0|0|0|0|0|14|213|2024|4|25|14|5|27|4|N
1|3|253|C|1|0|U|430|1|17|3|E0103|75|36|52|0|0|27|28|81|0|0|0|0|1|10|0|0|0|0|48|283|2024|4|25|15|34|18|2|N
1|3|327|C|4|0|M|743|1|10|3|E0103|91|28|0|0|7|28|93|181|0|0|0|0|4|28|0|1|0|4|55|429|2024|4|25|15|16|59|1|N
1|3|621|C|2|0|U|638|1|18|3|E0103|128|0|191|1|0|30|58|103|0|0|0|0|0|7|0|0|0|1|21|412|2024|4|25|15|50|2|1|N
12|1|491|B|1|0|R|127|6|20|90|E1201|19|15|22|0|2|2|1|21|1|0|0|0|0|2|1|0|0|0|1|68|2024|4|25|15|51|10|1|N
12|1|2196|B|1|0|R|584|56|21|90|E1201|158|0|0|0|0|0|0|0|0|0|0|0|0|0|0|0|0|0|0|0|2024|4|25|15|53|0|4|N
2|1|414|B|1|0|U|593|2|3|4|E0201|31|41|58|0|0|10|0|231|14|32|6|1|0|0|0|0|0|1|38|432|2024|4|25|15|43|57|1|N
12|3|612|B|1|0|R|486|11|10|92|E1203|23|37|81|0|0|0|0|123|4|0|3|1|0|14|0|0|0|1|10|274|2024|4|25|15|14|22|4|N
12|3|615|B|1|0|R|184|11|10|92|E1203|23|9|21|2|7|1|0|31|11|0|0|1|1|3|0|0|0|0|14|101|2024|4|25|15|26|26|4|N
12|3|645|B|1|0|M|477|11|10|92|E1203|25|165|33|0|0|14|30|90|2|0|2|1|3|1|0|0|0|3|35|379|2024|4|25|15|35|24|4|N
12|3|650|B|1|0|R|443|11|10|92|E1203|3|65|0|1|4|19|2|89|0|0|0|2|0|0|0|0|0|1|40|223|2024|4|25|14|5|53|4|N
12|3|664|C|1|0|M|495|11|10|92|E1203|3|42|67|8|0|7|0|0|6|0|11|0|0|11|0|0|0|0|8|160|2024|4|25|14|9|13|4|N
12|3|1612|C|1|0|U|664|39|11|92|E1203|76|262|64|0|0|0|11|69|15|0|19|4|0|0|0|0|0|0|33|477|2024|4|25|14|15|19|1|N
12|3|1635|C|1|0|M|646|39|12|92|E1203|106|157|47|0|0|0|0|110|13|0|0|2|0|8|0|0|0|0|18|355|2024|4|25|15|23|32|4|N
12|3|1636|C|2|0|M|546|39|12|92|E1203|95|64|36|5|0|24|0|33|5|0|7|0|0|28|0|0|0|0|28|230|2024|4|25|15|31|59|4|N
12|3|2328|C|1|0|U|434|58|10|92|E1203|144|0|0|53|0|12|34|0|96|0|17|19|0|2|0|2|0|17|65|317|2024|4|25|15|24|2|4|N
17|2|403|C|7|0|U|605|8|9|177|E1702|49|55|159|16|3|4|14|140|13|0|0|1|1|7|0|0|0|1|0|414|2024|4|25|15|3|50|4|N
17|2|409|C|1|0|U|625|8|9|177|E1702|43|24|6|5|4|5|2|176|3|0|0|0|0|1|0|0|0|0|0|226|2024|4|25|15|34|45|1|N
17|2|431|C|2|0|U|543|11|6|177|E1702|131|0|98|1|6|0|5|215|27|0|1|1|0|0|0|1|0|0|0|355|2024|4|25|15|43|18|4|N
17|2|453|C|3|0|U|700|11|6|177|E1702|114|90|39|0|7|5|23|148|47|0|8|7|0|8|0|0|0|1|0|383|2024|4|25|14|1|7|4|N
17|2|498|C|1|0|U|615|11|12|177|E1702|73|90|0|28|0|45|39|101|28|0|0|0|3|45|0|3|0|3|79|464|2024|4|25|14|17|35|4|N
21|11|1208|C|1|0|U|531|115|19|218|E2111|35|22|30|5|0|0|14|35|10|8|2|0|0|10|9|1|0|0|4|150|2024|4|25|15|36|24|4|N
21|11|1219|B|1|0|U|729|115|19|218|E2111|50|98|158|4|34|0|18|91|44|0|9|0|1|0|8|0|0|0|16|481|2024|4|25|15|0|58|4|N
21|11|2862|B|1|0|U|613|115|19|218|E2111|75|40|146|1|12|6|5|42|24|23|1|1|0|2|12|1|0|0|6|322|2024|4|25|15|34|57|4|N
21|11|2863|C|3|0|U|717|115|19|218|E2111|76|145|165|0|12|10|28|78|0|44|3|0|0|0|0|0|0|2|8|495|2024|4|25|15|34|2|4|N
24|7|45|B|1|0|R|508|3|12|240|E2407|7|0|38|8|12|28|37|172|18|0|1|0|1|5|0|1|0|0|0|321|2024|4|25|15|38|55|4|N
24|7|251|B|1|0|U|466|12|12|240|E2407|17|82|123|0|19|8|25|10|16|0|0|0|0|0|0|1|0|0|14|298|2024|4|25|15|4|49|4|N
24|7|378|C|1|0|R|407|14|14|240|E2407|25|0|64|2|9|7|10|139|1|0|4|0|1|0|0|0|0|0|14|251|2024|4|25|15|22|40|4|N
24|7|1343|C|1|0|U|681|37|15|240|E2407|51|0|258|0|4|41|4|158|12|0|16|0|2|0|0|0|0|0|39|534|2024|4|25|15|29|30|4|N
24|7|1368|B|1|0|R|512|37|15|240|E2407|53|84|77|5|8|14|47|149|0|0|9|4|0|0|0|1|0|0|0|398|2024|4|25|15|28|35|4|N
24|7|1382|B|1|0|R|632|37|15|240|E2407|54|150|119|6|0|14|15|98|12|0|0|0|1|6|0|0|0|0|0|421|2024|4|25|15|18|52|1|N
24|7|1432|C|1|0|R|438|39|14|240|E2407|89|74|0|5|1|9|0|138|12|0|1|0|0|0|0|0|0|0|27|267|2024|4|25|15|49|44|1|N
24|7|1484|B|1|0|R|272|41|14|240|E2407|98|0|72|5|3|3|17|61|10|0|4|0|0|0|0|0|0|2|12|189|2024|4|25|15|35|46|1|N
24|7|1705|C|1|0|M|585|54|14|240|E2407|101|0|137|0|16|10|16|128|9|0|4|3|0|0|0|0|0|0|18|341|2024|4|25|15|23|9|4|N
24|7|1723|C|1|0|R|711|54|14|240|E2407|110|109|115|18|7|27|51|150|10|0|0|3|1|6|0|3|0|2|0|502|2024|4|25|15|29|13|1|N
25|2|341|B|1|0|R|382|1|3|242|E2502|29|4|80|0|1|0|60|69|11|0|3|1|0|0|0|0|1|0|34|264|2024|4|25|15|35|52|1|N
25|2|354|C|1|0|U|701|1|4|242|E2502|51|37|56|2|9|0|0|261|0|0|18|0|0|0|0|0|4|0|117|504|2024|4|25|15|27|51|1|N
25|2|354|C|4|0|U|700|1|4|242|E2502|52|73|146|6|10|3|61|39|7|0|5|0|0|0|0|0|5|1|0|356|2024|4|25|14|5|8|4|N
25|2|361|C|1|0|U|468|1|3|242|E2502|26|42|80|0|0|2|53|103|0|0|3|0|0|0|0|0|2|0|22|307|2024|4|25|15|32|36|4|N
25|2|411|C|2|0|M|706|1|3|242|E2502|11|0|365|0|0|0|35|22|0|0|26|3|0|0|0|0|5|0|0|456|2024|4|25|14|16|10|4|N
25|2|3871|C|3|0|U|648|1|4|242|E2502|53|124|71|0|3|0|0|132|7|0|9|0|0|0|0|0|5|1|15|367|2024|4|25|14|2|14|4|N
25|2|3876|B|1|0|U|658|1|4|242|E2502|54|50|95|5|7|6|0|174|0|0|0|0|0|0|0|0|5|0|38|380|2024|4|25|14|14|6|4|N
30|7|452|C|1|0|R|441|24|9|278|E3007|39|0|119|1|0|7|10|23|1|19|1|2|1|44|15|0|0|0|24|267|2024|4|25|15|27|22|1|N
30|7|1834|B|1|0|R|617|88|9|278|E3007|42|83|167|0|8|2|1|77|10|23|8|4|2|36|42|0|0|0|2|465|2024|4|25|15|37|25|1|N
30|7|1837|C|1|0|R|413|88|9|278|E3007|44|38|25|0|7|14|0|75|4|21|2|0|0|16|9|1|0|0|12|224|2024|4|25|15|11|16|1|N
30|7|1846|C|1|0|U|616|88|9|278|E3007|55|35|130|3|19|0|0|72|29|27|10|3|0|47|39|7|0|0|41|462|2024|4|25|15|35|26|1|N
30|7|2297|C|2|0|U|515|103|7|278|E3007|78|0|0|6|29|16|0|133|15|11|9|2|0|65|23|4|0|0|10|323|2024|4|25|15|21|32|4|N
30|7|2610|C|1|0|M|508|115|8|278|E3007|154|34|0|0|7|8|3|67|7|28|1|0|0|0|23|0|0|1|13|192|2024|4|25|13|16|16|4|N
7|8|256|C|4|0|U|614|19|6|34|E0708|27|31|21|2|0|130|16|27|1|0|4|2|0|13|0|0|0|0|24|271|2024|4|25|14|16|16|4|N
7|8|518|B|1|0|R|477|34|10|34|E0708|64|47|0|4|0|72|54|40|0|0|0|0|0|0|0|0|0|2|43|262|2024|4|25|14|13|41|1|N
7|8|1536|S|1|0|M|0|99|10|34|E0708|104|0|329|0|16|0|0|234|8|0|21|0|0|32|0|3|0|0|25|668|2024|4|25|14|15|40|1|N
7|8|1563|B|1|0|R|436|99|10|34|E0708|112|51|65|2|5|94|1|14|3|0|3|0|1|0|0|0|0|0|12|251|2024|4|25|15|6|8|1|N
30|17|1115|C|1|0|M|529|47|23|288|E3017|37|52|71|14|1|5|11|45|0|27|5|1|0|4|0|0|0|3|25|264|2024|4|25|15|32|20|4|N
30|17|1684|B|1|0|R|552|77|17|288|E3017|64|0|149|0|33|33|73|0|0|0|29|0|7|0|75|0|0|7|38|444|2024|4|25|15|46|46|1|N
30|17|3873|C|1|0|U|459|173|23|288|E3017|93|145|50|1|0|14|8|24|0|0|8|0|1|11|0|0|0|0|16|278|2024|4|25|15|25|34|4|N
30|17|3902|B|1|0|R|455|173|23|288|E3017|113|177|0|15|10|15|12|0|8|0|3|0|0|12|0|0|0|1|19|272|2024|4|25|15|50|32|1|N
22|1|237|E|2|0|R|388|12|14|224|E2201|38|0|114|7|0|9|49|32|5|0|1|0|0|15|0|0|0|0|24|256|2024|4|25|15|52|9|1|N
14|7|2665|C|2|0|U|744|102|7|111|E1407|1|0|125|97|1|4|18|105|7|0|0|7|4|0|11|0|0|0|0|379|2024|4|25|15|43|17|1|N
14|7|2673|C|2|0|U|557|102|7|111|E1407|9|34|62|114|7|4|26|50|9|0|3|0|0|0|13|1|0|0|3|326|2024|4|25|15|41|8|1|N
14|7|2675|C|3|0|M|703|102|7|111|E1407|92|65|146|10|0|10|38|93|0|7|3|0|2|6|10|0|0|0|6|396|2024|4|25|14|16|53|1|N
14|7|2684|C|7|0|M|741|102|7|111|E1407|78|25|0|206|12|45|6|173|46|35|7|16|0|0|0|0|0|1|2|574|2024|4|25|14|16|14|1|N
14|7|2710|C|6|0|U|683|102|7|111|E1407|62|39|160|13|4|13|19|83|6|50|3|0|3|17|14|4|0|0|2|430|2024|4|25|14|6|6|1|N
14|7|3866|C|1|0|U|693|102|7|111|E1407|86|27|89|17|0|24|15|147|0|43|0|0|2|9|42|2|0|0|0|417|2024|4|25|15|42|37|4|N
15|16|1383|C|3|0|U|739|34|37|140|E1516|16|101|348|1|4|14|14|1|1|0|0|1|0|21|44|0|0|0|21|571|2024|4|25|14|4|55|4|N
15|16|1391|C|2|0|U|675|34|37|140|E1516|27|103|0|4|7|15|0|65|26|43|10|0|2|0|47|6|0|2|14|344|2024|4|25|15|3|17|4|N
15|16|1415|B|1|0|U|660|34|37|140|E1516|55|110|136|8|6|1|17|24|22|0|0|0|1|0|66|1|0|1|14|407|2024|4|25|15|23|56|4|N
15|16|4763|B|1|0|U|581|105|37|140|E1516|85|113|0|0|7|18|31|40|0|65|10|1|0|8|17|1|0|1|14|326|2024|4|25|15|6|53|4|N
15|16|4776|C|2|0|U|575|105|37|140|E1516|120|22|118|3|12|12|24|89|12|30|0|0|0|0|37|0|0|0|0|359|2024|4|25|15|51|41|1|N
15|16|4779|C|1|0|U|711|105|37|140|E1516|78|84|160|17|7|17|11|8|0|28|0|0|0|3|21|0|0|0|11|367|2024|4|25|15|32|23|4|N
15|16|4798|C|3|0|U|582|105|37|140|E1516|94|107|101|13|9|6|10|42|0|26|1|1|1|4|30|0|0|0|0|351|2024|4|25|15|32|45|1|N
15|16|4802|C|1|0|U|585|105|37|140|E1516|116|87|98|8|4|19|0|38|0|0|10|4|0|19|54|2|0|1|0|344|2024|4|25|15|46|13|1|N
15|16|4806|B|1|0|U|638|105|37|140|E1516|107|93|208|3|8|1|0|15|7|0|2|0|0|2|0|0|0|0|3|342|2024|4|25|15|39|20|1|N
15|16|4830|C|1|0|U|614|105|37|140|E1516|102|92|73|4|2|14|16|5|0|35|0|0|1|6|11|0|0|0|11|270|2024|4|25|15|37|38|4|N
30|19|343|B|1|0|M|738|16|24|290|E3019|60|0|91|4|8|5|9|137|22|21|11|0|0|6|45|0|0|0|5|364|2024|4|25|15|45|59|1|N
30|19|1645|B|1|0|R|691|75|25|290|E3019|111|0|152|0|33|28|6|0|38|21|15|0|0|39|46|0|0|0|9|387|2024|4|25|15|27|57|4|N
30|19|3348|C|1|0|U|429|142|25|290|E3019|11|34|63|12|11|1|0|102|6|13|0|0|1|21|9|0|0|1|9|283|2024|4|25|15|10|31|4|N
30|19|3359|B|1|0|R|536|142|25|290|E3019|15|67|78|0|0|2|9|28|10|57|4|0|0|0|62|0|0|0|1|318|2024|4|25|10|6|19|4|N
30|19|3361|B|1|0|R|389|142|25|290|E3019|16|47|86|0|0|0|0|106|0|0|1|0|0|2|33|0|0|0|8|283|2024|4|25|15|5|7|4|N
30|19|3370|C|1|0|R|559|142|25|290|E3019|47|58|56|0|0|0|14|119|0|12|7|0|1|0|71|0|0|2|11|351|2024|4|25|15|16|15|4|N
30|19|3372|B|1|0|U|711|142|25|290|E3019|49|28|0|14|0|14|2|141|0|110|18|0|0|11|2|0|0|0|1|341|2024|4|25|15|4|43|4|N
30|19|3373|C|2|0|U|667|142|25|290|E3019|49|74|230|18|10|8|19|0|0|87|0|0|0|23|15|1|0|0|5|490|2024|4|25|15|6|35|4|N
30|19|3398|C|2|0|R|556|142|25|290|E3019|29|48|80|4|5|2|10|127|3|37|1|0|0|0|4|0|0|0|2|323|2024|4|25|15|41|31|1|N
30|19|3403|C|2|0|R|618|142|25|290|E3019|44|42|48|1|0|0|8|97|6|42|0|0|1|21|61|0|0|2|0|329|2024|4|25|15|46|58|4|N
14|13|864|B|1|0|U|441|41|13|117|E1413|1|0|0|59|14|52|27|0|14|0|1|4|0|0|53|0|0|2|23|249|2024|4|25|15|23|59|4|N
14|13|884|C|1|0|U|705|41|13|117|E1413|20|5|68|74|8|17|26|195|0|0|0|0|0|0|48|5|0|0|27|473|2024|4|25|14|5|25|4|N
14|13|903|C|2|0|U|580|41|13|117|E1413|25|9|66|85|5|21|22|69|0|15|6|3|3|2|75|1|0|0|0|382|2024|4|25|14|13|17|4|N
14|13|914|C|1|0|U|510|41|13|117|E1413|52|0|0|93|8|25|20|167|15|0|0|0|3|7|36|2|0|0|9|385|2024|4|25|13|22|50|4|N
14|13|925|C|2|0|U|725|41|13|117|E1413|31|18|0|143|21|32|17|171|0|3|0|6|1|0|120|4|0|1|30|567|2024|4|25|11|56|19|4|N
14|13|2574|B|1|0|U|583|99|13|117|E1413|99|0|45|96|7|26|31|73|23|0|12|0|1|0|73|6|0|0|1|394|2024|4|25|15|3|1|4|N
14|13|3318|B|1|0|U|705|99|13|117|E1413|54|0|0|58|4|24|44|165|8|0|7|0|1|13|64|0|0|3|30|421|2024|4|25|14|17|31|4|N
14|13|3332|C|1|0|U|419|99|13|117|E1413|72|12|18|57|7|7|20|43|3|0|0|2|0|4|50|5|0|0|14|242|2024|4|25|15|23|48|4|N
15|24|2588|C|1|0|U|505|58|30|148|E1524|54|3|113|4|0|15|21|0|16|74|4|2|1|30|25|0|0|0|1|309|2024|4|25|14|9|37|4|N
15|24|2625|B|1|0|U|519|58|30|148|E1524|84|60|0|12|0|5|14|81|8|63|1|1|0|5|0|2|0|1|49|302|2024|4|25|14|3|58|4|N
15|24|2647|C|2|0|U|590|58|30|148|E1524|109|54|204|0|0|19|2|0|13|45|4|0|0|12|18|0|0|0|5|376|2024|4|25|15|7|23|4|N
15|24|2689|C|1|0|U|473|58|17|148|E1524|165|0|106|0|24|9|28|0|6|53|2|0|0|0|33|0|0|1|11|273|2024|4|25|15|30|42|4|N
15|24|2905|C|2|0|U|555|58|30|148|E1524|43|38|52|1|22|6|8|129|9|29|0|0|0|2|0|1|0|0|23|320|2024|4|25|15|22|17|4|N
15|24|2945|C|1|0|U|549|58|30|148|E1524|140|23|209|8|0|5|35|0|0|10|12|1|0|0|21|4|0|0|22|350|2024|4|25|15|51|39|4|N
15|24|2978|C|1|0|U|732|58|30|148|E1524|139|21|100|9|55|6|4|119|8|37|0|0|0|6|15|0|0|0|31|411|2024|4|25|15|8|44|4|N
15|24|2995|C|2|0|U|624|58|32|148|E1524|14|10|61|11|11|11|39|198|0|18|12|2|1|8|41|2|0|1|10|436|2024|4|25|12|25|53|4|N
15|24|3027|B|1|0|U|476|58|30|148|E1524|97|63|29|2|0|6|0|110|0|31|0|0|0|3|4|1|0|1|4|254|2024|4|25|15|23|31|2|N
19|7|347|C|15|0|U|724|18|12|190|E1907|92|36|35|2|0|0|29|137|42|30|1|0|4|32|66|2|0|1|67|484|2024|4|25|13|41|21|4|N
19|7|2291|B|1|0|U|644|18|12|190|E1907|50|21|60|11|0|5|0|171|30|0|12|1|4|32|55|1|0|0|52|455|2024|4|25|11|41|7|4|N
19|7|2304|B|1|0|U|483|18|12|190|E1907|60|7|64|2|38|8|20|145|6|0|4|0|0|14|11|1|0|0|23|343|2024|4|25|10|35|39|4|N
19|7|2552|C|5|0|M|666|18|20|190|E1907|37|0|156|1|8|13|20|229|5|19|9|3|2|1|5|1|0|0|13|485|2024|4|25|12|30|25|4|N
19|7|2825|B|1|0|M|552|18|12|190|E1907|46|4|108|1|14|7|5|68|0|13|0|1|1|6|22|1|0|1|9|261|2024|4|25|12|9|49|4|N
19|7|2826|C|2|0|M|710|18|12|190|E1907|47|0|110|3|43|6|16|91|18|45|0|1|1|0|51|1|0|5|28|419|2024|4|25|11|31|21|4|N
19|7|3003|C|1|0|U|666|18|12|190|E1907|98|0|0|1|11|22|1|230|14|4|0|0|0|25|61|1|0|5|26|401|2024|4|25|13|45|20|4|N
19|7|3008|C|3|0|M|609|18|12|190|E1907|100|0|8|4|0|0|10|155|10|4|3|0|1|30|25|0|0|2|30|282|2024|4|25|13|7|50|4|N
24|1|129|B|1|0|R|113|7|1|234|E2401|18|0|0|1|16|11|0|23|4|0|0|0|0|7|0|1|0|1|24|88|2024|4|25|15|50|32|1|N
24|1|398|B|1|0|R|309|15|1|234|E2401|24|18|0|4|0|0|0|96|0|0|4|0|0|1|0|0|0|1|9|133|2024|4|25|15|49|3|1|N
24|1|497|C|2|0|U|521|20|1|234|E2401|35|26|130|7|24|13|0|115|0|0|7|1|1|7|0|0|0|0|28|359|2024|4|25|15|29|29|4|N
24|1|502|C|2|0|U|732|20|1|234|E2401|39|8|258|12|0|0|0|128|18|0|0|0|0|0|0|0|0|0|0|424|2024|4|25|15|10|3|4|N
24|1|502|C|4|0|U|731|20|1|234|E2401|39|96|0|7|0|0|17|241|2|0|3|1|0|12|0|4|0|1|84|468|2024|4|25|15|12|59|4|N
24|1|1232|B|1|0|R|246|34|2|234|E2401|103|20|0|0|0|3|4|60|4|0|0|0|0|1|0|0|0|0|5|97|2024|4|25|15|40|32|1|N
24|1|1523|B|1|0|R|112|44|1|234|E2401|110|26|0|0|3|8|2|38|3|0|0|0|1|1|0|0|0|0|6|88|2024|4|25|15|24|15|1|N
24|1|1634|B|1|0|R|494|50|2|234|E2401|148|56|110|16|32|31|0|22|3|0|20|0|3|15|0|0|0|2|44|354|2024|4|25|15|48|13|1|N
16|3|55|C|1|0|M|693|5|13|167|E1603|61|86|30|9|5|0|14|163|23|0|8|1|0|0|0|1|0|0|37|377|2024|4|25|15|46|52|1|N
20|3|201|C|2|0|U|627|37|6|200|E2003|27|68|66|1|23|8|0|140|0|0|4|3|1|9|0|0|0|0|47|370|2024|4|25|15|7|2|4|N
20|3|798|C|2|0|U|585|112|21|200|E2003|112|151|11|34|11|0|8|149|0|0|7|1|0|35|0|0|0|0|4|411|2024|4|25|10|16|33|4|N
20|3|1278|B|1|0|M|676|237|6|200|E2003|23|96|79|14|18|33|0|0|17|0|2|6|0|0|0|1|0|7|35|308|2024|4|25|15|47|38|1|N
24|6|876|B|1|0|U|407|28|5|239|E2406|1|14|0|8|0|27|0|149|4|0|5|1|1|0|0|1|0|2|3|215|2024|4|25|15|2|42|4|N
24|6|877|B|1|0|U|713|28|5|239|E2406|3|0|148|2|4|0|2|184|0|0|2|0|1|0|0|1|0|0|18|362|2024|4|25|15|4|6|4|N
24|6|921|S|1|0|U|0|28|5|239|E2406|7|167|0|0|0|0|65|399|51|0|7|0|3|0|0|0|0|0|37|729|2024|4|25|14|5|51|1|N
24|6|925|C|1|0|U|387|28|5|239|E2406|8|17|0|0|16|30|0|195|0|0|6|0|0|19|0|1|0|0|17|301|2024|4|25|14|6|19|1|N
24|6|977|C|4|0|U|694|28|7|239|E2406|85|119|36|5|5|10|42|219|0|0|0|0|0|3|0|0|0|0|52|491|2024|4|25|14|6|59|4|N
24|6|1020|C|1|0|U|568|28|5|239|E2406|25|45|191|0|1|4|25|57|15|0|0|1|0|17|0|0|0|2|52|410|2024|4|25|14|5|39|4|N
24|6|1043|B|1|0|U|545|28|5|239|E2406|28|55|0|0|0|11|27|212|11|0|0|0|1|0|0|1|0|1|0|319|2024|4|25|14|7|30|4|N
24|6|1054|C|1|0|U|666|28|7|239|E2406|60|0|173|8|0|15|18|38|0|0|0|0|0|13|0|0|0|0|55|320|2024|4|25|14|17|40|4|N
24|6|1068|C|8|0|U|733|28|5|239|E2406|34|44|90|1|2|26|9|323|0|0|0|1|0|2|0|0|0|0|12|510|2024|4|25|14|9|28|1|N
24|6|1073|C|13|0|U|748|28|7|239|E2406|54|69|80|0|22|0|10|230|0|0|3|0|1|0|0|1|0|3|64|483|2024|4|25|14|5|21|4|N
24|6|1110|C|3|0|M|696|28|6|239|E2406|131|0|0|0|7|22|42|157|0|0|6|0|1|3|0|0|0|0|57|295|2024|4|25|15|14|11|1|N
24|6|1113|B|1|0|U|698|28|6|239|E2406|125|52|0|0|0|0|5|248|0|0|3|1|0|8|0|0|0|0|56|373|2024|4|25|14|9|25|4|N
24|6|1856|C|3|0|U|674|28|6|239|E2406|120|14|85|7|0|198|65|0|7|0|21|0|0|38|0|0|0|3|17|455|2024|4|25|15|10|18|1|N
16|8|1200|C|5|0|U|735|54|10|172|E1608|41|130|71|18|14|6|8|0|17|0|0|4|0|0|0|0|0|1|60|329|2024|4|25|12|53|9|4|N
16|8|1212|C|2|0|U|648|54|10|172|E1608|48|86|131|0|0|35|2|115|11|0|10|1|0|19|0|0|0|0|35|445|2024|4|25|15|16|36|4|N
16|8|2718|C|3|0|U|619|54|10|172|E1608|63|92|30|0|22|36|18|119|19|0|15|2|3|2|0|0|0|0|61|419|2024|4|25|15|44|4|1|N
16|8|2722|C|4|0|U|608|54|10|172|E1608|67|84|70|0|28|13|0|47|7|0|6|1|1|0|0|0|0|0|20|277|2024|4|25|15|46|24|1|N
23|1|191|B|1|0|U|551|2|11|230|E2301|20|30|45|10|33|0|25|116|31|30|13|0|2|0|24|1|0|1|24|385|2024|4|25|14|9|19|4|N
23|1|288|E|1|0|R|620|6|1|230|E2301|14|19|34|9|54|14|36|133|45|4|0|2|1|14|58|0|0|0|0|423|2024|4|25|14|5|2|1|N
23|1|701|B|1|0|U|637|8|10|230|E2301|93|39|43|0|12|2|0|179|21|42|13|1|0|17|26|1|0|2|8|406|2024|4|25|15|3|54|4|N
23|1|896|B|1|0|U|644|8|10|230|E2301|109|45|34|3|0|1|24|258|0|15|6|1|0|0|37|1|0|1|0|426|2024|4|25|11|0|37|4|N
23|1|1101|B|1|0|U|472|8|9|230|E2301|73|7|35|3|11|8|56|91|7|0|5|0|2|4|38|0|0|0|4|271|2024|4|25|13|14|17|4|N
9|14|3762|B|1|0|U|585|12|14|62|E0914|114|111|63|11|6|4|14|170|32|0|0|0|0|20|8|11|0|1|14|465|2024|4|25|15|20|0|4|N
9|14|3792|B|1|0|U|523|12|14|62|E0914|12|75|0|4|17|3|11|159|30|4|0|0|3|56|4|2|0|2|15|385|2024|4|25|15|7|6|4|N
9|14|3832|C|2|0|U|539|12|14|62|E0914|78|24|45|9|0|21|16|94|39|14|2|0|0|22|9|1|0|0|16|312|2024|4|25|15|40|56|1|N
9|14|3856|C|3|0|U|644|12|14|62|E0914|73|85|149|9|0|16|27|47|40|18|0|0|0|39|34|8|0|0|33|505|2024|4|25|15|43|23|1|N
9|14|3866|B|1|0|U|629|12|14|62|E0914|49|54|127|0|3|6|8|16|26|10|9|1|0|37|2|2|0|0|2|303|2024|4|25|15|13|18|4|N
9|14|3866|C|1|0|U|628|12|14|62|E0914|49|104|0|9|21|15|12|121|51|0|2|0|2|27|0|1|0|0|14|379|2024|4|25|15|15|22|4|N
9|14|3872|C|2|0|U|657|12|14|62|E0914|39|105|0|5|44|43|1|42|61|1|24|0|0|27|33|13|0|0|14|413|2024|4|25|15|26|59|4|N
9|14|3873|C|1|0|U|654|12|14|62|E0914|37|112|23|0|8|29|7|32|18|18|8|0|0|28|5|5|0|0|0|293|2024|4|25|15|27|15|4|N
9|14|3908|B|1|0|U|642|12|14|62|E0914|87|15|0|10|0|9|5|18|59|43|2|5|3|57|24|5|0|2|13|270|2024|4|25|14|17|24|4|N
7|1|196|B|1|0|R|714|16|9|27|E0701|5|46|0|4|0|71|0|278|20|0|9|0|1|7|0|0|0|0|8|444|2024|4|25|15|46|33|4|N
7|1|964|C|2|0|R|629|65|9|27|E0701|48|95|31|11|69|123|0|45|0|0|0|0|0|0|0|2|0|1|89|466|2024|4|25|15|36|12|4|N
7|1|1102|E|1|0|R|615|76|9|27|E0701|59|0|96|0|0|88|0|110|3|0|9|0|1|3|0|0|0|0|13|323|2024|4|25|15|35|10|4|N
7|1|1106|B|1|0|R|636|76|9|27|E0701|29|0|127|0|0|50|0|0|0|0|15|0|0|25|0|4|0|0|44|265|2024|4|25|15|2|19|4|N
7|1|1107|E|2|0|R|390|76|9|27|E0701|40|0|7|2|0|77|0|48|0|0|5|0|0|0|0|0|0|0|27|166|2024|4|25|15|19|9|4|N
7|1|1466|B|1|0|U|626|96|4|27|E0701|92|104|97|1|1|60|0|46|8|0|0|0|0|0|0|0|0|0|7|324|2024|4|25|15|28|6|4|N
7|1|2216|C|1|0|R|589|65|9|27|E0701|65|101|72|1|7|99|0|51|0|0|4|0|0|6|0|0|0|0|18|359|2024|4|25|15|40|13|4|N
8|6|629|B|1|0|U|708|19|12|45|E0806|114|0|79|5|12|4|0|163|0|0|0|0|0|14|0|1|0|0|6|284|2024|4|25|15|15|6|1|N
8|6|641|C|4|0|U|709|19|18|45|E0806|134|0|144|2|0|2|70|144|0|0|2|3|2|5|0|0|0|5|1|380|2024|4|25|15|12|7|1|N
8|6|653|C|4|0|U|701|19|18|45|E0806|139|9|106|2|2|13|86|95|0|0|0|0|1|1|0|0|0|0|63|378|2024|4|25|15|26|34|1|N
8|6|754|C|3|0|U|740|19|18|45|E0806|140|1|343|0|11|0|70|62|0|0|0|3|1|3|0|0|0|8|67|569|2024|4|25|15|37|42|1|N
8|6|763|B|1|0|U|385|19|15|45|E0806|16|4|0|0|7|0|25|191|0|0|0|1|0|3|0|0|0|0|35|266|2024|4|25|15|46|33|1|N
8|6|805|C|2|0|U|742|19|18|45|E0806|144|15|113|0|13|0|64|280|4|0|0|0|0|6|0|0|0|0|31|526|2024|4|25|13|58|45|4|N
8|6|3294|B|1|0|U|716|19|17|45|E0806|5|25|201|6|0|0|24|100|0|0|1|0|0|9|0|0|0|0|0|366|2024|4|25|14|2|10|4|N
8|6|3361|B|1|0|U|583|19|18|45|E0806|120|32|161|5|3|37|63|0|2|0|0|1|0|12|0|1|0|0|68|385|2024|4|25|15|31|48|1|N
7|3|828|E|1|0|R|565|59|7|29|E0703|91|53|6|5|55|57|11|55|2|1|0|0|0|0|11|0|0|0|15|271|2024|4|25|15|39|1|1|N
7|3|835|B|1|0|R|722|59|7|29|E0703|54|28|56|0|4|85|22|198|0|2|11|0|1|6|10|3|0|0|20|446|2024|4|25|15|21|4|1|N
7|3|838|E|3|0|R|202|59|24|29|E0703|100|0|18|0|1|8|0|69|0|4|2|0|0|0|4|0|0|0|6|112|2024|4|25|15|36|38|1|N
7|3|846|E|3|0|R|403|59|7|29|E0703|111|90|67|1|2|0|3|89|8|21|7|0|0|4|12|0|0|0|17|321|2024|4|25|15|42|38|4|N
7|3|2064|C|1|0|R|511|31|24|29|E0703|26|0|59|10|0|76|33|0|0|31|5|0|3|8|6|0|0|0|66|297|2024|4|25|15|49|59|1|N
7|9|1613|C|2|0|U|569|102|2|35|E0709|65|0|0|0|0|112|6|0|27|62|18|8|0|14|40|7|52|1|9|356|2024|4|25|15|12|29|2|N
7|9|1645|B|1|0|U|509|102|2|35|E0709|52|36|0|0|58|0|36|56|10|43|0|0|2|11|4|4|42|0|1|303|2024|4|25|15|34|42|1|N
7|9|1705|C|1|0|U|574|102|13|35|E0709|112|0|63|3|0|62|28|177|22|12|0|7|0|5|25|1|0|0|20|425|2024|4|25|15|15|27|4|N
7|9|1730|B|1|0|U|707|102|13|35|E0709|90|130|0|0|16|45|0|42|8|10|0|0|1|7|23|0|0|0|12|294|2024|4|25|15|14|27|4|N
7|9|1753|B|1|0|U|282|102|13|35|E0709|114|34|0|0|14|42|8|0|3|22|0|3|2|0|1|0|24|0|10|163|2024|4|25|15|38|55|4|N
7|9|2159|C|1|0|U|739|102|1|35|E0709|6|117|84|0|6|61|3|83|6|4|0|0|0|0|12|1|5|0|0|382|2024|4|25|15|8|46|4|N
9|20|2001|B|1|0|U|518|7|21|68|E0920|95|85|47|4|0|7|2|55|19|4|8|1|0|20|9|1|0|1|0|263|2024|4|25|15|15|10|4|N
9|20|2139|C|1|0|U|612|7|22|68|E0920|32|299|0|22|10|0|0|112|37|0|0|6|0|35|6|2|0|0|21|550|2024|4|25|14|3|12|1|N
9|20|2208|C|1|0|U|545|7|22|68|E0920|85|162|19|10|11|16|6|45|32|9|12|0|1|7|7|1|0|0|5|343|2024|4|25|14|5|47|4|N
9|20|2243|B|1|0|U|409|7|21|68|E0920|107|88|0|5|0|2|2|54|33|11|0|2|2|49|3|1|0|0|6|258|2024|4|25|14|5|38|4|N
9|20|2291|B|1|0|U|631|7|29|68|E0920|150|236|20|19|1|26|8|38|19|13|14|1|5|8|17|2|0|0|0|427|2024|4|25|15|48|18|1|N
9|20|2321|C|1|0|U|688|7|29|68|E0920|134|106|81|1|5|13|0|87|19|11|6|0|0|31|10|1|0|0|0|371|2024|4|25|14|9|19|4|N
19|13|52|B|1|0|R|270|5|21|196|E1913|7|6|60|0|9|8|2|46|1|1|0|0|0|3|8|1|0|0|14|159|2024|4|25|13|25|44|4|N
19|13|218|E|1|9|M|707|10|4|196|E1913|47|57|128|2|0|15|29|183|16|13|4|0|3|10|0|1|0|4|19|484|2024|4|25|15|31|56|4|N
19|13|220|E|2|4|M|745|10|4|196|E1913|57|79|67|4|50|19|0|149|0|31|3|0|0|18|25|4|0|0|33|482|2024|4|25|15|29|22|4|N
19|13|232|E|1|2|M|652|12|21|196|E1913|98|19|50|0|2|8|0|152|5|8|0|0|0|4|13|0|0|1|0|262|2024|4|25|13|57|8|4|N
19|13|232|E|1|4|M|651|12|21|196|E1913|98|31|0|7|11|35|15|193|31|15|3|1|0|19|0|0|0|0|10|371|2024|4|25|14|0|33|4|N
19|13|232|E|3|5|M|710|12|21|196|E1913|102|30|78|2|9|23|0|210|7|9|0|1|0|1|15|1|0|1|8|395|2024|4|25|13|27|28|4|N
19|13|1734|C|1|0|M|563|45|21|196|E1913|25|48|0|3|8|13|42|178|4|18|1|1|0|8|19|1|0|0|32|376|2024|4|25|13|42|24|4|N
19|13|1746|B|1|0|M|469|45|21|196|E1913|32|29|0|3|13|11|55|84|2|2|3|0|1|4|8|0|0|1|0|216|2024|4|25|14|12|40|4|N
19|13|1755|C|5|0|M|641|46|4|196|E1913|66|7|20|0|16|0|44|227|5|23|0|0|0|7|12|0|0|1|20|382|2024|4|25|15|27|57|4|N
19|13|2767|C|2|0|M|644|46|4|196|E1913|68|2|1|0|0|0|3|3|0|0|0|0|0|0|0|0|0|0|0|9|2024|4|25|14|6|52|4|N
11|2|200|C|2|0|R|554|3|9|76|E1102|39|46|0|3|62|15|14|150|4|0|11|0|0|0|0|0|0|1|23|329|2024|4|25|15|27|31|2|N
11|2|514|B|1|0|M|721|7|16|76|E1102|82|29|33|0|11|14|20|149|29|0|14|1|0|0|0|0|0|1|17|318|2024|4|25|15|50|16|4|N
1|2|92|B|1|0|U|439|1|13|2|E0102|74|0|0|0|7|40|108|49|6|0|3|0|2|18|0|0|0|0|59|292|2024|4|25|15|14|27|4|N
1|2|102|B|1|0|U|479|1|11|2|E0102|81|36|0|4|9|8|0|139|2|0|0|0|1|7|0|0|0|0|66|272|2024|4|25|15|1|11|4|N
1|2|555|C|3|0|U|649|1|16|2|E0102|32|17|27|0|18|13|30|180|4|0|0|1|0|14|0|1|0|0|38|343|2024|4|25|11|10|57|4|N
1|2|669|B|1|0|U|699|1|12|2|E0102|68|52|0|0|15|28|67|77|0|0|0|0|0|11|0|1|0|0|42|293|2024|4|25|14|15|41|4|N
21|15|844|B|1|0|U|651|104|25|222|E2115|11|51|126|13|19|9|4|82|20|0|26|0|5|0|0|0|0|0|3|358|2024|4|25|14|7|16|4|N
21|15|1943|C|1|0|U|725|155|25|222|E2115|32|120|0|0|34|0|67|134|0|43|21|3|0|0|0|0|0|0|4|426|2024|4|25|15|36|32|4|N
21|15|2001|B|1|0|U|638|155|24|222|E2115|77|154|48|0|41|0|0|0|0|18|0|9|8|0|169|7|0|0|0|454|2024|4|25|14|17|38|4|N
11|4|826|C|1|0|U|495|15|8|78|E1104|2|0|51|0|4|25|4|119|0|0|0|0|0|0|11|1|0|0|22|237|2024|4|25|14|14|59|1|N
11|4|851|C|1|0|U|557|15|8|78|E1104|11|56|180|4|5|21|3|24|0|0|0|0|0|5|12|0|0|0|13|323|2024|4|25|14|3|8|4|N
11|4|865|B|1|0|U|547|15|8|78|E1104|21|64|115|0|14|12|0|95|0|0|0|0|1|1|38|0|0|0|21|361|2024|4|25|14|17|0|1|N
11|4|871|B|1|0|U|504|15|8|78|E1104|25|23|144|2|6|24|0|75|0|0|0|0|1|5|12|0|0|0|4|296|2024|4|25|15|46|1|4|N
11|4|895|B|1|0|U|582|15|8|78|E1104|49|4|179|0|5|0|16|148|0|0|0|0|0|1|14|0|0|0|4|371|2024|4|25|15|43|13|4|N
11|4|900|C|1|0|M|740|15|8|78|E1104|53|14|304|38|0|0|12|37|0|0|0|0|0|0|25|0|0|0|8|438|2024|4|25|15|38|56|4|N
11|4|904|B|1|0|R|701|15|8|78|E1104|62|36|241|0|5|12|0|66|0|0|0|0|1|0|25|2|0|0|21|409|2024|4|25|15|12|36|4|N
11|4|914|C|1|0|R|745|15|8|78|E1104|64|6|161|0|6|0|0|191|0|0|0|0|0|5|0|1|0|1|67|438|2024|4|25|15|16|32|4|N
11|4|1908|C|1|0|U|437|22|1|78|E1104|74|70|159|0|0|12|5|2|0|0|0|0|0|0|14|1|0|1|25|289|2024|4|25|15|29|19|4|N
11|4|2366|B|1|0|R|601|29|2|78|E1104|85|0|132|15|5|14|6|208|0|0|0|0|0|1|29|0|0|0|55|465|2024|4|25|15|37|52|4|N
11|4|2395|C|1|0|R|436|30|1|78|E1104|103|0|172|4|2|22|1|0|0|0|0|0|0|2|4|0|0|1|15|223|2024|4|25|15|39|9|4|N
11|4|2417|B|1|0|R|564|30|1|78|E1104|115|25|185|0|5|10|1|94|0|0|0|0|0|1|10|1|0|0|6|338|2024|4|25|15|50|8|1|N
2|5|1053|B|1|0|U|656|4|9|8|E0205|68|145|146|3|21|0|9|119|33|31|11|0|0|0|0|0|0|3|0|521|2024|4|25|14|5|57|4|N
2|5|1081|C|1|0|U|574|4|9|8|E0205|62|26|26|3|5|0|13|91|23|18|2|2|0|0|0|0|0|2|5|216|2024|4|25|15|6|16|4|N
2|5|1102|C|1|0|U|724|4|9|8|E0205|97|25|24|7|10|8|11|95|6|27|9|2|0|0|0|0|0|0|0|224|2024|4|25|15|36|42|1|N
2|5|1103|C|2|0|U|657|4|9|8|E0205|101|89|135|5|14|17|29|122|22|23|6|0|0|0|0|0|0|2|0|464|2024|4|25|14|6|39|4|N
2|5|1121|C|2|0|U|658|4|8|8|E0205|155|107|94|17|13|7|13|103|5|37|13|2|0|0|0|0|0|2|0|413|2024|4|25|15|11|19|4|N
2|5|1130|B|1|0|U|499|4|9|8|E0205|110|14|113|0|8|4|15|74|15|16|6|2|0|0|0|0|0|0|4|271|2024|4|25|15|20|10|1|N
2|5|1140|C|5|0|U|660|4|9|8|E0205|113|65|106|3|0|9|9|92|20|34|0|2|0|0|0|0|0|0|0|340|2024|4|25|15|8|22|4|N
2|5|1413|C|2|0|U|742|4|8|8|E0205|123|58|61|9|0|27|16|125|12|33|14|2|0|0|0|0|0|1|0|358|2024|4|25|15|8|57|4|N
2|5|2066|C|1|0|U|563|4|9|8|E0205|76|80|161|0|0|14|14|63|10|16|16|0|0|0|0|0|0|1|0|375|2024|4|25|14|9|59|4|N
22|4|103|C|7|0|M|713|5|8|227|E2204|110|41|107|0|21|16|21|236|0|0|0|1|0|0|0|0|0|0|64|507|2024|4|25|15|34|12|1|N
22|4|422|C|1|0|U|480|14|5|227|E2204|9|0|93|8|9|16|1|104|0|0|0|1|0|0|0|0|0|0|29|261|2024|4|25|14|7|6|4|N
22|4|510|B|1|0|U|578|14|5|227|E2204|53|0|117|12|4|13|12|149|0|0|1|0|0|0|0|0|0|0|19|327|2024|4|25|15|40|37|1|N
11|6|1297|C|5|0|U|739|20|4|80|E1106|39|30|200|20|0|86|49|93|0|0|0|0|0|0|2|1|0|3|0|484|2024|4|25|15|20|6|4|N
11|6|1346|C|1|0|U|491|20|7|80|E1106|17|26|190|5|0|7|20|4|0|0|0|0|1|4|0|0|0|0|18|275|2024|4|25|13|48|41|4|N
11|6|1391|C|2|0|U|695|20|4|80|E1106|43|0|123|9|5|30|0|53|0|0|0|0|0|4|31|0|0|0|15|270|2024|4|25|14|16|18|4|N
11|6|3134|C|2|0|U|567|20|21|80|E1106|72|173|54|19|7|35|3|0|0|0|0|0|2|0|0|4|0|0|59|356|2024|4|25|14|7|55|4|N
2|7|2|C|2|0|U|524|1|15|10|E0207|2|0|65|0|25|28|2|127|4|56|0|1|0|0|0|0|0|1|4|313|2024|4|25|15|8|57|4|N
2|7|1980|C|2|0|U|746|1|16|10|E0207|30|0|0|0|19|78|0|67|63|85|9|4|0|0|0|0|0|0|55|380|2024|4|25|15|0|57|4|N
2|7|2142|C|2|0|U|599|1|16|10|E0207|38|38|74|12|44|51|0|155|12|17|0|1|0|0|0|0|0|0|0|404|2024|4|25|15|5|53|4|N
2|7|2146|C|3|0|U|708|1|16|10|E0207|41|0|0|4|14|52|0|163|27|17|6|2|0|0|0|0|0|0|9|294|2024|4|25|15|8|8|4|N
22|5|144|E|1|1|R|572|7|9|228|E2205|8|15|92|0|11|1|12|121|7|0|0|0|0|0|0|0|0|1|31|291|2024|4|25|14|16|42|1|N
22|5|144|E|2|1|R|559|7|9|228|E2205|9|18|208|17|8|3|9|146|3|0|3|0|0|0|0|1|0|0|34|450|2024|4|25|14|14|3|1|N
22|5|194|B|1|0|R|577|10|13|228|E2205|67|29|135|1|0|4|4|168|5|0|1|0|0|1|0|0|0|1|25|374|2024|4|25|15|25|31|1|N
22|5|951|C|1|0|U|550|10|13|228|E2205|69|3|62|0|11|0|10|188|0|0|0|0|0|7|0|0|0|0|21|302|2024|4|25|15|9|20|4|N
12|8|756|B|1|0|M|697|80|15|97|E1208|93|99|8|0|19|24|0|101|34|0|3|7|1|36|0|2|0|7|0|341|2024|4|25|14|11|31|1|N
12|8|2089|B|1|0|R|269|54|13|97|E1208|30|11|0|27|1|28|6|73|0|0|0|0|0|0|0|1|0|0|4|151|2024|4|25|15|29|1|2|N
5|6|1397|C|1|0|U|495|35|9|22|E0506|56|63|14|7|0|12|67|62|16|0|7|1|1|16|0|0|0|0|17|283|2024|4|25|15|40|24|1|N
5|6|1738|C|2|0|U|736|35|11|22|E0506|18|86|222|2|15|21|56|125|0|0|0|1|0|0|0|0|0|1|57|586|2024|4|25|15|50|34|4|N
5|6|1793|C|3|0|U|599|35|11|22|E0506|10|32|170|0|13|9|10|0|7|0|0|0|0|9|0|0|0|0|0|250|2024|4|25|14|27|16|1|N
15|5|4192|B|1|0|U|643|82|33|129|E1505|5|81|60|10|15|9|16|63|16|19|1|2|1|4|21|0|0|1|7|326|2024|4|25|15|2|16|4|N
15|5|4193|C|1|0|M|577|82|33|129|E1505|10|60|74|4|0|9|0|95|14|14|2|1|0|26|23|1|0|0|6|329|2024|4|25|15|33|15|1|N
15|5|4201|C|1|0|U|725|82|33|129|E1505|67|84|36|0|3|4|24|43|9|25|1|3|2|17|31|2|0|0|12|296|2024|4|25|15|33|38|1|N
15|5|4205|C|4|0|U|746|82|33|129|E1505|77|99|135|6|0|2|1|89|14|15|2|3|0|13|19|1|0|0|15|414|2024|4|25|15|18|29|1|N
15|5|4209|C|1|0|U|719|82|33|129|E1505|47|78|115|9|7|18|6|54|18|18|3|0|0|19|41|1|0|0|1|388|2024|4|25|15|11|6|4|N
15|5|4231|C|8|0|U|695|82|33|129|E1505|45|93|52|0|10|0|20|123|30|22|1|1|2|0|21|1|0|1|0|377|2024|4|25|15|14|10|4|N
15|5|4248|C|3|0|U|673|82|22|129|E1505|46|104|137|20|9|9|23|49|28|12|5|0|0|24|42|1|0|0|7|470|2024|4|25|15|13|32|4|N
15|5|4253|C|3|0|U|595|82|22|129|E1505|34|49|33|5|14|4|4|28|9|31|6|1|2|4|27|0|0|0|9|226|2024|4|25|15|10|41|4|N
15|5|4342|C|3|0|U|687|85|33|129|E1505|81|103|50|0|9|12|8|76|35|19|0|0|0|31|30|2|0|0|5|380|2024|4|25|15|42|20|1|N
15|5|4525|C|3|0|U|668|93|33|129|E1505|101|70|140|36|7|8|10|74|29|43|3|0|0|0|41|0|0|1|8|470|2024|4|25|15|27|27|1|N
15|5|4534|C|1|0|M|601|93|33|129|E1505|92|82|13|22|1|4|20|76|19|17|0|5|0|20|27|2|0|0|0|308|2024|4|25|15|42|32|1|N
15|5|6863|C|2|0|U|623|82|33|129|E1505|27|174|0|17|23|16|32|117|31|10|0|0|2|48|25|1|0|0|12|508|2024|4|25|15|12|41|4|N
27|5|202|B|1|0|R|706|3|4|259|E2705|28|178|0|16|0|4|3|162|0|37|5|1|0|0|0|0|0|0|17|423|2024|4|25|15|20|34|2|N
27|5|826|C|1|0|M|574|10|17|259|E2705|47|191|13|7|0|3|3|27|29|11|0|2|0|0|0|0|0|1|17|304|2024|4|25|15|48|17|4|N
27|5|1140|C|1|0|U|739|13|18|259|E2705|92|386|2|0|9|11|8|27|0|2|0|4|0|0|0|0|0|0|13|462|2024|4|25|12|38|41|4|N
18|3|80|B|1|0|U|578|3|13|183|E1803|13|118|0|7|16|5|2|0|66|0|12|7|2|5|0|0|0|0|33|273|2024|4|25|13|43|5|4|N
18|3|115|C|5|0|M|724|4|18|183|E1803|35|0|171|0|15|0|0|144|18|0|32|0|1|9|0|5|0|1|11|407|2024|4|25|15|17|46|1|N
18|3|131|B|1|0|U|589|5|15|183|E1803|68|0|0|5|0|0|3|58|0|0|58|9|0|47|0|0|0|0|4|184|2024|4|25|15|17|21|4|N
18|3|216|C|1|0|U|617|7|13|183|E1803|94|0|0|0|0|0|0|0|0|0|0|0|0|0|0|0|0|0|0|0|2024|4|25|15|54|56|4|N
18|3|229|B|1|0|U|377|7|13|183|E1803|97|25|57|4|7|0|6|80|0|0|0|3|1|22|0|0|0|0|13|218|2024|4|25|15|16|37|4|N
19|4|1765|C|1|0|U|695|47|10|187|E1904|6|32|254|2|0|0|1|139|3|23|2|1|0|6|0|0|0|0|0|463|2024|4|25|15|10|26|4|N
19|4|1819|B|1|0|U|672|47|10|187|E1904|42|44|179|7|9|1|15|129|2|9|0|0|0|7|0|0|0|0|6|408|2024|4|25|14|12|43|4|N
19|4|1855|B|1|0|U|651|47|9|187|E1904|74|43|214|0|8|0|14|136|5|25|1|0|0|8|16|0|0|0|0|470|2024|4|25|15|42|15|1|N
19|4|1869|B|1|0|U|634|47|10|187|E1904|20|71|119|0|3|19|0|120|6|43|1|0|2|22|11|1|0|5|16|439|2024|4|25|15|28|28|4|N
19|4|1891|B|1|0|U|564|47|9|187|E1904|75|30|94|10|18|2|0|125|1|14|0|0|0|6|0|0|0|1|8|309|2024|4|25|15|48|40|1|N
19|4|1892|C|1|0|U|731|47|9|187|E1904|76|35|0|8|1|0|65|150|8|15|0|2|2|28|4|0|0|0|36|354|2024|4|25|15|29|24|1|N
19|4|1895|C|1|0|U|658|47|9|187|E1904|79|33|194|9|12|0|16|99|0|32|0|0|0|2|0|2|0|0|0|399|2024|4|25|14|4|50|4|N
19|4|1920|C|1|0|U|658|47|9|187|E1904|87|45|129|5|0|0|0|156|0|57|1|2|0|18|0|0|0|0|22|435|2024|4|25|15|17|52|1|N
30|4|496|B|1|0|U|577|29|16|275|E3004|82|0|174|6|11|0|23|106|37|9|0|3|6|4|38|0|0|0|45|462|2024|4|25|15|31|15|4|N
30|4|518|B|1|0|U|443|29|16|275|E3004|93|0|56|3|10|0|0|142|19|1|0|3|4|38|7|1|0|1|26|311|2024|4|25|15|4|47|4|N
30|4|529|C|1|0|U|660|29|16|275|E3004|98|29|14|17|13|2|16|39|28|69|10|0|3|44|33|2|0|0|45|364|2024|4|25|15|18|48|4|N
30|4|556|C|1|0|U|583|29|16|275|E3004|99|0|15|1|0|0|9|274|17|14|7|4|0|27|40|1|0|0|14|423|2024|4|25|14|9|26|4|N
30|4|4400|B|1|0|U|283|192|15|275|E3004|67|0|46|0|2|0|3|64|8|6|0|0|0|8|8|0|0|0|0|145|2024|4|25|14|4|48|4|N
30|4|4441|C|1|0|U|456|192|15|275|E3004|59|27|126|3|0|0|0|20|9|6|0|1|0|3|5|0|0|1|15|216|2024|4|25|14|8|20|4|N
30|4|4824|C|2|0|U|633|192|15|275|E3004|22|16|274|10|4|3|20|0|31|40|4|0|0|0|36|0|0|0|23|461|2024|4|25|14|10|17|4|N
8|1|1814|B|1|0|U|451|37|7|40|E0801|20|0|44|7|2|31|9|72|2|0|9|0|0|16|0|0|0|0|32|224|2024|4|25|15|36|14|4|N
8|1|1845|C|1|0|U|421|37|7|40|E0801|21|24|41|4|10|4|0|5|6|0|4|1|0|20|0|1|0|0|56|176|2024|4|25|15|48|29|4|N
8|1|1854|C|1|0|U|517|37|7|40|E0801|31|0|0|11|7|54|0|110|6|0|8|11|2|28|0|3|0|0|56|296|2024|4|25|15|5|46|4|N
8|1|1885|C|6|0|U|731|37|9|40|E0801|83|66|62|2|45|59|20|105|12|0|6|0|2|26|0|3|0|0|59|467|2024|4|25|14|13|3|4|N
8|1|1919|C|1|0|U|652|37|7|40|E0801|25|0|107|0|0|44|0|185|27|0|7|10|2|36|0|2|0|0|52|472|2024|4|25|14|14|45|4|N
8|1|1919|S|1|0|U|0|37|7|40|E0801|25|0|10|14|82|109|56|280|26|0|22|0|0|66|0|3|0|2|133|803|2024|4|25|14|17|27|4|N
8|1|2755|B|1|0|U|540|37|7|40|E0801|58|0|111|13|0|46|2|134|12|0|6|0|2|37|0|1|0|0|23|387|2024|4|25|14|7|17|4|N
8|1|2815|C|18|0|U|722|37|2|40|E0801|74|38|192|18|21|76|15|29|7|0|11|0|7|79|0|1|0|1|85|580|2024|4|25|14|9|37|4|N
19|12|2329|C|4|0|R|701|32|22|195|E1912|35|11|151|6|3|16|8|103|0|17|2|0|0|8|7|1|0|1|14|348|2024|4|25|15|46|24|4|N
19|12|2666|C|1|0|U|470|32|23|195|E1912|15|40|192|2|0|0|0|67|0|7|0|0|0|9|5|1|0|0|19|342|2024|4|25|15|40|11|4|N
19|12|2680|B|1|0|U|691|32|23|195|E1912|8|51|103|1|4|0|9|72|8|3|4|0|0|0|0|1|0|1|22|279|2024|4|25|15|16|45|4|N
19|12|2866|C|1|0|U|570|32|23|195|E1912|55|51|183|2|0|0|15|83|5|0|3|1|1|5|9|1|0|0|0|359|2024|4|25|15|48|18|4|N
14|4|2911|B|1|0|U|610|120|4|108|E1404|131|68|24|0|9|36|10|193|0|0|3|0|3|0|12|1|0|1|3|363|2024|4|25|15|1|12|4|N
14|4|2935|C|1|0|U|517|120|4|108|E1404|109|51|44|31|4|10|6|136|3|23|1|0|0|0|15|1|0|1|7|333|2024|4|25|15|25|2|1|N
14|4|2946|C|3|0|U|571|120|4|108|E1404|100|31|61|15|5|6|19|174|1|14|0|0|1|0|18|1|0|0|0|346|2024|4|25|14|17|6|4|N
14|4|2956|B|1|0|U|556|120|4|108|E1404|113|72|36|16|1|2|0|111|11|9|0|1|2|4|7|0|0|0|0|272|2024|4|25|15|38|38|4|N
14|4|2983|B|1|0|U|672|120|4|108|E1404|92|73|53|26|0|24|30|136|0|57|4|0|4|0|45|3|0|0|41|496|2024|4|25|15|18|19|4|N
14|4|2985|C|4|0|U|665|120|4|108|E1404|29|16|76|0|2|0|0|66|0|47|0|0|0|1|42|5|0|1|0|256|2024|4|25|15|26|14|4|N
14|4|2989|C|4|0|U|701|120|4|108|E1404|87|38|219|70|2|55|47|32|9|0|1|2|0|0|0|0|0|1|11|487|2024|4|25|15|15|34|1|N
14|4|2993|C|6|0|U|722|120|4|108|E1404|15|19|66|53|3|0|19|178|5|30|0|0|0|0|52|0|0|0|0|425|2024|4|25|14|12|31|4|N
14|4|3004|C|2|0|U|657|120|4|108|E1404|35|0|97|0|12|0|29|140|6|0|4|0|2|0|140|2|0|0|0|432|2024|4|25|15|6|34|4|N
14|4|3482|B|1|0|U|585|120|4|108|E1404|55|33|44|24|0|38|0|148|7|24|0|1|1|8|0|0|0|0|0|328|2024|4|25|14|14|45|4|N
15|20|2244|C|2|0|M|681|45|22|144|E1520|1|83|51|20|4|0|0|60|20|0|4|0|2|7|18|1|0|1|15|286|2024|4|25|15|35|34|1|N
15|20|2250|C|3|0|U|613|45|22|144|E1520|23|52|67|0|18|14|2|130|10|32|0|3|2|37|56|0|0|3|17|443|2024|4|25|14|10|30|4|N
15|20|2254|B|1|0|U|456|45|22|144|E1520|25|41|59|0|4|8|9|54|4|0|1|3|0|3|4|0|0|1|11|202|2024|4|25|15|47|32|1|N
15|20|2255|B|1|0|U|497|45|22|144|E1520|26|80|89|5|0|2|2|7|0|32|0|7|7|6|10|4|0|0|23|274|2024|4|25|15|47|43|1|N
15|20|3036|B|1|0|M|675|59|22|144|E1520|4|101|0|10|0|0|42|92|47|2|5|5|0|23|49|0|0|0|29|405|2024|4|25|15|38|25|1|N
15|20|4243|B|1|0|U|726|82|22|144|E1520|28|158|190|1|33|32|30|83|0|0|0|9|12|0|61|0|0|0|32|641|2024|4|25|15|49|35|1|N
15|20|4245|C|2|0|U|530|82|22|144|E1520|20|86|101|2|5|0|0|51|5|31|2|0|2|5|19|0|0|3|33|345|2024|4|25|14|3|9|4|N
15|20|6291|C|4|0|U|741|82|22|144|E1520|78|0|159|3|0|4|11|132|31|5|6|1|0|0|39|0|0|0|43|434|2024|4|25|14|3|0|4|N
15|20|6296|B|1|0|U|494|82|22|144|E1520|95|0|99|5|6|3|0|22|29|3|0|0|0|11|71|0|0|0|14|263|2024|4|25|14|3|58|4|N
15|20|6311|C|1|0|U|683|82|22|144|E1520|70|181|89|16|14|0|31|66|10|5|0|1|0|59|26|1|0|6|20|525|2024|4|25|14|4|53|4|N
15|20|6335|B|1|0|U|499|82|22|144|E1520|87|95|0|5|6|0|13|11|14|9|4|1|1|25|0|1|0|1|13|199|2024|4|25|14|7|16|4|N
15|20|6579|C|4|0|U|652|82|22|144|E1520|68|77|76|0|0|15|15|81|6|40|0|0|3|27|36|0|0|4|16|396|2024|4|25|14|2|58|4|N
8|2|2784|B|1|0|U|445|37|10|41|E0802|81|0|83|3|0|3|45|28|0|0|3|0|0|0|0|1|0|0|44|210|2024|4|25|14|5|34|4|N
8|2|2918|C|1|0|U|653|37|8|41|E0802|44|0|112|8|11|0|54|0|1|0|0|2|0|0|0|3|0|0|111|302|2024|4|25|14|5|35|4|N
8|2|2932|B|1|0|U|507|37|8|41|E0802|49|11|162|8|10|14|0|73|0|0|1|1|0|8|0|4|0|1|47|340|2024|4|25|14|1|26|4|N
8|2|2949|B|1|0|U|365|37|8|41|E0802|61|0|128|1|0|7|0|67|20|0|3|0|1|7|0|0|0|1|0|235|2024|4|25|15|48|10|4|N
8|2|3150|C|1|0|U|553|37|10|41|E0802|119|0|66|0|10|0|81|0|0|0|0|4|2|8|0|0|0|0|78|249|2024|4|25|15|29|3|4|N
8|2|3331|B|1|0|U|705|37|8|41|E0802|31|0|8|4|11|19|0|301|18|0|6|0|1|8|0|7|0|1|72|456|2024|4|25|15|48|20|4|N
14|16|2538|B|1|0|U|579|99|16|120|E1416|52|13|139|80|0|13|4|65|8|30|1|1|0|0|19|0|0|0|13|386|2024|4|25|14|16|24|4|N
14|16|2554|C|3|0|U|692|99|16|120|E1416|94|9|121|89|8|27|6|103|12|9|1|4|0|5|26|2|0|0|7|429|2024|4|25|15|2|9|4|N
14|16|2556|C|1|0|U|716|99|16|120|E1416|87|7|154|92|13|22|5|129|15|0|1|2|2|0|20|0|0|0|10|472|2024|4|25|15|39|10|4|N
14|16|2566|C|3|0|U|673|99|16|120|E1416|76|15|141|131|4|22|4|131|11|0|0|0|7|2|1|3|0|0|14|486|2024|4|25|14|12|46|4|N
14|16|2567|B|1|0|U|734|99|16|120|E1416|78|10|0|49|5|10|8|101|15|0|4|6|0|12|39|0|0|0|33|292|2024|4|25|14|9|28|4|N
14|16|2567|C|7|0|U|734|99|16|120|E1416|79|15|185|111|12|13|12|94|0|45|2|2|1|14|29|5|0|0|27|567|2024|4|25|15|27|23|4|N
14|16|3614|C|4|0|U|621|99|16|120|E1416|117|17|76|25|0|8|7|83|10|0|3|1|3|5|19|1|0|0|14|272|2024|4|25|15|39|58|4|N
14|16|3615|B|1|0|U|451|99|16|120|E1416|122|9|86|41|6|13|0|45|7|16|1|1|0|6|2|1|0|1|1|236|2024|4|25|14|5|12|4|N
14|16|3844|C|1|0|M|635|99|16|120|E1416|70|17|169|111|0|28|0|11|15|1|2|4|0|5|39|0|0|0|4|406|2024|4|25|15|29|41|4|N
14|16|3844|C|4|0|M|634|99|16|120|E1416|70|21|199|129|0|29|0|29|13|0|0|2|0|0|37|0|0|0|1|460|2024|4|25|15|32|55|4|N
24|5|805|C|3|0|U|695|28|8|238|E2405|47|17|17|17|17|17|17|17|17|17|17|17|17|17|17|17|0|17|17|289|2024|4|25|12|18|36|4|N
24|5|833|B|1|0|U|663|28|8|238|E2405|59|24|56|0|36|39|76|109|21|0|0|3|0|4|0|0|0|9|0|377|2024|4|25|14|14|43|4|N
24|5|860|B|1|0|U|566|28|5|238|E2405|94|0|59|6|0|0|0|114|10|0|7|5|2|11|0|0|0|8|24|246|2024|4|25|14|5|44|4|N
24|5|1846|C|2|0|U|549|28|4|238|E2405|29|0|88|0|19|9|51|101|0|0|1|2|0|3|0|0|0|17|40|331|2024|4|25|14|11|1|4|N
16|5|439|C|2|0|U|664|30|1|169|E1605|30|36|0|9|14|9|7|304|45|0|0|0|1|2|0|0|0|1|82|510|2024|4|25|15|29|27|4|N
8|5|966|C|2|0|U|711|21|19|44|E0805|55|42|93|1|10|36|45|201|1|0|2|3|0|6|0|0|0|1|32|473|2024|4|25|13|29|31|4|N
8|5|967|B|1|0|U|719|21|19|44|E0805|53|86|0|17|17|36|74|225|1|0|2|0|1|10|0|1|0|0|62|532|2024|4|25|14|14|58|4|N
8|5|998|E|1|1|M|663|21|19|44|E0805|68|4|0|0|0|32|7|370|12|0|0|2|0|15|0|0|0|0|11|453|2024|4|25|15|40|57|1|N
8|5|2289|C|1|0|U|620|45|11|44|E0805|115|21|86|6|17|20|21|187|5|0|2|2|0|4|0|0|0|1|10|382|2024|4|25|11|4|31|4|N
8|5|2617|B|1|0|M|381|62|20|44|E0805|161|0|0|0|0|0|0|0|0|0|0|0|0|0|0|0|0|0|0|0|2024|4|25|15|53|29|1|N
25|4|1782|B|1|0|R|270|7|1|244|E2504|23|7|107|0|0|6|10|4|0|0|0|0|0|2|0|0|0|0|15|151|2024|4|25|15|52|36|4|N
25|4|1978|B|1|0|R|314|10|1|244|E2504|69|13|108|0|1|9|20|15|0|0|0|0|0|0|0|0|0|1|0|167|2024|4|25|15|18|8|4|N
25|4|2105|B|1|0|U|490|11|8|244|E2504|76|18|107|8|5|5|64|159|8|0|0|0|0|5|0|0|0|1|16|396|2024|4|25|15|34|54|4|N
25|4|2151|B|1|0|U|163|11|8|244|E2504|98|0|8|1|2|2|5|9|0|0|1|0|0|0|0|0|0|0|4|32|2024|4|25|15|31|38|1|N
25|4|2352|C|1|0|U|428|11|8|244|E2504|179|10|37|0|8|0|0|85|0|0|3|0|1|1|0|0|0|0|20|165|2024|4|25|15|37|33|4|N
25|4|2529|B|1|0|R|228|11|8|244|E2504|156|3|29|1|0|0|0|57|9|0|2|0|0|1|0|0|0|0|24|126|2024|4|25|15|51|18|1|N
16|6|26|B|1|0|M|567|3|8|170|E1606|25|77|14|0|15|0|0|181|25|0|7|1|1|20|0|0|0|1|28|370|2024|4|25|15|43|18|1|N
16|6|29|C|1|0|U|525|3|8|170|E1606|27|83|33|2|0|8|10|84|14|0|5|2|1|6|0|0|0|0|48|296|2024|4|25|14|14|55|4|N
16|6|481|C|4|0|U|642|34|12|170|E1606|104|39|119|4|0|22|11|101|10|0|2|1|0|6|0|0|0|0|53|368|2024|4|25|15|15|3|1|N
16|6|482|C|5|0|U|675|34|12|170|E1606|122|61|129|0|1|0|26|85|4|0|1|5|2|0|0|0|0|0|40|354|2024|4|25|14|15|0|1|N
16|6|526|C|2|0|M|719|34|12|170|E1606|135|0|246|6|0|0|27|141|38|0|0|1|5|16|0|3|0|0|45|528|2024|4|25|15|44|30|1|N
16|6|1652|C|1|0|U|628|73|12|170|E1606|82|0|90|6|0|0|0|125|25|0|0|0|0|30|0|0|0|0|26|302|2024|4|25|15|1|38|4|N
16|6|1792|C|2|0|R|507|79|8|170|E1606|20|85|38|4|0|10|5|155|12|0|9|0|1|9|0|1|0|0|17|346|2024|4|25|15|50|57|1|N
16|6|2683|B|1|0|U|530|89|8|170|E1606|36|160|98|5|0|0|0|67|29|0|0|0|1|6|0|0|0|0|31|397|2024|4|25|15|20|22|4|N
16|6|2683|C|2|0|U|530|89|8|170|E1606|36|65|86|0|0|27|0|82|4|0|3|4|0|1|0|0|0|0|40|312|2024|4|25|15|24|49|4|N
14|17|458|B|1|0|U|642|31|17|121|E1417|74|0|172|73|20|24|45|0|2|29|0|0|6|0|13|5|0|1|9|399|2024|4|25|14|5|2|4|N
14|17|473|C|1|0|R|515|31|17|121|E1417|72|3|98|0|14|8|8|114|3|0|1|0|0|0|0|0|0|1|12|262|2024|4|25|15|29|3|1|N
14|17|1595|E|1|10|M|738|46|17|121|E1417|59|39|175|0|27|10|0|199|1|9|3|0|0|0|7|6|0|0|29|505|2024|4|25|15|37|41|1|N
14|17|2889|B|1|0|U|638|119|17|121|E1417|121|48|45|31|21|8|18|98|2|25|2|0|0|7|13|1|0|0|4|323|2024|4|25|15|13|19|4|N
15|15|271|C|1|0|U|672|13|26|139|E1515|7|25|45|9|0|10|44|179|8|23|11|6|1|0|37|0|0|0|0|398|2024|4|25|14|17|58|4|N
15|15|283|C|4|0|U|647|13|16|139|E1515|69|51|69|6|0|13|0|199|14|10|1|0|0|0|0|2|0|0|16|381|2024|4|25|15|10|46|4|N
15|15|286|B|1|0|U|648|13|16|139|E1515|70|22|51|1|11|7|5|50|13|15|1|3|0|37|26|0|0|0|5|247|2024|4|25|15|30|22|4|N
15|15|343|C|1|0|U|675|13|16|139|E1515|95|0|0|0|0|0|0|0|0|0|0|0|0|0|0|0|0|0|0|0|2024|4|25|15|53|10|1|N
15|15|347|C|1|0|U|692|13|26|139|E1515|42|0|221|3|3|19|28|161|0|0|0|6|0|15|19|2|0|0|2|479|2024|4|25|14|18|0|4|N
15|15|354|C|2|0|U|711|13|16|139|E1515|101|47|136|10|0|6|19|178|33|34|10|5|0|0|33|0|0|0|9|520|2024|4|25|15|33|37|1|N
15|15|365|C|3|0|U|572|13|26|139|E1515|44|42|93|7|31|4|19|197|15|2|8|0|0|1|36|0|0|2|3|460|2024|4|25|15|5|55|4|N
15|15|385|B|1|0|U|560|13|16|139|E1515|112|44|125|7|12|10|1|57|0|15|0|9|2|1|40|0|0|0|3|326|2024|4|25|15|42|12|1|N
15|15|398|B|1|0|U|681|13|16|139|E1515|121|42|110|0|15|17|26|103|2|9|0|8|3|29|10|2|0|1|12|389|2024|4|25|15|45|42|1|N
15|2|668|B|1|0|U|588|24|19|126|E1502|4|0|0|0|0|18|53|201|0|55|0|2|2|12|0|5|0|1|3|352|2024|4|25|15|29|1|4|N
15|2|669|C|1|0|U|708|24|19|126|E1502|5|153|0|27|0|19|13|65|4|93|4|1|1|13|58|0|0|0|0|451|2024|4|25|15|27|8|4|N
15|2|675|C|2|0|U|563|24|19|126|E1502|2|35|119|108|0|8|0|58|10|52|0|0|1|9|4|1|0|0|23|428|2024|4|25|14|17|8|1|N
15|2|688|C|1|0|U|564|24|19|126|E1502|12|0|170|43|0|10|6|83|0|27|2|0|0|18|0|2|0|1|15|377|2024|4|25|15|7|7|4|N
15|2|2449|C|1|0|U|547|54|19|126|E1502|46|50|0|17|26|6|3|192|5|42|2|0|0|0|0|0|0|0|0|343|2024|4|25|15|51|24|4|N
15|2|5462|C|3|0|U|637|109|19|126|E1502|73|18|0|0|0|12|0|271|0|45|0|0|2|4|0|0|0|0|0|352|2024|4|25|15|6|37|4|N
15|2|5463|C|2|0|U|604|109|19|126|E1502|74|48|190|9|34|6|16|4|0|50|23|1|0|9|0|0|0|0|7|397|2024|4|25|15|19|3|4|N
25|7|720|B|1|0|U|355|6|11|247|E2507|125|96|26|2|0|0|10|79|4|0|5|2|1|4|0|1|0|1|0|231|2024|4|25|14|7|24|4|N
25|7|732|B|1|0|U|312|6|11|247|E2507|123|0|136|0|0|0|3|48|0|0|0|1|2|0|0|0|0|0|1|191|2024|4|25|15|11|56|4|N
25|7|774|B|1|0|U|396|6|13|247|E2507|89|37|11|4|10|12|8|126|8|0|10|1|1|0|0|0|0|0|44|272|2024|4|25|15|39|37|4|N
25|7|1394|C|1|0|U|526|6|17|247|E2507|54|50|214|4|8|8|0|71|0|0|2|2|0|1|0|0|0|0|16|376|2024|4|25|14|15|9|4|N
25|7|1469|C|2|0|U|568|6|16|247|E2507|11|20|11|0|0|0|9|274|21|0|0|6|0|0|0|6|0|3|0|350|2024|4|25|15|43|16|4|N
25|7|1477|E|1|1|U|691|6|16|247|E2507|1|108|0|11|25|2|13|190|16|0|1|0|3|13|0|0|0|0|0|382|2024|4|25|15|3|47|4|N
17|4|722|C|1|0|R|566|24|9|179|E1704|70|51|92|1|9|2|23|62|9|7|6|0|1|12|16|0|0|0|14|305|2024|4|25|14|7|45|4|N
17|4|724|B|1|0|U|609|24|9|179|E1704|72|53|134|2|12|26|14|70|3|6|2|1|0|18|5|0|0|1|27|374|2024|4|25|14|13|27|4|N
17|4|735|C|1|0|U|519|25|11|179|E1704|80|49|58|3|4|15|27|74|7|25|4|2|0|5|13|1|0|0|0|287|2024|4|25|15|11|21|4|N
17|4|739|C|1|0|M|568|25|11|179|E1704|85|56|54|4|12|24|18|40|11|2|4|0|0|0|1|0|0|0|17|243|2024|4|25|15|36|45|4|N
17|4|878|B|1|0|U|369|31|11|179|E1704|115|57|44|8|14|0|15|60|6|27|3|1|0|9|9|1|0|1|15|270|2024|4|25|15|18|21|4|N
15|18|2046|C|3|0|U|564|38|17|142|E1518|49|39|26|4|8|12|19|58|22|71|8|3|4|7|26|0|0|2|11|320|2024|4|25|14|14|11|4|N
15|18|3905|B|1|0|U|735|68|45|142|E1518|103|113|19|8|0|31|49|124|99|79|4|1|3|19|0|8|0|0|17|574|2024|4|25|15|6|6|4|N
15|18|3905|C|2|0|U|735|68|45|142|E1518|103|148|48|9|60|32|34|0|9|73|8|7|0|0|61|7|0|0|4|500|2024|4|25|15|9|30|4|N
15|18|3905|C|3|0|U|735|68|45|142|E1518|103|111|46|10|36|10|4|102|22|52|9|5|3|12|0|0|0|1|2|425|2024|4|25|15|17|6|4|N
15|18|3915|C|3|0|U|594|68|45|142|E1518|115|63|61|0|0|18|32|83|35|133|0|3|6|43|0|0|0|1|6|484|2024|4|25|14|9|57|4|N
15|18|5802|B|1|0|U|689|116|4|142|E1518|135|87|0|17|45|8|33|55|108|79|0|0|6|33|0|2|0|3|14|490|2024|4|25|15|10|58|4|N
15|18|6610|C|2|0|R|700|68|45|142|E1518|111|0|0|0|0|0|0|0|0|0|0|0|0|0|0|0|0|0|0|0|2024|4|25|15|53|49|1|N
27|2|46|C|1|0|U|571|2|2|256|E2702|1|152|0|8|0|4|0|83|40|0|2|0|0|0|0|0|1|1|0|291|2024|4|25|14|12|23|1|N
27|2|694|C|4|0|U|706|8|15|256|E2702|109|73|2|14|0|21|0|144|39|12|32|9|0|0|0|0|46|1|32|425|2024|4|25|14|7|32|4|N
17|5|700|C|2|0|U|503|36|4|180|E1705|59|130|0|15|15|23|1|57|0|5|5|3|1|4|13|1|4|0|5|282|2024|4|25|15|14|43|4|N
17|5|800|C|2|0|U|638|29|12|180|E1705|77|84|49|5|7|16|7|54|10|15|1|2|0|17|7|0|12|1|22|309|2024|4|25|15|14|45|4|N
17|5|804|C|2|0|U|501|29|12|180|E1705|78|70|34|0|3|11|13|64|4|21|0|1|1|11|0|1|24|0|22|280|2024|4|25|15|22|37|4|N
17|5|808|B|1|0|U|475|29|12|180|E1705|79|44|21|14|6|5|15|110|0|9|7|5|2|29|5|1|20|1|12|306|2024|4|25|15|46|5|1|N
17|5|831|C|1|0|U|742|29|12|180|E1705|81|118|48|3|20|103|14|0|14|8|0|0|2|25|11|2|7|1|16|392|2024|4|25|15|50|27|1|N
17|5|833|B|1|0|U|482|29|12|180|E1705|82|0|0|0|0|0|0|0|0|0|0|0|0|0|0|0|0|0|0|0|2024|4|25|15|53|20|1|N
17|5|853|C|2|0|U|602|30|10|180|E1705|94|138|42|21|13|36|9|75|0|19|2|1|1|18|5|2|12|0|19|413|2024|4|25|14|6|16|4|N
15|4|3723|C|1|0|U|706|61|44|128|E1504|20|4|83|6|0|36|17|140|31|19|1|0|0|1|44|2|0|0|5|389|2024|4|25|15|40|46|1|N
15|4|3733|C|2|0|U|733|61|44|128|E1504|50|0|0|0|0|0|0|0|0|0|0|0|0|0|0|0|0|0|0|0|2024|4|25|15|49|12|1|N
15|4|3733|C|3|0|U|733|61|44|128|E1504|50|0|66|0|12|41|18|194|0|43|4|7|0|23|30|0|0|0|19|457|2024|4|25|14|3|19|4|N
15|4|3739|C|3|0|U|705|61|44|128|E1504|57|8|97|10|10|2|1|205|10|6|2|0|0|0|21|0|0|0|41|413|2024|4|25|15|52|36|1|N
15|4|3740|C|1|0|U|670|61|44|128|E1504|54|49|3|12|0|16|44|131|41|0|9|2|1|22|25|3|0|2|24|384|2024|4|25|14|12|33|4|N
15|4|3740|C|2|0|U|670|61|44|128|E1504|54|0|33|20|20|25|35|264|0|22|0|0|7|24|41|0|0|0|21|512|2024|4|25|14|15|39|4|N
15|4|3757|C|1|0|U|618|61|44|128|E1504|78|5|70|0|2|20|66|171|14|0|18|0|1|0|12|0|0|0|27|406|2024|4|25|15|14|18|4|N
15|4|3795|C|3|0|R|649|61|44|128|E1504|6|0|0|8|19|57|36|290|0|72|12|1|0|9|31|5|0|0|12|552|2024|4|25|15|31|40|1|N
15|4|3797|B|1|0|R|732|61|44|128|E1504|12|12|166|22|4|10|85|102|30|0|0|0|2|24|31|3|0|0|1|492|2024|4|25|15|37|27|1|N
15|4|3802|C|2|0|U|608|61|44|128|E1504|10|22|62|48|0|42|51|0|23|111|2|0|2|0|15|0|0|0|58|436|2024|4|25|15|3|38|4|N
15|4|3809|C|1|0|M|673|61|44|128|E1504|18|8|3|0|4|31|62|51|11|51|0|0|2|19|72|6|0|0|33|353|2024|4|25|15|39|4|1|N
15|4|6699|C|3|0|U|636|61|44|128|E1504|118|11|29|0|14|31|0|163|0|18|0|0|2|21|51|3|0|0|49|392|2024|4|25|15|11|52|4|N
15|19|4888|B|1|0|U|709|105|18|143|E1519|76|53|131|10|2|0|8|169|10|16|7|2|2|4|26|1|0|0|9|450|2024|4|25|15|11|29|4|N
15|19|4891|C|1|0|U|425|105|18|143|E1519|79|14|36|0|27|9|7|112|17|4|2|0|0|5|29|1|0|0|4|267|2024|4|25|15|49|42|1|N
15|19|4902|B|1|0|U|516|105|18|143|E1519|72|28|75|2|0|9|39|69|12|18|0|2|3|2|27|0|0|2|20|308|2024|4|25|14|8|14|4|N
15|19|4906|C|3|0|U|725|105|18|143|E1519|95|43|145|15|1|15|13|51|9|11|4|2|1|0|15|1|0|0|18|344|2024|4|25|15|19|58|4|N
15|19|4928|B|1|0|U|688|105|18|143|E1519|97|65|73|7|0|0|11|158|8|18|0|2|0|26|19|1|0|0|32|420|2024|4|25|15|5|53|4|N
15|19|4932|C|1|0|U|425|105|18|143|E1519|93|36|62|4|0|0|6|82|5|10|2|0|0|0|10|0|0|0|7|224|2024|4|25|14|4|14|4|N
15|19|4936|C|1|0|U|456|105|18|143|E1519|89|3|18|0|0|0|15|146|11|0|2|0|0|13|28|1|0|0|14|251|2024|4|25|15|47|28|4|N
15|19|4943|C|1|0|U|514|105|18|143|E1519|89|0|143|14|0|7|22|83|9|8|1|0|3|25|0|0|0|2|0|317|2024|4|25|15|48|59|4|N
15|19|4966|C|1|0|U|657|105|26|143|E1519|148|26|122|1|7|4|36|91|4|51|0|0|0|39|31|0|0|0|16|428|2024|4|25|15|46|57|1|N
15|19|5047|B|1|0|U|428|105|18|143|E1519|17|22|109|1|12|1|0|96|18|13|2|0|0|13|31|1|0|1|3|323|2024|4|25|14|6|20|4|N
15|19|5054|B|1|0|U|636|105|18|143|E1519|6|54|175|0|6|0|0|56|17|0|0|0|2|26|40|1|0|0|20|397|2024|4|25|14|8|45|4|N
15|19|5073|C|1|0|U|551|105|18|143|E1519|122|48|56|10|8|0|33|99|0|29|2|1|2|4|24|0|0|1|25|342|2024|4|25|15|10|51|4|N
15|19|5076|C|1|0|U|588|105|18|143|E1519|125|27|178|2|5|5|7|118|5|10|2|0|1|10|8|0|0|0|5|383|2024|4|25|15|18|34|4|N
15|19|5115|B|1|0|U|607|105|26|143|E1519|136|86|219|1|0|1|12|83|13|23|1|1|2|16|0|0|0|1|9|468|2024|4|25|15|26|34|1|N
15|19|5135|B|1|0|U|630|105|26|143|E1519|126|100|86|21|40|10|12|51|26|16|1|0|1|25|30|0|0|5|22|446|2024|4|25|15|30|20|4|N
5|7|812|C|1|0|U|611|30|13|23|E0507|33|54|143|0|8|11|6|99|0|11|7|0|0|0|10|0|0|1|15|365|2024|4|25|15|51|41|4|N
5|7|855|C|1|0|U|514|30|13|23|E0507|46|0|148|2|0|6|5|76|20|11|0|2|0|0|0|1|0|2|17|290|2024|4|25|15|45|0|4|N
5|7|878|B|1|0|U|502|30|13|23|E0507|39|68|183|5|10|0|6|0|5|10|0|1|2|3|23|2|0|1|21|340|2024|4|25|15|31|36|4|N
5|7|888|C|1|0|U|661|30|13|23|E0507|55|0|80|0|0|24|6|174|4|0|8|0|1|0|0|1|0|1|28|327|2024|4|25|15|28|50|4|N
5|7|957|B|1|0|U|563|30|16|23|E0507|96|0|0|9|7|65|34|116|24|0|4|4|0|24|36|0|0|0|31|354|2024|4|25|15|33|21|4|N
5|7|988|C|2|0|U|566|30|16|23|E0507|88|196|3|25|0|53|70|8|65|0|10|3|0|0|0|0|0|0|0|433|2024|4|25|15|43|47|1|N
5|7|993|C|7|0|U|693|30|16|23|E0507|104|0|61|0|0|118|63|0|9|27|9|4|0|0|0|8|0|0|106|405|2024|4|25|15|49|17|4|N
5|7|1651|B|1|0|U|459|30|16|23|E0507|89|0|60|7|1|28|0|112|18|0|0|2|0|10|23|0|0|0|29|290|2024|4|25|14|17|32|4|N
5|7|1663|C|1|0|U|377|30|16|23|E0507|111|10|104|4|0|7|9|43|6|7|2|0|0|4|7|0|0|1|9|213|2024|4|25|15|9|56|4|N
5|7|1808|C|2|0|U|720|30|15|23|E0507|14|61|166|5|0|53|9|0|17|31|22|3|0|0|26|5|0|0|45|443|2024|4|25|15|44|10|4|N
5|7|1847|C|2|0|U|668|30|15|23|E0507|119|47|0|20|73|86|10|2|0|20|0|2|2|20|44|5|0|5|119|455|2024|4|25|15|49|0|4|N
11|10|1182|B|1|0|U|601|18|20|84|E1110|37|0|178|0|0|32|5|112|8|15|1|0|0|0|61|0|0|1|3|416|2024|4|25|14|10|1|4|N
11|10|1189|C|1|0|M|520|18|20|84|E1110|39|0|122|8|8|0|37|56|9|13|0|0|0|5|1|0|0|3|20|282|2024|4|25|15|40|16|2|N
11|10|1874|B|1|0|U|462|21|20|84|E1110|55|42|180|0|0|11|33|55|7|10|1|0|0|0|0|0|0|0|21|360|2024|4|25|15|6|34|4|N
11|10|2791|B|1|0|U|675|41|20|84|E1110|112|0|155|5|0|20|39|92|0|15|1|1|0|0|0|0|0|0|13|341|2024|4|25|14|12|45|4|N
11|10|2792|B|1|0|U|575|41|20|84|E1110|114|0|265|3|24|41|0|43|0|17|1|0|0|16|0|1|0|0|29|440|2024|4|25|14|8|13|4|N
11|10|2793|C|2|0|U|698|41|20|84|E1110|115|39|128|5|0|24|22|105|6|24|1|0|0|6|26|1|0|0|11|398|2024|4|25|14|5|29|1|N
11|10|2804|C|1|0|U|568|41|20|84|E1110|123|39|158|6|0|27|21|79|5|1|2|1|0|0|7|0|0|0|0|346|2024|4|25|15|11|10|4|N
15|9|1291|B|1|0|R|612|33|10|133|E1509|7|35|54|2|2|3|0|64|0|4|3|1|0|9|13|1|0|0|6|197|2024|4|25|15|1|33|4|N
15|9|1299|B|1|0|R|704|33|10|133|E1509|9|41|34|32|39|2|0|202|0|49|3|4|0|34|53|0|0|0|38|531|2024|4|25|15|0|58|4|N
15|9|4030|B|1|0|R|415|124|13|133|E1509|59|53|32|8|8|10|2|61|10|14|0|1|0|16|0|1|0|0|12|228|2024|4|25|15|9|5|4|N
15|9|4031|B|1|0|R|647|124|13|133|E1509|56|124|7|47|10|0|1|0|0|67|7|1|1|67|49|0|0|1|0|382|2024|4|25|15|48|32|1|N
15|9|4042|C|1|0|R|719|75|15|133|E1509|27|48|53|11|11|28|25|99|13|9|10|1|1|37|30|3|0|0|32|411|2024|4|25|15|3|18|4|N
15|9|4047|C|1|0|R|421|124|13|133|E1509|66|98|16|14|0|30|0|47|2|17|3|4|1|17|14|1|0|0|4|268|2024|4|25|15|50|38|1|N
15|9|4066|C|2|0|R|651|124|13|133|E1509|72|15|99|32|18|33|0|127|6|34|20|5|0|48|47|0|0|0|19|503|2024|4|25|15|6|6|4|N
15|9|4078|C|4|0|R|656|75|15|133|E1509|37|84|16|23|13|29|0|203|10|34|0|0|0|33|63|0|0|0|15|523|2024|4|25|15|8|23|4|N
15|9|4085|E|2|0|M|540|124|13|133|E1509|83|60|34|32|23|25|39|130|23|28|4|0|0|16|0|1|0|0|24|439|2024|4|25|15|47|7|1|N
15|9|4089|C|2|0|R|659|75|15|133|E1509|43|60|0|28|13|0|0|173|5|13|12|1|1|45|3|3|0|0|25|382|2024|4|25|15|35|9|4|N
15|9|5689|C|1|0|R|676|112|10|133|E1509|90|35|56|21|3|0|5|113|4|0|5|1|0|19|0|0|0|0|10|272|2024|4|25|15|13|35|4|N
15|9|5703|B|1|0|R|690|112|10|133|E1509|89|95|33|25|9|7|5|128|0|28|3|2|1|27|16|0|0|0|15|394|2024|4|24|21|43|37|4|N
15|9|5773|C|2|0|R|712|115|10|133|E1509|121|101|36|27|0|31|3|113|20|21|4|0|1|32|0|4|0|0|33|426|2024|4|25|15|50|28|1|N
15|9|6889|C|2|0|R|686|115|10|133|E1509|105|100|62|19|0|0|45|121|5|2|3|1|0|26|51|2|0|1|6|444|2024|4|25|15|44|11|1|N
9|22|2566|C|2|0|U|554|7|27|70|E0922|53|85|36|3|54|25|0|0|31|14|17|0|9|1|23|10|0|2|19|329|2024|4|25|15|14|54|4|N
9|22|2586|C|2|0|U|617|7|27|70|E0922|54|91|0|0|39|9|0|61|5|0|17|2|0|65|17|0|0|0|29|335|2024|4|25|14|7|51|4|N
9|22|2682|B|1|0|U|611|7|29|70|E0922|30|184|0|3|17|10|1|49|0|11|13|0|0|51|18|0|0|1|10|368|2024|4|25|14|9|57|4|N
9|22|2812|B|1|0|U|704|7|27|70|E0922|39|101|0|7|16|3|3|27|20|27|10|3|12|36|9|4|0|0|7|285|2024|4|25|14|4|29|4|N
9|22|2861|B|1|0|U|553|7|31|70|E0922|9|132|47|0|47|0|0|28|0|8|2|0|4|74|20|0|0|0|10|372|2024|4|25|15|13|53|4|N
9|22|2964|B|1|0|U|452|7|27|70|E0922|62|91|5|3|7|3|3|40|1|3|14|1|0|52|23|9|0|0|16|271|2024|4|25|14|10|26|4|N
11|15|978|C|1|0|U|530|17|11|89|E1115|13|0|72|2|0|19|17|112|14|0|3|2|0|4|0|2|0|0|3|250|2024|4|25|15|42|46|4|N
11|15|980|C|5|0|U|739|17|11|89|E1115|20|177|0|7|0|15|29|0|14|9|5|2|0|11|14|2|0|0|24|309|2024|4|25|15|33|6|4|N
11|15|1039|C|1|0|U|617|17|12|89|E1115|105|0|0|4|50|0|9|201|24|24|1|3|1|0|21|0|0|1|0|339|2024|4|25|15|10|53|4|N
11|15|1055|B|1|0|U|447|17|12|89|E1115|83|0|22|11|28|0|0|136|0|16|1|0|1|0|12|0|0|0|6|233|2024|4|25|15|37|24|4|N
11|15|1082|B|1|0|U|705|17|12|89|E1115|73|110|0|6|8|6|36|47|3|10|1|0|0|0|4|0|0|0|15|246|2024|4|25|15|49|58|4|N
11|15|1091|B|1|0|U|723|17|12|89|E1115|95|44|0|0|14|41|4|170|3|25|2|0|0|10|5|1|0|0|7|326|2024|4|25|15|16|7|4|N
11|15|1098|C|1|0|U|652|17|12|89|E1115|95|0|0|17|17|30|0|0|10|24|19|0|1|27|53|6|0|0|69|273|2024|4|25|15|22|9|4|N
11|15|1105|B|1|0|U|692|17|12|89|E1115|54|112|0|6|29|3|0|156|9|41|17|0|0|6|0|0|0|0|11|390|2024|4|25|15|50|22|4|N
11|15|3261|C|3|0|U|650|17|12|89|E1115|116|186|0|4|13|0|16|115|8|13|1|0|0|1|9|0|0|0|5|371|2024|4|25|15|18|24|4|N
15|26|5175|C|2|0|U|556|107|34|150|E1526|68|66|32|0|3|4|11|149|18|52|0|8|1|8|10|1|0|1|6|370|2024|4|25|15|8|25|4|N
15|26|5189|C|2|0|U|550|107|34|150|E1526|54|74|40|0|0|0|0|145|17|44|0|2|0|1|35|2|0|0|4|364|2024|4|25|15|8|23|4|N
15|26|5287|C|3|0|U|617|107|34|150|E1526|70|65|32|0|9|4|10|215|19|29|3|1|0|22|0|0|0|0|3|412|2024|4|25|15|6|35|4|N
15|26|5306|C|1|0|U|610|107|34|150|E1526|51|73|6|0|2|4|8|144|22|24|3|2|3|1|0|4|0|1|9|306|2024|4|25|15|12|10|4|N
15|26|5359|C|4|0|R|692|107|34|150|E1526|7|67|53|0|0|0|21|219|20|42|0|3|2|23|5|0|0|0|4|459|2024|4|25|15|12|16|4|N
15|26|5362|C|8|0|R|680|107|34|150|E1526|20|60|1|7|3|6|19|176|25|36|8|3|5|13|13|0|0|1|3|379|2024|4|25|15|6|34|4|N
15|26|5363|C|1|0|R|701|107|2|150|E1526|123|61|30|0|5|5|13|145|10|21|2|1|4|8|0|1|0|0|8|314|2024|4|25|15|17|49|4|N
15|26|5364|C|4|0|U|646|107|2|150|E1526|121|82|67|0|0|19|11|141|19|44|0|3|2|0|0|0|0|0|9|397|2024|4|25|15|46|2|4|N
15|26|5378|C|1|0|U|744|107|34|150|E1526|14|115|34|0|0|0|4|199|28|28|3|0|0|4|9|0|0|0|8|432|2024|4|25|15|20|29|4|N
15|26|5381|C|1|0|U|734|107|34|150|E1526|11|88|48|3|5|8|15|206|23|49|2|0|2|0|0|0|0|2|8|459|2024|4|25|15|17|22|4|N
15|26|5392|C|3|0|R|669|107|2|150|E1526|126|100|0|0|6|12|10|223|17|50|3|3|2|21|16|0|0|1|17|481|2024|4|25|15|20|16|4|N
15|26|5401|B|1|0|U|735|107|34|150|E1526|39|31|32|0|3|0|8|116|18|19|2|0|0|0|21|0|0|1|5|256|2024|4|25|15|4|53|4|N
15|26|6451|B|1|0|U|552|107|2|150|E1526|111|70|42|0|6|6|6|94|5|26|2|0|2|17|27|1|0|0|5|309|2024|4|25|14|17|13|4|N
15|30|1109|C|1|0|U|717|30|5|154|E1530|66|0|82|22|20|40|28|107|69|25|5|2|0|42|24|0|0|0|2|468|2024|4|25|15|26|20|4|N
15|30|1109|C|5|0|U|717|30|5|154|E1530|67|0|121|2|11|0|21|128|58|33|4|2|0|24|21|0|0|0|5|430|2024|4|25|15|25|51|4|N
15|30|1117|C|2|0|U|568|30|5|154|E1530|61|5|60|11|10|4|9|78|21|18|6|3|0|28|21|0|0|0|15|289|2024|4|25|15|13|48|4|N
15|30|1192|B|1|0|U|711|32|5|154|E1530|17|22|74|25|13|3|3|91|61|38|0|0|0|51|32|0|0|0|19|432|2024|4|25|15|16|6|4|N
15|30|1192|C|2|0|U|711|32|5|154|E1530|18|29|131|25|10|21|6|34|106|32|0|4|0|9|36|0|0|0|28|471|2024|4|25|15|26|40|4|N
15|30|1211|C|2|0|U|604|32|5|154|E1530|25|0|61|36|3|15|9|47|65|20|1|2|0|28|30|3|0|0|25|345|2024|4|25|15|36|12|1|N
15|30|5965|B|1|0|U|565|32|5|154|E1530|33|0|120|12|5|0|28|95|26|0|0|0|0|46|20|4|0|1|14|371|2024|4|25|15|7|2|4|N
15|30|5973|C|8|0|U|676|32|5|154|E1530|5|0|77|23|18|3|15|115|61|37|0|7|0|27|3|1|0|1|28|416|2024|4|25|15|7|11|4|N
15|30|5983|B|1|0|U|711|32|5|154|E1530|11|0|102|37|18|23|0|54|79|67|12|0|1|27|14|5|0|0|27|466|2024|4|25|15|10|46|4|N
15|30|6358|C|3|0|U|620|30|5|154|E1530|107|91|9|0|21|23|16|63|42|51|0|2|1|22|37|0|0|0|26|404|2024|4|25|15|12|7|4|N
15|30|6381|B|1|0|U|648|30|5|154|E1530|80|0|193|2|13|19|0|27|57|77|0|8|0|0|40|0|0|1|11|448|2024|4|25|15|15|24|4|N
15|30|6383|C|2|0|U|673|30|5|154|E1530|87|61|80|39|13|32|11|0|33|42|2|0|0|25|46|0|0|0|24|408|2024|4|25|15|17|19|4|N
15|30|6805|C|2|0|U|709|32|5|154|E1530|52|70|122|20|24|18|15|121|49|0|2|0|0|0|11|0|0|0|6|458|2024|4|25|15|35|29|1|N
15|30|6806|C|1|0|U|734|32|5|154|E1530|48|0|122|7|15|21|41|108|57|68|0|0|0|31|59|0|0|0|31|560|2024|4|25|15|3|17|4|N
31|2|34|B|1|0|U|666|7|15|292|E3102|96|53|290|0|0|43|0|44|0|2|0|0|0|0|43|0|0|1|16|492|2024|4|25|14|13|36|4|N
31|2|120|B|1|0|U|606|28|16|292|E3102|68|29|132|0|0|0|40|137|1|3|0|0|0|0|24|0|0|0|23|389|2024|4|25|15|25|29|4|N
31|2|187|C|2|0|M|566|39|14|292|E3102|39|2|189|0|1|37|9|59|1|17|0|0|1|0|32|0|0|0|20|368|2024|4|25|15|39|57|4|N
31|2|189|C|1|0|U|679|40|16|292|E3102|107|23|113|0|3|0|0|287|1|0|4|1|1|0|21|0|0|1|35|490|2024|4|25|14|11|43|4|N
31|2|198|C|1|0|U|625|40|16|292|E3102|115|0|224|0|5|0|0|45|2|0|1|0|0|0|19|0|0|0|5|301|2024|4|25|14|9|37|4|N
31|2|201|B|1|0|U|582|40|16|292|E3102|108|31|168|6|0|35|6|134|2|5|1|0|0|0|8|0|0|0|14|410|2024|4|25|14|17|12|4|N
31|2|819|B|1|0|M|462|78|16|292|E3102|78|7|117|0|0|26|0|23|1|0|2|0|0|0|12|0|0|0|0|188|2024|4|25|15|30|35|4|N
31|2|974|C|1|0|U|500|97|16|292|E3102|120|18|0|4|11|0|0|182|0|2|8|1|1|2|45|0|0|1|17|292|2024|4|25|15|39|46|4|N
13|6|369|C|2|0|M|595|23|7|103|E1306|140|9|181|6|5|27|13|95|3|0|2|2|0|0|0|0|0|1|16|360|2024|4|25|15|14|46|1|N
13|6|380|C|1|0|R|611|23|7|103|E1306|131|55|46|7|0|116|27|104|24|0|8|2|0|0|0|0|0|1|53|443|2024|4|25|15|10|18|4|N
13|6|955|E|1|1|U|711|47|12|103|E1306|85|51|135|1|26|16|0|80|13|0|0|0|0|0|0|0|0|0|1|323|2024|4|25|15|42|41|1|N
13|6|960|C|3|0|M|709|47|12|103|E1306|88|54|33|7|33|0|73|217|0|0|8|2|0|0|0|0|0|8|16|451|2024|4|25|15|19|37|1|N
13|6|960|C|10|0|M|708|47|12|103|E1306|90|0|189|5|12|0|39|62|15|0|0|1|0|0|0|0|0|0|129|452|2024|4|25|15|21|46|1|N
13|6|961|C|2|0|U|529|47|12|103|E1306|77|80|163|0|9|0|1|95|0|0|6|0|0|0|0|0|3|0|50|407|2024|4|25|15|17|0|4|N
13|6|1013|B|1|0|R|731|51|8|103|E1306|107|65|171|2|20|41|27|37|5|0|3|0|0|0|0|0|14|0|0|385|2024|4|25|15|42|32|1|N
13|6|1017|B|1|0|R|584|51|8|103|E1306|102|57|86|2|11|0|33|56|5|0|0|1|0|0|0|0|1|0|0|252|2024|4|25|15|48|36|4|N
13|6|1369|C|1|0|U|491|69|14|103|E1306|119|18|74|1|7|9|0|99|0|0|2|1|0|0|0|0|0|1|23|235|2024|4|25|15|38|52|4|N
7|6|8|C|1|0|U|584|2|3|32|E0706|2|146|1|0|0|139|83|12|19|0|37|1|4|0|0|1|0|0|0|443|2024|4|25|14|14|26|4|N
7|6|11|C|1|0|U|532|2|3|32|E0706|4|45|0|0|0|229|7|86|1|0|4|0|0|0|0|0|0|0|27|399|2024|4|25|13|55|49|4|N
7|6|12|B|1|0|U|546|2|3|32|E0706|5|35|10|4|45|0|18|33|6|0|0|0|0|3|0|0|0|3|0|157|2024|4|25|13|56|13|4|N
7|6|404|B|1|0|U|622|27|3|32|E0706|12|52|16|0|9|246|0|93|36|0|10|0|0|0|0|0|0|3|14|479|2024|4|25|13|12|40|4|N
7|6|1623|C|3|0|U|648|102|1|32|E0706|90|13|72|0|2|0|50|0|15|0|20|1|2|0|0|0|0|6|46|227|2024|4|25|12|49|51|4|N
7|6|1729|E|1|0|U|625|102|13|32|E0706|115|0|47|2|139|37|69|39|43|0|2|0|4|22|0|0|0|0|32|436|2024|4|25|15|41|48|4|N
7|6|1729|E|1|3|U|624|102|13|32|E0706|116|150|21|0|19|0|115|0|16|0|0|1|0|0|0|1|0|0|2|325|2024|4|25|15|33|59|4|N
7|6|1801|B|1|0|U|507|106|21|32|E0706|63|19|0|9|136|0|0|37|0|0|34|4|0|47|0|6|0|4|0|296|2024|4|25|15|16|59|4|N
7|6|1801|C|2|0|U|507|106|21|32|E0706|63|72|0|0|114|0|29|0|26|0|24|0|3|12|0|0|0|14|15|309|2024|4|25|15|21|34|4|N
7|6|1972|B|1|0|U|458|102|1|32|E0706|82|127|53|5|0|0|0|72|48|0|16|0|1|9|0|0|0|5|26|362|2024|4|25|15|20|14|4|N
2|9|722|E|2|3|M|731|3|6|12|E0209|20|0|0|0|0|0|0|0|0|0|0|0|0|0|0|0|0|0|0|0|2024|4|25|15|52|57|1|N
2|9|733|B|1|0|M|630|3|6|12|E0209|31|73|180|5|20|16|18|0|47|0|0|1|0|0|0|0|0|1|36|397|2024|4|25|15|50|55|1|N
2|9|1290|B|1|0|U|527|5|15|12|E0209|95|42|138|0|28|22|0|96|0|0|8|0|0|0|0|0|0|1|0|335|2024|4|25|15|47|1|4|N
2|9|1774|C|1|0|U|622|4|14|12|E0209|72|3|117|5|14|10|40|113|14|0|0|0|0|0|0|0|0|0|30|346|2024|4|25|15|41|57|1|N
2|9|1800|B|1|0|U|715|4|14|12|E0209|75|0|131|0|43|10|0|184|45|0|8|3|0|0|0|0|0|0|57|481|2024|4|25|15|45|11|4|N
2|9|1804|C|1|0|M|735|4|14|12|E0209|77|0|142|31|31|0|64|71|15|0|2|0|0|0|0|0|0|0|139|495|2024|4|25|15|16|57|4|N
2|9|1938|C|1|0|U|647|4|14|12|E0209|82|47|119|2|10|0|0|71|15|0|0|0|0|0|0|0|0|0|0|264|2024|4|25|15|45|36|4|N
2|9|2044|C|1|0|U|728|3|6|12|E0209|21|27|127|6|13|0|0|67|7|0|0|2|0|0|0|0|0|1|77|327|2024|4|25|15|44|15|1|N
7|7|88|C|1|0|U|617|9|15|33|E0707|44|55|70|5|1|62|54|24|4|21|8|2|0|0|0|0|0|0|14|320|2024|4|25|15|6|27|4|N
7|7|106|C|2|0|M|557|9|15|33|E0707|54|14|44|7|8|58|88|0|12|44|0|4|0|0|0|0|0|0|2|281|2024|4|25|15|30|46|1|N
7|7|217|C|1|0|R|664|17|14|33|E0707|24|82|18|6|15|68|14|0|32|47|6|1|0|0|0|0|0|0|23|312|2024|4|25|15|18|5|1|N
7|7|1509|C|3|0|U|714|97|15|33|E0707|75|147|17|0|14|66|0|4|22|59|4|0|0|0|0|0|0|1|0|334|2024|4|25|15|43|3|4|N
5|1|8|B|1|0|U|682|2|1|17|E0501|1|33|94|19|0|83|20|24|16|0|0|2|0|0|0|0|0|0|78|369|2024|4|25|15|37|7|1|N
5|1|30|C|1|0|U|677|2|1|17|E0501|18|48|100|0|11|0|34|121|0|0|4|0|0|25|0|1|0|0|40|384|2024|4|25|15|0|54|4|N
5|1|31|C|6|0|U|720|2|1|17|E0501|20|17|144|0|0|0|64|220|27|0|0|0|5|5|0|1|0|0|0|483|2024|4|25|15|41|25|4|N
5|1|589|B|1|0|U|399|25|2|17|E0501|109|0|124|4|14|0|13|72|7|0|0|0|0|0|0|0|0|0|0|234|2024|4|25|15|1|24|4|N
5|1|1757|B|1|0|U|579|2|1|17|E0501|8|46|180|2|0|4|0|17|0|0|10|0|2|23|0|0|0|0|36|320|2024|4|25|14|16|4|4|N
9|8|345|B|1|0|U|547|3|26|56|E0908|17|142|12|0|22|0|26|27|38|24|8|0|5|35|13|1|0|3|27|383|2024|4|25|15|52|11|1|N
9|8|369|B|1|0|U|485|3|30|56|E0908|65|56|0|8|14|3|7|23|38|19|4|4|2|8|15|5|0|0|13|219|2024|4|25|15|40|14|1|N
9|8|388|C|2|0|U|571|3|26|56|E0908|93|109|5|14|0|0|12|62|80|25|3|5|3|16|24|1|0|0|9|368|2024|4|25|15|29|3|4|N
9|8|392|C|1|0|U|738|3|26|56|E0908|105|0|0|0|0|0|0|0|0|0|0|0|0|0|0|0|0|0|0|0|2024|4|25|15|52|43|1|N
9|8|394|C|1|0|U|568|3|26|56|E0908|83|103|6|1|0|7|5|54|67|21|12|1|5|33|9|5|0|0|13|342|2024|4|25|15|21|8|4|N
7|10|80|E|1|1|R|650|8|17|36|E0710|8|36|151|6|1|10|31|124|0|4|5|0|3|16|12|1|0|1|29|430|2024|4|25|15|8|8|4|N
7|10|132|B|1|0|U|708|12|2|36|E0710|100|44|145|0|4|3|12|132|0|18|3|0|0|9|1|2|0|0|23|396|2024|4|25|15|51|33|4|N
7|10|1829|B|1|0|M|579|108|23|36|E0710|59|46|87|0|0|5|21|125|2|27|8|0|2|9|18|1|0|0|31|382|2024|4|25|15|30|40|1|N
7|10|1833|C|1|0|U|610|121|23|36|E0710|35|19|169|2|0|36|29|101|2|15|0|0|1|10|0|0|0|1|24|409|2024|4|25|15|32|9|1|N
7|10|1854|C|1|0|R|512|108|23|36|E0710|51|9|174|3|13|10|27|43|12|0|7|2|2|6|17|0|0|0|58|383|2024|4|25|15|21|9|1|N
5|5|1182|B|1|0|U|515|35|8|21|E0505|73|137|0|5|6|0|17|146|19|0|3|2|0|19|0|0|0|0|0|354|2024|4|25|15|50|34|4|N
5|5|1201|C|1|0|U|539|35|8|21|E0505|47|7|237|0|12|9|6|66|12|0|3|2|1|19|0|0|0|0|41|415|2024|4|25|12|21|55|4|N
5|5|1234|B|1|0|U|655|35|9|21|E0505|19|3|256|10|0|10|13|87|1|0|4|0|2|6|0|1|0|0|11|404|2024|4|25|15|52|19|4|N
5|5|1252|B|1|0|U|643|35|9|21|E0505|14|2|161|7|18|0|16|76|7|0|0|1|1|8|0|0|0|0|8|305|2024|4|25|15|51|45|4|N
5|5|1329|B|1|0|U|669|35|9|21|E0505|40|82|196|0|3|11|19|73|4|0|0|2|1|6|0|0|0|1|13|411|2024|4|25|15|48|42|4|N
5|5|1338|C|1|0|U|551|35|9|21|E0505|43|87|86|0|1|14|14|80|9|0|3|0|0|1|0|0|0|0|36|331|2024|4|25|12|23|50|4|N
5|5|1347|B|1|0|U|581|35|10|21|E0505|96|102|104|0|17|10|18|118|13|0|4|2|0|0|0|0|0|0|21|409|2024|4|25|14|6|50|4|N
5|5|1733|C|5|0|U|703|35|8|21|E0505|118|71|234|9|10|14|31|108|0|0|0|0|0|12|0|1|0|0|12|502|2024|4|25|15|43|27|4|N
5|5|1841|B|1|0|U|702|35|11|21|E0505|111|18|166|3|1|3|11|96|0|0|1|1|0|16|0|1|0|1|37|355|2024|4|25|14|16|53|4|N
5|5|1844|C|2|0|U|588|35|11|21|E0505|108|50|102|8|7|9|20|87|12|0|2|3|0|13|0|0|0|1|19|333|2024|4|25|15|50|19|4|N
9|21|3135|C|1|0|U|729|9|7|69|E0921|112|39|17|21|0|4|2|88|32|0|5|5|0|28|35|1|0|0|8|285|2024|4|25|14|4|59|4|N
9|21|4145|C|1|0|M|669|13|25|69|E0921|18|0|136|17|5|0|1|34|38|0|9|4|2|30|21|1|0|3|11|312|2024|4|25|14|17|42|1|N
9|21|4172|C|2|0|U|602|13|25|69|E0921|41|6|170|0|8|0|11|68|6|5|9|0|0|41|30|2|0|3|6|365|2024|4|25|14|4|6|4|N
9|21|4223|C|1|0|M|715|13|25|69|E0921|51|58|5|41|53|10|11|117|19|11|1|3|2|90|36|0|0|0|16|473|2024|4|25|15|13|15|1|N
9|21|4224|B|1|0|M|746|13|25|69|E0921|43|43|1|18|15|7|12|141|70|20|0|0|0|78|27|0|0|0|20|452|2024|4|25|15|33|20|1|N
9|21|4244|B|1|0|U|620|13|25|69|E0921|66|52|119|15|14|0|20|124|13|0|9|0|4|11|11|0|0|3|36|431|2024|4|25|14|6|58|4|N
9|21|4266|B|1|0|M|701|13|25|69|E0921|76|51|95|34|13|0|37|71|0|3|0|7|0|97|33|4|0|0|26|471|2024|4|25|15|34|35|1|N
9|21|4266|C|1|0|M|701|13|25|69|E0921|76|16|149|22|5|16|8|93|14|16|0|0|2|84|10|2|0|0|23|460|2024|4|25|15|36|48|1|N
15|8|870|C|1|0|U|644|25|26|132|E1508|17|25|0|33|44|33|34|66|0|8|29|2|0|16|6|0|0|1|32|329|2024|4|25|14|17|52|1|N
15|8|881|C|1|0|U|624|25|26|132|E1508|14|23|6|21|13|11|7|139|0|32|16|1|1|0|0|1|0|2|8|281|2024|4|25|15|24|50|4|N
15|8|888|C|1|0|U|680|25|26|132|E1508|20|0|56|5|48|6|0|120|5|16|7|1|1|35|8|0|0|0|12|320|2024|4|25|15|18|24|4|N
15|8|890|C|2|0|U|724|25|26|132|E1508|23|27|0|23|25|9|28|180|0|32|13|1|2|31|0|4|0|0|21|396|2024|4|25|15|3|42|4|N
15|8|5491|C|3|0|U|563|110|11|132|E1508|36|34|85|0|12|28|22|152|0|0|8|2|0|38|14|4|0|1|22|422|2024|4|25|15|7|1|4|N
15|8|5493|C|3|0|U|705|110|11|132|E1508|40|103|0|0|18|10|0|101|3|67|8|1|0|15|16|16|0|0|6|364|2024|4|25|15|36|29|4|N
15|8|5507|B|1|0|U|717|110|11|132|E1508|46|0|0|17|62|16|0|231|1|104|8|2|2|51|0|1|0|2|44|541|2024|4|25|15|36|55|4|N
15|8|5536|C|1|0|U|635|110|11|132|E1508|66|30|96|13|15|11|12|38|9|23|5|1|0|38|0|3|0|2|15|311|2024|4|25|15|38|14|4|N
15|8|5539|C|4|0|U|692|110|11|132|E1508|87|85|0|5|21|11|29|116|9|42|14|1|0|41|18|0|0|1|11|404|2024|4|25|15|48|40|1|N
15|8|5548|C|5|0|U|728|110|11|132|E1508|90|0|64|20|11|26|7|103|23|46|21|1|0|83|15|6|0|3|23|452|2024|4|25|15|1|30|4|N
15|8|5651|C|1|0|U|697|110|11|132|E1508|126|57|90|24|28|15|44|208|0|38|6|2|2|26|4|0|0|3|13|560|2024|4|25|15|13|7|4|N
29|3|131|B|1|0|U|611|10|9|271|E2903|23|42|18|7|3|7|5|204|14|0|2|0|1|10|12|0|0|0|11|336|2024|4|25|14|5|58|4|N
29|3|148|C|2|0|U|578|10|9|271|E2903|14|0|0|3|8|0|16|219|4|59|5|0|0|12|43|1|0|1|20|391|2024|4|25|15|31|6|4|N
29|3|158|C|3|0|U|683|51|12|271|E2903|42|88|0|0|11|6|10|107|15|3|7|1|1|2|26|1|0|2|23|303|2024|4|25|14|12|57|4|N
29|3|159|B|1|0|U|640|51|12|271|E2903|43|0|0|12|15|8|2|91|0|119|0|1|0|2|70|1|0|1|14|336|2024|4|25|14|15|6|4|N
29|3|270|C|2|0|U|546|18|8|271|E2903|4|23|0|3|6|12|24|162|7|0|1|0|0|16|30|1|0|0|25|310|2024|4|25|15|19|42|4|N
29|3|363|C|2|0|M|720|25|15|271|E2903|130|22|0|1|13|15|12|242|0|16|4|1|0|6|56|1|0|0|20|409|2024|4|25|15|28|54|1|N
29|3|382|C|2|0|U|571|28|12|271|E2903|47|72|0|0|8|0|0|213|12|47|2|1|0|0|14|1|0|1|15|386|2024|4|25|14|4|20|4|N
29|3|396|C|2|0|U|658|47|12|271|E2903|62|65|83|0|3|4|4|105|12|19|0|0|1|11|48|0|0|0|11|366|2024|4|25|14|0|32|4|N
29|3|589|C|3|0|U|604|44|13|271|E2903|70|81|0|10|15|26|12|11|0|24|0|2|0|13|32|2|0|1|17|246|2024|4|25|15|15|24|1|N
17|1|222|C|2|0|U|673|7|2|176|E1701|36|115|7|7|4|25|6|81|0|0|6|1|1|10|0|0|0|1|31|295|2024|4|25|15|1|30|4|N
17|1|226|C|1|0|U|575|7|2|176|E1701|40|123|2|7|22|22|23|77|0|0|2|2|2|25|0|0|0|0|0|307|2024|4|25|15|47|35|1|N
17|1|304|C|1|0|U|707|7|2|176|E1701|81|104|67|6|3|23|0|128|11|0|23|1|0|17|0|0|0|0|32|415|2024|4|25|15|23|41|4|N
17|1|308|B|1|0|U|693|7|2|176|E1701|84|0|19|7|8|36|0|243|27|0|0|2|3|1|0|1|0|5|66|418|2024|4|25|11|21|19|4|N
17|1|369|B|1|0|U|622|7|1|176|E1701|114|83|0|19|0|27|17|196|29|0|16|3|0|47|0|0|0|0|6|443|2024|4|25|15|50|45|1|N
17|1|909|C|1|0|U|714|7|1|176|E1701|129|225|84|11|3|40|21|65|0|0|19|0|0|0|0|0|0|2|19|489|2024|4|25|15|50|41|4|N
15|28|220|C|3|0|U|747|10|20|152|E1528|4|33|141|27|100|9|51|0|30|79|16|0|2|8|0|0|0|2|0|498|2024|4|25|15|18|22|4|N
15|28|232|C|2|0|U|566|10|20|152|E1528|10|0|191|2|0|26|55|0|12|66|3|0|1|8|12|1|0|2|1|380|2024|4|25|15|26|30|4|N
15|28|1979|B|1|0|U|616|37|20|152|E1528|15|57|132|0|147|10|33|0|21|24|5|0|0|16|0|1|0|0|25|471|2024|4|25|15|9|56|4|N
15|28|4595|B|1|0|U|672|97|20|152|E1528|30|0|160|2|16|3|15|132|8|27|3|1|1|10|8|0|0|0|7|393|2024|4|25|15|36|13|4|N
15|28|5881|C|2|0|U|713|121|20|152|E1528|44|24|155|15|50|0|24|94|20|37|0|2|1|13|0|0|0|0|30|465|2024|4|25|15|23|53|4|N
15|28|5883|C|3|0|U|721|121|20|152|E1528|71|9|253|24|21|21|23|103|7|0|9|0|1|6|0|2|0|0|2|481|2024|4|25|15|27|5|4|N
15|28|5904|C|11|0|M|711|121|20|152|E1528|75|3|19|19|115|0|18|0|33|11|0|2|0|32|27|4|0|1|0|284|2024|4|25|15|21|25|4|N
15|28|5906|B|1|0|U|702|121|20|152|E1528|55|28|155|19|98|11|31|123|8|0|8|1|1|15|7|0|0|1|3|509|2024|4|25|15|20|19|4|N
15|28|5907|C|3|0|U|724|121|20|152|E1528|57|0|187|9|58|5|24|75|5|49|3|2|0|3|0|0|0|3|2|425|2024|4|25|15|14|35|4|N
15|28|5909|C|2|0|U|656|121|20|152|E1528|58|15|131|5|17|4|8|136|17|29|0|0|1|2|0|0|0|1|10|376|2024|4|25|15|12|57|4|N
15|28|5915|B|1|0|U|628|121|20|152|E1528|99|54|183|25|28|8|31|0|0|44|7|1|0|0|0|0|0|3|19|403|2024|4|25|15|34|22|4|N
15|28|5919|B|1|0|R|546|121|20|152|E1528|100|20|107|6|5|0|14|124|20|22|0|0|0|4|1|1|0|0|22|346|2024|4|25|15|51|15|4|N
15|28|5921|B|1|0|U|629|121|20|152|E1528|95|14|221|29|65|17|21|43|9|0|2|0|1|21|0|1|0|0|26|470|2024|4|25|15|38|53|4|N
15|28|6799|B|1|0|U|718|121|20|152|E1528|89|7|78|5|80|11|23|84|1|38|2|0|0|1|2|0|0|1|18|351|2024|4|25|15|27|38|4|N
21|2|319|B|1|0|M|580|40|3|209|E2102|98|0|0|0|0|0|0|0|0|0|0|0|0|0|0|0|0|0|0|0|2024|4|25|15|53|48|1|N
21|2|486|C|2|0|R|688|54|3|209|E2102|29|91|139|7|13|1|2|78|20|70|4|0|1|0|9|1|0|0|10|446|2024|4|25|15|46|35|1|N
21|2|693|B|1|0|M|673|79|4|209|E2102|71|64|203|2|20|0|4|160|30|16|0|0|2|15|25|3|0|1|32|577|2024|4|25|15|37|6|1|N
21|2|2117|C|4|0|U|714|171|3|209|E2102|108|57|92|1|0|0|6|191|19|0|0|0|0|4|17|0|0|0|14|401|2024|4|25|15|3|32|4|N
21|2|2672|C|2|0|U|692|54|3|209|E2102|19|103|173|5|0|0|2|53|8|40|0|3|2|1|11|0|0|0|8|409|2024|4|25|15|15|44|4|N
17|3|68|C|3|0|U|581|4|10|178|E1703|25|50|84|0|11|21|27|100|25|7|0|2|0|12|37|4|0|0|53|433|2024|4|25|14|13|46|4|N
17|3|121|C|1|0|U|406|6|7|178|E1703|87|49|47|2|0|2|11|48|13|3|0|0|0|11|10|0|0|0|7|203|2024|4|25|14|5|34|4|N
17|3|124|C|1|0|U|573|6|7|178|E1703|92|80|148|15|19|7|18|44|12|36|7|0|0|44|25|0|0|0|18|473|2024|4|25|15|46|46|4|N
17|3|172|C|1|0|U|458|6|7|178|E1703|114|95|111|0|13|12|16|36|0|14|3|3|0|32|17|3|0|1|0|356|2024|4|25|14|8|3|4|N
17|3|427|C|2|0|U|554|10|4|178|E1703|59|108|58|0|15|9|6|81|0|7|0|4|0|10|1|4|0|2|17|322|2024|4|25|15|8|16|4|N
17|3|661|C|1|0|U|646|19|4|178|E1703|21|100|79|2|21|14|11|32|12|29|1|0|2|28|25|0|0|0|4|360|2024|4|25|15|46|52|4|N
17|3|668|B|1|0|M|615|19|4|178|E1703|13|49|26|10|14|10|3|110|12|13|0|1|0|22|8|0|0|1|29|308|2024|4|25|15|45|14|4|N
17|3|959|C|1|0|R|459|4|10|178|E1703|24|50|99|1|6|9|8|70|19|5|2|0|0|24|15|1|0|2|23|334|2024|4|25|15|45|27|4|N
21|6|1295|C|1|0|U|519|115|10|213|E2106|6|0|0|15|19|0|70|146|20|54|5|1|0|10|23|1|0|0|38|402|2024|4|25|15|29|16|4|N
21|6|1323|B|1|0|U|570|115|10|213|E2106|20|14|81|3|0|0|0|67|30|57|7|1|1|0|51|2|0|1|20|335|2024|4|25|15|25|48|4|N
21|6|1391|C|3|0|U|697|115|10|213|E2106|52|0|70|5|44|0|94|65|16|58|6|1|1|0|36|4|0|0|14|414|2024|4|25|15|22|22|1|N
21|6|1396|C|3|0|U|697|115|10|213|E2106|54|40|140|14|28|0|30|40|17|70|0|0|2|0|27|1|0|0|8|417|2024|4|25|14|5|24|4|N
21|6|1408|C|4|0|U|668|115|10|213|E2106|66|0|102|0|51|0|47|68|40|79|0|5|5|3|66|2|0|2|35|505|2024|4|25|15|1|58|4|N
21|6|1411|C|5|0|U|726|115|11|213|E2106|71|0|212|16|1|3|85|75|0|54|0|3|1|8|42|1|0|1|37|539|2024|4|25|15|31|45|4|N
21|6|1411|E|1|0|U|687|115|11|213|E2106|73|0|21|0|39|0|106|50|22|19|7|5|0|0|37|1|0|0|23|330|2024|4|25|15|29|57|4|N
21|6|1548|C|1|0|U|516|115|16|213|E2106|98|0|118|8|19|2|47|0|7|48|13|3|0|13|49|1|0|1|28|357|2024|4|25|14|2|50|4|N
21|6|1587|C|5|0|U|694|115|11|213|E2106|108|0|0|0|0|0|0|0|0|0|0|0|0|0|0|0|0|0|0|0|2024|4|25|15|55|12|4|N
18|1|328|B|1|0|U|448|11|3|181|E1801|56|81|48|40|0|16|2|142|0|7|0|0|1|0|17|2|0|0|8|364|2024|4|25|14|17|38|4|N
18|1|446|B|1|0|U|453|15|4|181|E1801|97|72|81|0|12|0|11|0|0|7|6|2|0|31|14|0|0|0|12|248|2024|4|25|15|21|11|4|N
18|1|448|B|1|0|U|593|15|4|181|E1801|102|65|124|1|0|64|14|41|24|0|5|0|1|0|24|0|0|1|3|367|2024|4|25|15|5|42|4|N
18|1|456|B|1|0|U|399|15|4|181|E1801|96|48|20|0|46|17|11|50|2|0|10|0|0|1|0|0|0|0|27|232|2024|4|25|15|19|6|4|N
21|7|5|C|4|0|M|630|1|12|214|E2107|5|0|114|5|19|15|1|68|18|25|0|0|3|20|21|0|0|0|22|331|2024|4|25|14|3|36|1|N
21|7|124|B|1|0|U|664|15|12|214|E2107|40|45|215|0|28|17|4|61|0|51|12|0|4|13|0|0|0|0|20|470|2024|4|25|14|15|49|4|N
21|7|131|C|2|0|U|654|15|12|214|E2107|28|46|135|3|9|20|36|46|17|35|0|0|2|14|18|1|0|1|0|383|2024|4|25|14|5|38|4|N
21|7|1643|C|3|0|U|639|119|13|214|E2107|67|46|99|8|34|0|35|80|29|52|20|0|1|33|16|3|0|0|0|456|2024|4|25|14|5|2|4|N
21|7|2330|E|1|0|R|709|193|23|214|E2107|65|39|172|14|34|21|14|52|21|47|19|0|4|0|46|4|0|3|0|490|2024|4|25|15|19|42|1|N
21|7|2913|B|1|0|U|504|163|13|214|E2107|109|3|130|9|17|11|32|42|17|42|3|0|1|9|48|0|0|1|6|371|2024|4|25|14|9|37|4|N
8|3|1963|B|1|0|U|320|37|3|42|E0803|73|0|179|6|12|0|0|54|5|0|0|0|1|3|0|2|0|1|3|266|2024|4|25|12|28|44|4|N
8|3|2168|B|1|0|U|455|37|6|42|E0803|112|9|216|7|6|20|29|34|20|0|1|3|4|5|0|0|0|2|0|356|2024|4|25|15|29|15|4|N
8|3|2182|C|1|0|U|414|37|6|42|E0803|129|33|134|0|0|18|9|42|4|0|0|1|0|0|0|0|0|1|57|299|2024|4|25|13|10|13|4|N
25|6|1531|B|1|0|R|169|6|19|246|E2506|150|0|29|0|0|5|16|42|5|0|1|0|0|0|0|0|0|1|8|107|2024|4|25|15|7|9|4|N
25|6|2577|B|1|0|U|235|12|21|246|E2506|9|19|11|0|15|8|16|37|1|0|0|1|0|0|0|0|0|1|25|134|2024|4|25|11|31|0|4|N
25|6|2733|B|1|0|U|710|12|21|246|E2506|32|126|0|4|41|27|103|112|37|0|9|2|0|0|0|0|0|0|0|461|2024|4|25|15|10|34|4|N
15|31|3065|B|1|0|U|549|60|41|155|E1531|42|76|28|17|1|0|2|40|24|24|7|2|0|0|0|0|0|1|14|236|2024|4|25|15|7|19|4|N
15|31|3076|B|1|0|U|650|60|25|155|E1531|5|139|54|12|19|23|14|70|39|17|0|0|0|0|0|0|0|0|10|397|2024|4|25|15|4|25|4|N
15|31|3092|C|1|0|U|503|60|41|155|E1531|50|91|34|18|3|8|14|38|34|7|10|3|0|0|0|0|0|3|7|270|2024|4|25|15|8|19|4|N
15|31|3456|B|1|0|U|633|60|25|155|E1531|9|138|46|7|8|28|16|78|3|43|4|1|0|0|0|0|0|1|18|391|2024|4|25|15|6|41|4|N
15|31|3537|B|1|0|U|576|60|41|155|E1531|64|103|31|7|6|13|2|49|5|34|4|0|0|0|0|0|0|0|3|257|2024|4|25|15|39|27|4|N
15|31|3567|C|1|0|U|507|60|41|155|E1531|136|29|22|7|1|15|0|27|28|13|2|1|0|0|0|0|0|0|7|152|2024|4|25|15|6|9|4|N
15|31|3602|C|1|0|U|573|60|41|155|E1531|118|72|47|24|17|0|5|91|30|17|1|3|0|0|0|0|0|2|18|327|2024|4|25|15|17|46|4|N
15|31|3611|C|1|0|U|511|60|41|155|E1531|154|92|6|10|5|16|16|36|26|18|3|2|0|0|0|0|0|1|2|233|2024|4|25|15|23|2|4|N
15|31|3630|B|1|0|U|500|60|41|155|E1531|135|92|23|29|8|18|0|79|28|18|1|2|0|0|0|0|0|0|0|298|2024|4|25|15|16|57|4|N
15|31|3632|C|1|0|U|626|60|41|155|E1531|134|111|55|36|15|2|2|101|32|18|0|2|0|0|0|0|0|1|4|379|2024|4|25|15|24|34|4|N
15|31|3656|B|1|0|U|456|60|41|155|E1531|86|76|32|11|21|22|0|53|32|11|2|0|0|0|0|0|0|0|7|267|2024|4|25|15|28|9|4|N
15|31|3657|C|1|0|U|458|60|41|155|E1531|85|99|25|19|3|0|0|43|15|27|3|1|0|0|0|0|0|0|8|243|2024|4|25|15|25|53|4|N
15|31|3680|C|1|0|U|544|60|41|155|E1531|87|155|15|35|7|17|11|26|51|33|4|0|0|0|0|0|0|0|12|366|2024|4|25|15|29|39|4|N
15|31|3697|B|1|0|U|533|60|41|155|E1531|107|121|23|8|9|0|19|51|39|17|5|3|0|0|0|0|0|1|10|306|2024|4|25|15|10|22|4|N
19|8|146|C|3|0|U|567|6|7|191|E1908|28|31|36|7|0|21|99|0|7|62|9|0|1|0|41|1|0|9|0|324|2024|4|25|14|6|3|4|N
19|8|618|C|2|0|U|671|26|14|191|E1908|71|4|234|5|26|5|24|0|2|16|5|2|0|11|22|2|0|2|4|364|2024|4|25|15|46|37|1|N
19|8|621|B|1|0|U|577|26|14|191|E1908|80|76|0|11|16|37|0|0|16|104|16|2|5|0|0|9|0|2|37|331|2024|4|25|13|31|18|4|N
19|8|651|C|2|0|U|725|26|14|191|E1908|95|32|298|9|36|11|0|127|0|0|5|1|1|11|13|1|0|1|3|549|2024|4|25|14|16|3|4|N
19|8|678|C|2|0|U|562|26|14|191|E1908|93|19|201|0|16|10|0|43|5|6|1|0|2|2|23|0|0|1|24|353|2024|4|25|15|44|43|4|N
19|8|711|B|1|0|U|694|26|13|191|E1908|124|0|239|3|0|6|0|58|1|15|1|1|1|0|15|0|0|0|3|343|2024|4|25|15|44|42|2|N
19|8|2214|C|2|0|U|534|6|7|191|E1908|18|1|264|3|0|8|10|5|4|24|0|0|1|0|20|0|0|2|1|343|2024|4|25|15|33|0|4|N
19|8|2237|B|1|0|U|654|6|7|191|E1908|46|25|191|1|0|3|19|19|1|12|2|0|1|9|3|0|0|2|9|297|2024|4|25|14|14|44|4|N
19|8|2238|C|1|0|U|542|6|7|191|E1908|36|0|196|10|70|8|0|91|0|4|3|1|1|0|0|2|0|0|36|422|2024|4|25|14|10|10|4|N
19|8|2263|C|1|0|U|576|6|7|191|E1908|57|0|163|11|25|2|17|0|1|44|0|0|1|0|16|2|0|4|24|310|2024|4|25|14|8|17|4|N
19|8|2953|C|1|0|U|710|6|7|191|E1908|10|0|274|28|0|20|0|165|3|22|9|3|3|4|11|0|0|4|0|546|2024|4|25|13|59|35|4|N
8|4|1642|B|1|0|U|731|37|5|43|E0804|104|45|16|7|0|3|11|189|13|0|2|0|0|5|0|2|0|0|46|339|2024|4|25|14|10|2|4|N
8|4|1684|C|2|0|U|508|37|4|43|E0804|35|10|0|8|9|6|0|10|9|0|0|1|3|0|0|1|0|3|8|68|2024|4|25|15|25|25|4|N
8|4|2102|C|1|0|U|518|37|4|43|E0804|67|165|0|2|0|53|14|0|5|0|7|6|1|14|0|2|0|6|0|275|2024|4|25|15|20|52|4|N
8|4|2130|B|1|0|U|590|37|6|43|E0804|81|118|0|25|6|15|0|36|26|0|1|6|6|0|0|4|0|5|123|371|2024|4|25|14|6|16|4|N
15|33|937|C|4|0|U|705|26|1|157|E1533|1|181|42|18|23|17|17|21|23|29|15|2|0|0|0|0|0|0|9|397|2024|4|25|15|24|35|4|N
15|33|992|C|7|0|U|746|26|1|157|E1533|18|77|21|0|13|19|6|79|36|47|0|6|0|0|0|0|0|0|3|307|2024|4|25|10|4|8|4|N
15|33|995|C|8|0|U|711|26|1|157|E1533|12|239|45|5|7|12|28|37|11|38|21|2|0|0|0|0|0|0|0|445|2024|4|25|15|37|38|4|N
15|33|1037|B|1|0|U|677|26|1|157|E1533|29|143|9|20|14|21|11|28|4|30|10|4|0|0|0|0|0|0|7|301|2024|4|25|15|26|6|4|N
15|33|1038|C|3|0|U|611|26|1|157|E1533|31|95|9|3|4|18|8|54|10|30|4|0|0|0|0|0|0|1|5|241|2024|4|25|15|24|36|4|N
15|33|1039|C|4|0|U|644|26|1|157|E1533|33|159|27|50|14|0|31|102|29|45|17|0|0|0|0|0|0|0|19|493|2024|4|25|15|2|43|4|N
15|33|1043|E|1|11|U|695|26|1|157|E1533|50|250|52|0|6|17|20|0|2|20|12|4|0|0|0|0|0|0|4|387|2024|4|25|15|11|37|4|N
15|33|1053|C|2|0|U|695|26|1|157|E1533|59|142|21|6|5|32|16|18|8|24|5|0|0|0|0|0|0|1|11|289|2024|4|25|15|46|33|1|N
15|33|1069|C|1|0|U|701|26|1|157|E1533|87|137|17|0|15|0|8|29|18|21|4|1|0|0|0|0|0|1|12|263|2024|4|25|15|46|48|4|N
15|33|1076|C|2|0|M|656|26|1|157|E1533|104|231|23|15|3|2|2|45|28|61|3|7|0|0|0|0|0|1|6|427|2024|4|25|15|38|54|1|N
15|33|6814|C|4|0|U|621|26|1|157|E1533|73|226|10|3|17|23|15|0|17|70|12|6|0|0|0|0|0|0|4|403|2024|4|25|15|29|17|1|N
15|33|6816|C|3|0|U|745|26|1|157|E1533|75|163|0|70|9|10|7|46|32|56|9|0|0|0|0|0|0|1|7|410|2024|4|25|15|48|43|4|N
26|3|340|C|5|0|U|673|49|12|250|E2603|34|0|11|14|7|8|49|240|8|0|3|1|2|0|0|1|0|1|0|345|2024|4|25|14|13|46|4|N
26|3|371|B|1|0|U|476|49|6|250|E2603|101|15|57|0|14|26|51|122|4|0|5|0|0|4|0|2|0|0|10|310|2024|4|25|15|1|41|4|N
26|3|374|C|6|0|U|705|49|6|250|E2603|51|0|119|14|13|0|0|150|36|0|11|4|0|0|0|1|0|0|87|435|2024|4|25|14|12|36|4|N
26|3|375|B|1|0|U|674|49|6|250|E2603|54|0|0|0|0|0|0|0|0|0|0|0|0|0|0|0|0|0|0|0|2024|4|25|15|54|52|4|N
26|3|387|B|1|0|U|609|49|6|250|E2603|89|30|111|0|17|10|31|126|6|0|3|0|0|6|0|2|0|1|29|372|2024|4|25|13|39|54|4|N
26|3|392|B|1|0|U|568|49|10|250|E2603|114|15|105|3|0|13|105|44|11|0|0|1|0|24|0|1|0|1|35|358|2024|4|25|15|7|11|4|N
26|3|402|C|2|0|U|718|49|6|250|E2603|83|7|152|10|0|16|92|146|6|0|6|0|8|0|0|0|0|2|64|509|2024|4|25|14|15|44|4|N
26|3|591|B|1|0|R|261|49|11|250|E2603|131|10|45|0|9|7|0|1|6|0|0|0|2|6|0|0|0|0|18|104|2024|4|25|14|10|52|4|N
26|3|601|C|5|0|U|712|49|11|250|E2603|123|65|157|15|1|2|166|149|26|0|1|1|2|43|0|0|0|2|0|630|2024|4|25|14|10|3|4|N
26|3|1349|B|1|0|U|618|49|12|250|E2603|47|2|66|7|16|15|119|189|34|0|0|0|1|3|0|0|0|0|13|465|2024|4|25|15|13|41|4|N
26|3|1350|B|1|0|U|625|49|12|250|E2603|48|0|67|0|4|4|128|95|16|0|11|0|0|10|0|0|0|1|12|348|2024|4|25|15|0|54|4|N
26|3|1351|B|1|0|U|612|49|12|250|E2603|48|16|51|0|19|3|45|174|11|0|6|1|3|7|0|0|0|0|0|336|2024|4|25|15|2|48|4|N
26|3|1448|B|1|0|U|546|49|12|250|E2603|44|44|107|8|0|8|15|121|7|0|3|0|3|9|0|0|0|0|60|385|2024|4|25|15|26|55|4|N
20|4|623|B|1|0|M|485|67|21|201|E2004|74|0|85|0|13|0|23|134|0|0|3|1|0|0|0|0|0|1|5|265|2024|4|25|15|15|24|4|N
20|4|1873|B|1|0|U|463|420|9|201|E2004|93|6|0|0|9|6|0|1|0|0|6|0|0|0|0|0|0|1|0|29|2024|4|25|13|11|25|4|N
20|4|2352|C|2|0|U|645|550|17|201|E2004|18|67|0|11|30|13|18|183|14|0|7|2|0|0|0|0|0|3|10|358|2024|4|25|15|44|2|4|N
20|4|2354|B|1|0|U|650|550|17|201|E2004|5|114|11|4|23|16|53|48|1|0|5|2|0|0|0|0|0|0|23|300|2024|4|25|14|29|44|1|N
15|10|1736|C|1|0|U|667|34|6|134|E1510|105|100|48|4|35|22|22|222|14|71|0|1|3|12|0|0|0|0|0|554|2024|4|25|15|41|17|4|N
15|10|1741|B|1|0|U|546|34|6|134|E1510|103|20|59|7|43|13|16|176|11|22|4|1|0|3|0|1|0|0|0|376|2024|4|25|15|33|23|1|N
15|10|1764|B|1|0|U|581|34|6|134|E1510|111|43|17|18|4|6|34|195|12|16|0|1|0|10|6|1|0|0|3|366|2024|4|25|15|43|19|1|N
15|10|1765|B|1|0|U|626|34|6|134|E1510|89|16|49|0|18|2|13|117|0|17|0|1|0|4|26|1|0|1|5|270|2024|4|25|15|41|3|4|N
15|10|1771|B|1|0|U|719|34|6|134|E1510|97|12|53|14|0|2|0|102|6|23|3|3|0|10|0|1|0|0|3|232|2024|4|25|15|37|59|4|N
15|10|1830|B|1|0|U|683|34|6|134|E1510|46|37|40|0|23|1|8|136|3|8|0|0|1|9|11|0|0|0|5|282|2024|4|25|10|37|56|4|N
28|4|537|B|1|0|U|418|22|12|264|E2804|9|30|87|2|6|0|11|113|1|0|0|0|0|3|0|0|0|0|0|253|2024|4|25|14|9|20|1|N
28|4|542|B|1|0|U|448|22|10|264|E2804|90|18|50|3|3|0|29|101|7|0|2|0|1|8|0|0|0|14|0|236|2024|4|25|15|50|44|1|N
28|4|610|B|1|0|U|664|22|12|264|E2804|47|17|66|10|16|0|31|118|1|0|0|0|0|0|0|1|0|0|28|288|2024|4|25|14|6|3|4|N
28|4|631|B|1|0|U|541|22|12|264|E2804|63|12|23|7|0|8|53|96|8|0|3|0|1|7|0|0|0|0|0|218|2024|4|25|15|26|36|1|N
28|4|649|B|1|0|U|684|22|12|264|E2804|46|0|306|0|0|0|0|128|26|0|5|3|2|4|0|1|0|0|44|519|2024|4|25|14|13|47|4|N
28|4|651|C|5|0|U|728|22|12|264|E2804|20|3|102|18|31|9|41|153|0|0|0|0|1|8|0|0|0|0|53|419|2024|4|25|14|4|9|4|N
28|4|651|C|6|0|U|728|22|12|264|E2804|20|70|138|3|0|12|21|175|19|0|1|0|0|2|0|3|0|1|51|496|2024|4|25|14|17|37|1|N
28|4|670|B|1|0|U|720|22|11|264|E2804|119|34|126|6|0|13|0|154|16|0|0|0|0|0|0|0|0|0|67|416|2024|4|25|15|23|20|1|N
28|4|2007|C|4|0|U|739|22|10|264|E2804|136|55|115|13|27|1|95|74|2|0|2|1|0|6|0|0|0|0|4|395|2024|4|25|14|13|24|4|N
28|4|2057|C|3|0|U|691|22|12|264|E2804|16|75|103|20|0|36|0|140|17|0|1|0|0|0|0|1|0|0|62|455|2024|4|25|14|15|9|1|N
15|36|5140|C|1|0|R|569|106|9|160|E1536|97|164|72|4|14|2|16|0|0|0|1|1|1|0|17|0|0|1|8|301|2024|4|25|15|32|50|1|N
20|5|685|C|1|0|U|526|76|19|202|E2005|14|44|152|12|0|3|3|124|25|0|0|0|0|0|0|0|0|0|38|401|2024|4|25|15|19|5|4|N
20|5|1351|B|1|0|R|326|265|25|202|E2005|107|48|50|5|5|6|0|0|8|0|0|2|0|0|0|0|0|0|29|153|2024|4|25|15|45|57|1|N
20|5|1540|E|1|0|R|385|323|17|202|E2005|103|81|47|4|14|5|0|85|0|0|0|0|0|0|0|0|0|0|4|240|2024|4|25|15|32|8|1|N
20|5|1561|B|1|0|M|628|331|17|202|E2005|104|129|34|0|18|6|0|17|37|0|1|11|0|0|0|0|0|0|55|308|2024|4|25|15|40|36|1|N
15|12|2078|C|5|0|U|690|40|40|136|E1512|40|109|51|0|11|9|28|162|36|63|3|1|0|44|28|0|0|4|15|564|2024|4|25|14|10|15|4|N
15|12|2089|C|9|0|U|730|40|40|136|E1512|59|0|140|14|25|40|0|91|0|61|0|0|3|44|59|0|0|3|0|480|2024|4|25|14|5|5|4|N
15|12|2090|C|1|0|U|686|40|40|136|E1512|56|17|47|0|20|5|6|173|0|19|42|7|0|0|24|0|0|0|0|360|2024|4|25|15|32|28|1|N
15|12|2091|B|1|0|U|504|40|40|136|E1512|56|20|50|4|7|15|6|36|4|55|6|4|0|27|13|1|0|1|4|253|2024|4|25|15|27|30|1|N
15|12|2109|C|1|0|U|737|40|40|136|E1512|55|149|0|7|14|2|12|125|27|14|4|0|0|31|0|1|0|1|0|387|2024|4|25|14|11|6|4|N
15|12|2110|C|1|0|U|561|40|40|136|E1512|61|82|23|16|7|11|0|154|0|31|9|3|0|3|14|0|0|0|1|354|2024|4|25|14|16|41|4|N
15|12|2138|C|1|0|U|651|40|40|136|E1512|85|21|0|8|31|42|72|0|18|142|34|5|0|44|93|0|0|9|17|536|2024|4|25|15|15|31|4|N
15|12|6051|C|2|0|U|720|40|40|136|E1512|33|119|110|7|3|32|0|135|4|63|12|0|1|61|13|1|0|0|0|561|2024|4|25|15|3|1|4|N
15|12|6060|B|1|0|U|488|40|40|136|E1512|42|72|53|10|5|7|7|91|0|30|4|3|3|11|16|1|0|0|8|321|2024|4|25|15|11|54|4|N
15|12|6733|B|1|0|U|640|40|40|136|E1512|63|3|22|3|11|11|25|169|24|22|5|1|1|24|12|0|0|0|4|337|2024|4|25|14|4|39|4|N
16|9|1350|C|1|0|U|634|59|14|173|E1609|117|0|0|0|0|0|0|0|0|0|0|0|0|0|0|0|0|0|0|0|2024|4|25|15|53|57|4|N
16|9|2246|C|1|0|U|549|103|20|173|E1609|58|13|94|2|11|6|8|86|13|42|0|0|0|9|33|0|2|2|11|332|2024|4|25|15|31|58|1|N
16|9|2260|C|3|0|U|618|103|20|173|E1609|57|16|0|7|2|13|13|240|12|35|0|0|1|3|40|1|0|0|0|383|2024|4|25|14|2|23|4|N
16|9|2271|C|1|0|U|596|103|20|173|E1609|76|36|0|3|5|4|6|116|5|14|0|1|0|6|11|0|8|0|0|215|2024|4|25|15|2|32|4|N
16|9|2284|B|1|0|U|545|103|20|173|E1609|79|39|85|13|7|0|23|130|3|19|0|2|0|4|33|0|12|0|0|370|2024|4|25|14|3|59|4|N
16|9|2298|B|1|0|U|686|103|14|173|E1609|55|53|95|13|5|6|15|204|13|39|5|0|0|6|38|2|0|0|1|495|2024|4|25|15|34|2|1|N
16|9|2300|C|4|0|M|612|103|14|173|E1609|7|18|160|4|4|1|15|58|0|42|1|0|0|14|7|0|0|0|8|332|2024|4|25|14|17|12|1|N
16|9|2307|B|1|0|R|530|103|14|173|E1609|8|42|30|1|7|7|10|142|4|45|1|0|0|16|18|1|1|0|14|339|2024|4|25|15|37|16|1|N
16|9|2782|C|3|0|U|663|103|20|173|E1609|99|9|0|0|3|1|10|14|1|10|8|1|0|4|4|0|0|0|6|71|2024|4|25|14|10|50|4|N
28|6|34|E|1|4|U|661|3|18|266|E2806|24|92|109|11|6|24|6|21|12|0|0|0|1|17|0|0|0|3|0|302|2024|4|25|15|29|10|2|N
28|6|61|C|1|0|R|728|3|18|266|E2806|21|105|199|8|10|18|10|0|10|0|0|0|0|32|0|0|0|0|17|409|2024|4|25|15|28|21|2|N
28|6|270|B|1|0|M|395|11|16|266|E2806|96|58|47|10|15|15|68|3|13|0|1|4|2|15|0|3|0|0|8|262|2024|4|25|15|38|53|1|N
28|6|305|B|1|0|R|283|12|17|266|E2806|101|31|63|2|2|14|7|16|3|0|1|0|0|7|0|0|0|3|14|163|2024|4|25|15|16|3|1|N
28|6|462|C|1|0|U|569|21|17|266|E2806|146|95|279|13|17|25|0|2|26|0|3|1|1|1|0|0|0|1|12|476|2024|4|25|15|25|12|4|N
28|6|465|C|1|0|M|663|21|17|266|E2806|130|148|120|15|0|10|0|0|0|0|1|0|1|18|0|0|0|3|48|364|2024|4|25|15|50|54|2|N
28|6|2017|B|1|0|U|524|3|18|266|E2806|48|48|201|3|0|0|0|36|9|0|3|0|1|20|0|0|0|0|10|331|2024|4|25|14|9|56|4|N
28|6|2021|C|1|0|U|563|3|18|266|E2806|47|110|209|7|25|4|11|3|32|0|0|2|2|14|0|1|0|0|0|420|2024|4|25|14|8|1|4|N
20|7|44|C|1|0|U|461|6|19|204|E2007|13|16|33|9|3|3|5|139|6|0|0|1|0|4|0|0|0|0|9|228|2024|4|25|14|6|45|4|N
20|7|85|E|1|0|R|305|12|11|204|E2007|102|59|22|1|13|2|0|75|0|0|0|1|0|5|0|0|0|0|14|192|2024|4|25|15|41|45|1|N
20|7|183|C|1|0|M|701|30|20|204|E2007|16|54|118|0|49|7|0|160|21|0|0|0|0|0|0|0|0|0|76|485|2024|4|25|15|34|50|4|N
20|7|268|C|1|0|U|406|41|19|204|E2007|5|0|62|0|0|0|0|190|0|0|8|2|0|0|0|1|0|0|0|263|2024|4|25|14|16|42|4|N
20|7|317|C|1|0|U|483|43|20|204|E2007|34|0|124|39|0|5|5|109|10|0|11|2|2|2|0|6|0|0|72|387|2024|4|25|15|27|14|4|N
20|7|322|C|2|0|M|642|43|20|204|E2007|32|0|73|21|0|18|12|208|11|0|3|0|0|26|0|0|0|0|21|393|2024|4|25|15|40|52|4|N
15|21|196|C|1|0|U|687|9|28|145|E1521|111|80|100|45|18|18|18|135|36|21|18|0|0|0|22|5|0|1|0|517|2024|4|25|15|10|28|4|N
15|21|457|C|1|0|M|543|15|28|145|E1521|98|36|39|45|13|39|13|112|28|11|8|0|2|17|2|0|0|0|16|381|2024|4|25|15|26|46|1|N
15|21|1953|C|1|0|U|708|35|28|145|E1521|107|51|26|11|0|9|25|89|20|24|8|0|2|2|16|0|0|0|5|288|2024|4|25|15|37|53|1|N
15|21|2149|C|4|0|M|681|40|28|145|E1521|9|117|65|29|17|20|12|143|10|15|4|0|1|8|12|2|0|1|3|459|2024|4|25|15|24|53|1|N
15|21|2150|C|5|0|U|736|40|28|145|E1521|11|72|88|19|5|22|34|126|45|33|8|0|2|9|47|2|0|3|7|522|2024|4|25|15|51|46|1|N
15|21|2160|C|1|0|M|747|40|28|145|E1521|4|74|0|45|4|20|28|110|30|17|2|1|3|43|33|0|0|1|1|412|2024|4|25|15|48|16|1|N
15|21|2162|C|2|0|U|703|40|28|145|E1521|6|0|0|0|0|0|0|0|0|0|0|0|0|0|0|0|0|0|0|0|2024|4|25|15|52|45|1|N
15|21|2384|B|1|0|U|656|51|28|145|E1521|78|70|9|26|2|0|12|140|6|21|5|2|0|0|22|0|0|1|18|334|2024|4|25|15|15|45|1|N
11|3|1276|C|3|0|U|685|20|3|77|E1103|15|40|139|7|4|24|0|136|2|0|0|0|0|0|0|0|0|1|3|356|2024|4|25|14|16|11|1|N
11|3|1282|C|3|0|U|743|20|3|77|E1103|126|71|208|0|17|45|43|40|0|25|0|0|0|0|14|1|0|2|10|476|2024|4|25|15|6|44|4|N
11|3|1283|B|1|0|U|685|20|3|77|E1103|23|53|266|2|10|16|4|169|5|24|1|0|0|0|24|0|0|0|7|581|2024|4|25|15|13|20|4|N
11|3|1423|B|1|0|U|296|20|7|77|E1103|140|9|69|1|0|3|5|2|0|13|0|0|0|4|0|0|0|0|6|112|2024|4|25|14|7|23|4|N
11|3|1674|C|4|0|U|665|20|3|77|E1103|122|78|155|0|0|65|50|36|6|10|2|0|1|8|19|2|0|4|32|468|2024|4|25|15|21|23|4|N
11|3|1677|C|4|0|U|643|20|3|77|E1103|92|17|99|2|5|32|11|80|3|2|2|0|0|6|12|1|0|0|7|279|2024|4|25|15|14|44|4|N
11|3|1704|B|1|0|U|385|20|3|77|E1103|78|11|66|0|2|4|14|61|1|7|0|0|0|0|7|0|0|0|3|176|2024|4|25|15|49|34|4|N
15|11|1320|C|2|0|U|619|34|21|135|E1511|32|60|44|7|20|31|0|19|20|14|11|1|0|0|0|0|0|1|14|242|2024|4|25|15|9|55|4|N
15|11|1329|C|1|0|U|570|34|21|135|E1511|54|58|60|0|0|29|36|82|28|23|3|0|0|0|0|0|0|0|21|340|2024|4|25|15|19|35|4|N
15|11|1348|B|1|0|U|669|34|21|135|E1511|71|10|69|0|0|6|0|54|34|57|11|4|0|0|0|0|0|2|2|249|2024|4|25|15|11|19|1|N
15|11|1355|C|2|0|U|685|34|21|135|E1511|74|120|69|8|12|46|15|97|36|28|9|0|0|0|0|0|0|1|2|443|2024|4|25|15|39|15|1|N
15|11|1366|C|4|0|U|670|34|21|135|E1511|124|50|64|10|3|39|0|57|10|51|3|0|0|0|0|0|0|1|16|304|2024|4|25|15|48|51|4|N
15|11|1371|B|1|0|U|635|34|37|135|E1511|117|36|42|0|11|33|11|82|34|36|7|0|0|0|0|0|0|0|8|300|2024|4|25|15|46|26|1|N
15|11|5991|C|2|0|U|646|34|21|135|E1511|1|27|41|0|11|21|1|129|52|22|10|0|0|0|0|0|0|1|6|321|2024|4|25|15|34|39|4|N
15|11|6226|B|1|0|U|629|34|21|135|E1511|19|30|59|0|3|19|0|100|29|4|3|2|0|0|0|0|0|1|6|256|2024|4|25|15|20|47|2|N
15|11|6232|B|1|0|U|551|34|21|135|E1511|31|66|42|0|3|21|0|46|23|30|11|2|0|0|0|0|0|1|8|253|2024|4|25|15|38|44|4|N
16|2|18|B|1|0|R|579|2|21|166|E1602|6|96|126|0|7|0|38|74|0|0|0|0|3|54|0|0|0|2|49|449|2024|4|25|15|14|27|4|N
16|2|59|C|1|0|U|570|6|23|166|E1602|8|86|97|17|0|8|5|104|6|0|0|0|0|26|0|0|0|2|19|370|2024|4|25|15|12|18|4|N
16|2|62|B|1|0|U|522|6|23|166|E1602|10|0|0|25|5|49|7|0|38|0|0|16|0|105|0|2|0|2|71|320|2024|4|25|15|38|34|4|N
16|2|147|C|1|0|R|699|8|21|166|E1602|53|236|67|9|6|0|27|31|0|0|0|0|0|37|0|0|0|0|36|449|2024|4|25|15|12|8|4|N
16|2|147|C|2|0|R|699|8|21|166|E1602|53|130|76|0|2|28|16|96|29|0|4|0|0|47|0|0|0|1|44|473|2024|4|25|15|15|24|4|N
16|2|207|C|1|0|R|429|12|21|166|E1602|66|170|17|5|6|6|3|0|21|0|9|0|0|3|0|3|0|0|16|259|2024|4|25|15|41|34|4|N
16|2|226|C|3|0|M|594|14|21|166|E1602|73|165|66|4|3|10|3|21|30|0|3|0|0|14|0|0|0|1|16|336|2024|4|25|15|20|44|4|N
16|2|1699|C|2|0|U|579|76|9|166|E1602|113|65|34|4|4|0|7|229|33|0|0|0|0|0|0|2|0|1|17|396|2024|4|25|15|50|57|1|N
13|2|962|C|2|0|M|673|48|1|99|E1302|94|138|0|0|5|0|28|53|50|48|1|2|3|0|44|0|0|0|30|402|2024|4|25|15|35|32|1|N
13|2|992|C|1|0|M|546|49|7|99|E1302|110|40|58|17|16|11|7|90|0|35|0|0|3|13|9|5|5|0|38|347|2024|4|25|15|37|2|1|N
13|5|152|C|1|0|U|719|9|7|102|E1305|1|91|73|0|11|8|36|75|16|0|3|0|0|0|0|0|0|0|25|338|2024|4|25|14|4|19|4|N
13|5|210|C|1|0|R|455|12|15|102|E1305|14|76|0|1|35|19|34|57|0|0|0|1|0|0|0|0|10|0|18|251|2024|4|25|15|10|46|1|N
13|5|216|C|4|0|R|670|12|15|102|E1305|20|89|39|0|0|15|39|125|8|0|0|0|0|0|0|0|14|0|13|342|2024|4|25|15|50|7|1|N
13|5|218|C|1|0|R|380|12|15|102|E1305|18|43|34|0|35|10|57|43|0|0|1|0|0|0|0|0|8|0|23|254|2024|4|25|15|47|24|1|N
13|5|1282|C|1|0|R|567|63|15|102|E1305|60|15|96|5|0|29|0|126|10|0|9|0|0|0|0|0|0|0|26|316|2024|4|25|15|24|22|1|N
13|5|1325|C|1|0|M|553|66|6|102|E1305|96|101|58|4|0|32|26|129|0|0|4|2|0|0|0|0|0|0|53|409|2024|4|25|14|14|25|1|N
16|10|977|B|1|0|U|588|54|11|174|E1610|25|55|110|0|0|25|3|55|12|0|0|0|4|15|0|2|0|0|61|342|2024|4|25|15|37|17|4|N
16|10|980|B|1|0|U|747|54|11|174|E1610|29|187|169|0|0|58|32|20|0|0|6|2|3|13|0|0|0|1|60|551|2024|4|25|15|13|51|4|N
16|10|1105|B|1|0|U|573|54|11|174|E1610|71|114|88|1|0|51|8|0|9|0|0|0|0|2|0|0|0|1|59|333|2024|4|25|15|18|32|4|N
16|10|1106|B|1|0|U|683|54|11|174|E1610|72|178|79|0|0|14|0|0|0|0|0|4|0|30|0|0|0|5|92|402|2024|4|25|14|7|24|4|N
16|10|1110|C|1|0|U|692|54|17|174|E1610|79|66|153|0|5|49|26|32|0|0|4|1|0|13|0|3|0|0|51|403|2024|4|25|14|7|44|4|N
16|10|1125|C|1|0|U|711|54|17|174|E1610|97|17|99|10|23|0|4|147|44|0|13|3|0|25|0|0|0|1|78|464|2024|4|25|14|11|9|4|N
16|10|1165|C|1|0|U|714|54|17|174|E1610|101|33|255|0|0|56|0|0|0|0|14|3|0|22|0|3|0|0|60|446|2024|4|25|14|4|59|4|N
16|10|1178|B|1|0|U|473|54|17|174|E1610|93|119|123|2|6|9|3|0|0|0|13|3|0|10|0|0|0|0|45|333|2024|4|25|14|10|30|4|N
16|10|1205|C|1|0|U|472|54|11|174|E1610|19|0|116|1|0|46|5|27|19|0|10|3|4|0|0|0|0|2|93|326|2024|4|25|15|0|54|4|N
14|5|1950|C|4|0|U|738|69|5|109|E1405|63|9|321|0|1|33|24|126|0|0|0|2|0|0|0|0|0|4|16|536|2024|4|25|15|5|28|4|N
14|5|1956|C|2|0|U|686|69|5|109|E1405|72|0|242|0|0|42|10|62|0|22|0|0|0|0|0|0|0|0|0|378|2024|4|25|15|18|33|4|N
14|5|1969|C|5|0|U|640|69|5|109|E1405|82|6|96|35|0|4|12|113|2|21|0|1|0|0|0|0|0|2|37|329|2024|4|25|15|42|14|4|N
14|5|2000|C|1|0|M|726|69|5|109|E1405|31|9|166|4|0|17|32|231|7|12|0|0|0|0|0|0|0|9|29|516|2024|4|25|15|20|19|4|N
14|8|604|B|1|0|U|629|41|8|112|E1408|66|22|37|91|22|12|18|196|0|10|0|0|2|10|28|0|0|1|19|468|2024|4|25|15|40|30|4|N
14|8|805|C|1|0|U|734|41|8|112|E1408|92|42|181|0|0|25|12|92|2|17|0|1|0|32|45|0|0|0|0|449|2024|4|25|10|19|51|4|N
14|8|981|B|1|0|U|430|41|8|112|E1408|134|9|71|14|3|10|0|77|3|10|0|1|1|5|20|2|0|0|0|226|2024|4|25|10|16|55|4|N
14|8|991|B|1|0|U|412|41|8|112|E1408|108|28|92|43|0|5|0|69|9|16|1|1|0|1|30|0|0|0|36|331|2024|4|25|15|2|38|4|N
14|8|1359|C|1|0|U|588|41|8|112|E1408|27|7|99|38|1|11|5|74|10|9|0|1|1|7|25|4|0|0|23|315|2024|4|25|15|34|10|4|N
9|17|801|B|1|0|U|584|4|20|65|E0917|17|98|0|20|50|20|30|73|2|26|7|4|2|13|19|0|0|5|20|389|2024|4|25|15|21|47|4|N
9|17|807|C|2|0|U|657|4|20|65|E0917|66|63|53|7|16|1|1|47|11|2|3|0|3|17|9|0|0|0|0|233|2024|4|25|14|10|29|4|N
9|17|3388|C|2|0|U|675|10|32|65|E0917|93|46|61|0|18|6|13|74|16|11|4|0|2|13|5|0|0|2|1|272|2024|4|25|15|18|31|1|N
9|17|3492|C|1|0|U|517|10|23|65|E0917|105|109|3|3|21|2|14|26|0|7|10|0|2|23|0|0|0|0|3|223|2024|4|25|15|22|45|4|N
9|17|3496|B|1|0|U|465|10|23|65|E0917|109|67|51|6|19|16|1|48|16|16|5|0|0|31|10|2|0|3|3|294|2024|4|25|15|15|44|4|N
9|17|3498|C|2|0|U|520|10|23|65|E0917|106|79|99|4|21|17|14|14|55|13|9|3|4|10|22|2|0|4|17|387|2024|4|25|15|9|10|4|N
9|17|3513|C|3|0|U|698|10|23|65|E0917|111|140|23|15|20|1|24|58|0|22|15|0|11|34|5|1|0|1|18|388|2024|4|25|15|14|48|1|N
9|17|3520|C|1|0|U|749|10|23|65|E0917|118|155|68|22|12|0|42|41|30|18|15|0|0|16|24|3|0|0|13|459|2024|4|25|15|17|45|4|N
9|17|3523|B|1|0|U|486|10|23|65|E0917|128|75|51|6|10|1|8|62|17|0|8|1|0|9|13|0|0|1|1|263|2024|4|25|15|23|14|1|N
9|17|5580|C|2|0|U|646|10|20|65|E0917|137|95|84|12|36|15|14|90|0|13|7|0|9|58|16|3|0|0|12|464|2024|4|25|15|29|21|1|N
13|7|115|B|1|0|M|574|7|18|104|E1307|2|184|100|4|0|10|0|0|62|0|5|3|0|0|0|0|9|2|16|395|2024|4|25|15|42|19|1|N
13|7|1224|C|1|0|M|716|61|18|104|E1307|44|170|76|4|14|95|22|0|78|0|7|2|0|0|0|0|0|1|0|469|2024|4|25|14|14|40|1|N
13|7|1364|E|1|1|M|616|68|16|104|E1307|69|133|122|3|13|0|22|0|45|0|7|2|0|0|0|0|6|0|35|388|2024|4|25|15|34|12|1|N
13|7|1364|E|1|3|M|615|68|16|104|E1307|69|99|157|7|38|0|79|0|22|0|12|4|0|0|0|0|4|1|0|423|2024|4|25|15|37|36|1|N
13|7|1558|B|1|0|M|587|77|10|104|E1307|107|15|0|17|18|131|96|0|49|0|5|10|0|0|0|0|0|10|0|351|2024|4|25|15|43|30|4|N
13|7|1630|E|4|0|M|706|83|10|104|E1307|127|158|177|7|19|34|18|0|57|0|0|3|0|0|0|0|5|0|0|478|2024|4|25|15|35|47|4|N
11|7|598|B|1|0|R|241|8|18|81|E1107|9|12|57|5|0|44|0|22|2|45|0|0|0|0|0|0|0|0|5|192|2024|4|25|15|2|5|4|N
11|7|2456|C|1|0|U|467|31|10|81|E1107|82|9|171|0|4|32|6|65|0|22|1|0|0|4|24|0|0|1|28|367|2024|4|25|11|58|16|4|N
15|13|1573|C|1|0|U|632|34|8|137|E1513|89|104|112|14|2|0|28|64|0|25|9|0|0|0|0|0|0|5|19|382|2024|4|25|15|3|20|4|N
15|13|1637|C|1|0|U|398|34|42|137|E1513|137|90|31|22|0|11|24|8|22|27|7|0|0|0|0|0|0|0|1|243|2024|4|25|14|1|21|4|N
15|13|1864|B|1|0|U|689|34|8|137|E1513|16|0|0|0|0|0|0|0|0|0|0|0|0|0|0|0|0|0|0|0|2024|4|25|15|53|4|1|N
15|13|1883|C|1|0|U|739|34|8|137|E1513|27|135|45|30|7|2|3|55|8|1|4|1|0|0|0|0|0|2|10|303|2024|4|25|15|20|38|1|N
9|18|1983|B|1|0|U|489|7|24|66|E0918|7|23|83|1|3|2|18|80|7|10|17|0|0|0|21|1|0|0|11|277|2024|4|25|15|39|11|1|N
9|18|1985|B|1|0|U|639|7|24|66|E0918|7|113|28|7|17|27|8|94|29|19|18|4|1|43|9|1|0|1|5|424|2024|4|25|15|42|35|1|N
9|18|2063|B|1|0|U|640|7|24|66|E0918|17|84|0|30|0|4|32|59|23|0|5|0|0|49|7|0|0|0|24|317|2024|4|25|15|43|27|1|N
9|18|2249|B|1|0|U|694|7|21|66|E0918|57|88|13|4|18|8|21|107|31|21|9|4|0|33|21|0|0|1|7|386|2024|4|25|14|13|36|4|N
9|18|2350|C|3|0|U|565|7|24|66|E0918|33|74|0|23|2|12|25|153|64|3|0|1|3|56|28|0|0|1|15|460|2024|4|25|15|14|8|4|N
9|18|2352|C|2|0|U|645|7|24|66|E0918|36|98|0|18|24|16|23|43|67|1|9|4|3|70|30|0|0|2|1|409|2024|4|25|14|5|10|4|N
9|18|2747|C|2|0|U|568|7|28|66|E0918|107|109|25|11|15|1|17|30|3|15|17|4|0|39|23|1|0|0|12|322|2024|4|25|15|26|10|4|N
11|8|2187|C|1|0|U|569|27|14|82|E1108|47|0|139|4|0|9|11|0|7|55|3|0|0|7|51|0|0|0|5|291|2024|4|25|15|21|55|4|N
11|8|2930|B|1|0|U|595|44|13|82|E1108|138|15|163|3|3|0|3|29|4|21|0|1|0|0|25|0|0|0|12|279|2024|4|25|15|1|3|4|N
15|17|1428|C|1|0|U|440|34|42|141|E1517|26|56|26|2|10|7|0|32|16|20|9|0|0|0|0|0|0|0|9|187|2024|4|25|15|24|25|1|N
15|17|1453|B|1|0|U|548|34|42|141|E1517|4|53|0|4|13|19|22|0|30|37|19|4|0|0|0|0|0|0|14|215|2024|4|25|15|51|29|1|N
15|17|1706|B|1|0|U|605|34|42|141|E1517|41|75|15|6|2|18|53|15|26|58|10|0|0|0|0|0|0|0|12|290|2024|4|25|15|27|40|4|N
15|17|1718|C|1|0|U|712|34|42|141|E1517|47|146|55|11|9|17|47|102|6|76|0|0|0|0|0|0|0|2|9|480|2024|4|25|15|30|57|4|N
15|17|1720|C|2|0|U|604|34|42|141|E1517|45|56|27|10|10|35|8|98|16|30|8|0|0|0|0|0|0|0|17|315|2024|4|25|15|32|27|4|N
15|17|1734|C|1|0|U|625|34|42|141|E1517|35|86|0|11|11|6|0|79|42|0|6|7|0|0|0|0|0|0|11|259|2024|4|25|15|12|29|4|N
15|17|3125|C|1|0|U|493|60|24|141|E1517|52|105|0|20|1|21|0|88|13|0|9|0|0|0|0|0|0|0|12|269|2024|4|25|15|8|34|4|N
15|17|3136|C|1|0|U|598|60|24|141|E1517|65|68|0|6|7|6|18|120|8|9|28|0|0|0|0|0|0|0|8|278|2024|4|25|15|21|43|4|N
15|17|3140|C|1|0|U|577|60|24|141|E1517|75|111|0|7|14|9|22|54|10|18|4|2|0|0|0|0|0|1|4|256|2024|4|25|15|12|55|4|N
15|17|3141|B|1|0|U|689|60|24|141|E1517|75|148|47|18|13|34|5|27|22|80|16|0|0|0|0|0|0|1|16|427|2024|4|25|15|16|53|4|N
15|17|3162|C|1|0|U|618|60|24|141|E1517|59|89|43|8|9|36|0|72|28|0|17|2|0|0|0|0|0|1|11|316|2024|4|25|15|14|22|4|N
15|17|3213|C|1|0|U|715|60|24|141|E1517|95|130|29|6|6|27|6|108|32|12|16|4|0|0|0|0|0|0|1|377|2024|4|25|15|30|54|4|N
15|17|3221|B|1|0|U|657|60|24|141|E1517|111|73|0|15|4|41|0|168|4|21|13|6|0|0|0|0|0|2|13|360|2024|4|25|15|20|27|4|N
12|6|1121|C|1|0|U|733|28|25|95|E1206|27|0|0|0|0|0|0|0|0|0|0|0|0|0|0|0|0|0|0|0|2024|4|25|15|52|58|4|N
12|6|1180|B|1|0|R|525|28|25|95|E1206|50|21|72|7|19|3|3|46|1|0|5|0|0|8|0|0|0|1|0|186|2024|4|25|15|35|36|1|N
12|6|1183|C|1|0|R|394|28|25|95|E1206|56|16|53|0|0|4|10|93|3|0|0|1|0|3|0|3|0|0|30|216|2024|4|25|15|24|31|1|N
12|6|1201|E|1|0|R|420|28|25|95|E1206|58|0|0|137|0|0|0|0|13|0|23|9|6|0|0|3|0|0|64|255|2024|4|25|15|47|6|1|N
12|6|1462|B|1|0|U|680|35|23|95|E1206|65|104|86|0|115|8|10|19|2|0|0|0|0|17|0|0|0|2|0|363|2024|4|25|14|14|12|4|N
12|6|1473|C|1|0|R|398|35|23|95|E1206|70|63|26|0|34|8|0|33|10|0|9|0|0|11|0|0|0|0|36|230|2024|4|25|15|22|52|2|N
12|6|1477|C|1|0|U|660|35|23|95|E1206|74|16|48|35|85|0|0|188|13|0|23|0|0|0|0|0|0|1|48|457|2024|4|25|15|44|55|1|N
12|6|1480|C|2|0|M|740|36|22|95|E1206|114|31|24|25|46|2|0|220|0|0|9|1|3|24|0|1|0|0|53|439|2024|4|25|15|45|28|1|N
12|6|1480|C|4|0|M|739|36|22|95|E1206|115|72|26|52|70|27|3|146|0|0|0|0|1|0|0|0|0|0|19|416|2024|4|25|15|48|32|1|N
12|6|1490|B|1|0|U|693|36|22|95|E1206|113|0|37|0|132|28|16|34|10|0|0|6|2|27|0|0|0|0|86|378|2024|4|25|15|31|4|4|N
12|6|1727|C|1|0|U|672|43|24|95|E1206|131|0|0|0|0|0|0|0|0|0|0|0|0|0|0|0|0|0|0|0|2024|4|25|15|53|33|1|N
10|1|306|C|1|0|U|503|5|4|71|E1001|19|66|0|0|20|25|46|65|0|15|28|2|1|65|0|0|0|8|45|386|2024|4|25|14|12|32|4|N
10|1|330|B|1|0|U|635|5|4|71|E1001|25|92|59|6|22|1|2|101|4|20|10|1|3|0|15|1|0|0|0|337|2024|4|25|15|52|22|1|N
10|1|382|B|1|0|R|466|5|3|71|E1001|45|0|79|2|15|13|0|103|10|24|0|0|1|40|3|0|0|6|0|296|2024|4|25|15|17|31|1|N
10|1|391|C|3|0|M|700|5|3|71|E1001|54|62|176|6|3|8|18|58|9|0|10|1|0|0|17|1|0|1|14|384|2024|4|25|15|18|8|4|N
10|1|805|B|1|0|R|710|14|15|71|E1001|62|57|29|11|26|12|11|104|2|29|26|2|2|18|15|0|0|0|10|354|2024|4|25|15|17|56|1|N
10|1|816|C|2|0|R|582|14|15|71|E1001|82|70|18|15|30|10|0|155|31|35|8|0|0|39|4|0|0|0|26|441|2024|4|25|15|50|18|1|N
10|1|1028|B|1|0|R|463|24|15|71|E1001|105|54|102|6|17|17|22|49|2|0|7|3|4|9|5|2|0|2|24|325|2024|4|25|14|13|35|1|N
10|1|1061|C|1|0|R|511|24|15|71|E1001|65|10|153|11|5|0|8|114|0|13|1|1|1|2|4|0|0|0|12|335|2024|4|25|15|14|36|1|N
4|2|195|C|1|0|U|634|3|9|16|E0402|16|13|0|27|30|40|71|22|27|0|0|1|4|23|0|0|0|1|88|347|2024|4|25|15|21|2|4|N
4|2|231|C|1|0|U|579|3|11|16|E0402|38|43|138|17|9|4|18|87|8|0|5|1|1|1|0|3|0|1|0|336|2024|4|25|11|58|35|4|N
4|2|243|C|2|0|U|617|3|8|16|E0402|26|5|6|1|1|2|1|15|10|2|2|2|20|5|10|10|0|1|2|95|2024|4|25|15|48|36|4|N
4|2|318|B|1|0|U|567|4|15|16|E0402|85|0|139|11|0|19|2|82|0|0|2|1|1|5|0|0|0|0|0|262|2024|4|25|15|35|47|1|N
15|23|153|C|2|0|U|663|6|29|147|E1523|104|75|193|7|2|2|10|29|28|0|5|2|2|6|11|0|0|1|7|380|2024|4|25|15|50|48|1|N
15|23|249|B|1|0|M|631|12|29|147|E1523|101|77|206|8|0|6|7|0|26|19|3|1|1|2|4|0|0|1|5|366|2024|4|25|15|47|35|1|N
15|23|2239|B|1|0|M|725|44|29|147|E1523|116|95|212|6|6|6|18|0|24|39|3|0|0|11|12|0|0|3|6|441|2024|4|25|15|46|13|1|N
15|23|2241|B|1|0|R|591|44|29|147|E1523|120|101|94|18|4|11|9|0|33|20|1|3|0|13|23|2|0|0|13|345|2024|4|25|15|48|3|1|N
15|23|2397|C|1|0|R|507|52|4|147|E1523|4|63|192|3|3|4|7|0|0|28|5|1|0|13|3|2|0|1|0|325|2024|4|25|15|36|7|4|N
15|23|2400|C|1|0|R|639|52|4|147|E1523|7|160|0|10|17|17|13|0|44|6|1|0|0|7|0|0|0|1|0|276|2024|4|25|15|12|16|4|N
15|23|2415|C|4|0|U|690|52|4|147|E1523|21|167|83|14|36|19|23|6|0|19|4|0|0|39|11|4|0|2|8|435|2024|4|25|15|41|9|4|N
15|23|2426|B|1|0|U|583|52|4|147|E1523|43|11|208|0|11|10|20|40|31|0|4|3|3|0|0|2|0|0|10|353|2024|4|25|15|15|7|4|N
15|23|3838|C|1|0|U|732|63|4|147|E1523|55|20|364|18|62|18|15|38|17|37|1|0|0|0|22|0|0|3|16|631|2024|4|25|15|10|52|4|N
15|23|4143|C|1|0|U|680|52|4|147|E1523|34|20|200|25|0|14|27|0|46|0|4|0|0|34|6|0|0|3|11|390|2024|4|25|15|24|21|4|N
15|23|4713|C|1|0|R|725|102|29|147|E1523|81|60|252|4|10|7|12|26|9|41|0|0|0|11|4|1|0|2|4|443|2024|4|25|15|22|23|4|N
15|23|4715|B|1|0|U|736|102|29|147|E1523|82|89|197|6|21|15|6|83|16|17|3|1|1|9|10|2|0|0|13|489|2024|4|25|15|15|7|4|N
15|23|6903|B|1|0|M|670|102|29|147|E1523|98|88|92|4|2|7|13|85|20|18|4|1|0|20|0|3|0|0|3|360|2024|4|25|15|31|5|4|N
10|4|111|B|1|0|U|716|5|2|74|E1004|7|42|64|10|0|33|10|160|22|0|5|6|3|2|0|0|0|0|13|370|2024|4|25|15|3|13|4|N
10|4|165|C|1|0|U|665|5|6|74|E1004|72|155|160|9|2|0|3|109|4|0|6|0|0|0|0|1|0|0|46|495|2024|4|25|14|6|50|4|N
10|4|201|C|2|0|U|703|5|6|74|E1004|75|65|66|9|0|0|38|218|0|0|8|0|1|1|0|0|0|1|30|437|2024|4|25|14|9|59|4|N
10|4|229|B|1|0|U|535|5|5|74|E1004|87|118|52|1|15|10|24|113|19|0|0|3|2|6|0|0|0|0|14|377|2024|4|25|15|40|36|1|N
10|4|376|C|2|0|M|666|5|6|74|E1004|142|63|83|19|20|20|56|147|0|0|8|0|1|0|0|1|0|1|0|419|2024|4|25|15|49|24|1|N
10|4|1402|B|1|0|U|481|5|2|74|E1004|143|51|50|7|0|11|32|59|4|0|4|1|0|3|0|0|0|0|32|254|2024|4|25|15|47|8|4|N
10|4|1450|C|3|0|U|650|5|1|74|E1004|24|111|122|17|53|38|50|0|0|0|0|7|0|9|0|3|0|0|29|439|2024|4|25|15|11|41|4|N
7|5|342|E|1|1|R|492|23|22|31|E0705|19|49|97|3|19|88|8|59|1|19|1|1|0|5|0|0|0|0|0|350|2024|4|25|15|18|34|4|N
7|5|350|E|2|0|R|390|23|22|31|E0705|22|41|16|0|9|7|43|18|3|12|2|1|1|10|11|0|0|0|21|195|2024|4|25|15|22|31|4|N
7|5|354|B|1|0|R|671|23|22|31|E0705|28|39|75|0|8|0|0|119|14|23|0|0|0|10|9|0|0|0|6|303|2024|4|25|15|12|28|4|N
7|5|363|C|1|0|R|605|23|22|31|E0705|31|32|148|0|0|87|24|3|31|33|0|1|1|6|26|0|0|0|23|415|2024|4|25|15|37|16|4|N
7|5|1126|C|1|0|U|572|77|5|31|E0705|52|40|204|6|8|73|22|0|3|5|1|2|0|13|5|0|0|0|0|382|2024|4|25|14|17|28|4|N
7|5|1129|C|2|0|U|653|77|5|31|E0705|54|35|203|0|54|0|68|26|5|52|7|0|1|15|1|2|0|1|0|470|2024|4|25|15|50|11|4|N
7|5|2092|B|1|0|R|416|23|22|31|E0705|12|138|0|6|0|0|59|34|24|14|8|0|0|0|11|1|0|0|0|295|2024|4|25|15|29|21|4|N
7|5|2097|C|1|0|U|696|77|5|31|E0705|43|89|110|0|0|0|35|147|0|33|12|0|1|16|0|0|0|1|0|444|2024|4|25|15|35|58|4|N
12|7|1211|B|1|0|U|689|29|1|96|E1207|38|52|48|2|0|19|3|203|0|0|6|0|1|0|0|0|0|2|60|396|2024|4|25|14|3|6|4|N
12|7|1216|B|1|0|U|722|29|1|96|E1207|39|117|0|18|0|34|12|152|0|0|0|13|1|9|0|0|0|0|33|389|2024|4|25|14|11|0|4|N
12|7|1228|C|2|0|U|695|29|2|96|E1207|44|51|82|20|14|0|21|3|20|0|0|14|2|0|0|0|0|0|28|255|2024|4|25|14|13|38|4|N
12|7|1242|C|2|0|U|629|29|2|96|E1207|52|269|0|63|0|0|0|0|0|0|0|16|0|67|0|1|0|0|0|416|2024|4|25|14|16|22|4|N
12|7|1250|C|1|0|U|638|29|1|96|E1207|50|49|46|27|43|10|3|113|0|0|2|0|0|13|0|0|0|0|8|314|2024|4|25|13|59|10|4|N
12|7|1267|C|2|0|U|736|29|2|96|E1207|28|26|0|218|0|47|20|114|0|0|25|13|0|0|0|0|0|3|89|555|2024|4|25|14|9|44|4|N
12|7|1280|C|1|0|U|648|29|2|96|E1207|65|0|17|51|0|87|0|0|0|0|19|0|0|0|0|7|0|2|265|448|2024|4|25|15|52|16|4|N
12|7|1764|B|1|0|U|525|45|24|96|E1207|131|67|12|38|8|12|0|24|0|0|0|0|2|0|0|3|0|0|73|239|2024|4|25|15|5|25|4|N
12|7|1767|C|1|0|U|555|45|24|96|E1207|132|68|10|38|0|4|15|171|11|0|0|6|0|2|0|0|0|1|0|326|2024|4|25|15|44|41|4|N
12|7|2493|B|1|0|U|599|62|24|96|E1207|146|30|94|0|66|0|44|33|0|0|0|17|0|64|0|10|0|0|0|358|2024|4|25|14|17|40|4|N
12|7|2823|B|1|0|U|690|29|1|96|E1207|9|87|0|150|0|0|0|100|0|0|21|7|3|10|0|0|0|0|36|414|2024|4|25|14|13|57|4|N
15|34|5209|B|1|0|U|320|107|34|158|E1534|70|40|5|13|5|0|7|16|22|17|0|1|0|11|15|0|0|0|1|153|2024|4|25|15|17|39|4|N
15|34|5217|C|1|0|U|533|107|34|158|E1534|77|45|37|32|14|7|11|31|20|26|1|0|1|18|14|2|0|2|15|276|2024|4|25|15|12|18|4|N
15|34|5223|C|1|0|U|531|107|34|158|E1534|71|38|23|37|14|1|0|143|10|18|0|6|1|13|15|1|0|1|15|336|2024|4|25|15|19|1|4|N
15|34|5240|B|1|0|U|684|107|34|158|E1534|90|103|55|0|11|0|17|93|0|24|0|0|3|10|16|3|0|0|21|356|2024|4|25|15|15|0|4|N
15|34|5256|C|2|0|U|579|107|34|158|E1534|87|46|107|31|1|9|30|18|18|0|5|5|1|25|7|3|0|1|9|316|2024|4|25|15|21|9|1|N
15|34|5263|C|2|0|U|597|107|34|158|E1534|101|37|86|39|23|9|10|126|0|44|0|7|0|12|34|0|0|2|3|432|2024|4|25|15|35|1|1|N
15|34|5280|C|5|0|U|694|107|2|158|E1534|16|71|55|48|0|9|7|101|29|21|0|4|3|14|23|0|0|1|0|386|2024|4|25|15|17|11|4|N
15|34|5290|C|2|0|U|500|107|2|158|E1534|34|54|99|0|37|9|4|62|24|20|0|2|0|41|8|0|0|2|16|378|2024|4|25|15|31|56|4|N
15|34|5292|B|1|0|U|718|107|2|158|E1534|24|42|69|0|22|6|0|226|41|0|0|6|1|2|36|3|0|0|20|474|2024|4|25|15|10|59|4|N
15|34|5297|C|4|0|U|682|107|2|158|E1534|10|55|82|9|0|7|0|155|36|12|1|5|1|5|27|2|0|0|0|397|2024|4|25|15|32|2|4|N
15|34|5332|C|1|0|U|704|107|36|158|E1534|129|34|61|64|9|1|14|61|25|23|1|3|1|11|15|3|0|1|7|334|2024|4|25|15|21|26|4|N
15|34|5349|C|7|0|U|690|107|36|158|E1534|113|112|87|0|37|0|1|81|5|48|0|3|0|47|26|0|0|2|0|449|2024|4|25|15|36|6|4|N
15|34|5417|C|5|0|U|743|107|2|158|E1534|8|59|65|0|0|16|0|130|0|22|0|11|0|18|25|9|0|2|27|384|2024|4|25|15|35|14|4|N
15|34|5433|C|1|0|U|695|107|36|158|E1534|150|54|37|51|14|8|24|118|30|15|5|9|4|24|50|3|0|0|18|464|2024|4|25|15|12|51|4|N
21|8|53|C|1|0|U|556|4|13|215|E2108|9|56|24|0|26|7|0|43|14|18|3|1|0|29|9|0|0|0|7|237|2024|4|25|15|41|9|1|N
21|8|548|B|1|0|U|588|66|14|215|E2108|49|17|0|0|1|0|0|156|30|4|12|0|2|34|44|0|0|0|40|340|2024|4|25|15|22|27|4|N
21|8|549|B|1|0|U|548|66|14|215|E2108|50|84|25|0|9|0|9|115|21|12|0|0|1|30|24|1|0|8|15|354|2024|4|25|14|15|21|4|N
21|8|902|C|2|0|M|657|111|15|215|E2108|70|38|57|12|0|0|0|158|32|0|0|0|0|29|15|1|0|0|11|353|2024|4|25|15|27|41|1|N
21|8|1718|B|1|0|R|463|131|14|215|E2108|42|29|59|2|2|15|31|83|20|21|2|2|0|5|10|0|0|0|7|288|2024|4|25|15|29|41|1|N
21|8|1909|S|2|0|U|0|153|15|215|E2108|94|108|116|4|5|10|0|193|26|17|0|5|1|51|41|4|0|10|0|591|2024|4|25|15|23|50|4|N
21|8|1921|C|1|0|M|612|153|15|215|E2108|106|74|66|3|25|5|4|104|23|20|7|0|2|35|15|0|0|0|11|394|2024|4|25|15|35|42|1|N
26|7|1118|B|1|0|R|366|62|21|254|E2607|5|6|0|24|1|8|2|77|21|0|0|0|0|64|0|0|0|0|16|219|2024|4|25|15|40|31|1|N
26|7|1141|C|2|0|U|635|63|20|254|E2607|24|0|134|0|2|5|19|11|40|25|0|0|2|59|0|2|0|4|79|382|2024|4|25|15|22|53|4|N
26|7|1194|C|1|0|U|458|64|21|254|E2607|43|0|28|0|17|12|7|185|18|21|0|0|0|23|0|2|0|0|31|344|2024|4|25|15|3|22|4|N
26|7|1208|B|1|0|R|656|64|21|254|E2607|50|23|79|0|8|21|23|310|21|4|0|9|0|28|0|0|0|0|0|526|2024|4|25|15|38|59|1|N
26|7|1213|C|2|0|R|523|64|21|254|E2607|54|83|26|27|18|17|9|112|0|6|0|0|0|59|17|0|0|0|10|384|2024|4|25|15|41|2|1|N
26|7|1260|C|2|0|U|670|65|19|254|E2607|85|98|18|37|0|2|0|102|20|9|4|0|0|47|20|0|0|0|4|361|2024|4|25|15|35|39|4|N
26|7|1263|C|2|0|U|660|65|19|254|E2607|89|119|47|23|12|0|9|119|18|51|3|8|2|30|14|0|0|2|0|457|2024|4|25|15|11|29|4|N
26|7|1289|C|5|0|R|692|65|19|254|E2607|108|0|106|40|13|5|3|207|18|0|1|0|0|53|12|0|0|1|15|474|2024|4|25|15|21|54|1|N
23|3|14|C|2|0|U|710|1|6|232|E2303|10|55|0|69|62|0|0|105|0|0|10|0|0|0|0|0|0|3|35|339|2024|4|25|14|11|21|1|N
23|3|872|C|1|0|U|411|1|7|232|E2303|26|28|0|9|5|2|2|3|9|0|5|0|0|0|0|0|0|0|5|68|2024|4|25|15|14|19|4|N
27|6|398|C|2|0|U|701|4|8|260|E2706|2|0|387|17|1|13|56|0|10|0|0|0|0|0|0|0|0|0|17|501|2024|4|25|14|8|42|1|N
27|6|411|C|1|0|U|502|4|5|260|E2706|14|14|248|0|0|22|0|0|8|0|0|2|0|0|0|0|0|1|47|342|2024|4|25|15|33|46|1|N
27|6|412|C|1|0|U|557|4|5|260|E2706|14|0|131|8|3|3|8|104|9|0|1|1|0|0|0|0|0|1|48|317|2024|4|25|15|37|19|1|N
27|6|476|C|6|0|U|734|4|5|260|E2706|38|7|312|10|0|14|0|128|7|0|12|0|0|0|0|0|0|0|57|547|2024|4|25|15|32|3|4|N
27|6|1051|B|1|0|R|455|15|20|260|E2706|106|0|157|4|6|18|0|2|8|0|6|1|0|0|0|0|0|0|47|249|2024|4|25|11|25|24|4|N
27|6|1174|C|3|0|U|730|4|10|260|E2706|63|26|297|0|4|16|31|63|7|0|1|1|0|0|0|0|0|0|22|468|2024|4|25|14|4|43|4|N
27|6|1180|B|1|0|U|651|16|20|260|E2706|118|6|131|7|0|0|113|0|1|0|4|1|0|0|0|0|0|1|24|288|2024|4|25|15|39|5|1|N
9|13|1681|B|1|0|U|718|6|15|61|E0913|20|0|169|33|36|1|1|81|78|19|16|1|3|26|31|0|0|2|10|507|2024|4|25|15|1|27|4|N
9|13|1682|C|1|0|U|511|6|15|61|E0913|20|48|59|18|12|3|3|20|26|7|5|0|1|11|2|0|0|0|1|216|2024|4|25|15|8|11|4|N
9|13|1699|C|1|0|U|533|6|15|61|E0913|131|23|77|6|38|11|8|43|24|3|0|3|1|30|8|0|0|0|10|285|2024|4|25|10|41|7|4|N
9|13|1716|C|1|0|U|527|6|15|61|E0913|103|25|120|8|8|0|0|62|91|17|8|0|2|11|0|1|0|0|28|381|2024|4|25|15|8|44|4|N
9|13|1774|C|1|0|U|453|6|15|61|E0913|150|0|0|12|9|12|12|39|37|21|8|0|6|52|26|0|0|0|17|251|2024|4|25|15|5|17|4|N
9|13|1815|B|1|0|U|535|6|15|61|E0913|150|0|109|0|20|5|6|76|42|22|7|7|4|50|34|1|0|1|18|402|2024|4|25|15|8|16|4|N
9|13|1815|C|1|0|U|535|6|15|61|E0913|150|9|53|17|19|0|6|50|74|27|11|4|3|58|3|2|0|0|15|351|2024|4|25|15|10|57|4|N
9|13|1866|B|1|0|U|396|6|11|61|E0913|62|3|19|9|7|10|3|36|33|14|8|0|1|37|13|1|0|0|11|205|2024|4|25|15|50|5|4|N
9|13|1959|C|1|0|U|500|6|15|61|E0913|5|0|65|14|15|16|0|62|51|11|9|4|0|20|21|2|0|0|4|294|2024|4|25|14|3|28|4|N
9|13|1969|C|1|0|U|518|6|15|61|E0913|159|0|14|17|12|10|14|98|43|33|1|1|2|70|45|1|0|1|5|367|2024|4|25|15|20|49|4|N
28|3|1145|E|2|2|M|649|33|8|263|E2803|35|20|188|5|6|6|0|220|0|0|0|0|1|12|0|0|0|0|0|458|2024|4|25|15|32|52|1|N
15|39|1256|C|5|0|U|661|32|31|163|E1539|21|0|0|69|12|11|0|242|41|20|20|3|10|32|0|11|0|0|0|471|2024|4|25|15|22|10|4|N
15|39|1270|B|1|0|U|747|32|31|163|E1539|22|26|65|0|0|9|23|219|44|36|0|1|3|11|0|0|0|30|0|467|2024|4|25|15|13|48|4|N
15|39|3953|C|2|0|U|630|71|31|163|E1539|109|0|0|0|32|0|32|165|1|19|26|9|0|44|0|4|0|13|22|367|2024|4|25|15|25|17|4|N
15|39|3958|C|2|0|U|712|71|31|163|E1539|92|14|26|73|21|0|17|58|0|0|0|8|0|19|0|4|0|10|75|325|2024|4|25|15|12|50|4|N
15|39|3987|C|1|0|U|621|71|31|163|E1539|97|8|32|0|6|2|12|117|26|21|0|9|2|6|32|4|0|0|16|293|2024|4|25|15|18|0|4|N
15|39|5946|C|1|0|U|665|71|31|163|E1539|64|4|0|101|35|11|15|144|59|32|12|0|17|18|0|0|0|20|0|468|2024|4|25|15|23|50|1|N
30|8|2597|C|1|0|U|485|113|8|279|E3008|51|18|103|1|4|4|5|84|18|25|7|1|0|0|0|0|0|1|9|280|2024|4|25|15|44|43|4|N
30|8|4198|B|1|0|M|521|191|8|279|E3008|3|33|125|4|13|0|9|65|16|46|2|1|0|0|0|0|0|1|2|317|2024|4|25|15|17|35|1|N
23|4|168|C|13|0|U|725|1|2|233|E2304|97|131|0|2|0|27|130|0|1|114|2|0|0|0|99|0|0|0|0|506|2024|4|25|14|17|56|4|N
23|4|579|B|1|0|U|647|1|3|233|E2304|81|43|0|0|9|42|0|194|7|25|0|0|0|13|28|2|0|1|12|376|2024|4|25|15|12|52|1|N
23|4|586|B|1|0|U|272|1|3|233|E2304|81|14|32|3|4|17|5|55|9|14|0|1|0|0|3|0|0|1|10|168|2024|4|25|15|10|10|1|N
23|4|616|C|1|0|U|413|1|2|233|E2304|125|19|0|0|18|54|44|0|5|22|0|0|2|2|23|0|0|2|0|191|2024|4|25|14|10|33|4|N
23|4|632|C|2|0|M|739|1|3|233|E2304|22|56|0|13|16|34|44|62|0|55|4|0|0|13|54|5|0|5|36|397|2024|4|25|14|17|23|1|N
23|4|825|C|1|0|U|470|1|6|233|E2304|63|35|112|0|0|18|0|94|0|21|0|0|0|15|11|0|0|0|13|319|2024|4|25|15|25|0|1|N
23|4|1116|B|1|0|U|673|1|1|233|E2304|99|66|188|0|0|0|100|0|57|72|0|2|0|47|19|0|0|2|0|553|2024|4|25|15|17|40|1|N
21|13|293|C|3|0|U|685|35|8|220|E2113|14|24|138|15|0|0|33|27|17|35|0|3|0|1|29|2|0|1|11|336|2024|4|25|15|15|8|4|N
21|13|2176|C|1|0|U|680|174|21|220|E2113|35|4|81|5|0|0|53|135|13|67|1|0|2|0|15|3|0|0|0|379|2024|4|25|15|14|31|4|N
21|13|2874|C|1|0|U|659|19|21|220|E2113|73|16|126|15|0|6|18|20|30|62|4|2|0|17|45|0|0|0|13|374|2024|4|25|14|13|5|4|N
19|1|372|B|1|0|U|510|19|18|184|E1901|31|22|78|1|6|0|3|54|13|0|3|1|2|26|0|1|0|0|15|225|2024|4|25|15|17|0|4|N
19|1|382|C|2|0|U|546|19|18|184|E1901|23|43|87|0|0|13|0|65|19|0|5|0|0|30|0|0|0|0|28|290|2024|4|25|15|10|41|4|N
19|1|401|C|1|0|U|555|19|18|184|E1901|27|0|0|5|1|11|54|177|53|0|0|1|5|21|0|0|0|0|65|393|2024|4|25|13|50|34|4|N
19|1|2000|C|3|0|U|707|48|19|184|E1901|128|25|77|4|0|25|40|78|46|0|6|0|0|11|0|4|0|0|51|367|2024|4|25|14|10|40|4|N
24|3|136|B|1|0|U|635|8|11|236|E2403|1|14|315|11|1|18|11|63|0|0|0|0|0|0|11|0|0|2|0|446|2024|4|25|15|37|58|4|N
24|3|440|B|1|0|R|474|17|3|236|E2403|30|57|65|2|9|5|0|74|19|24|0|2|1|9|0|1|0|1|0|269|2024|4|25|14|17|12|1|N
24|3|447|C|1|0|R|687|17|3|236|E2403|35|34|234|4|2|6|1|46|0|9|1|0|1|4|2|0|0|1|4|349|2024|4|25|15|18|47|4|N
24|3|489|B|1|0|R|203|19|11|236|E2403|44|12|75|2|1|7|7|5|0|0|0|0|0|4|5|0|0|0|1|119|2024|4|25|15|43|0|1|N
24|3|659|B|1|0|U|515|24|11|236|E2403|56|18|119|2|1|4|1|36|5|0|1|0|0|0|0|1|0|0|15|203|2024|4|25|15|29|46|1|N
24|3|663|B|1|0|R|631|24|11|236|E2403|65|5|284|7|1|1|0|21|0|8|0|0|0|4|1|0|0|1|0|333|2024|4|25|15|52|32|1|N
24|3|674|B|1|0|R|268|24|11|236|E2403|69|0|144|2|3|5|3|21|0|0|1|0|0|5|0|0|0|0|0|184|2024|4|25|15|41|15|1|N
24|3|682|B|1|0|R|202|24|11|236|E2403|70|7|63|1|0|2|0|18|0|0|0|0|0|2|0|0|0|0|4|97|2024|4|25|15|34|35|1|N
24|3|1638|C|2|0|U|563|51|3|236|E2403|117|110|51|5|0|74|37|97|0|36|0|0|1|0|0|1|0|4|0|416|2024|4|25|14|13|34|4|N
24|3|1641|C|1|0|U|594|51|3|236|E2403|118|49|226|13|3|29|0|65|13|0|1|1|2|14|11|2|0|0|2|431|2024|4|25|15|21|49|4|N
24|3|1670|C|1|0|M|657|52|3|236|E2403|134|36|154|4|1|18|0|31|9|4|0|0|0|0|6|0|0|1|10|274|2024|4|25|14|17|44|4|N
30|11|855|B|1|0|U|582|41|29|282|E3011|55|53|255|1|13|0|0|0|0|40|9|4|1|14|27|3|0|1|28|449|2024|4|25|15|40|19|4|N
30|11|876|B|1|0|U|534|41|29|282|E3011|56|67|121|15|1|0|5|30|13|12|2|2|0|24|0|1|0|0|7|300|2024|4|25|15|32|57|4|N
30|11|878|B|1|0|U|603|41|29|282|E3011|53|39|150|7|3|3|0|63|0|15|1|2|0|0|6|1|0|0|21|311|2024|4|25|15|25|26|4|N
30|11|887|B|1|0|U|518|41|29|282|E3011|51|42|90|1|4|6|18|103|0|38|2|0|2|0|0|0|0|0|9|315|2024|4|25|15|23|6|4|N
30|11|4690|C|1|0|M|670|206|30|282|E3011|129|73|101|0|14|0|10|147|15|33|7|3|1|4|5|0|0|0|11|424|2024|4|25|15|19|24|4|N
30|11|4869|B|1|0|U|700|41|29|282|E3011|20|104|137|13|16|0|14|0|12|0|0|6|2|7|5|3|0|1|21|341|2024|4|25|15|19|2|4|N
21|16|85|C|2|0|U|690|10|26|223|E2116|6|36|115|12|0|10|52|105|14|14|0|0|1|39|6|1|0|0|25|430|2024|4|25|14|5|35|4|N
21|16|112|C|1|0|U|581|13|26|223|E2116|10|14|32|6|0|2|17|58|19|16|8|0|1|4|5|2|0|0|9|193|2024|4|25|15|17|58|4|N
21|16|2101|C|1|0|R|432|168|23|223|E2116|94|72|97|10|0|0|0|60|8|24|1|3|0|0|0|1|0|0|19|295|2024|4|25|13|40|47|4|N
21|16|2184|S|1|0|U|0|176|24|223|E2116|108|84|176|12|0|0|0|76|49|71|0|0|1|31|13|0|0|0|0|513|2024|4|25|15|13|29|4|N
21|16|2190|C|3|0|U|657|176|24|223|E2116|115|64|75|3|10|0|76|84|19|35|0|0|0|14|6|0|0|0|3|389|2024|4|25|14|11|49|4|N
19|5|1439|C|2|0|U|594|40|1|188|E1905|90|0|0|19|34|0|36|228|4|41|1|0|0|9|38|0|0|0|39|449|2024|4|25|14|10|6|1|N
19|5|1461|B|1|0|U|730|40|1|188|E1905|78|0|185|1|0|4|39|118|0|53|1|0|1|0|43|0|0|1|9|455|2024|4|25|15|39|57|4|N
19|5|1520|B|1|0|U|662|40|2|188|E1905|41|0|249|5|7|2|20|22|1|52|6|1|1|7|15|0|0|0|11|399|2024|4|25|14|5|37|4|N
19|5|1546|C|1|0|U|633|40|2|188|E1905|37|38|315|0|9|0|9|42|0|9|2|0|0|0|16|0|0|0|10|450|2024|4|25|14|12|25|4|N
19|5|1589|C|1|0|U|559|40|2|188|E1905|19|13|30|0|15|5|22|190|0|20|0|0|0|0|10|0|0|0|22|327|2024|4|25|14|15|15|4|N
19|5|1590|C|2|0|U|666|40|2|188|E1905|21|24|186|5|8|0|2|38|8|22|1|0|0|0|16|0|0|0|16|326|2024|4|25|15|3|49|4|N
19|5|1616|B|1|0|U|630|40|2|188|E1905|23|0|228|2|12|17|5|26|0|60|0|0|0|10|10|0|0|0|21|391|2024|4|25|14|9|57|1|N
19|5|2129|C|2|0|U|716|40|1|188|E1905|106|0|116|0|26|6|14|160|4|13|5|2|1|9|43|1|0|0|11|411|2024|4|25|15|43|10|1|N
19|5|2129|C|3|0|U|716|40|1|188|E1905|106|0|72|10|1|11|15|277|3|55|8|1|0|4|35|0|0|2|0|494|2024|4|25|14|17|13|4|N
19|5|2134|C|12|0|U|749|40|1|188|E1905|112|0|274|1|15|0|7|0|0|12|7|0|1|31|19|1|0|0|1|369|2024|4|25|15|11|52|4|N
19|5|2134|C|13|0|U|749|40|1|188|E1905|112|15|0|18|94|0|45|62|0|23|4|1|4|12|100|3|0|4|69|454|2024|4|25|15|11|12|4|N
30|13|615|C|1|0|R|622|32|17|284|E3013|17|108|0|0|0|11|17|139|0|27|3|0|0|30|0|2|0|0|8|345|2024|4|25|15|3|21|4|N
30|13|976|C|2|0|R|527|45|18|284|E3013|22|0|0|0|0|11|5|126|13|4|2|0|0|38|29|1|0|0|9|238|2024|4|25|15|20|30|3|N
30|13|1263|C|1|0|R|443|51|17|284|E3013|32|23|42|2|4|4|2|139|1|0|2|3|0|15|6|0|0|0|23|266|2024|4|25|15|10|56|4|N
24|4|410|B|1|0|U|711|16|14|237|E2404|90|56|107|0|15|28|0|130|16|2|5|0|0|3|6|1|0|0|37|406|2024|4|25|15|5|5|4|N
24|4|1500|C|1|0|U|480|42|14|237|E2404|146|7|101|1|5|9|7|70|1|15|0|0|1|2|0|0|0|1|14|234|2024|4|25|14|16|51|4|N
32|4|489|B|1|0|U|421|17|3|300|E3204|28|0|27|5|54|6|34|92|10|0|0|0|0|3|50|0|0|0|10|291|2024|4|25|15|36|44|4|N
32|4|502|C|1|0|U|470|17|3|300|E3204|25|62|33|0|14|0|34|84|2|0|0|0|0|0|0|0|0|1|19|249|2024|4|25|14|8|58|4|N
19|6|985|B|1|0|U|538|40|2|189|E1906|41|6|168|1|0|0|1|58|8|13|1|1|0|6|13|0|0|1|12|289|2024|4|25|14|4|10|4|N
19|6|991|B|1|0|U|477|40|2|189|E1906|49|5|142|0|4|1|1|23|1|4|0|0|0|1|0|0|0|0|6|188|2024|4|25|11|57|12|4|N
19|6|1052|B|1|0|U|446|40|6|189|E1906|47|8|69|0|16|11|26|99|0|9|0|2|1|2|0|0|0|0|11|254|2024|4|25|15|27|55|1|N
19|6|1504|C|3|0|U|677|40|2|189|E1906|102|36|0|0|12|26|25|276|4|35|6|0|1|26|25|0|0|4|40|516|2024|4|25|14|10|5|4|N
19|6|1504|C|4|0|U|676|40|2|189|E1906|103|16|230|5|19|19|0|90|6|16|1|3|1|0|18|0|0|0|23|447|2024|4|25|15|39|4|4|N
26|6|778|B|1|0|U|572|59|16|253|E2606|66|0|12|0|0|28|0|185|17|0|12|4|0|0|0|0|0|0|37|295|2024|4|25|14|3|59|4|N
26|6|794|C|2|0|U|741|59|16|253|E2606|73|48|70|0|3|17|13|206|0|0|0|2|0|4|0|0|0|0|0|363|2024|4|25|15|25|27|1|N
26|6|798|B|1|0|U|520|59|16|253|E2606|74|72|51|0|1|10|5|201|10|0|0|2|0|4|0|1|0|0|0|357|2024|4|25|14|4|20|4|N
26|6|827|B|1|0|U|554|59|16|253|E2606|65|0|153|0|24|37|42|3|23|0|21|0|0|1|0|0|0|2|104|410|2024|4|25|15|7|27|4|N
26|6|851|B|1|0|U|626|59|15|253|E2606|5|0|162|9|0|24|41|0|55|0|0|3|0|17|0|2|0|2|103|418|2024|4|25|15|6|12|4|N
26|6|888|C|1|0|U|645|59|15|253|E2606|9|33|65|0|3|0|41|193|14|0|0|0|1|0|0|0|0|3|55|408|2024|4|25|15|16|44|1|N
26|6|901|C|1|0|U|702|59|15|253|E2606|11|0|139|0|10|1|16|231|0|0|7|1|2|4|0|0|0|2|29|442|2024|4|25|15|35|6|1|N
26|6|907|C|3|0|U|606|59|15|253|E2606|15|49|136|0|4|23|18|119|15|0|12|0|0|0|0|1|0|0|0|377|2024|4|25|15|37|3|1|N
26|6|942|C|1|0|U|738|59|16|253|E2606|85|110|61|0|0|26|3|177|14|0|4|0|0|0|0|0|0|0|60|455|2024|4|25|14|14|43|4|N
26|6|956|B|1|0|M|745|59|17|253|E2606|122|0|208|0|0|61|0|109|59|0|36|0|0|0|0|1|0|0|103|577|2024|4|25|14|3|42|4|N
26|6|1621|C|3|0|U|646|59|16|253|E2606|100|65|64|4|5|10|0|179|2|0|0|0|0|5|0|1|0|0|49|384|2024|4|25|14|12|41|4|N
21|1|621|B|1|0|R|676|72|2|208|E2101|22|299|0|33|52|4|0|50|25|0|11|0|0|19|0|2|0|1|0|496|2024|4|25|15|51|26|1|N
15|3|426|B|1|0|R|688|14|13|127|E1503|3|0|91|15|5|10|19|226|0|0|13|0|2|51|45|0|0|0|11|488|2024|4|25|15|50|46|1|N
15|3|429|C|1|0|R|479|14|13|127|E1503|5|0|124|0|10|8|35|127|0|35|0|0|0|27|8|0|0|0|10|384|2024|4|25|15|51|51|1|N
15|3|429|E|1|1|R|422|14|13|127|E1503|22|0|0|0|0|0|0|0|0|0|0|0|0|0|0|0|0|0|0|0|2024|4|25|15|52|59|1|N
15|3|2218|C|4|0|R|741|43|15|127|E1503|57|38|113|3|8|0|0|157|18|20|7|0|0|27|23|0|0|0|14|428|2024|4|25|15|22|32|1|N
15|3|2220|C|2|0|R|669|43|15|127|E1503|60|0|119|0|12|3|14|163|22|0|0|5|1|0|35|0|0|0|16|390|2024|4|25|15|25|0|1|N
15|3|2316|B|1|0|R|595|48|15|127|E1503|83|81|77|27|22|0|9|83|0|0|0|2|1|3|24|0|0|0|0|329|2024|4|25|15|28|53|1|N
15|3|2318|E|1|0|M|619|48|15|127|E1503|85|92|53|23|15|0|28|0|37|0|3|2|0|32|23|3|0|0|8|319|2024|4|25|15|30|58|1|N
15|3|2328|C|3|0|M|611|48|15|127|E1503|102|0|173|55|21|0|0|95|0|1|0|4|3|0|0|3|0|7|4|366|2024|4|25|15|34|33|1|N
15|3|2332|C|1|0|R|671|48|15|127|E1503|95|0|121|17|20|2|17|167|20|11|6|1|0|26|0|1|0|0|10|419|2024|4|25|15|8|11|4|N
15|3|2337|E|2|0|R|601|48|15|127|E1503|100|0|51|32|41|33|38|93|43|25|7|5|0|6|22|1|0|1|16|414|2024|4|25|15|14|11|4|N
15|3|2358|C|1|0|R|502|49|13|127|E1503|121|51|78|25|6|8|18|65|15|0|2|0|1|0|0|0|0|0|10|279|2024|4|25|15|38|16|1|N
15|3|2361|B|1|0|R|555|49|13|127|E1503|108|105|122|0|0|2|18|0|0|20|6|0|1|13|8|0|0|0|5|300|2024|4|25|15|22|37|1|N
15|3|2362|E|1|0|R|677|49|13|127|E1503|109|188|43|74|16|17|24|85|0|0|6|1|2|10|5|0|0|4|23|498|2024|4|25|15|19|1|4|N
15|3|2369|C|2|0|U|639|49|13|127|E1503|114|76|20|14|10|8|14|144|22|3|4|2|1|27|0|1|0|1|3|350|2024|4|25|15|39|38|1|N
30|15|414|C|1|0|U|592|23|20|286|E3015|62|24|63|9|0|1|3|48|15|16|4|3|0|2|24|1|0|0|30|243|2024|4|25|15|49|38|4|N
30|15|416|C|1|0|U|564|23|20|286|E3015|63|24|189|12|2|3|0|46|12|10|0|0|0|2|12|1|0|0|0|313|2024|4|25|15|40|24|4|N
30|15|1787|C|1|0|U|387|85|21|286|E3015|52|14|93|0|6|8|5|39|9|27|3|0|2|0|8|0|0|1|37|252|2024|4|25|15|10|2|4|N
30|15|2668|C|8|0|U|710|119|20|286|E3015|83|51|156|23|0|18|6|67|19|24|16|3|0|45|36|1|0|0|3|468|2024|4|25|15|1|13|4|N
30|15|2745|C|1|0|U|581|119|20|286|E3015|124|0|104|21|9|5|9|92|10|32|0|0|0|38|30|3|0|2|35|390|2024|4|25|15|21|5|4|N
30|15|2753|B|1|0|U|384|119|20|286|E3015|90|1|54|9|0|10|1|19|28|32|5|0|0|17|31|1|0|0|55|263|2024|4|25|15|11|11|4|N
5|4|752|C|9|0|U|714|30|14|20|E0504|40|0|219|2|2|7|21|95|12|0|0|3|0|5|0|0|0|0|44|410|2024|4|25|15|24|29|4|N
5|4|867|C|1|0|U|536|30|13|20|E0504|83|0|176|2|4|0|2|156|2|0|0|0|0|9|0|0|0|0|7|358|2024|4|25|15|21|42|4|N
5|4|874|B|1|0|U|566|30|13|20|E0504|129|0|180|3|0|9|9|111|4|0|0|0|0|0|0|0|0|0|18|334|2024|4|25|15|48|8|4|N
5|4|904|C|2|0|U|718|30|14|20|E0504|96|45|186|3|3|68|11|119|0|0|3|3|0|14|0|1|0|0|113|569|2024|4|25|15|48|17|4|N
5|4|938|B|1|0|U|565|30|16|20|E0504|118|0|0|0|0|0|0|0|0|0|0|0|0|0|0|0|0|0|0|0|2024|4|25|15|52|40|4|N
15|32|927|C|1|0|U|553|122|27|156|E1532|31|170|46|7|11|0|6|110|0|0|0|0|0|27|33|1|0|1|9|421|2024|4|25|15|29|14|1|N
15|32|949|C|2|0|U|605|122|27|156|E1532|29|206|32|10|2|9|9|152|0|0|0|0|0|20|7|1|0|0|4|452|2024|4|25|15|43|57|1|N
15|32|969|C|2|0|U|686|122|27|156|E1532|54|96|14|12|0|6|4|101|0|0|0|0|0|12|12|0|0|0|5|262|2024|4|25|15|46|0|1|N
15|32|975|C|1|0|U|718|122|27|156|E1532|87|148|18|27|0|10|11|130|0|0|0|0|0|33|2|0|0|0|12|391|2024|4|25|15|45|17|4|N
15|32|975|C|2|0|U|718|122|27|156|E1532|87|159|74|0|0|8|11|99|0|0|0|0|1|23|29|0|0|0|10|414|2024|4|25|15|45|17|4|N
15|32|977|C|3|0|U|622|122|27|156|E1532|80|94|26|21|15|7|0|82|0|0|0|0|0|20|23|0|0|1|8|297|2024|4|25|15|44|43|4|N
15|32|978|B|1|0|U|706|122|27|156|E1532|79|229|32|6|17|5|25|132|0|0|0|0|0|20|0|0|0|1|16|483|2024|4|25|15|44|59|1|N
15|32|978|C|1|0|U|705|122|27|156|E1532|79|134|54|15|8|11|3|104|0|0|0|0|0|26|26|0|0|0|5|386|2024|4|25|15|47|57|1|N
15|32|983|C|3|0|U|633|122|27|156|E1532|69|126|25|10|2|2|9|112|0|0|0|0|0|19|30|0|0|1|6|342|2024|4|25|14|17|1|1|N
15|32|1009|C|3|0|U|617|122|27|156|E1532|91|64|3|15|1|10|11|192|0|0|0|0|1|32|23|0|0|0|6|358|2024|4|25|15|27|5|4|N
15|32|1061|B|1|0|U|725|122|27|156|E1532|106|125|0|7|12|7|15|97|0|0|0|0|0|14|33|0|0|0|9|319|2024|4|25|15|30|17|1|N
14|1|1567|C|2|0|M|615|44|1|105|E1401|3|7|192|0|5|5|0|78|21|0|3|1|1|20|0|0|0|0|25|358|2024|4|25|14|17|7|1|N
30|18|596|B|1|0|U|444|31|21|289|E3018|18|38|100|3|10|0|15|49|5|0|0|3|1|22|0|1|4|0|0|251|2024|4|25|14|5|18|1|N
30|18|1291|B|1|0|U|528|54|23|289|E3018|29|0|70|0|9|8|0|10|17|6|2|1|2|4|19|0|6|0|10|164|2024|4|25|15|9|29|1|N
30|18|2243|B|1|0|M|568|100|21|289|E3018|34|0|125|1|5|12|7|53|16|16|1|0|0|3|9|1|0|0|0|249|2024|4|25|14|16|18|1|N
30|18|3700|C|1|0|M|686|159|22|289|E3018|84|37|101|4|13|3|9|85|3|33|0|1|0|19|61|0|1|0|12|382|2024|4|25|15|50|49|1|N
30|18|4076|C|1|0|R|463|183|22|289|E3018|116|9|80|0|10|20|0|144|8|18|5|4|3|4|0|0|0|0|0|305|2024|4|25|15|17|20|4|N
30|18|4077|C|3|0|M|661|184|22|289|E3018|117|13|99|0|10|20|15|179|0|13|0|2|0|4|66|0|1|1|8|431|2024|4|25|14|5|15|4|N
30|18|4570|C|2|0|M|644|201|22|289|E3018|121|0|72|4|2|6|9|49|4|11|1|0|1|0|0|1|0|0|0|160|2024|4|25|15|47|17|2|N
19|11|552|C|1|0|U|602|26|15|194|E1911|26|1|237|8|0|1|0|23|6|0|1|1|1|0|38|0|0|0|11|328|2024|4|25|15|13|0|4|N
19|11|581|C|4|0|U|655|26|15|194|E1911|58|0|78|0|29|2|147|67|7|0|0|0|0|0|15|0|0|0|6|351|2024|4|25|15|25|34|4|N
19|11|633|C|1|0|U|609|26|15|194|E1911|1|5|86|0|0|3|127|111|2|0|3|0|0|0|6|2|0|0|2|347|2024|4|25|14|14|39|1|N
19|11|640|E|1|0|U|622|26|15|194|E1911|7|0|0|13|31|0|209|0|19|44|0|0|1|0|5|4|0|0|38|364|2024|4|25|14|15|41|1|N
19|11|717|B|1|0|U|733|26|13|194|E1911|74|0|197|3|32|13|111|27|5|39|11|1|1|8|10|2|0|0|23|483|2024|4|25|15|48|15|4|N
19|11|754|B|1|0|U|538|26|13|194|E1911|102|33|76|0|66|15|62|0|4|13|0|0|0|8|16|3|0|1|40|337|2024|4|25|15|50|53|1|N
19|11|770|B|1|0|U|604|26|13|194|E1911|101|6|60|0|56|9|69|114|12|19|9|0|0|6|0|0|0|0|30|390|2024|4|25|15|23|17|1|N
19|11|775|C|2|0|U|504|26|13|194|E1911|139|0|228|0|12|1|12|0|1|46|3|0|1|0|50|4|0|1|21|380|2024|4|25|14|7|14|4|N
19|11|3022|B|1|0|U|701|26|13|194|E1911|110|0|68|0|21|0|0|121|1|18|4|0|1|5|47|0|0|0|38|324|2024|4|25|15|19|23|1|N
14|2|1707|C|2|0|U|703|55|2|106|E1402|23|60|44|3|15|17|0|211|23|0|0|1|0|13|0|2|0|0|17|406|2024|4|25|14|14|41|4|N
14|2|1717|B|1|0|U|644|55|2|106|E1402|24|20|30|9|0|0|29|298|30|0|7|2|1|20|0|0|0|0|37|483|2024|4|25|15|22|43|4|N
30|1|2789|B|1|0|R|205|122|1|272|E3001|65|0|33|1|7|9|0|42|0|4|0|0|0|4|0|0|0|0|0|100|2024|4|25|15|24|56|4|N
30|1|2832|B|1|0|U|659|124|1|272|E3001|13|0|88|4|9|2|13|115|8|0|1|0|0|0|17|0|0|2|5|264|2024|4|25|15|25|39|4|N
30|1|2844|B|1|0|R|133|124|1|272|E3001|17|3|43|0|2|1|1|41|0|2|0|0|0|0|4|0|0|0|3|100|2024|4|25|14|16|2|4|N
30|1|2861|B|1|0|U|645|124|1|272|E3001|22|0|67|0|15|14|17|308|0|12|5|0|0|21|1|0|0|0|4|464|2024|4|25|15|39|48|1|N
30|1|2867|B|1|0|R|485|124|1|272|E3001|24|80|79|1|0|0|0|114|0|6|0|0|0|0|29|0|0|0|0|309|2024|4|25|15|14|51|4|N
30|1|3229|C|1|0|U|625|133|1|272|E3001|56|121|0|4|20|17|0|101|10|0|3|0|0|6|11|0|0|2|24|319|2024|4|25|15|38|22|4|N
30|1|3599|B|1|0|R|684|155|1|272|E3001|79|0|121|0|23|32|17|201|0|19|0|1|0|12|17|0|0|0|8|451|2024|4|25|15|38|9|4|N
30|1|3709|B|1|0|U|560|160|2|272|E3001|91|0|0|0|0|0|0|0|0|0|0|0|0|0|0|0|0|0|0|0|2024|4|25|15|53|8|1|N
15|1|19|C|1|0|R|610|1|14|125|E1501|16|49|32|0|0|18|112|120|7|0|4|0|0|8|28|4|0|0|4|386|2024|4|25|15|39|11|4|N
15|1|71|B|1|0|R|424|3|14|125|E1501|36|36|34|0|2|4|9|115|3|9|3|2|6|9|9|0|0|0|1|242|2024|4|25|15|33|10|4|N
15|1|73|E|1|0|R|532|3|14|125|E1501|37|9|45|63|0|11|9|146|6|30|2|0|0|4|5|3|0|0|1|334|2024|4|25|15|5|13|4|N
15|1|75|C|1|0|R|522|3|14|125|E1501|38|13|58|36|4|3|1|80|8|12|1|2|5|11|5|0|0|0|4|243|2024|4|25|15|45|26|4|N
15|1|80|B|1|0|R|457|3|14|125|E1501|32|28|75|0|8|3|31|74|8|5|0|3|1|2|8|0|0|0|5|251|2024|4|25|15|21|39|4|N
15|1|2260|B|1|0|U|677|46|14|125|E1501|52|32|16|42|0|5|3|132|8|11|0|0|0|6|9|8|0|0|5|277|2024|4|25|15|5|47|4|N
15|1|2290|C|1|0|R|532|46|14|125|E1501|55|88|0|47|17|0|0|87|8|11|2|0|15|11|19|21|0|1|7|334|2024|4|25|15|4|38|4|N
15|1|2301|C|1|0|R|638|46|14|125|E1501|55|68|11|9|10|0|43|134|1|9|2|2|0|8|4|8|0|0|9|318|2024|4|25|15|6|52|4|N
15|1|2560|C|1|0|R|652|57|14|125|E1501|88|50|121|0|0|10|19|56|6|5|0|2|7|4|13|1|0|1|7|302|2024|4|25|15|19|55|4|N
15|1|2564|C|2|0|R|702|57|14|125|E1501|91|62|84|4|0|14|75|174|6|39|2|5|11|25|13|0|0|0|12|526|2024|4|25|15|40|5|2|N
15|1|3866|C|1|0|R|717|65|13|125|E1501|98|51|99|0|3|22|7|207|8|20|0|1|0|7|20|0|0|0|9|454|2024|4|25|15|42|26|4|N
15|1|4017|B|1|0|R|377|72|14|125|E1501|115|54|34|3|0|2|0|9|3|1|0|0|0|4|3|0|0|0|0|113|2024|4|25|15|52|4|1|N
15|1|6681|C|2|0|R|674|46|14|125|E1501|83|41|177|43|0|9|0|39|7|16|1|2|10|9|30|9|0|0|9|402|2024|4|25|15|13|1|4|N
30|3|7|C|1|0|U|611|3|27|274|E3003|65|43|179|5|2|6|6|100|0|5|2|0|0|14|20|0|0|0|11|393|2024|4|25|13|22|47|4|N
15|22|374|C|2|0|U|591|13|16|146|E1522|4|0|55|11|16|9|12|107|0|117|25|0|0|34|37|7|0|0|0|430|2024|4|25|15|18|59|1|N
15|22|399|C|5|0|U|716|13|16|146|E1522|21|0|167|14|14|27|30|208|0|0|0|0|0|5|28|0|0|0|0|493|2024|4|25|14|10|7|1|N
15|22|403|C|1|0|U|613|13|16|146|E1522|9|1|0|7|6|10|11|84|13|60|2|0|0|34|20|0|0|0|0|248|2024|4|25|14|4|20|1|N
15|22|2578|C|1|0|U|533|58|30|146|E1522|31|0|84|5|17|6|26|122|0|34|23|3|3|24|0|6|0|0|13|366|2024|4|25|14|15|13|4|N
15|22|2755|C|1|0|U|743|58|32|146|E1522|76|0|65|16|13|16|11|117|7|79|8|0|0|26|6|1|0|0|9|374|2024|4|25|14|10|8|4|N
15|22|2759|C|1|0|U|690|58|32|146|E1522|74|74|109|2|9|16|28|165|0|123|7|1|0|12|0|2|0|0|0|548|2024|4|25|14|8|7|4|N
15|22|2763|C|3|0|U|623|58|32|146|E1522|61|0|201|11|20|11|10|69|18|41|6|4|0|11|18|0|0|0|0|420|2024|4|25|14|2|3|4|N
15|22|2775|C|3|0|U|688|58|32|146|E1522|93|19|110|17|17|4|0|209|30|95|12|0|0|19|13|0|0|0|0|545|2024|4|25|14|6|34|4|N
15|22|2851|B|1|0|U|382|58|30|146|E1522|28|0|161|2|2|6|16|1|13|50|2|0|2|21|0|0|0|0|0|276|2024|4|25|14|5|11|4|N
15|22|2854|B|1|0|U|191|58|30|146|E1522|23|0|15|3|1|0|7|48|0|17|3|1|1|0|18|0|0|0|0|114|2024|4|25|14|14|52|1|N
15|22|6770|C|2|0|U|748|58|32|146|E1522|131|5|62|5|8|13|13|64|2|59|0|0|0|13|11|0|0|0|0|255|2024|4|25|15|10|1|4|N
2|2|231|C|1|0|U|397|2|4|5|E0202|37|22|103|3|0|8|25|81|8|0|1|0|0|0|0|0|0|0|0|251|2024|4|25|14|4|29|4|N
2|2|261|B|1|0|U|670|2|4|5|E0202|42|0|0|0|0|0|0|0|0|0|0|0|0|0|0|0|0|0|0|0|2024|4|25|15|53|25|1|N
2|2|282|C|1|0|U|454|2|4|5|E0202|45|5|122|0|6|10|0|83|10|0|0|0|0|0|0|0|0|0|0|236|2024|4|25|15|42|12|4|N
2|2|284|C|1|0|U|409|2|4|5|E0202|46|1|70|0|3|3|17|65|3|18|0|1|0|0|0|0|0|0|5|186|2024|4|25|15|8|29|4|N
2|2|305|C|2|0|U|648|2|4|5|E0202|47|5|128|2|0|18|22|88|24|82|5|4|0|0|0|0|0|1|0|379|2024|4|25|15|34|48|1|N
2|2|346|B|1|0|U|734|2|4|5|E0202|81|30|139|2|0|5|0|57|7|15|0|3|0|0|0|0|0|1|5|264|2024|4|25|15|33|55|4|N
2|2|346|C|1|0|U|734|2|4|5|E0202|81|0|151|0|27|14|0|127|15|44|3|0|0|0|0|0|0|0|2|383|2024|4|25|15|37|25|4|N
2|2|534|B|1|0|U|555|2|4|5|E0202|30|10|118|7|13|5|0|29|3|23|0|0|0|0|0|0|0|0|5|213|2024|4|25|15|16|1|4|N
2|2|538|C|1|0|U|691|2|4|5|E0202|67|0|122|0|0|8|27|15|6|20|3|1|0|0|0|0|0|0|5|207|2024|4|25|12|51|33|4|N
2|2|1647|B|1|0|U|602|2|3|5|E0202|90|0|138|9|5|4|0|70|15|1|0|0|0|0|0|0|0|0|12|254|2024|4|25|15|19|43|4|N
2|2|1968|B|1|0|U|667|2|5|5|E0202|78|10|125|2|10|36|159|0|7|36|4|0|0|0|0|0|0|0|27|416|2024|4|25|15|34|19|4|N
2|2|2100|C|2|0|U|715|2|4|5|E0202|11|80|98|7|1|0|0|181|27|24|0|1|0|0|0|0|0|1|2|422|2024|4|25|15|10|51|4|N
15|6|525|B|1|0|U|726|20|38|130|E1506|65|144|39|0|63|4|12|113|8|6|6|0|0|22|35|0|0|1|12|465|2024|4|25|15|2|56|4|N
15|6|543|C|2|0|U|572|20|38|130|E1506|48|55|0|7|152|21|14|4|14|11|4|3|3|30|47|0|0|0|2|367|2024|4|25|15|32|41|4|N
15|6|557|B|1|0|U|742|20|38|130|E1506|107|103|77|0|11|0|2|95|0|33|0|3|6|22|27|0|0|0|4|383|2024|4|25|15|1|2|4|N
15|6|612|C|1|0|U|731|20|38|130|E1506|124|13|81|3|0|6|21|217|13|14|9|0|2|10|10|4|0|0|9|412|2024|4|25|15|33|32|1|N
15|6|613|C|1|0|U|561|20|38|130|E1506|120|48|87|5|1|8|7|51|3|2|2|2|3|12|20|0|0|0|8|259|2024|4|25|15|38|17|1|N
15|6|617|C|2|0|U|570|20|38|130|E1506|135|74|0|0|2|0|5|291|8|10|3|3|0|0|31|0|0|2|7|436|2024|4|25|15|26|6|4|N
15|6|624|B|1|0|U|538|20|38|130|E1506|130|15|0|0|0|0|7|160|21|0|10|0|1|33|18|0|0|0|8|273|2024|4|25|15|42|23|1|N
15|6|5576|C|5|0|U|708|110|38|130|E1506|9|112|0|1|0|9|6|213|16|11|2|1|1|18|11|0|0|0|17|418|2024|4|25|15|19|19|4|N
15|6|5599|C|4|0|U|747|110|19|130|E1506|3|93|110|7|0|7|5|120|0|9|6|1|0|17|21|0|0|0|5|401|2024|4|25|15|38|51|4|N
15|6|5601|C|1|0|U|593|110|38|130|E1506|34|78|63|15|0|6|3|169|6|12|6|0|5|0|31|0|0|0|19|413|2024|4|25|15|48|7|1|N
15|6|5609|C|2|0|U|655|110|19|130|E1506|5|93|73|0|0|14|13|163|11|16|12|3|3|13|0|3|0|0|4|421|2024|4|25|15|30|30|1|N
15|6|6708|C|2|0|U|636|20|38|130|E1506|101|52|89|0|9|7|6|93|1|14|4|1|0|8|13|1|0|0|4|302|2024|4|25|15|36|29|4|N
15|6|6709|B|1|0|U|572|20|38|130|E1506|121|53|12|15|13|7|2|82|0|6|7|0|2|0|14|1|0|1|9|224|2024|4|25|15|27|23|4|N
30|5|3130|C|1|0|U|527|132|5|276|E3005|14|152|0|0|0|29|14|60|45|0|9|6|2|35|0|3|0|0|15|370|2024|4|25|14|2|13|4|N
30|5|3149|C|1|0|U|517|132|5|276|E3005|26|33|66|15|7|0|11|72|0|3|2|2|1|15|6|0|0|1|9|243|2024|4|25|14|14|25|4|N
30|5|3158|C|1|0|U|477|132|5|276|E3005|32|64|92|9|6|4|18|68|11|3|4|2|0|23|0|1|0|1|7|313|2024|4|25|14|10|41|4|N
30|5|3175|C|1|0|U|493|132|5|276|E3005|40|10|73|0|11|13|13|141|19|0|0|0|2|0|2|0|0|0|0|284|2024|4|25|15|17|40|4|N
30|5|3184|C|1|0|U|525|132|5|276|E3005|45|87|39|10|14|15|1|0|24|52|0|1|1|17|0|0|0|0|4|265|2024|4|25|14|6|47|4|N
30|5|3218|C|1|0|U|427|132|5|276|E3005|57|40|0|20|8|0|7|168|0|5|3|2|0|6|0|0|0|0|6|265|2024|4|25|14|15|20|4|N
30|5|3558|B|1|0|R|697|152|3|276|E3005|63|179|0|34|29|20|21|0|0|65|26|1|0|43|88|4|0|0|34|544|2024|4|25|15|19|30|4|N
30|5|3564|B|1|0|R|629|152|3|276|E3005|66|38|100|4|8|2|12|45|1|0|3|0|0|6|10|1|0|0|7|237|2024|4|25|15|23|33|4|N
30|5|3952|C|1|0|R|575|174|3|276|E3005|88|38|71|0|9|3|9|71|0|0|9|0|0|9|0|2|0|1|11|233|2024|4|25|15|22|43|4|N
30|5|3957|B|1|0|R|519|174|3|276|E3005|91|42|0|14|10|6|32|152|47|18|5|1|0|9|17|0|0|0|29|382|2024|4|25|15|11|32|4|N
30|5|3973|C|2|0|M|630|174|3|276|E3005|103|105|193|2|34|0|0|0|0|31|39|0|0|0|31|0|0|2|18|455|2024|4|25|15|13|53|4|N
30|5|4107|C|2|0|U|515|188|3|276|E3005|125|48|78|6|0|0|0|106|24|6|3|1|0|4|0|0|0|0|9|285|2024|4|25|15|19|40|4|N
30|5|4951|C|1|0|M|599|188|3|276|E3005|111|28|168|5|0|25|16|99|5|5|2|0|0|2|0|0|0|0|12|367|2024|4|25|15|17|56|4|N
2|8|1002|C|1|0|U|609|4|12|11|E0208|1|12|92|5|2|8|8|14|21|47|8|3|1|3|14|0|0|1|10|249|2024|4|25|15|19|19|1|N
2|8|1183|C|3|0|U|582|4|13|11|E0208|35|136|100|14|15|7|19|1|6|16|0|0|0|19|15|0|0|0|0|348|2024|4|25|11|13|47|4|N
2|8|1200|C|1|0|U|692|4|12|11|E0208|97|146|207|7|40|23|0|20|5|0|2|2|4|2|4|2|0|2|0|466|2024|4|25|13|24|14|4|N
2|8|1201|C|2|0|U|627|4|12|11|E0208|103|114|125|21|0|25|25|35|2|81|13|3|1|4|0|2|0|0|0|451|2024|4|25|15|22|52|4|N
2|8|1287|B|1|0|U|644|4|12|11|E0208|114|0|0|0|0|0|0|0|0|0|0|0|0|0|0|0|0|0|0|0|2024|4|25|15|54|16|4|N
2|8|1289|E|1|1|M|605|4|12|11|E0208|128|71|73|4|5|2|3|29|8|18|0|1|1|8|13|0|0|0|13|249|2024|4|25|15|21|39|1|N
2|8|1789|B|1|0|R|640|4|14|11|E0208|71|46|86|5|6|8|12|23|14|17|3|0|1|5|11|0|0|0|4|241|2024|4|25|15|34|29|1|N
2|8|1792|C|2|0|U|564|4|13|11|E0208|53|82|83|8|4|2|3|52|6|12|0|2|0|13|8|2|0|1|12|290|2024|4|25|15|5|28|4|N
2|8|1898|B|1|0|U|431|4|12|11|E0208|138|50|55|3|0|11|5|47|0|9|1|1|0|6|7|0|0|0|0|195|2024|4|25|15|52|14|1|N
15|25|1156|B|1|0|U|570|32|3|149|E1525|101|34|63|0|5|7|24|127|0|0|0|0|2|24|7|2|0|0|19|314|2024|4|25|15|30|57|1|N
15|25|1193|C|4|0|U|697|32|3|149|E1525|41|36|49|7|7|3|11|216|0|0|0|0|1|13|2|0|0|2|30|377|2024|4|25|14|15|27|4|N
15|25|1200|C|1|0|U|642|32|3|149|E1525|65|45|51|5|7|2|4|141|0|0|0|0|0|0|0|1|0|2|19|277|2024|4|25|15|44|54|1|N
15|25|1201|B|1|0|U|634|32|3|149|E1525|67|34|94|6|1|5|1|84|0|0|0|0|1|11|13|0|0|0|10|260|2024|4|25|15|29|26|1|N
15|25|1201|C|2|0|U|634|32|3|149|E1525|67|50|100|15|9|15|7|188|0|0|0|0|2|28|6|0|0|2|28|450|2024|4|25|15|27|50|1|N
15|25|1209|C|5|0|U|628|32|3|149|E1525|39|31|46|1|1|4|0|85|0|0|0|0|1|9|0|0|0|0|9|187|2024|4|25|14|14|42|1|N
15|25|1213|B|1|0|U|637|32|3|149|E1525|10|37|77|0|5|0|6|117|0|0|0|0|0|8|0|1|0|0|10|261|2024|4|25|15|37|49|1|N
15|25|1214|C|1|0|U|656|32|3|149|E1525|10|71|85|11|3|7|5|190|0|0|0|0|4|9|14|0|0|2|14|415|2024|4|25|15|0|54|4|N
15|25|1217|C|4|0|U|678|32|3|149|E1525|19|20|64|5|5|0|0|133|0|0|0|0|0|17|27|1|0|0|11|283|2024|4|25|15|2|41|4|N
15|25|1220|C|1|0|U|503|32|3|149|E1525|68|15|20|5|6|0|8|158|0|0|0|0|0|20|15|1|0|1|0|249|2024|4|25|15|31|9|1|N
15|25|1220|C|2|0|U|502|32|3|149|E1525|68|38|34|10|5|3|0|123|0|0|0|0|1|0|0|1|0|2|29|246|2024|4|25|15|21|22|1|N
15|25|1221|C|2|0|U|591|32|3|149|E1525|72|46|46|1|2|5|4|146|0|0|0|0|0|13|21|0|0|0|12|296|2024|4|25|15|34|5|1|N
24|2|64|B|1|0|R|434|4|3|235|E2402|1|25|0|0|25|80|81|0|45|0|5|15|3|0|0|0|0|0|0|279|2024|4|25|15|34|38|4|N
24|2|1253|C|5|0|U|706|35|9|235|E2402|21|0|0|0|179|0|0|0|90|0|206|0|0|0|0|54|0|9|0|538|2024|4|25|15|9|25|1|N
24|2|1253|C|6|0|U|706|35|9|235|E2402|21|32|238|26|11|31|7|43|13|0|10|3|0|0|0|2|0|1|0|417|2024|4|25|15|8|17|4|N
24|2|1260|C|1|0|U|662|35|9|235|E2402|33|37|196|0|27|0|30|0|0|0|9|1|0|28|0|0|0|0|19|347|2024|4|25|15|30|13|1|N
24|2|1288|C|2|0|U|720|35|10|235|E2402|64|0|0|0|0|0|0|0|0|0|0|0|0|0|0|0|0|0|0|0|2024|4|25|15|53|28|1|N
24|2|1840|C|3|0|U|626|35|10|235|E2402|79|83|190|8|18|0|23|9|5|0|14|0|3|0|0|3|0|1|4|361|2024|4|25|14|14|56|4|N
24|2|1841|C|1|0|U|568|35|10|235|E2402|80|87|13|55|24|51|16|114|0|0|15|0|0|0|0|2|0|0|0|377|2024|4|25|15|28|8|4|N
24|2|1858|C|1|0|U|710|35|9|235|E2402|13|27|0|0|42|2|93|224|18|0|5|1|0|3|0|0|0|1|0|416|2024|4|25|15|52|39|4|N
24|2|1865|C|3|0|U|605|35|10|235|E2402|42|9|75|44|0|8|37|154|2|0|1|0|4|0|0|0|0|1|41|376|2024|4|25|13|59|22|4|N
30|6|934|C|2|0|U|615|42|5|277|E3006|70|87|162|8|3|9|0|104|7|32|1|0|0|17|28|1|0|0|7|466|2024|4|25|15|50|39|4|N
30|6|937|C|1|0|U|681|42|5|277|E3006|76|113|164|0|10|30|35|0|0|61|11|2|0|0|21|0|0|0|58|505|2024|4|25|15|27|12|4|N
30|6|939|C|1|0|U|511|42|5|277|E3006|73|37|40|0|2|5|0|74|4|18|3|1|0|3|31|0|0|0|17|235|2024|4|25|15|47|51|4|N
30|6|1267|C|2|0|U|698|52|6|277|E3006|119|97|50|5|5|30|0|227|0|63|5|0|0|6|5|1|0|0|18|512|2024|4|25|15|42|3|4|N
30|6|1518|B|1|0|U|613|68|6|277|E3006|91|0|69|0|8|20|8|3|5|76|8|0|0|3|65|0|0|0|57|322|2024|4|25|15|1|5|4|N
30|6|1522|C|1|0|R|420|68|6|277|E3006|93|54|96|0|5|0|37|37|0|43|2|1|1|0|23|1|0|0|18|318|2024|4|25|15|28|41|4|N
30|6|2374|B|1|0|U|625|104|6|277|E3006|112|5|92|1|11|9|59|111|0|46|4|0|0|26|3|0|0|0|21|388|2024|4|25|13|59|2|4|N
30|6|2377|C|1|0|R|559|104|6|277|E3006|115|47|42|0|1|0|9|87|1|27|3|0|1|2|4|0|0|0|12|236|2024|4|25|13|56|52|4|N
30|6|2902|C|1|0|U|527|125|6|277|E3006|31|39|110|1|11|11|28|109|5|20|0|1|1|0|11|0|0|0|19|366|2024|4|25|15|31|31|4|N
30|6|2956|C|2|0|M|683|125|6|277|E3006|47|32|63|12|19|30|0|0|0|87|0|1|0|19|72|0|0|0|42|377|2024|4|25|15|21|25|4|N
30|6|2976|B|1|0|R|536|125|6|277|E3006|84|89|0|0|5|3|0|105|21|61|0|2|0|0|46|0|0|0|25|357|2024|4|25|14|9|24|4|N
30|6|4613|C|1|0|R|523|203|6|277|E3006|123|96|3|15|13|32|10|0|36|0|2|0|2|14|45|1|0|0|28|297|2024|4|25|15|29|50|4|N
30|6|4762|B|1|0|M|608|158|7|277|E3006|142|43|37|0|6|18|53|198|0|47|8|3|0|1|8|0|0|0|29|451|2024|4|25|14|5|45|4|N
15|27|510|C|1|0|R|501|18|29|151|E1527|4|69|101|5|4|36|0|0|0|42|4|1|2|7|0|1|0|2|3|277|2024|4|25|15|6|26|4|N
15|27|2478|B|1|0|U|634|55|35|151|E1527|32|46|72|4|3|20|3|108|4|70|5|0|0|23|9|0|0|0|11|378|2024|4|25|15|4|4|4|N
15|27|2490|C|4|0|U|700|55|35|151|E1527|42|98|1|0|0|25|17|87|17|20|0|2|0|12|102|3|0|2|34|420|2024|4|25|14|5|12|4|N
15|27|2502|C|1|0|U|705|55|35|151|E1527|51|83|170|10|7|15|0|169|1|13|2|2|1|28|18|3|0|2|1|525|2024|4|25|15|9|37|4|N
15|27|2524|B|1|0|U|710|55|35|151|E1527|69|108|122|15|2|29|7|61|21|42|1|1|2|0|54|1|0|2|9|477|2024|4|25|15|9|6|4|N
15|27|2525|C|2|0|U|557|55|35|151|E1527|69|49|66|5|0|18|4|91|0|19|3|0|0|3|37|1|0|1|11|308|2024|4|25|15|12|40|4|N
15|27|2532|C|1|0|U|734|55|35|151|E1527|74|78|45|10|29|25|0|142|3|0|9|3|0|6|0|0|0|0|27|377|2024|4|25|15|22|55|4|N
15|27|2534|B|1|0|U|607|55|35|151|E1527|76|49|40|15|3|33|0|80|9|68|5|1|0|0|26|1|0|0|16|346|2024|4|25|15|4|16|4|N
15|27|2549|C|2|0|U|733|55|35|151|E1527|96|103|150|0|4|35|0|0|39|0|6|2|0|29|0|0|0|0|16|384|2024|4|25|15|19|28|4|N
15|27|4025|C|2|0|U|694|74|29|151|E1527|105|142|109|7|0|13|19|79|0|12|0|2|0|17|2|0|0|1|8|411|2024|4|25|15|29|14|1|N
15|27|4135|B|1|0|U|667|77|35|151|E1527|129|90|91|16|5|35|24|89|3|28|0|1|1|0|0|0|0|0|17|400|2024|4|25|15|36|2|1|N
15|27|4138|C|4|0|U|691|77|35|151|E1527|134|130|35|5|0|24|0|145|4|77|2|1|0|19|0|4|0|1|18|465|2024|4|25|15|40|51|1|N
3|2|420|C|1|0|U|540|4|7|14|E0302|26|0|87|6|0|14|116|149|0|0|0|1|1|2|0|4|0|0|19|399|2024|4|25|15|17|16|1|N
3|2|423|C|1|0|U|491|4|7|14|E0302|25|6|44|8|0|2|38|120|2|0|2|0|0|0|0|0|0|0|35|257|2024|4|25|11|41|23|4|N
3|2|535|C|1|0|U|744|4|11|14|E0302|88|28|0|0|0|4|33|292|0|0|1|0|1|7|0|0|0|0|61|427|2024|4|25|15|21|43|1|N
26|4|151|B|1|0|U|719|29|7|251|E2604|24|22|410|0|14|4|4|0|20|0|0|1|0|5|0|0|0|0|0|480|2024|4|25|15|23|9|4|N
26|4|249|C|1|0|M|505|35|21|251|E2604|50|0|305|0|1|0|11|75|0|0|0|0|0|0|0|1|0|2|24|419|2024|4|25|15|38|33|1|N
26|4|249|C|2|0|M|505|35|21|251|E2604|50|16|221|2|5|1|0|4|0|0|1|0|0|1|0|0|0|0|16|267|2024|4|25|15|44|6|1|N
26|4|287|C|1|0|U|414|44|7|251|E2604|12|0|234|0|5|0|3|8|2|0|3|0|1|0|0|0|0|1|19|276|2024|4|25|15|15|13|4|N
26|4|1517|C|1|0|U|511|61|13|251|E2604|132|30|202|3|7|7|7|94|10|0|2|1|0|0|0|0|0|0|0|363|2024|4|25|15|4|45|4|N
20|1|3|C|2|0|U|560|2|1|198|E2001|7|13|123|115|0|29|0|0|33|0|0|0|1|0|0|0|0|0|3|317|2024|4|25|14|8|8|4|N
20|1|74|C|1|0|U|579|11|3|198|E2001|139|0|170|26|8|7|0|103|60|0|17|0|4|1|0|1|0|0|6|403|2024|4|25|15|42|7|1|N
20|1|943|E|1|0|M|645|164|3|198|E2001|106|34|174|34|15|41|78|44|0|0|26|4|0|66|0|0|0|0|14|530|2024|4|25|15|38|40|4|N
20|1|1016|C|1|0|U|519|182|2|198|E2001|74|0|132|0|14|16|0|149|8|0|0|0|0|0|0|0|0|0|9|328|2024|4|25|15|49|59|4|N
20|1|1020|B|1|0|U|588|182|2|198|E2001|77|0|122|25|6|11|0|232|8|0|3|0|1|25|0|0|0|0|12|445|2024|4|25|15|21|30|1|N
20|1|1034|B|1|0|M|667|182|2|198|E2001|62|2|154|43|2|21|40|81|0|0|3|0|5|74|0|0|0|0|3|428|2024|4|25|15|34|31|1|N
20|1|1055|B|1|0|U|590|182|2|198|E2001|85|26|82|15|8|0|8|182|0|0|0|1|0|0|0|0|0|0|7|329|2024|4|25|15|44|39|1|N
20|1|1065|E|2|0|M|623|182|2|198|E2001|87|17|171|21|0|30|0|46|36|0|12|0|1|0|0|0|0|0|6|340|2024|4|25|15|47|29|1|N
20|1|2025|C|1|0|M|738|469|3|198|E2001|136|0|139|0|5|16|7|127|29|0|5|0|1|21|0|2|0|1|24|377|2024|4|25|15|26|43|4|N
27|3|553|C|1|0|R|711|5|12|257|E2703|7|279|0|0|0|6|10|88|35|7|21|4|0|0|0|0|0|0|22|472|2024|4|25|15|18|9|4|N
27|3|556|C|1|0|R|584|5|12|257|E2703|7|114|9|0|5|6|4|89|36|7|10|0|0|0|0|0|0|0|6|286|2024|4|25|15|18|9|4|N
27|3|574|B|1|0|U|715|5|11|257|E2703|53|8|0|13|0|8|0|96|81|10|11|1|0|0|0|0|0|0|21|249|2024|4|25|15|24|37|4|N
27|3|588|E|1|0|R|626|5|12|257|E2703|10|258|23|0|0|2|13|1|22|7|12|0|0|0|0|0|0|0|16|354|2024|4|25|14|13|9|1|N
27|3|603|B|1|0|R|435|5|12|257|E2703|22|111|16|0|9|8|2|46|24|6|15|3|0|0|0|0|0|0|11|251|2024|4|25|15|0|59|4|N
9|4|2764|C|1|0|U|570|7|31|52|E0904|48|88|96|15|29|6|5|71|30|6|0|3|2|12|15|2|0|0|1|381|2024|4|25|14|6|25|4|N
9|4|2849|C|1|0|U|553|7|28|52|E0904|127|57|70|4|17|13|0|76|14|19|3|1|2|12|0|0|0|2|0|290|2024|4|25|12|36|14|4|N
9|4|2876|B|1|0|U|588|7|31|52|E0904|58|28|39|5|16|2|0|49|21|14|2|2|1|6|0|0|0|0|2|187|2024|4|25|15|2|43|4|N
9|4|2879|B|1|0|U|613|7|28|52|E0904|123|117|32|0|27|9|0|63|14|0|0|0|0|48|14|3|0|2|7|336|2024|4|25|13|49|57|4|N
9|4|2891|B|1|0|U|491|7|28|52|E0904|117|48|6|23|42|2|9|108|35|39|3|3|0|56|0|0|0|2|11|387|2024|4|25|14|5|29|4|N
9|4|2897|B|1|0|U|598|7|31|52|E0904|40|58|16|16|2|6|5|104|27|20|3|2|3|24|12|0|0|1|0|299|2024|4|25|14|9|21|4|N
9|4|2921|B|1|0|U|723|7|28|52|E0904|107|71|91|8|0|5|0|178|52|89|10|1|5|51|38|0|0|1|18|618|2024|4|25|14|8|14|4|N
9|4|2921|C|1|0|U|722|7|28|52|E0904|108|113|69|16|12|12|0|100|31|51|0|2|0|63|20|1|0|0|10|500|2024|4|25|14|10|10|4|N
9|4|2941|C|1|0|U|608|7|31|52|E0904|96|48|35|12|20|8|3|73|27|12|14|0|0|28|15|0|0|3|0|298|2024|4|25|14|10|45|4|N
9|4|2951|C|1|0|U|557|7|31|52|E0904|97|75|38|9|9|18|7|89|41|0|14|3|2|50|44|0|0|1|0|400|2024|4|25|15|5|25|4|N
9|4|2956|B|1|0|U|532|7|31|52|E0904|93|0|40|15|24|10|0|84|26|0|1|0|1|45|11|0|0|0|7|264|2024|4|25|15|17|38|1|N
9|4|5594|C|2|0|U|693|7|31|52|E0904|38|72|69|13|9|3|11|106|30|38|0|0|2|34|27|0|0|0|0|414|2024|4|25|13|55|11|4|N
20|9|1609|B|1|0|U|522|342|22|206|E2009|11|66|0|3|14|3|11|54|30|0|0|0|0|20|0|0|0|0|19|220|2024|4|25|15|35|50|4|N
20|9|2010|E|2|0|R|535|467|22|206|E2009|30|167|77|11|12|39|21|34|13|0|9|0|0|0|0|1|0|0|5|389|2024|4|25|15|31|36|4|N
20|9|2062|B|1|0|U|523|475|22|206|E2009|5|128|41|4|0|0|18|14|20|0|11|0|2|23|0|2|0|0|23|286|2024|4|25|15|26|6|4|N
20|9|2089|C|2|0|U|612|484|22|206|E2009|39|156|25|18|29|58|30|75|13|0|0|0|2|27|0|1|0|1|11|446|2024|4|25|15|24|7|4|N
11|5|1648|C|1|0|R|397|20|6|79|E1105|9|0|0|0|0|0|0|0|0|0|0|0|0|0|0|0|0|0|0|0|2024|4|25|15|52|41|1|N
11|5|1711|C|5|0|U|741|20|5|79|E1105|82|3|0|22|0|0|43|133|3|43|0|2|9|0|80|15|0|5|90|448|2024|4|25|15|33|17|4|N
11|5|1750|B|1|0|U|602|20|5|79|E1105|93|0|0|3|14|68|73|7|0|0|0|5|0|3|96|0|0|0|94|363|2024|4|25|15|1|28|4|N
11|5|1789|C|1|0|U|463|20|7|79|E1105|42|13|0|8|4|17|45|0|0|37|0|2|0|0|115|0|0|1|5|247|2024|4|25|15|17|27|1|N
11|5|3014|B|1|0|U|686|20|5|79|E1105|103|0|34|0|16|27|40|70|0|29|3|0|5|3|70|7|0|2|34|340|2024|4|25|15|22|34|4|N
11|5|3016|B|1|0|U|635|20|5|79|E1105|103|30|258|6|4|2|0|0|0|41|1|0|1|5|47|4|0|1|33|433|2024|4|25|15|33|45|1|N
11|5|3161|B|1|0|U|630|20|5|79|E1105|60|1|116|3|8|14|14|0|0|29|0|1|1|1|34|0|0|0|18|240|2024|4|25|15|32|36|4|N
11|5|3190|C|2|0|U|703|20|5|79|E1105|64|11|0|0|0|22|21|209|0|19|0|0|0|6|144|6|0|0|84|522|2024|4|25|15|33|16|4|N
20|10|433|C|3|0|U|643|59|24|207|E2010|1|0|89|14|21|134|0|0|9|0|4|1|0|0|0|0|0|0|21|293|2024|4|25|14|8|32|4|N
20|10|1709|C|1|0|U|594|385|24|207|E2010|13|3|236|2|20|0|0|0|0|0|20|0|0|0|0|0|0|0|18|299|2024|4|25|15|6|16|4|N
20|10|1920|C|1|0|R|716|440|25|207|E2010|76|29|0|0|59|0|12|253|37|0|7|0|0|0|0|0|0|0|84|481|2024|4|25|15|31|26|1|N
20|10|2176|B|1|0|M|684|508|24|207|E2010|73|96|30|7|11|0|6|157|13|0|0|0|0|0|0|0|0|1|12|333|2024|4|25|11|50|53|4|N
11|9|939|B|1|0|U|588|17|11|83|E1109|10|20|0|10|3|0|5|172|3|70|2|1|0|0|4|0|0|2|5|297|2024|4|25|15|9|58|4|N
11|9|944|C|2|0|U|602|17|11|83|E1109|24|25|53|0|2|0|20|143|8|45|0|0|0|0|33|0|0|0|0|329|2024|4|25|15|12|17|4|N
11|9|1120|C|1|0|M|683|17|11|83|E1109|38|0|218|0|5|0|2|89|3|7|0|0|0|5|30|0|0|0|0|359|2024|4|25|15|44|14|4|N
11|9|1121|C|1|0|R|582|17|11|83|E1109|37|66|22|0|4|0|53|25|16|69|1|0|0|17|61|1|0|2|0|337|2024|4|25|15|13|49|4|N
11|9|1150|B|1|0|U|617|17|11|83|E1109|59|6|0|0|1|12|10|285|8|47|0|0|0|0|12|0|0|0|5|386|2024|4|25|15|18|3|4|N
11|9|2655|C|3|0|U|649|37|8|83|E1109|69|53|30|11|7|0|5|134|13|104|0|0|0|0|37|1|0|3|24|422|2024|4|25|15|50|55|4|N
11|9|2660|C|1|0|U|661|37|8|83|E1109|76|63|43|7|8|22|17|71|0|61|0|0|1|6|101|0|0|1|13|414|2024|4|25|15|20|13|4|N
11|9|2667|B|1|0|U|388|37|10|83|E1109|81|0|18|1|4|0|8|121|0|17|0|0|0|3|9|0|0|0|6|187|2024|4|25|15|10|42|4|N
11|9|2710|C|5|0|M|730|37|10|83|E1109|121|139|0|0|4|0|0|4|45|86|0|0|0|37|132|6|0|0|18|471|2024|4|25|15|16|41|4|N
14|11|725|C|1|0|U|540|41|11|115|E1411|25|62|14|56|12|0|18|160|0|35|1|5|5|0|0|1|0|2|16|387|2024|4|25|12|16|42|4|N
14|11|738|B|1|0|U|454|41|11|115|E1411|41|33|41|52|15|0|7|43|13|49|0|2|0|0|0|0|0|2|3|260|2024|4|25|15|5|7|4|N
14|11|1028|B|1|0|U|501|41|11|115|E1411|6|62|0|52|14|0|9|149|30|3|0|0|1|0|23|0|0|3|0|346|2024|4|25|14|10|9|4|N
14|11|1408|B|1|0|U|718|41|11|115|E1411|108|17|17|17|17|17|17|17|17|17|17|17|17|17|17|17|0|0|17|272|2024|4|25|14|8|10|4|N
14|11|1509|B|1|0|U|637|41|11|115|E1411|161|112|0|37|32|13|0|90|0|80|0|7|0|0|13|0|0|0|15|399|2024|4|25|15|18|24|4|N
30|9|468|C|1|0|M|620|26|12|280|E3009|7|116|53|9|3|8|2|72|19|21|12|0|1|20|6|1|0|0|72|415|2024|4|25|15|35|33|4|N
30|9|469|C|2|0|R|606|26|12|280|E3009|8|39|39|1|17|7|0|79|26|11|6|2|0|22|15|0|0|0|13|277|2024|4|25|15|38|14|4|N
30|9|472|C|1|0|R|554|26|12|280|E3009|11|48|73|10|8|6|0|54|14|26|4|3|0|25|14|0|0|0|0|285|2024|4|25|15|37|53|4|N
30|9|762|B|1|0|R|370|40|12|280|E3009|55|34|31|3|2|4|7|34|8|9|6|0|0|11|9|0|0|0|0|158|2024|4|25|15|41|34|4|N
30|9|3041|B|1|0|U|672|129|9|280|E3009|74|132|0|16|11|4|20|90|46|37|8|0|1|34|7|2|0|0|75|483|2024|4|25|15|39|5|1|N
30|9|3041|C|1|0|U|672|129|9|280|E3009|74|5|0|8|14|8|15|102|38|24|21|0|0|42|15|0|0|0|71|363|2024|4|25|14|8|34|4|N
22|6|270|C|17|0|U|718|14|3|229|E2206|67|0|0|8|29|0|24|0|111|167|0|0|4|43|113|7|0|0|7|513|2024|4|25|15|16|6|4|N
22|6|300|C|5|0|U|693|14|2|229|E2206|98|0|75|5|0|45|13|0|40|96|39|6|6|0|34|0|0|1|51|411|2024|4|25|15|48|4|1|N
22|6|524|S|1|0|M|0|14|7|229|E2206|11|86|136|1|5|4|23|244|51|11|3|2|2|53|28|0|0|1|14|664|2024|4|25|15|35|31|4|N
22|6|529|C|5|0|M|715|14|7|229|E2206|16|40|73|3|14|7|5|141|26|10|1|2|0|19|22|1|0|0|5|369|2024|4|25|15|26|48|4|N
22|6|857|C|3|0|U|632|14|3|229|E2206|58|36|77|0|8|30|2|7|11|38|2|0|1|23|26|0|0|0|9|270|2024|4|25|10|38|16|4|N
22|6|866|C|1|0|U|593|14|1|229|E2206|87|0|92|0|8|4|4|133|29|23|11|3|1|0|34|0|0|1|9|352|2024|4|25|15|33|47|4|N
14|19|360|B|1|0|U|725|23|19|123|E1419|23|54|122|0|5|5|0|95|7|26|0|1|0|12|17|1|0|0|6|351|2024|4|25|15|44|52|4|N
14|19|1795|B|1|0|R|195|58|19|123|E1419|56|5|42|14|3|5|0|39|0|9|0|0|1|7|9|0|0|0|5|139|2024|4|25|15|34|43|4|N
14|19|1816|B|1|0|U|666|61|19|123|E1419|66|90|48|73|7|13|0|108|5|34|1|0|0|5|34|0|0|0|17|435|2024|4|25|14|17|13|4|N
14|19|2226|B|1|0|U|509|86|19|123|E1419|97|40|101|0|43|5|0|37|6|11|1|5|0|15|65|1|0|1|27|358|2024|4|25|15|31|52|4|N
30|12|4228|C|5|0|U|684|192|14|283|E3012|11|0|0|0|0|0|0|0|0|0|0|0|0|0|0|0|0|0|0|0|2024|4|25|15|2|40|4|N
30|12|4365|C|3|0|U|640|192|14|283|E3012|94|52|264|6|7|0|18|0|0|0|0|1|0|17|47|0|0|0|14|426|2024|4|25|15|4|53|4|N
30|12|4493|B|1|0|U|587|192|15|283|E3012|123|0|178|5|4|11|5|173|15|1|2|2|1|1|60|0|0|1|13|472|2024|4|25|15|10|57|4|N
30|12|4802|C|1|0|U|477|192|14|283|E3012|29|52|50|15|5|4|0|64|0|54|0|0|0|6|69|0|0|0|0|319|2024|4|25|15|12|30|4|N
31|5|3|B|1|0|R|205|1|12|295|E3105|45|4|66|1|0|2|4|26|3|13|0|0|0|1|6|0|0|0|2|128|2024|4|25|15|11|0|4|N
31|5|149|C|2|0|M|641|33|13|295|E3105|33|37|367|5|6|0|0|13|15|21|2|0|2|4|22|0|0|1|6|501|2024|4|25|15|3|13|4|N
31|5|178|C|3|0|U|624|38|13|295|E3105|118|20|198|7|6|1|9|0|9|17|0|0|0|4|0|0|0|0|15|286|2024|4|25|15|37|21|4|N
31|5|684|C|3|0|U|575|53|12|295|E3105|39|13|163|0|0|3|8|160|8|9|1|1|0|2|11|0|0|0|10|389|2024|4|25|15|18|22|4|N
31|5|769|B|1|0|U|512|62|12|295|E3105|43|7|0|0|0|12|2|153|2|29|0|0|1|9|16|1|0|0|8|240|2024|4|25|15|33|58|4|N
31|5|848|C|3|0|U|608|80|21|295|E3105|50|24|177|4|2|0|3|71|3|18|0|1|0|3|24|0|0|0|5|335|2024|4|25|15|3|50|4|N
31|5|883|C|1|0|U|699|89|21|295|E3105|61|32|323|2|8|0|0|76|11|8|1|0|1|5|9|0|0|0|13|489|2024|4|25|15|17|39|4|N
31|5|889|B|1|0|U|567|89|21|295|E3105|61|24|97|0|2|5|0|76|12|26|2|0|0|8|37|0|0|1|10|300|2024|4|25|15|17|39|4|N
31|5|891|C|1|0|U|688|89|21|295|E3105|59|38|96|2|3|8|16|121|8|13|2|0|0|6|24|0|0|0|10|347|2024|4|25|15|33|20|4|N
31|5|981|B|1|0|R|488|98|20|295|E3105|106|25|273|0|7|8|0|0|15|0|1|0|2|8|7|1|0|1|18|366|2024|4|25|15|13|36|4|N
31|5|1161|C|3|0|U|675|101|12|295|E3105|15|37|273|0|5|4|2|0|14|42|0|0|0|5|3|0|0|0|12|397|2024|4|25|15|37|13|4|N
23|2|322|C|1|0|U|524|7|14|231|E2302|31|59|100|4|2|5|5|83|0|15|3|2|1|35|12|1|0|1|0|328|2024|4|25|14|14|7|4|N
23|2|795|C|1|0|U|407|7|15|231|E2302|48|77|0|1|4|0|8|155|26|4|2|5|0|37|26|0|0|0|3|348|2024|4|25|15|13|41|4|N
23|2|953|B|1|0|U|510|9|12|231|E2302|150|100|0|0|0|26|10|178|0|0|5|6|0|13|20|0|0|0|12|370|2024|4|25|15|1|28|4|N
30|16|318|B|1|0|U|556|14|19|287|E3016|14|0|298|9|3|1|0|0|2|9|4|2|0|0|51|1|0|0|2|382|2024|4|25|15|46|33|4|N
30|16|998|C|1|0|U|445|46|19|287|E3016|35|0|196|0|7|0|2|47|12|35|2|0|0|15|12|0|0|0|4|332|2024|4|25|15|13|57|4|N
30|16|1030|C|5|0|U|742|46|19|287|E3016|79|38|56|3|10|11|10|193|49|0|7|0|1|0|16|1|0|1|25|421|2024|4|25|15|36|55|4|N
30|16|1051|B|1|0|U|547|46|19|287|E3016|64|19|207|5|0|3|0|0|17|20|0|4|0|17|11|0|0|0|5|308|2024|4|25|15|8|9|4|N
30|16|1295|C|1|0|U|646|55|17|287|E3016|93|37|88|4|6|0|9|79|19|38|0|0|0|0|5|0|0|0|23|308|2024|4|25|15|5|25|4|N
30|16|1808|C|2|0|U|623|87|20|287|E3016|137|64|103|0|0|6|0|127|7|0|3|0|0|11|7|1|0|0|22|351|2024|4|25|15|37|48|4|N
30|16|1822|C|2|0|R|608|87|20|287|E3016|133|98|172|1|4|13|0|0|37|0|0|4|1|0|64|0|0|1|9|404|2024|4|25|15|41|36|4|N
30|16|1829|C|1|0|M|668|87|20|287|E3016|131|0|212|8|1|0|0|108|0|0|4|5|0|33|19|0|0|0|9|399|2024|4|25|15|32|27|4|N
25|3|562|B|1|0|M|517|2|9|243|E2503|23|25|72|6|0|22|50|115|16|0|0|1|1|10|0|0|0|0|22|340|2024|4|25|15|7|22|4|N
25|3|3241|B|1|0|U|334|15|9|243|E2503|81|38|100|7|0|7|0|0|16|0|6|0|0|0|0|2|0|0|26|202|2024|4|25|14|14|0|4|N
25|3|3313|B|1|0|U|277|15|9|243|E2503|106|7|2|6|0|3|12|9|6|0|2|1|0|3|0|0|0|0|2|53|2024|4|25|14|15|55|4|N
25|3|3469|B|1|0|R|383|17|6|243|E2503|124|0|62|0|12|17|41|0|13|0|7|0|0|0|0|0|0|3|22|177|2024|4|25|15|24|34|1|N
25|3|3633|B|1|0|U|358|18|10|243|E2503|172|0|7|5|7|8|0|1|3|0|5|1|0|9|0|1|0|1|0|48|2024|4|25|15|11|42|4|N
25|3|3715|B|1|0|U|590|18|10|243|E2503|198|98|125|0|0|28|99|0|42|0|9|1|0|15|0|0|0|0|42|459|2024|4|25|15|22|59|4|N
19|14|189|B|1|0|U|603|9|26|197|E1914|68|0|81|0|0|51|64|48|8|0|0|0|0|12|21|1|0|0|75|361|2024|4|25|15|9|11|4|N
19|14|201|C|1|0|R|511|9|26|197|E1914|75|0|36|9|0|14|77|198|8|24|6|0|2|3|0|0|0|4|0|381|2024|4|25|12|20|36|4|N
19|14|241|C|1|0|U|465|13|11|197|E1914|101|0|96|0|19|0|11|157|0|31|3|1|2|9|6|0|0|0|13|348|2024|4|25|13|36|42|4|N
19|14|245|C|2|0|M|587|13|11|197|E1914|103|23|90|2|0|0|102|119|0|4|0|0|0|0|19|0|0|2|17|378|2024|4|25|14|17|13|4|N
19|14|2657|B|1|0|U|658|25|21|197|E1914|52|75|98|0|24|33|0|108|5|64|2|1|1|0|24|5|0|2|0|442|2024|4|25|14|8|29|4|N
19|14|2743|C|2|0|U|585|9|26|197|E1914|93|9|122|13|0|3|63|90|4|14|0|0|2|4|0|0|0|0|0|324|2024|4|25|14|7|18|4|N
19|14|2893|C|3|0|U|626|42|11|197|E1914|14|0|84|1|11|27|50|173|2|0|2|0|0|0|0|0|0|0|10|360|2024|4|25|14|15|15|4|N
8|9|54|B|1|0|M|562|3|20|48|E0809|3|115|30|0|28|3|10|0|14|1|4|1|2|13|14|1|0|0|5|241|2024|4|25|13|56|57|4|N
8|9|103|B|1|0|M|405|7|22|48|E0809|8|48|51|5|20|4|8|28|2|5|1|0|0|6|9|0|0|0|1|188|2024|4|25|15|37|43|4|N
26|5|413|C|1|0|U|637|49|10|252|E2605|26|14|59|5|14|3|0|153|0|0|7|0|0|8|0|0|0|0|62|325|2024|4|25|15|13|30|4|N
26|5|457|B|1|0|U|550|49|10|252|E2605|34|34|66|4|16|15|5|258|0|0|6|2|0|8|0|0|0|1|0|415|2024|4|25|14|11|37|4|N
26|5|526|B|1|0|U|575|49|8|252|E2605|55|26|72|10|0|5|0|135|0|0|0|2|1|19|0|0|0|0|7|277|2024|4|25|15|30|15|1|N
26|5|537|C|2|0|U|566|49|8|252|E2605|80|24|9|7|0|2|7|256|0|0|0|2|0|12|0|0|0|1|51|371|2024|4|25|15|6|13|4|N
26|5|550|C|1|0|U|404|49|8|252|E2605|78|24|22|4|0|0|1|114|6|0|1|0|1|10|0|0|0|0|63|246|2024|4|25|15|29|33|4|N
26|5|561|C|1|0|U|461|49|9|252|E2605|99|17|0|6|9|7|0|6|0|0|8|0|1|0|0|3|0|2|9|68|2024|4|25|15|50|7|1|N
26|5|1403|B|1|0|U|729|49|8|252|E2605|94|30|84|7|4|11|0|245|5|0|4|3|1|14|0|1|0|0|66|475|2024|4|25|15|50|33|4|N
26|5|1550|C|2|0|U|661|49|9|252|E2605|126|25|210|5|15|1|3|247|5|0|0|0|0|0|0|3|0|0|15|529|2024|4|25|15|38|42|1|N
21|3|676|C|1|0|R|565|77|4|210|E2103|64|65|29|3|11|0|59|149|0|6|7|0|0|0|0|2|0|0|20|351|2024|4|25|15|20|9|1|N
21|3|2279|B|1|0|R|452|186|4|210|E2103|77|33|16|8|11|17|44|133|1|38|5|0|1|13|0|0|0|0|2|322|2024|4|25|15|40|41|1|N
21|3|2457|B|1|0|R|263|207|4|210|E2103|93|13|29|5|5|0|12|60|5|0|2|0|0|3|14|0|0|0|4|152|2024|4|25|15|48|10|1|N
21|9|984|B|1|0|U|435|115|17|216|E2109|91|41|56|0|18|0|48|90|24|0|15|1|1|30|13|2|0|1|4|344|2024|4|25|14|11|5|4|N
21|9|1047|B|1|0|U|698|115|9|216|E2109|46|0|0|0|27|10|35|169|115|3|0|1|0|36|25|7|0|0|0|428|2024|4|25|14|14|15|4|N
21|9|1053|C|1|0|U|723|115|17|216|E2109|41|30|78|7|24|3|8|111|17|8|6|0|1|32|0|2|0|0|0|327|2024|4|25|15|5|13|4|N
21|9|1056|B|1|0|U|546|115|9|216|E2109|45|69|63|0|23|30|0|53|0|22|0|0|1|35|68|0|0|0|1|365|2024|4|25|15|52|28|1|N
21|9|1068|C|1|0|U|602|115|10|216|E2109|21|0|65|0|34|0|31|240|0|0|0|4|0|23|36|3|0|0|14|450|2024|4|25|15|39|14|4|N
21|9|1073|B|1|0|U|626|115|10|216|E2109|26|57|55|12|75|24|19|161|0|0|0|0|2|12|40|1|0|2|22|482|2024|4|25|14|13|49|4|N
21|9|1140|C|1|0|U|470|115|17|216|E2109|155|34|67|0|0|5|14|63|0|25|0|1|0|0|20|2|0|1|25|257|2024|4|25|15|28|32|1|N
21|9|1147|B|1|0|U|432|115|17|216|E2109|156|26|18|2|0|18|14|0|100|45|13|3|1|21|0|5|0|0|15|281|2024|4|25|14|15|12|4|N
21|9|2782|C|2|0|U|714|115|9|216|E2109|129|8|70|6|0|11|27|95|38|50|17|2|0|60|15|0|0|0|14|413|2024|4|25|14|15|5|4|N
21|10|331|C|5|0|U|695|42|9|217|E2110|2|81|76|43|11|12|41|101|9|39|14|8|2|49|33|3|0|1|48|571|2024|4|25|15|12|37|1|N
21|10|332|B|1|0|U|695|42|9|217|E2110|4|87|28|30|0|7|12|36|77|69|12|2|0|83|44|7|0|0|16|510|2024|4|25|15|16|31|1|N
21|10|339|E|1|0|U|710|42|9|217|E2110|30|49|109|26|24|10|35|79|22|25|6|3|5|37|25|0|0|0|24|479|2024|4|25|15|17|44|1|N
21|10|1652|C|1|0|U|679|120|18|217|E2110|96|45|102|5|8|0|24|18|18|4|3|3|1|36|41|0|0|0|0|308|2024|4|25|15|12|4|4|N
21|10|1660|C|4|0|U|746|120|18|217|E2110|119|62|80|11|0|5|62|37|27|69|2|0|0|57|61|0|0|0|3|476|2024|4|25|15|19|7|1|N
21|10|1671|C|1|0|U|644|120|18|217|E2110|115|74|54|16|41|7|1|79|21|38|8|1|0|8|36|4|0|0|10|398|2024|4|25|15|20|56|1|N
21|10|1697|B|1|0|U|679|127|21|217|E2110|127|25|146|12|20|2|13|0|30|1|12|4|0|30|39|0|0|0|11|345|2024|4|25|12|22|19|4|N
21|10|1802|C|4|0|U|631|141|18|217|E2110|68|6|139|10|2|9|36|66|23|0|11|0|0|26|7|0|0|0|17|352|2024|4|25|15|34|30|1|N
21|10|1818|B|1|0|U|680|141|18|217|E2110|52|22|18|5|20|6|59|85|38|18|8|0|3|43|49|0|0|1|26|401|2024|4|25|15|32|12|1|N
21|10|1838|C|2|0|U|737|141|18|217|E2110|74|16|85|1|18|13|31|42|38|21|8|0|0|46|45|11|0|1|29|405|2024|4|25|15|33|37|1|N
21|10|2633|C|2|0|U|527|120|18|217|E2110|111|7|1|7|5|2|33|37|18|54|5|2|2|2|38|0|0|0|24|237|2024|4|25|15|34|39|1|N
21|10|2639|C|2|0|U|501|120|18|217|E2110|89|33|95|12|11|5|14|47|13|13|3|1|0|19|15|1|0|0|17|299|2024|4|25|15|35|48|1|N
21|10|2645|B|1|0|U|518|120|18|217|E2110|88|30|99|13|7|3|24|65|20|5|9|1|0|31|20|0|0|0|42|369|2024|4|25|15|37|28|1|N
21|10|2646|C|1|0|U|653|120|18|217|E2110|91|39|156|18|28|5|8|64|24|6|7|1|3|39|35|0|0|0|17|450|2024|4|25|15|39|5|1|N
21|10|2660|B|1|0|U|652|120|18|217|E2110|85|50|131|13|5|4|11|89|29|12|11|3|0|54|20|4|0|0|41|477|2024|4|25|15|40|22|1|N
21|12|1109|B|1|0|U|163|115|17|219|E2112|3|13|30|2|8|1|5|25|9|2|1|0|0|9|13|0|0|0|5|123|2024|4|25|15|24|38|4|N
21|12|1459|B|1|0|U|550|115|16|219|E2112|46|85|32|1|9|10|5|44|20|8|4|1|0|43|25|2|0|1|16|306|2024|4|25|15|26|41|4|N
21|12|1530|C|1|0|U|727|115|16|219|E2112|65|60|119|27|15|0|0|66|49|17|3|1|3|34|74|0|0|0|2|470|2024|4|25|14|7|58|4|N
21|12|1592|C|2|0|U|624|115|20|219|E2112|117|22|127|20|19|4|24|26|23|0|5|2|0|45|49|2|0|0|10|378|2024|4|25|14|15|7|4|N
21|12|2793|C|2|0|U|667|115|16|219|E2112|100|125|102|24|50|31|0|1|39|0|1|0|2|28|63|1|0|1|26|494|2024|4|25|15|36|36|4|N
31|6|408|B|1|0|U|457|50|4|296|E3106|71|2|85|3|0|8|4|135|4|15|3|2|0|0|28|1|0|0|5|295|2024|4|25|14|11|39|4|N
31|6|437|B|1|0|U|474|50|4|296|E3106|51|0|0|0|27|0|0|183|0|0|5|0|0|1|24|0|0|0|4|244|2024|4|25|13|48|15|4|N
31|6|449|B|1|0|U|636|50|4|296|E3106|62|43|48|0|16|12|0|133|0|11|0|0|1|6|44|0|0|0|32|346|2024|4|25|11|47|37|4|N
31|6|453|B|1|0|U|451|50|4|296|E3106|66|46|0|0|0|0|16|171|0|0|0|1|0|10|46|0|0|0|13|303|2024|4|25|14|15|25|4|N
31|6|492|B|1|0|U|541|50|4|296|E3106|53|7|0|0|0|42|0|68|6|13|14|8|0|4|0|3|0|0|71|236|2024|4|25|15|3|54|4|N
31|6|542|B|1|0|U|462|50|5|296|E3106|93|22|60|0|2|0|7|78|0|1|0|0|0|2|10|0|0|0|13|195|2024|4|25|15|33|29|1|N
31|6|547|B|1|0|U|505|50|5|296|E3106|88|0|0|2|0|0|0|234|0|11|5|1|0|2|40|0|0|0|1|296|2024|4|25|14|15|19|4|N
31|6|547|C|1|0|U|505|50|5|296|E3106|88|0|101|9|0|10|0|214|3|7|2|3|0|0|8|0|0|2|0|359|2024|4|25|15|16|7|4|N
32|3|70|B|1|0|R|439|6|17|299|E3203|15|0|98|1|7|0|27|89|8|12|2|0|0|8|4|1|0|1|6|264|2024|4|25|14|16|18|1|N
32|3|410|B|1|0|R|322|14|12|299|E3203|36|18|45|0|11|9|0|0|2|8|0|0|0|0|16|0|0|1|6|116|2024|4|25|15|46|55|1|N
32|3|832|B|1|0|R|232|26|12|299|E3203|46|20|23|0|3|0|12|23|0|1|0|0|0|0|16|0|0|0|0|98|2024|4|25|14|11|44|1|N
32|3|946|C|1|0|M|499|32|9|299|E3203|57|98|10|0|0|2|22|167|11|6|0|2|1|0|51|0|0|3|5|378|2024|4|25|15|39|56|1|N
32|3|953|B|1|0|U|525|32|9|299|E3203|59|46|40|2|19|28|30|34|8|8|2|1|0|4|11|0|0|2|7|242|2024|4|25|11|17|37|4|N
32|3|1091|B|1|0|R|498|37|9|299|E3203|64|24|121|4|5|0|10|48|0|18|7|2|0|5|30|1|0|0|46|321|2024|4|25|15|48|47|4|N
32|3|1203|B|1|0|M|505|39|17|299|E3203|93|0|0|14|28|50|57|115|0|19|17|2|1|7|34|0|0|0|0|344|2024|4|25|15|25|14|1|N
32|3|1223|B|1|0|U|467|39|17|299|E3203|90|51|54|3|23|0|12|92|0|22|3|0|0|0|17|1|0|0|22|300|2024|4|25|15|27|7|1|N
32|3|1860|C|2|0|U|601|56|1|299|E3203|136|0|169|0|18|0|24|62|13|28|11|0|0|1|0|0|0|0|30|356|2024|4|25|15|47|27|1|N
