865
ID_ESTADO|ID_DISTRITO_FEDERAL|SECCION|TIPO_CASILLA|ID_CASILLA|EXT_CONTIGUA|TIPO_SECCION|LISTA_NOMINAL|ID_MUNICIPIO|ID_DIST_LOC|ID_ESTRATO|ESTRATO|NUMERO_ARE|PAN|PRI|PRD|PVEM|PT|MC|MORENA|PAN_PRI_PRD|PAN_PRI|PAN_PRD|PRI_PRD|PVEM_PT_MORENA|PVEM_PT|PVEM_MORENA|PT_MORENA|CNR|NULOS|TOTAL|BXGR|CSP|JAM|ANIO|MES|DIA|HORA|MINUTOS|SEGUNDOS|ORIGEN_CAPTURA|MODIFICADO
1|2|494|C|1|0|U|529|1|12|2|E0102|136|0|82|0|0|6|67|16|0|0|0|95|0|0|75|0|2|11|354|177|97|67|2024|4|25|14|3|16|4|N
1|3|27|B|1|0|U|551|1|17|3|E0103|46|6|5|70|0|4|7|26|0|0|0|5|0|0|1|0|2|8|134|86|31|7|2024|4|25|14|12|52|4|N
1|3|48|C|2|0|U|652|1|6|3|E0103|19|32|45|52|0|57|22|47|0|4|0|51|0|0|29|0|2|9|350|184|133|22|2024|4|25|14|11|13|4|N
1|3|205|B|1|0|U|459|1|11|3|E0103|43|0|12|5|3|0|139|78|0|36|0|0|0|4|1|0|4|1|283|53|86|139|2024|4|25|14|3|34|4|N
1|3|268|B|1|0|U|653|1|9|3|E0103|158|6|104|72|47|0|117|99|0|0|0|6|0|17|1|0|1|10|480|188|164|117|2024|4|25|14|8|41|4|N
1|3|545|B|1|0|U|611|1|18|3|E0103|136|0|27|25|0|51|99|117|0|0|0|1|0|18|3|0|0|6|347|53|189|99|2024|4|25|14|16|31|4|N
2|2|309|C|1|0|U|452|2|4|5|E0202|54|56|73|1|7|22|41|0|0|0|0|0|0|0|0|0|5|5|210|130|29|41|2024|4|25|13|53|55|4|N
2|2|522|B|1|0|U|694|2|4|5|E0202|20|81|115|0|10|220|41|39|0|0|0|0|0|0|0|0|4|3|513|196|269|41|2024|4|25|14|17|6|4|N
2|2|523|C|4|0|U|709|2|4|5|E0202|23|77|21|0|9|0|163|3|32|5|0|0|0|0|4|0|3|0|317|135|16|163|2024|4|25|14|17|31|4|N
2|2|541|C|1|0|U|617|2|4|5|E0202|1|169|32|17|27|5|76|32|0|0|0|3|0|0|0|0|5|1|367|221|64|76|2024|4|25|14|5|10|4|N
2|2|1658|C|2|0|U|609|2|5|5|E0202|96|36|106|1|42|0|63|15|0|0|0|0|0|0|0|0|2|1|266|143|57|63|2024|4|25|14|15|52|4|N
2|2|1959|B|1|0|U|524|2|4|5|E0202|75|51|68|0|24|3|208|4|0|0|3|1|0|6|0|0|0|11|379|123|37|208|2024|4|25|14|12|26|4|N
2|3|30|C|1|0|U|632|1|16|6|E0203|32|11|108|0|0|13|117|4|28|0|1|5|0|0|0|0|4|9|300|153|17|117|2024|4|25|14|10|0|4|N
2|3|137|B|1|0|U|483|1|17|6|E0203|86|18|23|11|81|0|63|4|0|0|0|25|1|0|8|0|2|3|239|77|94|63|2024|4|25|14|4|49|4|N
2|3|142|C|3|0|U|705|1|17|6|E0203|91|56|9|19|24|7|70|30|58|0|0|0|0|0|0|0|2|9|284|142|61|70|2024|4|25|14|11|43|4|N
2|3|1984|C|1|0|U|734|1|17|6|E0203|76|27|9|7|20|38|151|66|0|0|0|0|3|0|38|0|2|12|373|43|165|151|2024|4|25|14|3|16|4|N
2|3|1987|C|1|0|U|749|1|17|6|E0203|81|38|74|46|3|2|176|3|4|0|0|19|0|0|0|0|5|3|373|181|8|176|2024|4|25|14|9|2|4|N
2|4|1416|B|1|0|U|629|4|8|7|E0204|9|25|20|20|12|0|49|27|4|0|0|0|0|23|3|0|3|9|195|69|65|49|2024|4|25|14|9|23|4|N
2|4|1446|C|1|0|U|492|4|7|7|E0204|85|22|49|8|11|4|37|60|0|0|1|0|0|0|0|0|1|8|201|80|75|37|2024|4|25|14|14|55|4|N
2|4|1454|B|1|0|U|626|4|7|7|E0204|93|172|16|19|16|44|92|67|0|6|0|16|0|0|0|0|0|2|450|229|127|92|2024|4|25|12|11|59|4|N
2|4|1465|C|1|0|U|476|4|14|7|E0204|121|139|20|16|5|0|94|0|18|0|0|0|0|1|0|0|1|7|301|193|6|94|2024|4|25|14|15|47|4|N
2|4|1479|C|1|0|U|714|4|14|7|E0204|129|52|11|41|9|54|11|0|19|0|1|4|0|0|7|0|5|2|216|128|70|11|2024|4|25|14|13|5|4|N
2|4|1573|B|1|0|U|380|4|7|7|E0204|77|14|98|1|0|4|41|61|0|0|0|8|0|0|0|0|1|3|231|121|65|41|2024|4|25|14|11|12|4|N
2|4|1584|C|1|0|U|525|4|7|7|E0204|49|35|36|6|66|18|38|18|0|0|0|0|0|0|0|0|1|6|224|77|102|38|2024|4|25|13|32|37|4|N
2|4|1993|B|1|0|U|613|4|8|7|E0204|13|125|29|6|5|0|110|57|0|0|0|0|7|0|0|0|0|0|339|160|69|110|2024|4|25|14|16|46|4|N
2|4|1995|C|1|0|U|689|4|8|7|E0204|14|65|102|5|44|1|41|0|1|0|0|2|0|0|0|0|5|8|274|175|45|41|2024|4|25|14|7|27|4|N
2|5|943|C|1|0|U|509|4|10|8|E0205|7|18|48|1|1|34|68|23|0|0|0|0|16|0|0|0|0|9|218|67|74|68|2024|4|25|14|6|22|4|N
2|5|1016|C|1|0|U|675|4|10|8|E0205|3|65|56|4|6|1|88|18|1|7|0|10|0|0|0|0|0|6|262|143|25|88|2024|4|25|11|37|40|4|N
2|5|1116|C|1|0|U|571|4|9|8|E0205|46|32|26|53|3|8|114|5|6|0|0|0|0|20|1|0|3|5|276|117|37|114|2024|4|25|12|59|58|4|N
2|5|1123|C|3|0|U|659|4|8|8|E0205|128|124|49|26|0|4|82|25|0|0|0|2|0|0|0|0|4|8|324|201|29|82|2024|4|25|12|47|18|4|N
2|5|1146|C|2|0|U|585|4|8|8|E0205|157|2|140|28|26|0|24|53|1|0|0|29|0|0|0|0|1|3|307|200|79|24|2024|4|25|11|48|49|4|N
2|6|739|C|2|0|U|541|4|10|9|E0206|15|80|34|8|63|0|40|71|0|0|0|0|0|0|0|0|3|9|308|122|134|40|2024|4|25|14|12|13|4|N
2|6|795|C|1|0|U|610|4|10|9|E0206|19|17|37|46|51|2|92|3|0|0|0|0|0|0|17|0|5|2|272|100|73|92|2024|4|25|11|52|16|4|N
2|6|907|B|1|0|U|534|4|10|9|E0206|53|4|12|5|38|0|140|32|0|0|0|0|9|0|0|0|1|9|250|21|79|140|2024|4|25|14|13|37|4|N
2|6|977|C|3|0|U|590|4|10|9|E0206|79|41|142|0|40|17|45|15|25|0|0|0|0|0|0|0|2|11|338|208|72|45|2024|4|25|14|14|26|4|N
2|6|988|C|1|0|U|587|4|10|9|E0206|87|13|33|0|25|30|81|43|11|0|0|0|0|0|0|0|3|10|249|57|98|81|2024|4|25|11|58|3|4|N
2|7|172|C|9|0|M|690|1|16|10|E0207|44|43|159|29|2|48|49|1|3|0|0|0|0|0|11|0|4|7|356|234|62|49|2024|4|25|13|28|17|4|N
2|8|1346|C|1|0|U|625|4|12|11|E0208|100|1|111|1|6|15|43|1|0|0|1|0|1|0|7|0|1|0|188|114|30|43|2024|4|25|13|17|27|4|N
2|8|1715|B|1|0|U|387|4|14|11|E0208|39|11|89|33|1|6|52|2|0|0|0|0|0|15|5|0|4|12|230|133|29|52|2024|4|25|12|13|23|4|N
2|8|2084|C|1|0|U|708|4|12|11|E0208|112|27|96|0|8|27|26|195|0|0|0|0|1|0|0|0|2|1|383|123|231|26|2024|4|25|13|59|39|4|N
2|8|2085|C|2|0|U|609|4|12|11|E0208|113|0|14|0|11|7|76|17|0|0|0|0|0|0|3|0|3|1|132|14|38|76|2024|4|25|12|43|42|4|N
2|8|2085|C|3|0|U|609|4|12|11|E0208|113|47|74|11|24|1|10|7|0|0|0|27|0|0|6|0|5|11|223|159|38|10|2024|4|25|12|46|40|4|N
2|9|709|C|2|0|M|577|3|6|12|E0209|22|10|102|34|11|11|135|47|0|0|0|0|0|0|0|0|5|2|357|146|69|135|2024|4|25|10|17|27|4|N
2|9|2005|B|1|0|U|598|4|6|12|E0209|39|85|44|14|6|18|102|4|2|0|2|2|0|1|0|0|0|12|292|149|29|102|2024|4|25|14|11|29|4|N
3|1|145|B|1|0|U|394|3|2|13|E0301|87|28|39|1|43|31|83|71|0|0|0|0|1|16|0|0|1|1|315|68|162|83|2024|4|25|14|0|50|4|N
3|1|468|B|1|0|U|471|3|3|13|E0301|117|14|32|8|106|0|58|87|0|0|3|0|0|0|0|0|4|5|317|57|193|58|2024|4|25|14|5|44|4|N
3|2|320|C|3|0|U|595|4|16|14|E0302|98|33|1|15|71|18|115|59|0|0|0|0|0|0|0|0|3|4|319|49|148|115|2024|4|25|14|13|15|4|N
3|2|328|C|3|0|U|627|4|16|14|E0302|99|86|16|0|22|17|153|164|11|0|0|0|0|3|0|0|4|12|488|113|206|153|2024|4|25|14|6|52|4|N
3|2|504|C|1|0|U|526|4|1|14|E0302|8|13|64|37|68|3|97|37|1|1|0|0|0|0|0|0|0|2|323|116|108|97|2024|4|25|14|8|38|4|N
3|2|511|B|1|0|U|577|4|1|14|E0302|11|43|1|1|38|2|138|43|2|0|0|0|0|18|0|0|3|8|297|47|101|138|2024|4|25|14|11|24|4|N
3|2|516|B|1|0|U|455|4|12|14|E0302|41|58|17|1|158|0|75|19|0|0|0|0|0|0|0|0|4|0|332|76|177|75|2024|4|25|12|23|15|4|N
3|2|537|C|2|0|U|716|4|12|14|E0302|41|60|71|0|74|0|44|115|0|0|2|0|0|2|0|0|2|10|380|133|191|44|2024|4|25|12|31|7|4|N
3|2|538|B|1|0|U|712|4|12|14|E0302|42|65|16|27|239|32|40|99|0|0|0|0|0|0|16|0|5|12|551|108|386|40|2024|4|25|11|35|35|4|N
4|2|245|C|1|0|U|531|3|8|16|E0402|24|6|94|31|16|10|64|210|0|0|0|4|33|0|14|1|2|1|486|135|284|64|2024|4|25|11|27|38|4|N
4|2|452|B|1|0|U|599|9|13|16|E0402|118|13|66|47|53|2|32|116|0|0|0|4|2|0|0|0|0|0|335|130|173|32|2024|4|25|14|12|40|4|N
5|1|25|B|1|0|U|720|2|1|17|E0501|16|204|23|22|34|101|13|1|0|0|0|0|0|3|0|0|1|5|407|249|139|13|2024|4|25|12|52|30|4|N
5|2|1042|C|3|0|U|579|31|6|18|E0502|61|0|4|1|6|4|6|8|1|1|0|4|0|0|0|0|1|0|36|11|18|6|2024|4|25|14|5|11|4|N
5|2|1046|C|1|0|U|505|31|6|18|E0502|59|15|67|7|3|19|35|2|0|0|0|9|0|0|0|0|1|1|159|98|24|35|2024|4|25|14|7|20|4|N
5|5|1202|C|1|0|U|518|35|8|21|E0505|48|0|1|31|75|19|134|50|0|0|0|10|0|0|0|0|0|4|324|42|144|134|2024|4|25|12|13|16|4|N
5|5|1336|C|1|0|U|566|35|9|21|E0505|44|7|15|3|19|27|88|102|0|9|15|0|0|48|0|0|5|7|345|49|196|88|2024|4|25|12|26|20|4|N
5|5|1337|B|1|0|U|464|35|9|21|E0505|44|0|13|2|34|14|54|3|0|5|0|0|0|3|0|1|3|12|144|20|55|54|2024|4|25|12|30|12|4|N
5|5|1349|B|1|0|U|695|35|10|21|E0505|96|25|136|10|57|16|132|50|0|1|0|0|0|0|0|0|2|3|432|172|123|132|2024|4|25|14|8|49|4|N
5|7|788|C|1|0|U|643|30|13|23|E0507|26|72|34|7|42|37|88|35|0|0|0|0|0|0|0|0|5|1|321|113|114|88|2024|4|25|14|16|13|4|N
5|7|890|C|1|0|U|549|30|13|23|E0507|56|12|94|0|42|33|6|15|11|45|0|24|0|15|0|0|2|4|303|186|105|6|2024|4|25|14|9|38|4|N
5|7|987|C|4|0|U|695|30|16|23|E0507|64|14|30|1|7|89|213|4|0|0|0|3|0|0|0|0|1|5|367|48|100|213|2024|4|25|14|17|40|4|N
5|7|994|C|5|0|U|727|30|16|23|E0507|101|0|35|0|135|26|47|82|0|0|6|0|0|5|0|0|0|5|341|41|248|47|2024|4|25|14|17|41|4|N
5|7|1847|B|1|0|U|669|30|15|23|E0507|119|29|42|11|23|1|93|9|28|0|1|20|0|3|0|0|2|5|267|131|36|93|2024|4|25|14|16|55|4|N
5|8|272|C|2|0|U|604|17|7|24|E0508|43|0|6|0|10|1|20|56|32|0|0|0|0|0|0|0|5|2|132|38|67|20|2024|4|25|14|16|25|4|N
5|8|568|B|1|0|R|299|24|12|24|E0508|55|12|39|0|6|19|23|0|5|0|0|2|0|4|0|0|1|2|113|58|29|23|2024|4|25|10|33|32|4|N
5|8|1719|C|2|0|U|676|27|12|24|E0508|92|2|7|0|82|30|67|51|26|0|0|0|0|0|0|0|0|2|267|35|163|67|2024|4|25|10|42|0|4|N
5|8|1721|C|2|0|U|650|27|12|24|E0508|94|0|11|17|59|42|51|15|0|0|0|0|0|2|0|1|5|11|214|28|119|51|2024|4|25|10|29|3|4|N
6|1|60|E|1|5|U|694|1|1|25|E0601|60|14|30|0|0|0|122|194|0|0|0|47|0|0|10|20|2|9|448|91|224|122|2024|4|25|14|15|8|4|N
6|1|159|C|1|0|U|672|5|7|25|E0601|118|7|30|1|60|22|109|248|0|0|0|0|0|15|1|5|4|4|506|38|351|109|2024|4|25|14|17|23|4|N
6|2|205|B|1|0|U|428|8|13|26|E0602|58|4|65|0|4|6|58|29|0|0|0|0|4|23|5|5|3|9|215|69|76|58|2024|4|25|14|9|54|4|N
6|2|211|C|1|0|U|645|8|13|26|E0602|58|14|26|0|12|10|176|39|0|0|0|0|1|0|4|1|1|2|286|40|67|176|2024|4|25|14|12|30|4|N
6|2|215|B|1|0|U|567|8|13|26|E0602|66|12|16|33|0|38|15|55|0|0|0|6|1|51|0|30|5|5|267|67|175|15|2024|4|25|14|3|47|4|N
6|2|303|B|1|0|U|443|10|15|26|E0602|108|49|22|0|0|26|52|148|0|0|0|3|74|0|2|4|3|1|384|74|254|52|2024|4|25|14|9|43|4|N
6|2|335|C|2|0|U|656|10|16|26|E0602|118|35|2|3|3|7|54|275|0|0|0|12|10|0|23|0|4|12|440|52|318|54|2024|4|25|14|15|44|4|N
6|2|336|C|1|0|M|553|10|16|26|E0602|119|0|96|23|0|0|54|85|0|0|0|34|2|2|0|61|0|1|358|153|150|54|2024|4|25|14|4|2|4|N
6|2|380|C|1|0|U|711|8|11|26|E0602|37|4|33|7|0|23|80|33|0|0|0|0|0|2|0|1|0|6|189|44|59|80|2024|4|25|14|7|55|4|N
7|1|1109|C|1|0|R|597|76|9|27|E0701|72|4|0|37|2|7|121|19|7|122|0|21|0|0|0|0|0|0|340|191|28|121|2024|4|25|11|6|36|4|N
7|2|556|C|2|0|U|630|38|8|28|E0702|85|56|13|43|0|6|310|6|42|32|0|5|0|7|0|8|4|0|532|191|27|310|2024|4|25|14|6|32|4|N
7|3|817|C|1|0|U|587|59|7|29|E0703|46|45|6|3|10|32|115|20|0|5|0|0|116|22|0|3|4|3|384|59|203|115|2024|4|25|14|8|15|1|N
7|3|2181|B|1|0|U|723|59|7|29|E0703|45|115|0|73|13|84|86|5|0|47|0|1|0|0|0|0|1|10|435|236|102|86|2024|4|25|14|17|30|1|N
7|3|2273|B|1|0|R|507|59|7|29|E0703|74|37|1|6|34|44|79|29|6|31|0|5|1|0|0|0|5|1|279|86|108|79|2024|4|25|14|15|56|4|N
7|4|621|C|1|0|U|614|43|12|30|E0704|17|2|0|79|34|46|99|2|0|48|0|7|0|0|6|87|2|11|423|136|175|99|2024|4|25|14|5|33|4|N
7|5|347|E|1|0|R|438|23|22|31|E0705|17|0|11|11|46|2|192|36|0|5|0|0|0|0|0|0|1|8|312|27|84|192|2024|4|25|9|56|0|4|N
7|5|1121|B|1|0|U|683|77|5|31|E0705|48|13|0|63|7|68|300|57|0|37|0|0|1|0|0|1|3|12|562|113|134|300|2024|4|25|10|27|46|4|N
7|6|404|C|2|0|U|622|27|3|32|E0706|12|7|10|68|0|53|243|16|1|44|0|10|0|0|0|0|3|6|461|140|69|243|2024|4|25|11|46|21|4|N
7|6|404|E|1|3|U|741|27|3|32|E0706|13|34|48|7|11|38|136|47|0|137|0|6|0|0|0|0|2|12|478|232|96|136|2024|4|25|12|46|56|4|N
7|6|429|C|2|0|R|527|27|3|32|E0706|27|1|11|27|58|7|243|3|0|40|0|0|0|0|0|0|5|6|401|79|68|243|2024|4|25|13|57|5|4|N
7|6|1241|C|6|0|M|690|87|3|32|E0706|41|0|34|109|7|5|240|79|0|63|0|0|0|67|0|8|5|10|627|206|166|240|2024|4|25|14|9|22|1|N
7|6|1242|B|1|0|U|608|87|3|32|E0706|42|4|21|36|12|70|151|56|0|59|0|3|1|0|3|1|1|1|419|123|143|151|2024|4|25|14|4|57|1|N
7|6|1660|C|2|0|U|670|102|1|32|E0706|97|13|31|72|0|53|175|36|1|19|0|0|8|1|0|0|2|8|419|136|98|175|2024|4|25|13|34|50|4|N
7|6|1666|C|2|0|U|541|102|13|32|E0706|103|6|4|19|100|30|179|35|54|14|0|0|3|0|0|0|4|4|452|97|168|179|2024|4|25|14|13|47|4|N
7|6|2105|C|2|0|R|630|27|3|32|E0706|30|0|9|82|5|0|84|261|2|6|0|0|0|0|0|3|0|11|463|99|269|84|2024|4|25|13|49|47|4|N
7|12|1342|C|1|0|U|666|90|19|38|E0712|84|0|2|43|5|14|161|35|46|26|0|12|0|0|0|64|2|7|417|129|118|161|2024|4|25|14|8|15|4|N
7|12|2142|C|1|0|U|657|90|19|38|E0712|39|23|0|38|0|194|54|217|0|20|0|7|7|0|0|5|5|8|578|88|423|54|2024|4|25|14|17|13|4|N
7|13|1205|C|1|0|R|531|124|17|39|E0713|32|32|0|19|115|52|73|16|0|24|0|20|0|0|0|0|4|9|364|95|183|73|2024|4|25|13|21|3|4|N
8|1|2711|C|4|0|U|713|37|7|40|E0801|47|53|19|10|36|1|37|46|0|43|3|0|51|1|0|0|1|3|304|128|135|37|2024|4|25|12|41|11|4|N
8|1|2803|B|1|0|U|585|37|7|40|E0801|68|11|42|14|1|4|142|112|0|2|0|0|0|2|37|0|2|11|380|69|156|142|2024|4|25|14|9|9|4|N
8|2|8|C|1|0|U|685|1|11|41|E0802|4|19|14|119|16|9|26|83|0|0|10|0|20|9|0|15|1|9|350|162|152|26|2024|4|25|14|5|42|4|N
8|2|2924|C|3|0|U|701|37|8|41|E0802|40|130|96|60|2|3|91|44|0|0|0|0|6|0|0|0|0|9|441|286|55|91|2024|4|25|14|13|0|4|N
8|2|2970|B|1|0|U|287|37|8|41|E0802|62|6|104|16|1|2|17|24|0|6|25|0|0|1|5|0|2|6|215|157|33|17|2024|4|25|13|37|51|4|N
8|3|1509|C|1|0|U|598|37|3|42|E0803|39|4|2|10|10|0|9|12|5|4|0|0|0|1|3|2|3|1|66|25|28|9|2024|4|25|13|55|47|4|N
8|3|2180|C|1|0|U|588|37|6|42|E0803|126|13|97|26|26|37|53|20|9|11|1|0|62|0|1|0|3|10|369|157|146|53|2024|4|25|14|11|6|4|N
8|4|1768|B|1|0|U|375|37|5|43|E0804|84|30|32|23|23|12|49|70|0|0|0|0|0|0|0|0|1|2|242|85|105|49|2024|4|25|14|12|31|4|N
8|4|1784|C|1|0|U|484|37|6|43|E0804|85|53|36|48|19|5|107|3|1|1|22|0|43|2|0|0|5|9|354|161|72|107|2024|4|25|14|11|43|4|N
8|4|3309|C|3|0|U|622|37|5|43|E0804|118|66|122|16|1|0|77|15|0|11|11|0|0|0|0|0|5|0|324|226|16|77|2024|4|25|14|17|19|4|N
8|5|28|C|2|0|U|579|2|11|44|E0805|7|0|32|105|11|0|18|60|0|45|11|0|0|3|0|1|3|2|291|193|75|18|2024|4|25|14|14|53|4|N
8|5|952|B|1|0|U|402|21|19|44|E0805|45|2|50|37|11|0|31|46|3|1|2|0|0|0|0|0|3|0|186|95|57|31|2024|4|25|14|0|26|4|N
8|5|963|C|1|0|U|650|21|19|44|E0805|46|10|12|39|7|13|70|88|0|5|0|0|0|28|0|0|1|11|284|66|136|70|2024|4|25|13|27|9|4|N
8|5|991|E|1|1|U|673|21|19|44|E0805|60|2|117|26|15|0|51|33|0|0|0|0|3|29|0|0|2|11|289|145|80|51|2024|4|25|11|4|2|4|N
8|5|2485|B|1|0|U|714|52|11|44|E0805|131|6|95|21|14|0|66|34|1|16|0|0|13|28|0|0|1|0|295|139|89|66|2024|4|25|14|4|26|4|N
8|5|2491|B|1|0|U|563|52|11|44|E0805|137|2|9|21|76|2|59|102|0|84|0|0|0|0|0|0|2|0|357|116|180|59|2024|4|25|10|22|50|4|N
8|5|2533|B|1|0|R|700|55|11|44|E0805|147|2|67|59|9|0|110|69|0|20|1|0|5|0|0|0|2|1|345|149|83|110|2024|4|25|14|9|13|4|N
8|6|780|B|1|0|U|603|19|15|45|E0806|10|26|63|56|18|8|23|53|0|0|0|0|7|1|0|0|1|10|266|145|87|23|2024|4|25|14|6|30|4|N
8|6|797|B|1|0|U|524|19|15|45|E0806|9|12|26|99|35|0|30|5|1|0|6|0|17|0|1|0|5|11|248|144|58|30|2024|4|25|14|8|30|4|N
8|6|3183|C|1|0|U|456|19|12|45|E0806|68|9|46|101|15|10|8|1|0|3|0|0|0|21|0|0|3|3|220|159|47|8|2024|4|25|11|30|16|4|N
8|6|3211|B|1|0|U|384|19|12|45|E0806|60|5|2|53|1|0|54|20|0|0|0|0|12|0|0|0|2|11|160|60|33|54|2024|4|25|12|5|9|4|N
8|6|3266|C|1|0|U|635|19|18|45|E0806|127|1|1|1|1|1|1|1|1|1|1|1|1|1|1|1|1|1|17|7|7|1|2024|4|25|13|55|31|4|N
8|7|334|C|1|0|U|592|17|14|46|E0807|49|118|90|24|0|6|38|9|0|24|1|0|0|0|48|0|1|5|364|257|63|38|2024|4|25|13|22|7|4|N
8|8|483|C|1|0|U|417|19|18|47|E0808|159|22|0|1|60|3|15|10|0|0|0|0|0|0|0|0|1|2|114|23|73|15|2024|4|25|10|5|55|4|N
8|8|650|B|1|0|U|504|19|15|47|E0808|124|8|10|44|13|0|79|138|0|2|3|0|1|0|0|0|4|2|304|67|152|79|2024|4|25|13|45|47|4|N
8|8|688|C|1|0|U|458|19|15|47|E0808|122|94|18|25|6|1|109|5|0|0|0|0|0|27|0|0|1|12|298|137|39|109|2024|4|25|10|32|28|4|N
8|9|1294|B|1|0|U|445|32|21|48|E0809|91|38|63|37|3|1|40|21|0|3|1|0|11|0|0|0|1|6|225|142|36|40|2024|4|25|14|12|0|4|N
9|1|828|C|1|0|U|580|5|1|49|E0901|94|100|66|0|0|6|54|95|0|0|0|0|0|0|0|0|3|5|329|166|101|54|2024|4|25|14|4|19|4|N
9|1|831|B|1|0|U|700|5|1|49|E0901|91|25|43|5|73|1|168|22|0|0|0|0|0|24|0|0|3|9|373|73|120|168|2024|4|25|14|17|23|4|N
9|1|836|B|1|0|U|667|5|1|49|E0901|8|40|347|0|3|5|74|7|57|0|0|0|0|27|0|0|0|2|562|444|42|74|2024|4|25|10|36|34|4|N
9|1|875|C|1|0|U|610|5|1|49|E0901|20|61|4|0|26|0|100|164|0|0|0|0|0|30|0|0|5|5|395|65|220|100|2024|4|25|14|13|19|4|N
9|1|875|C|2|0|U|609|5|1|49|E0901|20|29|65|23|82|12|94|110|0|0|0|0|1|1|2|0|2|9|430|117|208|94|2024|4|25|14|17|23|4|N
9|1|954|B|1|0|U|723|5|1|49|E0901|45|19|53|39|3|31|159|91|2|0|0|0|0|39|0|0|2|3|441|113|164|159|2024|4|25|14|2|56|4|N
9|1|959|B|1|0|U|429|5|2|49|E0901|98|21|9|1|0|0|4|89|7|0|0|0|0|6|0|0|2|3|142|38|95|4|2024|4|25|14|6|47|4|N
9|1|1002|C|3|0|U|623|5|2|49|E0901|102|23|10|31|22|0|170|57|0|0|0|0|0|4|16|0|5|3|341|64|99|170|2024|4|25|14|5|6|4|N
9|1|1006|C|1|0|U|484|5|2|49|E0901|106|59|47|0|28|0|101|39|0|0|0|0|0|42|0|0|0|3|319|106|109|101|2024|4|25|14|10|11|4|N
9|2|1067|B|1|0|U|420|5|2|50|E0902|94|45|7|31|0|30|60|43|0|1|0|0|12|13|0|0|3|5|250|84|98|60|2024|4|25|10|36|0|4|N
9|2|1092|C|1|0|U|488|5|2|50|E0902|88|59|96|2|11|18|59|34|0|0|0|0|0|0|0|0|0|0|279|157|63|59|2024|4|25|14|14|34|4|N
9|2|1114|B|1|0|U|452|5|2|50|E0902|86|28|100|1|33|3|48|60|0|0|0|0|0|0|0|0|4|2|279|129|96|48|2024|4|25|14|2|53|4|N
9|2|1135|C|1|0|U|481|5|2|50|E0902|80|11|7|0|2|1|89|191|0|62|0|0|13|4|0|0|4|3|387|80|211|89|2024|4|25|14|8|17|4|N
9|2|1227|C|1|0|U|489|5|4|50|E0902|8|11|1|31|7|3|68|40|15|2|0|0|0|1|0|0|2|11|192|60|51|68|2024|4|25|14|10|9|1|N
9|2|1239|C|1|0|U|509|5|4|50|E0902|12|21|14|1|21|1|112|50|0|0|17|0|0|6|0|0|2|2|247|53|78|112|2024|4|25|14|15|18|4|N
9|2|1255|B|1|0|U|447|5|2|50|E0902|46|36|13|30|10|0|75|118|0|0|0|0|1|41|0|0|1|4|329|79|170|75|2024|4|25|11|20|28|4|N
9|2|1277|C|1|0|U|594|5|4|50|E0902|15|144|72|0|127|0|47|65|0|4|0|0|0|4|1|0|1|6|471|220|197|47|2024|4|25|13|30|58|4|N
9|2|1278|C|1|0|U|681|5|4|50|E0902|17|39|47|52|40|0|35|71|0|10|0|0|1|0|3|0|2|8|308|148|115|35|2024|4|25|14|6|22|4|N
9|2|1283|B|1|0|U|532|5|4|50|E0902|19|1|5|2|3|3|12|9|0|0|0|0|0|3|0|0|3|8|49|8|18|12|2024|4|25|14|15|16|4|N
9|2|1297|B|1|0|U|736|5|2|50|E0902|92|5|66|0|68|2|97|177|0|7|0|30|0|2|2|0|1|1|458|108|251|97|2024|4|25|12|36|4|4|N
9|2|1487|C|1|0|U|516|5|2|50|E0902|71|26|19|85|47|22|45|52|0|2|0|0|0|11|0|0|2|0|311|132|132|45|2024|4|25|14|4|40|1|N
9|2|4587|B|1|0|U|384|15|9|50|E0902|158|42|24|37|1|0|89|34|0|0|1|0|0|7|5|0|0|2|242|104|47|89|2024|4|25|14|5|14|4|N
9|2|4658|C|2|0|U|612|15|9|50|E0902|151|62|117|19|30|0|39|31|6|0|0|0|2|2|4|0|5|5|322|204|69|39|2024|4|25|14|3|11|4|N
9|3|56|C|2|0|U|732|2|3|51|E0903|67|2|31|3|97|4|89|122|7|5|0|0|0|57|32|0|2|1|452|48|312|89|2024|4|25|14|4|27|4|N
9|3|144|B|1|0|U|414|2|5|51|E0903|146|8|82|0|87|0|139|3|0|0|0|0|0|0|0|0|2|9|330|90|90|139|2024|4|25|14|15|50|4|N
9|3|187|C|3|0|U|608|2|3|51|E0903|62|54|66|2|12|4|167|59|0|0|0|0|9|83|0|0|0|3|459|122|167|167|2024|4|25|14|10|10|4|N
9|3|215|B|1|0|U|543|2|3|51|E0903|55|4|3|4|0|13|156|30|79|1|3|0|0|48|0|0|0|5|346|94|91|156|2024|4|25|14|13|48|4|N
9|3|228|C|1|0|U|619|2|3|51|E0903|47|22|223|2|23|13|59|13|8|0|1|0|2|51|0|0|0|10|427|256|102|59|2024|4|25|11|2|4|4|N
9|3|5513|B|1|0|U|569|2|3|51|E0903|9|36|86|2|20|50|67|32|0|0|0|0|0|73|0|0|4|9|379|124|175|67|2024|4|25|14|6|51|4|N
9|4|2626|C|1|0|U|520|7|29|52|E0904|17|43|61|0|5|1|115|22|4|0|8|7|0|37|0|0|5|9|317|123|65|115|2024|4|25|13|47|56|4|N
9|4|2771|C|1|0|U|603|7|29|52|E0904|32|4|97|1|19|0|262|60|2|0|0|0|0|29|0|0|1|2|477|104|108|262|2024|4|25|12|24|47|4|N
9|4|2829|C|1|0|U|659|7|31|52|E0904|46|52|10|20|97|78|73|23|26|4|8|0|0|83|0|0|1|3|478|120|281|73|2024|4|25|14|17|35|4|N
9|4|2853|C|2|0|U|622|7|31|52|E0904|67|10|40|59|59|16|135|12|0|0|0|0|0|85|7|0|4|0|427|109|179|135|2024|4|25|11|7|25|4|N
9|4|2876|C|2|0|U|588|7|31|52|E0904|59|12|13|4|34|30|237|46|0|0|0|0|0|2|0|0|5|4|387|29|112|237|2024|4|25|14|17|2|4|N
9|4|2892|B|1|0|U|449|7|28|52|E0904|118|38|53|19|15|76|112|60|0|0|0|0|0|18|0|0|0|5|396|110|169|112|2024|4|25|14|1|26|4|N
9|4|2910|C|1|0|U|504|7|31|52|E0904|112|102|5|7|89|1|71|113|0|0|0|0|0|7|0|0|1|9|405|114|210|71|2024|4|25|14|7|12|4|N
9|4|2911|B|1|0|U|560|7|31|52|E0904|111|27|9|0|6|10|72|180|0|0|0|0|0|29|6|0|2|9|350|36|231|72|2024|4|25|14|7|8|4|N
9|4|2928|C|2|0|U|602|7|31|52|E0904|100|9|28|7|34|0|253|55|0|0|16|0|0|2|5|0|1|7|417|60|96|253|2024|4|25|14|8|19|4|N
9|4|2941|C|2|0|U|607|7|31|52|E0904|96|1|30|57|11|0|113|58|0|2|2|12|6|32|0|0|1|4|329|104|107|113|2024|4|25|14|5|36|4|N
9|4|2953|B|1|0|U|655|7|31|52|E0904|94|7|22|2|98|1|262|7|0|0|1|1|0|63|5|0|1|10|480|33|174|262|2024|4|25|14|4|19|4|N
9|4|2958|C|6|0|U|709|7|31|52|E0904|89|0|89|73|49|6|173|42|0|0|12|0|3|41|0|0|1|0|489|174|141|173|2024|4|25|14|9|32|4|N
9|4|2966|B|1|0|U|640|7|31|52|E0904|75|14|26|4|89|0|148|91|0|0|0|0|43|1|0|0|4|7|427|44|224|148|2024|4|25|14|16|12|4|N
9|4|5593|C|3|0|U|671|7|31|52|E0904|37|40|25|31|5|0|93|33|0|0|14|2|0|0|0|0|5|8|256|112|38|93|2024|4|25|14|14|35|4|N
9|5|3930|C|4|0|U|698|12|16|53|E0905|137|11|146|5|8|0|159|50|0|0|0|0|0|38|3|0|3|4|427|162|99|159|2024|4|25|14|5|14|4|N
9|5|3974|B|1|0|U|607|12|16|53|E0905|95|15|75|20|16|0|215|54|0|0|0|0|26|4|0|0|0|1|426|110|100|215|2024|4|25|14|4|59|4|N
9|5|4096|C|1|0|U|553|13|19|53|E0905|15|13|24|8|27|0|65|166|0|0|0|0|0|15|0|0|0|1|319|45|208|65|2024|4|25|14|11|17|4|N
9|5|4121|B|1|0|U|622|13|19|53|E0905|6|83|133|0|13|0|190|13|0|0|0|0|0|15|0|0|5|6|458|216|41|190|2024|4|25|14|13|2|1|N
9|7|1345|C|1|0|U|553|5|4|55|E0907|29|36|25|19|99|1|81|40|0|0|0|0|0|78|0|0|2|4|385|80|218|81|2024|4|25|14|15|4|4|N
9|7|1546|C|1|0|U|687|5|4|55|E0907|16|138|17|0|42|24|95|36|0|0|7|0|0|69|0|0|2|10|440|162|171|95|2024|4|25|14|15|52|4|N
9|7|1599|B|1|0|U|433|5|6|55|E0907|122|8|14|0|19|0|107|106|0|0|0|0|0|11|0|0|4|11|280|22|136|107|2024|4|25|14|14|44|4|N
9|7|1620|B|1|0|U|516|5|6|55|E0907|148|5|57|38|2|0|92|55|0|0|0|0|0|0|24|0|1|1|275|100|81|92|2024|4|25|14|10|46|4|N
9|9|3727|B|1|0|U|507|11|7|57|E0909|125|23|13|1|100|7|117|19|0|0|0|61|0|1|0|0|2|6|350|98|127|117|2024|4|25|14|14|42|4|N
9|10|4971|C|1|0|U|541|16|13|58|E0910|108|33|88|2|11|0|18|35|39|2|0|0|0|101|0|0|4|10|343|164|147|18|2024|4|25|11|32|27|4|N
9|10|5049|B|1|0|U|692|16|5|58|E0910|11|30|3|25|13|0|73|96|5|3|0|0|7|24|0|5|5|12|301|66|145|73|2024|4|25|14|10|32|1|N
9|10|5054|B|1|0|U|532|16|5|58|E0910|9|35|5|57|24|5|0|77|1|0|0|0|0|0|0|0|1|11|216|98|106|0|2024|4|25|14|9|56|1|N
9|10|5153|C|1|0|U|722|16|13|58|E0910|68|94|24|6|28|26|171|114|0|0|0|0|0|88|0|0|5|7|563|124|256|171|2024|4|25|11|28|28|4|N
9|10|5155|C|4|0|U|629|16|13|58|E0910|70|44|59|108|1|2|230|47|0|0|0|0|0|1|0|0|2|4|498|211|51|230|2024|4|25|11|12|35|4|N
9|10|5156|C|2|0|U|685|16|13|58|E0910|65|15|86|2|78|50|159|78|50|33|0|0|1|19|0|0|1|7|579|186|226|159|2024|4|25|14|14|4|4|N
9|10|5167|B|1|0|U|477|16|13|58|E0910|72|12|9|52|43|22|74|2|30|2|0|13|8|0|8|3|0|0|278|118|86|74|2024|4|25|11|0|46|4|N
9|10|5177|C|1|0|U|419|16|13|58|E0910|73|31|5|12|26|18|101|4|51|0|0|0|0|1|0|0|4|4|257|99|49|101|2024|4|25|11|14|59|4|N
9|11|5186|C|1|0|U|683|17|10|59|E0911|3|20|35|8|105|0|85|149|0|0|0|0|0|0|10|0|0|7|419|63|264|85|2024|4|25|14|16|59|1|N
9|11|5191|C|1|0|U|584|17|10|59|E0911|4|36|12|5|105|17|145|47|3|0|0|0|0|0|4|0|5|12|391|56|173|145|2024|4|25|14|4|56|1|N
9|11|5193|C|1|0|U|504|17|10|59|E0911|11|58|52|3|13|10|69|14|0|0|1|0|0|67|0|0|3|6|296|114|104|69|2024|4|25|14|17|45|4|N
9|11|5194|B|1|0|U|670|17|10|59|E0911|15|10|57|31|14|26|51|74|0|0|0|0|29|68|0|0|4|3|367|98|211|51|2024|4|25|14|9|14|1|N
9|11|5226|C|2|0|U|643|17|10|59|E0911|22|6|30|26|233|0|104|18|0|0|0|0|1|20|0|0|0|5|443|62|272|104|2024|4|25|14|16|53|1|N
9|11|5227|C|1|0|U|577|17|10|59|E0911|25|47|21|29|6|2|146|133|0|0|0|0|17|11|0|0|1|4|417|97|169|146|2024|4|25|14|17|48|1|N
9|11|5303|C|1|0|U|706|17|10|59|E0911|94|6|12|18|70|2|269|144|1|0|0|0|1|0|0|0|2|10|535|37|217|269|2024|4|25|14|10|17|4|N
9|11|5319|B|1|0|U|578|17|10|59|E0911|98|22|3|3|85|0|117|17|0|0|0|0|0|1|0|0|2|3|253|28|103|117|2024|4|25|14|7|38|4|N
9|11|5401|B|1|0|U|678|17|10|59|E0911|107|27|29|4|4|0|146|202|0|0|0|0|0|46|0|0|4|9|471|60|252|146|2024|4|25|14|3|8|1|N
9|11|5436|C|1|0|U|517|17|11|59|E0911|174|27|61|159|26|0|91|23|1|2|0|0|0|7|5|0|0|5|407|250|61|91|2024|4|25|14|14|33|4|N
9|11|5443|B|1|0|U|672|17|11|59|E0911|160|6|7|40|54|16|80|274|0|0|0|0|0|41|0|0|0|12|530|53|385|80|2024|4|25|14|15|23|4|N
9|12|4540|C|1|0|U|538|15|12|60|E0912|75|6|67|10|37|0|139|23|0|20|0|0|0|9|0|0|2|0|313|103|69|139|2024|4|25|14|5|4|1|N
9|12|4543|C|1|0|U|602|15|12|60|E0912|116|2|49|1|7|0|34|216|0|0|0|0|0|4|0|0|2|0|315|52|227|34|2024|4|25|14|3|30|4|N
9|12|4582|C|1|0|U|510|15|12|60|E0912|110|17|30|15|46|0|191|7|0|0|0|0|0|11|0|0|5|2|324|62|64|191|2024|4|25|14|11|21|1|N
9|12|4584|C|1|0|U|388|15|12|60|E0912|109|21|40|36|0|0|85|36|0|4|0|0|0|24|0|0|2|6|254|101|60|85|2024|4|25|14|6|30|4|N
9|12|4626|C|2|0|U|546|15|9|60|E0912|5|10|55|0|133|0|164|19|0|9|0|0|0|4|0|0|5|11|410|74|156|164|2024|4|25|14|11|13|4|N
9|12|4641|C|1|0|U|569|15|9|60|E0912|10|171|26|5|41|0|102|27|0|0|0|0|6|29|8|0|2|12|429|202|111|102|2024|4|25|14|4|11|1|N
9|12|4717|B|1|0|U|507|15|9|60|E0912|41|32|0|62|14|0|138|110|0|0|0|0|0|1|8|0|1|4|370|94|133|138|2024|4|25|14|14|21|4|N
9|12|4771|C|1|0|U|709|15|12|60|E0912|74|16|32|4|17|95|167|79|69|0|0|0|0|28|0|0|1|10|518|121|219|167|2024|4|25|14|15|8|4|N
9|12|4843|B|1|0|U|421|15|12|60|E0912|131|4|60|6|124|0|47|26|0|0|0|0|0|27|0|0|4|0|298|70|177|47|2024|4|25|14|13|37|1|N
9|12|4883|B|1|0|U|523|15|12|60|E0912|95|25|24|0|27|1|195|83|1|4|9|0|0|3|5|0|4|8|389|63|119|195|2024|4|25|13|8|28|4|N
9|13|1687|C|1|0|U|627|6|15|61|E0913|17|71|63|0|9|0|93|51|0|0|0|0|0|5|0|0|4|6|302|134|65|93|2024|4|25|14|5|3|4|N
9|13|1741|B|1|0|U|513|6|15|61|E0913|127|149|11|7|23|0|71|42|0|13|0|0|9|0|0|0|3|1|329|180|74|71|2024|4|25|14|6|4|4|N
9|13|1932|C|1|0|U|638|6|11|61|E0913|45|35|75|46|185|0|39|33|0|0|0|0|2|24|0|0|5|12|456|156|244|39|2024|4|25|12|3|35|4|N
9|13|1948|C|1|0|U|545|6|15|61|E0913|4|64|5|92|11|0|97|59|0|0|0|0|0|15|0|0|5|8|356|161|85|97|2024|4|25|14|4|19|4|N
9|14|3798|C|1|0|U|570|12|14|62|E0914|9|50|4|0|17|13|101|37|18|0|0|0|0|191|0|0|4|9|444|72|258|101|2024|4|25|13|38|51|4|N
9|14|4092|C|1|0|U|487|12|19|62|E0914|134|41|1|11|89|2|116|29|0|0|0|0|0|52|0|0|3|1|345|53|172|116|2024|4|25|14|11|24|1|N
9|15|4410|B|1|0|U|609|14|18|63|E0915|5|12|34|3|51|1|286|49|0|0|0|0|0|0|0|0|1|12|449|49|101|286|2024|4|25|14|15|10|1|N
9|15|4466|B|1|0|U|682|14|18|63|E0915|112|8|16|0|88|112|59|73|35|0|0|0|0|1|0|0|3|4|399|59|274|59|2024|4|25|14|12|22|4|N
9|16|3237|C|2|0|U|524|10|32|64|E0916|6|20|60|8|45|0|29|33|0|0|0|0|0|5|0|0|2|12|214|88|83|29|2024|4|25|14|9|56|4|N
9|16|3299|C|1|0|U|620|10|32|64|E0916|90|11|75|3|185|0|83|48|0|0|0|0|0|9|0|0|1|11|426|89|242|83|2024|4|25|14|14|4|4|N
9|16|3302|C|1|0|U|720|10|32|64|E0916|87|56|4|30|45|2|111|141|0|0|40|0|0|84|0|0|5|3|521|130|272|111|2024|4|25|14|16|13|4|N
9|16|3450|B|1|0|U|451|10|23|64|E0916|134|7|42|4|22|0|53|127|0|3|2|0|8|1|0|0|0|5|274|58|158|53|2024|4|25|14|10|59|4|N
9|17|758|C|1|0|U|685|4|20|65|E0917|43|21|49|25|42|0|126|139|0|0|0|0|0|25|0|0|3|3|433|95|206|126|2024|4|25|14|7|43|4|N
9|17|780|C|3|0|U|701|4|20|65|E0917|19|27|110|2|8|0|145|70|0|1|0|0|1|9|0|0|1|5|379|140|88|145|2024|4|25|14|12|43|4|N
9|17|794|C|3|0|U|613|4|20|65|E0917|20|53|61|0|12|3|86|52|0|0|0|0|0|0|0|0|5|11|283|114|67|86|2024|4|25|14|13|51|4|N
9|18|2501|B|1|0|U|546|7|21|66|E0918|73|73|0|0|118|0|72|70|0|1|0|0|17|25|0|0|3|3|382|74|230|72|2024|4|25|14|9|16|4|N
9|18|2502|C|1|0|U|506|7|21|66|E0918|70|3|44|0|33|0|144|29|0|0|0|0|0|36|0|0|2|8|299|47|98|144|2024|4|25|14|2|52|4|N
9|18|2639|B|1|0|U|439|7|28|66|E0918|155|27|38|8|5|0|187|16|0|5|0|0|0|3|0|0|4|2|295|78|24|187|2024|4|25|11|27|42|4|N
9|18|2641|B|1|0|U|517|7|28|66|E0918|140|81|41|3|95|1|68|53|0|0|0|0|0|25|2|0|5|11|385|125|176|68|2024|4|25|14|15|49|4|N
9|18|2648|B|1|0|U|731|7|28|66|E0918|128|31|45|39|29|0|261|74|0|0|0|0|5|24|0|0|2|8|518|115|132|261|2024|4|25|14|4|49|4|N
9|18|2653|B|1|0|U|581|7|28|66|E0918|103|43|9|0|47|0|148|78|0|0|12|0|33|1|0|0|5|4|380|64|159|148|2024|4|25|14|7|50|4|N
9|18|2757|B|1|0|U|657|7|28|66|E0918|146|2|29|0|125|0|59|86|0|0|0|0|5|12|0|0|2|0|320|31|228|59|2024|4|25|11|31|43|4|N
9|19|589|B|1|0|U|525|3|30|67|E0919|52|73|8|7|56|1|22|4|0|2|0|0|0|50|0|0|4|6|233|90|111|22|2024|4|25|14|8|12|4|N
9|19|617|C|1|0|U|477|3|30|67|E0919|36|24|46|5|11|8|95|66|0|0|1|0|8|2|1|0|0|6|273|76|96|95|2024|4|25|14|8|44|4|N
9|19|671|C|2|0|U|659|3|30|67|E0919|3|58|82|71|39|1|110|73|0|0|4|0|8|11|0|0|3|10|470|215|132|110|2024|4|25|14|12|28|4|N
9|19|685|B|1|0|U|456|3|30|67|E0919|36|47|38|4|4|1|154|65|0|16|0|0|0|58|0|0|2|3|392|105|128|154|2024|4|25|14|12|4|4|N
9|19|2345|C|1|0|U|443|7|24|67|E0919|86|3|7|0|12|5|68|80|0|0|2|0|1|12|0|0|0|0|190|12|110|68|2024|4|25|14|6|16|4|N
9|19|2354|B|1|0|U|543|7|24|67|E0919|87|85|45|6|13|0|24|60|0|0|0|0|0|33|3|0|5|7|281|136|109|24|2024|4|25|14|6|39|4|N
9|19|2357|B|1|0|U|591|7|24|67|E0919|85|0|0|0|49|4|169|17|8|4|0|0|0|9|2|0|5|4|271|12|81|169|2024|4|25|14|5|39|4|N
9|19|2433|C|2|0|U|502|7|24|67|E0919|130|18|110|0|91|0|67|35|0|0|0|0|0|13|0|0|0|3|337|128|139|67|2024|4|25|14|13|32|4|N
9|20|2189|B|1|0|U|539|7|29|68|E0920|162|13|44|3|74|0|149|33|0|0|0|0|0|5|0|0|4|1|326|60|112|149|2024|4|25|14|17|7|4|N
9|20|2192|C|1|0|U|700|7|29|68|E0920|166|22|98|5|41|1|54|94|0|0|95|0|0|36|0|0|4|1|451|220|172|54|2024|4|25|14|16|1|4|N
9|20|2233|B|1|0|U|631|7|29|68|E0920|153|28|44|1|15|0|97|64|5|0|2|0|0|17|0|0|5|3|281|80|96|97|2024|4|25|14|12|48|4|N
9|20|2293|C|1|0|U|563|7|29|68|E0920|149|19|12|1|30|1|43|70|0|0|0|0|0|86|0|0|4|0|266|32|187|43|2024|4|25|14|9|36|4|N
9|20|2293|C|2|0|U|563|7|29|68|E0920|149|22|168|0|167|0|72|17|0|1|1|0|10|21|0|0|3|5|487|192|215|72|2024|4|25|14|13|2|4|N
9|21|3122|C|1|0|U|565|9|7|69|E0921|135|2|45|0|138|0|46|71|0|0|0|0|0|22|0|0|2|5|331|47|231|46|2024|4|25|14|5|46|4|N
9|21|3136|B|1|0|U|673|9|7|69|E0921|111|253|29|4|84|3|84|104|0|15|0|0|0|7|0|0|4|8|595|301|198|84|2024|4|25|14|2|25|4|N
9|21|4108|C|2|0|M|670|13|25|69|E0921|2|62|167|16|80|2|123|17|3|4|0|0|0|3|0|0|3|11|491|252|102|123|2024|4|25|14|9|42|1|N
9|21|4148|B|1|0|U|668|13|25|69|E0921|21|10|33|1|164|60|137|25|0|0|0|0|0|34|0|0|2|5|471|44|283|137|2024|4|25|14|4|12|4|N
9|21|4186|C|2|0|U|532|13|25|69|E0921|9|59|68|32|40|6|137|48|6|1|40|0|4|8|16|0|3|2|470|206|122|137|2024|4|25|14|17|48|1|N
9|21|4218|B|1|0|U|707|13|25|69|E0921|53|43|300|0|3|1|74|98|0|0|0|0|0|15|0|0|4|7|545|343|117|74|2024|4|25|14|7|53|4|N
9|21|4257|C|1|0|U|633|13|25|69|E0921|84|25|7|0|48|1|101|141|0|0|0|0|0|19|0|0|5|3|350|32|209|101|2024|4|25|14|6|27|4|N
9|22|2560|C|1|0|U|554|7|29|70|E0922|26|29|37|12|79|28|92|54|0|0|0|0|0|65|0|0|3|1|400|78|226|92|2024|4|25|14|10|39|4|N
9|22|2779|C|4|0|U|640|7|29|70|E0922|25|34|46|2|65|15|78|193|0|0|4|0|1|23|0|0|1|6|468|86|297|78|2024|4|25|14|17|43|1|N
9|22|2786|C|5|0|U|732|7|27|70|E0922|59|48|29|25|72|32|100|16|0|1|0|0|0|1|0|0|5|0|329|103|121|100|2024|4|25|14|13|5|4|N
9|22|2812|C|3|0|U|703|7|27|70|E0922|40|19|33|0|198|0|251|32|0|3|0|0|0|2|0|0|1|2|541|55|232|251|2024|4|25|14|6|1|4|N
9|22|2863|C|2|0|U|562|7|31|70|E0922|12|14|14|7|17|0|191|49|0|0|4|0|0|26|0|0|5|9|336|39|92|191|2024|4|25|14|8|30|4|N
9|22|5614|C|2|0|U|676|7|31|70|E0922|2|33|74|28|84|19|158|22|0|0|0|0|0|6|0|0|2|5|431|135|131|158|2024|4|25|14|11|40|4|N
10|1|312|B|1|0|U|606|5|4|71|E1001|21|17|28|1|21|49|264|82|0|0|0|0|0|34|6|0|3|2|507|46|192|264|2024|4|25|14|10|35|4|N
10|1|1018|B|1|0|U|700|24|15|71|E1001|105|7|53|6|15|22|332|21|0|0|0|0|0|4|0|18|0|0|478|66|80|332|2024|4|25|14|8|10|1|N
10|1|1201|B|1|0|U|569|33|7|71|E1001|127|46|4|47|52|97|122|35|0|0|0|0|0|1|0|6|0|4|414|97|191|122|2024|4|25|14|14|9|4|N
10|1|1224|B|1|0|R|479|33|7|71|E1001|159|34|1|24|6|4|83|101|0|0|0|0|0|46|0|0|1|6|306|59|157|83|2024|4|25|14|14|52|4|N
10|2|607|C|1|0|M|612|7|10|72|E1002|26|9|95|35|65|14|165|50|0|0|0|0|0|86|11|9|1|4|544|139|235|165|2024|4|25|10|13|38|4|N
10|3|3|B|1|0|U|737|1|8|73|E1003|2|79|19|17|83|58|102|23|0|0|0|0|0|35|0|8|4|3|431|115|207|102|2024|4|25|14|6|17|1|N
10|3|7|B|1|0|U|747|1|8|73|E1003|1|162|2|70|2|1|31|70|0|0|0|0|5|11|23|0|3|2|382|234|112|31|2024|4|25|14|6|59|1|N
10|3|707|C|1|0|U|399|12|13|73|E1003|64|84|0|12|10|12|56|44|0|0|0|0|0|4|0|8|0|7|237|96|78|56|2024|4|25|14|4|59|4|N
10|3|1375|C|1|0|U|667|39|14|73|E1003|171|9|3|41|28|84|142|7|0|0|1|0|0|0|0|0|2|9|326|54|119|142|2024|4|25|14|3|48|4|N
10|3|1463|C|2|0|U|707|12|13|73|E1003|53|2|17|96|55|1|4|72|0|0|0|0|0|48|0|21|3|0|319|115|197|4|2024|4|25|14|5|13|4|N
10|4|157|C|2|0|U|557|5|1|74|E1004|45|10|34|20|59|34|176|47|0|0|0|0|0|0|0|17|2|0|399|64|157|176|2024|4|25|14|16|52|4|N
10|4|199|C|1|0|U|684|5|6|74|E1004|73|219|0|45|11|12|146|32|0|0|0|0|2|90|27|1|4|8|597|264|175|146|2024|4|25|14|8|59|4|N
10|4|216|B|1|0|U|425|5|5|74|E1004|84|27|44|7|26|9|140|30|0|0|0|0|0|2|0|4|2|2|293|78|71|140|2024|4|25|14|7|0|4|N
10|4|1411|C|1|0|U|516|5|2|74|E1004|146|14|63|29|28|2|124|33|0|0|0|0|1|32|0|3|3|8|340|106|99|124|2024|4|25|14|3|33|4|N
11|2|154|B|1|0|U|615|3|9|76|E1102|11|14|21|12|16|52|118|139|0|1|10|20|0|0|0|0|1|1|405|78|207|118|2024|4|25|14|11|41|1|N
11|3|1278|C|1|0|U|732|20|3|77|E1103|21|45|17|0|0|58|113|91|0|113|70|3|0|0|0|0|3|0|513|248|149|113|2024|4|25|14|4|25|4|N
11|3|1303|C|1|0|U|551|20|7|77|E1103|111|4|21|0|2|1|128|51|4|57|0|0|0|0|0|0|5|10|283|86|54|128|2024|4|25|14|7|0|1|N
11|3|1313|C|1|0|U|448|20|3|77|E1103|35|53|2|1|1|133|70|44|0|1|0|0|0|0|0|0|2|11|318|57|178|70|2024|4|25|14|12|58|4|N
11|3|1355|B|1|0|U|561|20|7|77|E1103|48|18|15|1|4|8|21|62|0|1|1|143|0|0|0|0|2|2|278|179|74|21|2024|4|25|14|5|6|4|N
11|3|1398|C|1|0|U|484|20|7|77|E1103|63|14|14|3|44|39|107|17|1|35|27|7|0|0|0|0|3|0|311|101|100|107|2024|4|25|14|12|29|1|N
11|3|1701|B|1|0|U|503|20|7|77|E1103|90|14|36|10|31|25|124|78|9|95|1|5|0|0|10|0|5|5|448|170|144|124|2024|4|25|14|10|40|4|N
11|4|824|C|1|0|U|668|15|8|78|E1104|1|4|144|0|0|7|73|26|6|6|14|2|0|0|0|0|1|0|283|176|33|73|2024|4|25|14|15|34|1|N
11|5|1507|C|1|0|R|520|20|6|79|E1105|6|75|1|15|1|19|76|21|0|20|1|11|0|0|12|0|2|7|261|123|53|76|2024|4|25|14|16|44|1|N
11|6|1431|B|1|0|U|348|20|7|80|E1106|2|28|7|1|4|0|53|78|6|22|0|2|0|0|0|0|4|6|211|66|82|53|2024|4|25|12|47|45|4|N
11|6|3131|C|2|0|U|625|20|4|80|E1106|84|60|48|4|23|60|55|60|77|3|0|0|0|0|0|0|5|7|402|192|143|55|2024|4|25|10|43|0|4|N
11|6|3150|C|2|0|U|680|20|4|80|E1106|100|101|118|0|0|8|136|14|0|1|14|0|0|0|10|0|3|6|411|234|32|136|2024|4|25|14|17|59|4|N
11|10|1188|C|1|0|U|706|18|20|84|E1110|37|14|2|18|0|18|98|344|0|1|33|1|0|0|0|0|5|4|538|69|362|98|2024|4|25|14|14|26|4|N
11|10|2298|C|1|0|U|400|28|13|84|E1110|85|61|5|47|34|7|84|21|0|15|0|0|0|0|0|0|4|11|289|128|62|84|2024|4|25|14|14|18|4|N
11|10|2299|B|1|0|U|437|28|13|84|E1110|85|20|22|0|2|9|35|25|3|21|0|34|0|0|0|0|4|7|182|100|36|35|2024|4|25|14|12|10|4|N
11|11|1585|C|3|0|U|718|20|21|85|E1111|76|4|88|8|0|50|119|123|0|23|22|29|0|0|27|0|3|11|507|174|200|119|2024|4|25|14|3|17|4|N
11|11|1603|C|1|0|U|637|20|6|85|E1111|131|13|160|1|1|30|56|15|9|5|1|40|0|0|0|0|3|9|343|229|46|56|2024|4|25|14|9|59|4|N
11|11|3245|B|1|0|U|650|20|21|85|E1111|28|10|77|0|0|0|261|43|2|100|28|19|0|0|0|0|3|4|547|236|43|261|2024|4|25|14|12|15|4|N
11|12|343|C|4|0|U|739|7|16|86|E1112|26|34|113|1|0|33|156|125|3|20|5|8|0|0|15|0|1|7|521|184|173|156|2024|4|25|13|38|4|4|N
11|12|352|C|2|0|U|674|7|16|86|E1112|51|16|36|69|25|10|124|21|0|3|7|4|0|0|55|47|4|1|422|135|158|124|2024|4|25|14|5|51|4|N
11|12|471|B|1|0|U|719|7|15|86|E1112|103|9|122|0|12|20|128|84|35|5|10|2|0|0|5|0|0|2|434|183|121|128|2024|4|25|13|17|22|4|N
11|12|490|B|1|0|U|720|7|15|86|E1112|98|21|21|5|8|30|336|125|0|16|33|4|0|0|0|5|0|11|615|100|168|336|2024|4|25|14|4|54|4|N
11|12|3251|C|1|0|U|708|7|16|86|E1112|7|26|0|6|4|5|163|16|0|115|1|93|0|0|0|18|2|8|457|241|43|163|2024|4|25|14|13|2|4|N
11|13|21|C|1|0|R|645|1|19|87|E1113|15|5|32|0|4|25|296|45|44|2|5|0|0|0|0|0|5|1|464|88|74|296|2024|4|25|14|17|21|1|N
11|13|37|B|1|0|R|581|1|19|87|E1113|24|2|70|0|7|10|202|12|2|1|64|0|0|0|0|0|3|9|382|139|29|202|2024|4|25|14|14|23|1|N
11|13|2016|B|1|0|U|433|23|18|87|E1113|69|37|5|0|1|47|146|20|1|27|2|18|0|0|0|36|5|12|357|90|104|146|2024|4|25|14|14|56|4|N
11|14|84|C|1|0|U|746|2|22|88|E1114|18|16|59|0|0|2|379|47|0|5|59|0|0|0|0|0|0|9|576|139|49|379|2024|4|25|14|14|20|4|N
11|14|110|B|1|0|U|659|2|22|88|E1114|28|0|62|2|8|49|109|166|2|1|0|4|0|0|0|0|4|9|416|71|223|109|2024|4|25|14|15|23|4|N
11|14|259|B|1|0|U|674|4|22|88|E1114|65|13|55|22|0|50|157|102|9|0|12|0|0|0|9|0|5|5|439|111|161|157|2024|4|25|10|43|4|4|N
11|14|1222|B|1|0|U|595|19|22|88|E1114|123|72|63|0|0|9|226|30|0|1|1|20|0|0|0|0|1|1|424|157|39|226|2024|4|25|12|20|18|4|N
12|1|975|B|1|0|R|499|22|17|90|E1201|57|75|19|100|0|0|115|9|53|0|0|0|1|0|0|31|4|2|409|247|41|115|2024|4|25|14|13|48|4|N
12|1|1071|B|1|0|U|376|27|18|90|E1201|66|2|2|25|4|0|104|28|0|0|0|0|5|0|0|0|5|11|186|29|37|104|2024|4|25|14|16|22|4|N
12|1|2137|B|1|0|U|656|56|21|90|E1201|123|28|46|61|14|0|145|247|0|0|0|0|2|2|0|2|4|7|558|135|267|145|2024|4|25|14|6|4|4|N
12|2|115|B|1|0|M|570|1|9|91|E1202|1|74|0|0|2|0|3|83|12|0|0|3|0|0|0|0|0|0|177|89|85|3|2024|4|25|14|12|7|1|N
12|2|118|B|1|0|U|568|1|9|91|E1202|5|107|7|17|0|0|221|31|0|0|0|0|0|0|0|0|5|1|389|131|31|221|2024|4|25|14|2|26|4|N
12|2|135|C|3|0|M|617|1|9|91|E1202|8|29|26|81|41|1|164|7|0|0|0|0|1|0|0|112|4|0|466|136|162|164|2024|4|25|14|16|17|1|N
12|2|212|C|1|0|U|664|1|6|91|E1202|40|66|59|18|0|0|205|107|0|0|0|0|17|0|0|7|2|2|483|143|131|205|2024|4|25|13|38|6|4|N
12|2|282|B|1|0|U|533|1|6|91|E1202|55|52|20|3|46|0|182|38|0|0|0|0|0|0|0|6|2|6|355|75|90|182|2024|4|25|14|12|10|4|N
12|2|304|B|1|0|U|647|1|3|91|E1202|118|22|17|29|11|0|191|126|0|0|0|0|4|0|0|4|5|9|418|68|145|191|2024|4|25|14|10|4|4|N
12|3|610|C|1|0|U|621|11|10|92|E1203|11|13|79|30|13|0|214|51|0|0|0|0|0|7|0|3|2|9|421|122|74|214|2024|4|25|14|7|39|4|N
12|3|1875|B|1|0|M|578|49|11|92|E1203|112|21|35|24|36|9|168|9|0|0|0|0|3|0|0|11|3|12|331|80|68|168|2024|4|25|14|14|14|4|N
12|3|1875|C|2|0|M|578|49|11|92|E1203|112|41|10|26|6|133|124|81|0|0|0|0|3|0|0|3|0|10|437|77|226|124|2024|4|25|14|11|45|4|N
12|4|111|C|2|0|U|607|1|5|93|E1204|106|3|23|45|22|5|79|50|0|0|0|0|4|0|0|2|3|4|240|71|83|79|2024|4|25|14|7|49|4|N
12|4|111|C|3|0|U|607|1|5|93|E1204|106|19|9|72|4|0|144|64|0|0|0|0|0|6|0|1|3|12|334|100|75|144|2024|4|25|13|56|7|4|N
12|4|141|B|1|0|U|528|1|5|93|E1204|100|12|0|121|39|0|69|22|0|0|0|0|3|0|0|16|3|12|297|133|80|69|2024|4|25|10|23|53|4|N
12|5|391|B|1|0|R|496|2|26|94|E1205|25|58|0|75|1|0|119|31|0|0|0|0|0|0|0|23|3|10|320|133|55|119|2024|4|25|11|17|14|4|N
12|6|1157|B|1|0|U|635|28|25|95|E1206|36|158|17|13|9|7|117|87|0|0|0|0|0|0|0|65|0|10|483|188|168|117|2024|4|25|14|14|10|4|N
12|6|1495|C|2|0|U|634|36|22|95|E1206|86|21|15|12|41|0|133|206|0|3|0|0|1|0|0|4|3|7|446|51|252|133|2024|4|25|14|7|7|4|N
12|7|1204|C|10|0|U|713|29|1|96|E1207|3|79|7|23|6|7|300|8|0|0|0|0|0|0|0|82|1|9|522|109|103|300|2024|4|25|14|8|12|1|N
12|7|1238|C|2|0|U|559|29|1|96|E1207|47|124|1|38|40|2|144|97|0|0|0|0|1|0|0|1|1|6|455|163|141|144|2024|4|25|14|6|0|4|N
12|8|1818|B|1|0|M|649|47|16|97|E1208|119|23|5|80|13|0|163|14|179|0|0|0|1|0|0|50|0|2|530|287|78|163|2024|4|25|14|8|55|1|N
12|8|2511|B|1|0|R|471|63|16|97|E1208|157|56|2|9|1|1|117|137|0|0|1|0|0|0|0|3|3|12|342|68|142|117|2024|4|25|14|14|57|1|N
13|1|162|C|3|0|M|641|10|3|98|E1301|1|109|6|31|2|0|171|28|0|0|0|0|0|0|0|0|1|1|349|146|30|171|2024|4|25|14|15|51|1|N
13|1|467|C|1|0|U|637|28|4|98|E1301|39|111|7|24|15|0|68|10|0|13|58|0|3|0|0|0|2|8|319|213|28|68|2024|4|25|14|7|8|4|N
13|2|554|B|1|0|U|683|30|5|99|E1302|58|63|2|15|0|0|118|69|0|3|19|0|16|0|0|0|0|7|312|102|85|118|2024|4|25|12|25|20|4|N
13|4|10|B|1|0|R|662|1|9|101|E1304|1|65|5|52|0|32|188|14|0|33|2|0|3|0|0|0|3|7|404|157|49|188|2024|4|25|14|9|18|1|N
13|4|1520|B|1|0|U|593|76|11|101|E1304|126|8|0|17|2|0|261|67|0|0|6|0|4|22|0|0|4|11|402|31|95|261|2024|4|25|14|8|33|4|N
13|4|1867|B|1|0|U|474|76|11|101|E1304|128|58|17|1|3|0|91|57|0|1|2|0|4|0|0|0|3|0|237|79|64|91|2024|4|25|14|9|22|4|N
13|5|1316|C|1|0|U|657|66|6|102|E1305|98|115|36|9|22|0|126|138|0|0|5|0|3|0|0|0|2|4|460|165|163|126|2024|4|25|14|17|14|1|N
13|6|905|B|1|0|U|537|47|13|103|E1306|24|25|1|18|16|0|133|27|0|0|54|0|4|22|0|0|0|7|307|98|69|133|2024|4|25|14|6|3|4|N
14|2|508|C|1|0|M|659|36|2|106|E1402|2|37|0|126|9|1|179|30|0|1|0|0|0|70|0|51|1|4|509|164|161|179|2024|4|25|14|14|8|1|N
14|2|1712|C|1|0|U|445|55|2|106|E1402|28|47|10|40|1|0|130|43|0|0|0|0|0|5|3|15|2|2|298|97|67|130|2024|4|25|14|10|52|4|N
14|3|2346|C|2|0|U|567|94|3|107|E1403|66|57|3|69|0|0|134|52|0|0|0|0|0|15|15|23|2|10|380|129|105|134|2024|4|25|14|17|11|4|N
14|3|2856|C|1|0|M|660|117|3|107|E1403|124|4|5|2|2|2|81|3|0|0|3|6|0|6|0|0|0|0|114|20|13|81|2024|4|25|14|15|1|4|N
14|3|2870|B|1|0|U|681|118|3|107|E1403|131|92|11|55|20|0|79|0|0|0|76|0|0|0|7|8|2|4|354|234|35|79|2024|4|25|14|13|53|4|N
14|3|3266|C|2|0|M|567|123|3|107|E1403|54|39|1|86|33|0|171|111|0|10|0|0|0|0|8|19|2|12|492|136|171|171|2024|4|25|14|9|17|4|N
14|3|3289|C|4|0|M|646|124|3|107|E1403|38|111|63|36|3|0|261|62|0|27|1|0|0|0|0|1|4|11|580|238|66|261|2024|4|25|11|11|52|4|N
14|3|3289|C|6|0|M|645|124|3|107|E1403|38|168|0|17|0|8|221|56|0|0|0|0|0|7|0|19|4|7|507|185|90|221|2024|4|25|11|17|30|4|N
14|3|3357|B|1|0|R|531|125|3|107|E1403|140|95|29|23|13|0|46|21|0|0|0|0|0|23|10|51|2|2|315|147|118|46|2024|4|25|13|27|54|4|N
14|4|2919|B|1|0|U|575|120|4|108|E1404|125|48|9|29|8|0|35|11|0|5|0|0|0|14|0|58|0|3|220|91|91|35|2024|4|25|14|17|23|4|N
14|4|2949|C|5|0|U|649|120|4|108|E1404|99|61|43|56|0|0|98|38|0|0|0|0|0|32|16|22|3|1|370|160|108|98|2024|4|25|14|2|1|4|N
14|4|2993|C|5|0|U|722|120|4|108|E1404|15|159|23|62|75|2|106|29|0|0|0|0|0|95|9|15|2|8|585|244|225|106|2024|4|25|14|15|52|4|N
14|4|3009|C|3|0|U|686|120|4|108|E1404|25|87|12|37|64|0|70|27|0|40|1|0|0|6|24|104|2|10|484|177|225|70|2024|4|25|13|56|25|4|N
14|4|3014|C|2|0|U|710|120|4|108|E1404|20|28|10|216|0|13|132|3|0|21|0|0|0|7|148|0|5|0|583|275|171|132|2024|4|25|14|13|27|1|N
14|6|3793|B|1|0|U|606|120|6|110|E1406|100|150|2|7|20|52|142|9|0|2|2|0|2|24|58|39|4|11|524|163|204|142|2024|4|25|13|55|17|4|N
14|7|3712|C|3|0|U|637|102|7|111|E1407|65|11|30|55|5|0|155|55|0|0|0|0|0|7|0|77|2|6|403|96|144|155|2024|4|25|14|10|4|1|N
14|8|793|B|1|0|U|722|41|8|112|E1408|144|96|13|157|0|0|102|15|0|12|55|0|0|16|1|3|2|0|472|333|35|102|2024|4|25|14|17|37|4|N
14|8|804|C|1|0|U|619|41|8|112|E1408|92|21|24|1|11|2|164|39|0|0|0|0|0|36|0|62|2|6|368|46|150|164|2024|4|25|10|6|57|4|N
14|9|634|B|1|0|U|494|41|9|113|E1409|116|117|14|32|12|0|143|23|0|0|0|0|7|3|0|103|5|0|459|163|148|143|2024|4|25|12|48|19|4|N
14|9|1222|B|1|0|U|476|41|9|113|E1409|55|23|5|22|19|0|79|98|0|8|0|0|0|1|10|34|5|9|313|58|162|79|2024|4|25|12|38|34|4|N
14|9|1326|C|1|0|U|647|41|9|113|E1409|110|102|0|59|1|0|91|27|0|0|0|0|1|58|1|19|4|5|368|161|107|91|2024|4|25|14|17|38|4|N
14|11|740|C|1|0|U|457|41|11|115|E1411|44|32|7|15|50|0|94|46|0|1|0|0|0|3|0|20|4|9|281|55|119|94|2024|4|25|14|10|11|4|N
14|11|1395|C|2|0|U|505|41|11|115|E1411|57|40|7|12|0|0|169|91|0|0|0|0|0|24|13|28|1|11|396|59|156|169|2024|4|25|14|3|26|4|N
14|11|1451|B|1|0|U|683|41|11|115|E1411|139|208|7|9|45|0|32|25|0|0|0|0|0|29|0|26|1|10|392|224|125|32|2024|4|25|14|4|55|4|N
14|11|1484|C|4|0|U|736|41|11|115|E1411|167|34|46|34|4|0|226|124|0|0|0|0|1|3|4|56|4|1|537|114|192|226|2024|4|25|14|10|12|4|N
14|11|1502|B|1|0|U|601|41|11|115|E1411|162|33|1|45|53|0|108|62|0|0|0|0|0|1|0|10|2|7|322|79|126|108|2024|4|25|14|3|0|4|N
14|11|1506|B|1|0|U|612|41|11|115|E1411|162|52|10|5|1|0|139|42|0|13|0|0|0|63|14|91|2|0|432|80|211|139|2024|4|25|14|5|38|4|N
14|12|3388|C|1|0|U|506|98|12|116|E1412|87|185|1|23|0|0|37|50|0|0|0|0|0|25|2|12|2|7|344|209|89|37|2024|4|25|12|9|51|4|N
14|12|3643|B|1|0|U|724|120|12|116|E1412|25|101|11|3|7|0|117|110|0|0|0|0|0|5|3|174|1|2|534|115|299|117|2024|4|25|14|2|38|4|N
14|13|2596|C|2|0|U|728|99|13|117|E1413|92|58|12|153|16|5|96|144|0|31|0|0|0|0|8|57|1|3|584|254|230|96|2024|4|25|14|10|45|4|N
14|13|2614|B|1|0|U|706|99|13|117|E1413|113|75|106|20|22|1|67|66|0|58|0|0|0|2|1|70|0|6|494|259|162|67|2024|4|25|14|9|59|4|N
14|13|3323|B|1|0|U|553|99|13|117|E1413|55|155|4|28|30|0|21|13|0|0|1|0|0|7|40|20|4|6|329|188|110|21|2024|4|25|14|17|42|4|N
14|15|1643|C|1|0|U|637|49|15|119|E1415|139|3|9|11|9|0|9|7|0|13|9|0|0|3|0|12|1|8|94|45|31|9|2024|4|25|13|35|47|4|N
14|15|2146|B|1|0|R|180|80|15|119|E1415|51|42|3|2|0|0|53|2|0|0|0|0|0|4|0|14|4|9|133|47|20|53|2024|4|25|14|15|28|4|N
14|16|2482|B|1|0|U|642|99|16|120|E1416|8|61|3|27|4|8|153|18|0|0|0|0|0|6|0|19|4|12|315|91|55|153|2024|4|25|14|11|22|4|N
14|16|2483|C|1|0|U|745|99|16|120|E1416|7|137|1|91|0|0|110|15|0|4|0|0|0|66|85|89|5|0|603|233|255|110|2024|4|25|14|16|0|4|N
14|16|2489|B|1|0|U|519|99|16|120|E1416|16|123|3|32|3|7|116|61|0|4|0|0|18|4|9|44|5|9|438|162|146|116|2024|4|25|14|6|24|4|N
14|16|2566|C|1|0|U|674|99|16|120|E1416|76|33|69|38|94|0|238|35|0|0|0|0|0|31|2|4|2|11|557|140|166|238|2024|4|25|14|4|26|4|N
14|16|2567|C|10|0|U|733|99|16|120|E1416|80|155|0|59|2|1|166|6|0|9|0|0|0|111|0|53|2|5|569|223|173|166|2024|4|25|14|6|54|4|N
14|19|351|B|1|0|U|543|23|19|123|E1419|18|70|5|65|4|0|24|68|0|0|0|0|0|34|0|28|3|0|301|140|134|24|2024|4|25|14|8|6|4|N
14|19|355|C|1|0|U|637|23|19|123|E1419|16|117|45|9|1|0|118|90|0|0|9|0|0|55|0|16|2|1|463|180|162|118|2024|4|25|14|4|40|2|N
14|19|2337|B|1|0|R|505|93|19|123|E1419|126|89|61|68|65|11|77|4|0|0|0|0|0|1|1|10|3|0|390|218|92|77|2024|4|25|14|12|22|1|N
15|4|3751|C|5|0|U|695|61|44|128|E1504|68|28|49|0|74|52|146|53|62|0|0|2|0|0|0|0|4|6|476|141|179|146|2024|4|25|14|7|5|1|N
15|4|3781|B|1|0|U|670|61|44|128|E1504|105|44|32|3|26|34|37|26|62|0|0|26|0|0|0|0|3|2|295|167|86|37|2024|4|25|14|14|1|4|N
15|7|761|C|1|0|U|732|25|43|131|E1507|57|17|16|0|125|5|214|83|100|0|1|0|0|0|5|0|1|4|571|134|218|214|2024|4|25|14|4|2|4|N
15|7|804|B|1|0|U|636|25|43|131|E1507|39|20|38|19|106|5|34|153|60|2|0|0|0|0|7|0|1|4|449|139|271|34|2024|4|25|14|2|17|4|N
15|12|2099|B|1|0|U|673|40|40|136|E1512|27|33|63|0|150|62|81|101|7|0|0|17|0|0|0|0|1|10|525|120|313|81|2024|4|25|14|16|50|1|N
15|12|2144|C|1|0|U|725|40|40|136|E1512|96|57|1|12|61|23|117|192|116|1|0|0|0|0|2|0|5|9|596|187|278|117|2024|4|25|14|3|39|4|N
15|12|6063|C|1|0|U|517|40|40|136|E1512|50|60|4|0|50|7|129|17|138|21|0|0|0|0|0|0|1|6|433|223|74|129|2024|4|25|14|16|32|4|N
15|12|6064|C|1|0|U|521|40|40|136|E1512|49|0|12|0|63|0|64|12|10|0|0|0|0|0|0|0|2|12|175|22|75|64|2024|4|25|14|3|7|4|N
15|12|6126|C|2|0|U|620|40|40|136|E1512|116|85|61|0|36|19|170|6|59|0|0|0|0|0|12|0|1|8|457|205|73|170|2024|4|25|14|5|57|4|N
15|13|1597|C|1|0|U|594|34|8|137|E1513|98|76|30|0|15|15|52|38|38|2|0|0|0|0|10|0|0|11|287|146|78|52|2024|4|25|11|54|40|4|N
15|13|1661|B|1|0|U|597|34|42|137|E1513|139|60|49|56|3|70|127|72|37|0|0|10|0|0|0|0|1|12|497|212|145|127|2024|4|25|14|17|23|4|N
15|13|1862|C|7|0|U|701|34|8|137|E1513|32|181|61|21|11|0|106|29|53|0|0|2|0|0|1|0|1|8|474|318|41|106|2024|4|25|14|17|19|4|N
15|13|1865|C|1|0|U|581|34|8|137|E1513|17|74|53|0|51|7|64|72|104|0|0|4|0|0|7|0|0|6|442|235|137|64|2024|4|25|14|8|24|4|N
15|13|1881|C|1|0|U|665|34|8|137|E1513|29|182|54|41|11|1|83|40|35|0|0|0|0|0|2|0|2|11|462|312|54|83|2024|4|25|14|7|38|4|N
15|14|49|C|2|0|U|672|2|39|138|E1514|24|39|49|0|83|8|142|92|3|0|0|0|0|0|0|0|4|1|421|91|183|142|2024|4|25|14|11|37|4|N
15|14|3823|C|1|0|U|564|62|33|138|E1514|90|23|9|1|12|21|92|154|77|0|0|7|0|0|0|0|1|7|404|117|187|92|2024|4|25|14|5|9|4|N
15|14|3940|C|3|0|U|606|70|23|138|E1514|104|62|46|0|4|47|65|53|129|0|0|0|0|0|0|0|1|6|413|237|104|65|2024|4|25|14|17|34|4|N
15|14|6703|C|1|0|U|711|2|39|138|E1514|9|7|8|0|23|68|234|119|88|0|0|0|0|0|0|0|0|4|551|103|210|234|2024|4|25|14|1|39|4|N
15|14|6703|C|3|0|U|710|2|39|138|E1514|9|24|71|0|12|17|220|113|92|0|0|0|0|0|0|0|3|5|557|187|142|220|2024|4|25|14|4|7|4|N
15|15|255|C|3|0|U|632|13|26|139|E1515|1|8|15|5|28|4|72|180|11|0|0|5|0|20|1|0|5|0|354|44|233|72|2024|4|25|14|17|13|4|N
15|15|273|C|2|0|U|665|13|16|139|E1515|51|1|23|24|17|8|178|186|50|0|0|0|0|0|2|0|4|4|497|98|213|178|2024|4|25|14|16|43|4|N
15|15|317|C|1|0|U|718|13|26|139|E1515|31|7|1|0|53|0|182|36|94|0|0|6|0|0|0|0|0|8|387|108|89|182|2024|4|25|14|16|39|4|N
15|15|348|C|2|0|U|588|13|26|139|E1515|43|121|47|12|42|0|61|60|81|0|0|0|0|0|0|0|5|6|435|261|102|61|2024|4|25|14|16|58|4|N
15|15|364|C|1|0|U|693|13|16|139|E1515|105|52|36|0|192|17|63|18|1|0|0|3|0|0|0|0|2|6|390|92|227|63|2024|4|25|14|16|58|1|N
15|15|366|C|2|0|U|627|13|26|139|E1515|45|118|3|0|36|1|178|119|35|0|0|1|0|0|0|0|4|12|507|157|156|178|2024|4|25|14|17|28|4|N
15|15|6607|C|1|0|U|646|13|16|139|E1515|69|0|6|0|16|0|124|122|86|0|0|0|0|0|0|0|1|12|367|92|138|124|2024|4|25|14|17|22|4|N
15|16|1377|C|1|0|U|694|34|37|140|E1516|5|36|16|35|19|1|116|56|87|0|0|0|0|0|12|0|5|12|395|174|88|116|2024|4|25|14|3|16|4|N
15|16|1651|B|1|0|U|496|34|42|140|E1516|40|29|48|5|22|0|146|101|3|0|0|0|0|0|32|0|5|2|393|85|155|146|2024|4|25|14|15|30|4|N
15|18|2000|C|4|0|U|647|38|17|142|E1518|13|4|23|3|68|55|119|141|9|0|0|0|0|0|25|0|4|2|453|39|289|119|2024|4|25|14|1|40|4|N
15|18|2034|C|2|0|U|686|38|17|142|E1518|41|35|75|0|5|1|90|92|210|2|0|2|0|0|0|1|3|6|522|324|99|90|2024|4|25|14|14|38|4|N
15|18|2066|B|1|0|R|665|38|17|142|E1518|64|39|57|46|90|108|148|49|3|0|0|0|0|11|1|0|5|7|564|145|259|148|2024|4|25|14|17|14|4|N
15|18|3904|C|3|0|U|698|68|45|142|E1518|101|18|105|0|1|0|135|110|41|0|0|0|0|0|0|0|4|3|417|164|111|135|2024|4|25|14|4|1|4|N
15|18|5798|C|1|0|R|699|116|4|142|E1518|131|17|19|0|36|22|42|243|54|0|0|0|0|0|0|0|3|10|446|90|301|42|2024|4|25|14|16|33|4|N
15|19|4904|B|1|0|U|416|105|18|143|E1519|72|38|12|4|3|23|118|77|29|0|0|1|0|0|0|0|2|11|318|84|103|118|2024|4|25|14|4|17|4|N
15|19|4917|B|1|0|U|510|105|18|143|E1519|53|8|13|0|137|13|143|97|12|0|0|1|0|0|0|0|1|8|433|34|247|143|2024|4|25|14|15|44|4|N
15|19|4923|C|1|0|U|677|105|18|143|E1519|52|15|127|0|30|0|225|33|31|4|0|0|0|0|5|0|0|7|477|177|68|225|2024|4|25|14|2|14|4|N
15|19|4930|C|2|0|U|506|105|18|143|E1519|94|3|30|0|137|17|113|88|7|0|0|0|0|0|24|0|3|3|425|40|266|113|2024|4|25|14|12|13|1|N
15|19|4953|C|1|0|U|523|105|18|143|E1519|110|21|14|0|131|9|74|63|58|0|0|35|0|0|0|0|1|7|413|128|203|74|2024|4|25|14|4|4|4|N
15|19|5012|B|1|0|U|740|105|18|143|E1519|41|5|85|2|21|5|169|129|38|0|0|11|0|0|0|0|5|7|477|141|155|169|2024|4|25|14|6|28|4|N
15|19|5035|C|1|0|U|716|105|18|143|E1519|113|95|123|5|34|3|140|54|6|0|0|0|0|0|2|0|5|5|472|229|93|140|2024|4|25|14|4|31|4|N
15|19|5056|C|1|0|U|640|105|18|143|E1519|4|0|48|0|8|18|121|90|60|0|0|150|0|0|0|0|4|10|509|258|116|121|2024|4|25|14|15|8|4|N
15|19|5066|C|3|0|U|652|105|18|143|E1519|116|5|100|0|15|4|142|36|13|0|0|0|0|3|0|4|2|5|329|118|62|142|2024|4|25|14|3|51|4|N
15|19|5091|C|1|0|U|627|105|18|143|E1519|12|26|58|0|13|41|223|19|50|0|0|0|0|0|2|0|1|0|433|134|75|223|2024|4|25|14|4|50|4|N
15|20|3039|C|1|0|U|684|59|22|144|E1520|8|2|26|0|85|31|46|206|217|4|0|16|0|0|1|0|0|3|637|265|323|46|2024|4|25|14|7|43|4|N
15|20|3045|C|5|0|R|693|59|22|144|E1520|6|83|44|0|87|0|69|23|101|0|0|0|0|0|7|0|2|1|417|228|117|69|2024|4|25|14|17|46|1|N
15|20|6265|C|2|0|U|709|82|22|144|E1520|52|11|52|10|88|29|57|61|36|1|0|0|0|0|0|0|3|6|354|110|178|57|2024|4|25|14|6|43|4|N
15|20|6307|B|1|0|U|585|82|22|144|E1520|76|2|58|0|5|21|216|44|6|0|0|0|0|0|0|0|4|2|358|66|70|216|2024|4|25|14|6|39|4|N
15|20|6552|C|2|0|U|734|82|22|144|E1520|35|55|39|52|1|1|199|71|27|0|0|1|0|0|10|0|1|4|461|174|83|199|2024|4|25|14|9|31|4|N
15|20|6572|B|1|0|U|652|82|22|144|E1520|48|15|44|0|24|6|161|71|31|0|0|0|0|0|0|0|1|0|353|90|101|161|2024|4|25|14|5|30|4|N
15|21|3930|C|1|0|U|683|69|28|145|E1521|89|6|23|0|0|31|120|38|154|0|0|3|0|0|0|0|2|3|380|186|69|120|2024|4|25|14|17|44|4|N
15|21|4739|B|1|0|U|622|104|28|145|E1521|50|1|3|0|11|10|71|125|27|1|0|48|0|0|0|0|3|10|310|80|146|71|2024|4|25|14|17|29|4|N
15|22|382|B|1|0|U|684|13|16|146|E1522|6|1|114|0|91|3|140|81|0|1|0|0|0|0|1|0|0|8|440|116|176|140|2024|4|25|14|4|31|1|N
15|22|409|B|1|0|U|599|13|16|146|E1522|15|22|41|4|60|0|121|76|27|0|0|28|0|0|0|0|1|12|392|122|136|121|2024|4|25|14|9|21|4|N
15|22|410|C|1|0|U|645|13|16|146|E1522|11|48|52|12|48|13|152|41|160|0|0|0|2|0|13|0|4|1|546|272|117|152|2024|4|25|14|6|23|1|N
15|22|410|C|3|0|U|644|13|16|146|E1522|11|11|68|2|21|1|116|67|29|0|0|0|0|0|22|0|0|7|344|110|111|116|2024|4|25|14|11|22|1|N
15|22|412|B|1|0|U|644|13|16|146|E1522|19|21|59|0|23|9|89|63|33|0|0|0|0|0|8|0|0|9|314|113|103|89|2024|4|25|14|17|8|4|N
15|22|2767|C|2|0|U|506|58|32|146|E1522|109|2|39|0|1|21|166|113|24|0|0|7|0|0|39|0|1|6|419|72|174|166|2024|4|25|14|4|46|4|N
15|22|2773|C|3|0|U|720|58|32|146|E1522|114|4|74|0|3|4|91|135|116|0|0|3|0|0|0|0|4|4|438|197|142|91|2024|4|25|14|4|23|4|N
15|22|2795|C|1|0|U|437|58|32|146|E1522|84|11|59|0|55|0|50|47|3|1|0|0|0|0|0|0|3|11|240|74|102|50|2024|4|25|14|17|19|4|N
15|22|2810|B|1|0|U|595|58|32|146|E1522|87|3|56|0|33|80|12|15|47|12|0|0|0|0|0|0|3|8|269|118|128|12|2024|4|25|14|3|41|4|N
15|22|2830|B|1|0|U|545|58|32|146|E1522|81|0|35|0|7|3|44|166|1|0|0|0|0|0|0|0|4|10|270|36|176|44|2024|4|25|14|7|20|4|N
15|22|2837|B|1|0|U|669|58|32|146|E1522|149|35|103|0|7|2|87|44|4|0|0|0|0|0|6|0|4|1|293|142|59|87|2024|4|25|14|2|34|4|N
15|22|2839|B|1|0|U|563|58|32|146|E1522|147|36|8|14|54|0|78|117|18|0|0|0|0|0|5|0|4|12|346|76|176|78|2024|4|25|14|11|9|4|N
15|22|2858|B|1|0|U|449|58|30|146|E1522|24|0|2|0|19|13|64|159|35|0|0|0|0|0|17|0|2|10|321|37|208|64|2024|4|25|14|12|33|1|N
15|22|2892|C|1|0|U|638|58|32|146|E1522|104|36|18|0|63|1|94|134|41|0|18|0|0|0|0|0|4|0|409|113|198|94|2024|4|25|14|7|32|4|N
15|23|3833|C|1|0|U|733|63|4|147|E1523|51|1|16|5|24|0|74|273|6|0|0|1|0|0|9|0|0|5|414|29|306|74|2024|4|25|14|3|6|4|N
15|24|2617|C|1|0|U|432|58|30|148|E1524|68|35|8|0|45|5|83|71|44|0|0|0|0|0|0|0|5|2|298|87|121|83|2024|4|25|14|7|17|4|N
15|24|2663|C|1|0|U|719|58|30|148|E1524|100|2|20|13|36|3|195|51|52|0|0|0|0|0|0|0|4|3|379|87|90|195|2024|4|25|14|17|25|1|N
15|24|2987|C|1|0|U|678|58|30|148|E1524|86|37|3|0|21|8|66|58|141|0|0|0|0|0|4|0|1|3|342|181|91|66|2024|4|25|14|10|12|4|N
15|24|3010|B|1|0|U|547|58|32|148|E1524|14|0|135|1|22|19|25|88|44|0|0|0|0|0|6|0|4|0|344|180|135|25|2024|4|25|12|22|28|4|N
15|25|1275|C|4|0|U|712|32|3|149|E1525|110|23|174|13|23|7|189|85|44|0|0|0|0|0|1|0|2|2|563|254|116|189|2024|4|25|14|4|13|4|N
15|25|1275|C|11|0|U|712|32|3|149|E1525|111|2|65|7|12|2|191|148|152|1|0|1|0|0|1|0|4|9|595|228|163|191|2024|4|25|14|8|34|4|N
15|27|2490|C|8|0|U|700|55|35|151|E1527|43|112|43|0|22|9|184|45|34|0|0|3|0|0|0|0|3|1|456|192|76|184|2024|4|25|14|4|12|4|N
15|27|2492|B|1|0|U|701|55|35|151|E1527|45|0|43|1|38|1|232|156|20|0|0|26|0|0|0|0|2|6|525|90|195|232|2024|4|25|14|2|53|4|N
15|27|4126|C|1|0|U|706|77|35|151|E1527|116|0|44|132|15|4|57|74|21|0|0|7|0|0|3|0|1|12|370|204|96|57|2024|4|25|14|8|35|4|N
15|29|3098|C|2|0|U|650|60|25|153|E1529|7|31|8|0|35|0|169|73|59|0|0|0|0|0|0|0|2|9|386|98|108|169|2024|4|25|14|12|0|4|N
15|29|3237|C|2|0|U|585|60|24|153|E1529|74|8|81|67|12|15|38|144|25|0|0|0|0|0|45|0|2|12|449|181|216|38|2024|4|25|14|5|8|4|N
15|29|3357|C|2|0|U|506|60|25|153|E1529|131|24|67|0|44|16|30|99|10|0|0|10|13|0|1|0|2|3|319|111|173|30|2024|4|25|14|3|58|4|N
15|29|3367|C|1|0|U|454|60|25|153|E1529|132|9|22|0|5|0|165|41|58|0|0|13|0|0|0|0|2|4|319|102|46|165|2024|4|25|14|9|49|4|N
15|29|3389|B|1|0|U|620|60|25|153|E1529|47|11|11|0|9|23|23|94|91|0|0|2|0|0|3|0|3|10|280|115|129|23|2024|4|25|14|2|6|4|N
15|29|3500|B|1|0|U|580|60|25|153|E1529|24|21|17|57|55|16|70|44|170|0|12|0|0|0|21|0|2|0|485|277|136|70|2024|4|25|14|5|3|4|N
15|31|1263|C|2|0|U|586|60|41|155|E1531|94|17|55|0|69|60|184|17|31|0|0|0|0|0|7|0|1|1|442|103|153|184|2024|4|25|13|59|2|4|N
15|31|3466|B|1|0|U|678|60|25|155|E1531|16|0|58|43|2|1|66|107|54|0|0|0|0|0|1|0|0|4|336|155|111|66|2024|4|25|14|12|56|4|N
15|32|946|C|1|0|U|732|122|27|156|E1532|38|12|28|2|5|7|98|150|90|0|0|0|0|0|111|0|3|0|506|132|273|98|2024|4|25|14|16|34|4|N
15|32|2120|C|1|0|U|736|122|27|156|E1532|8|110|5|16|1|12|114|115|25|0|0|0|0|0|14|0|4|12|428|156|142|114|2024|4|25|14|17|12|1|N
15|34|5296|C|2|0|U|724|107|2|158|E1534|21|50|91|0|89|18|150|48|177|0|0|18|0|0|1|0|5|0|647|336|156|150|2024|4|25|14|6|52|1|N
15|37|1957|E|1|12|U|693|36|12|161|E1537|20|37|4|2|169|0|57|79|77|1|0|14|0|0|21|0|4|0|465|135|269|57|2024|4|25|14|6|4|4|N
15|38|4655|C|2|0|U|727|100|23|162|E1538|61|48|148|0|61|26|123|93|47|0|0|0|0|0|20|0|0|6|572|243|200|123|2024|4|25|14|17|1|4|N
16|1|826|C|1|0|U|672|50|24|165|E1601|84|163|22|1|12|0|104|89|0|0|1|5|0|0|0|0|1|3|401|192|101|104|2024|4|25|14|15|23|4|N
16|1|2755|C|3|0|U|669|50|24|165|E1601|104|23|7|51|55|3|80|120|0|39|29|0|0|0|0|0|5|11|423|149|178|80|2024|4|25|14|8|48|4|N
16|3|1831|C|1|0|R|451|81|3|167|E1603|54|46|13|4|52|0|34|55|0|13|3|0|0|0|0|0|2|4|226|79|107|34|2024|4|25|14|17|25|4|N
16|3|2026|B|1|0|M|645|94|3|167|E1603|46|47|29|23|48|0|271|36|0|1|23|0|0|0|0|0|5|0|483|123|84|271|2024|4|25|14|17|37|4|N
16|4|1680|C|2|0|U|529|75|4|168|E1604|32|40|4|0|0|0|119|102|0|0|4|3|0|0|0|0|0|7|279|51|102|119|2024|4|25|13|56|53|4|N
16|4|1730|B|1|0|U|665|77|4|168|E1604|48|19|4|148|14|0|42|177|0|3|5|0|0|4|0|0|0|9|425|179|195|42|2024|4|25|13|14|44|4|N
16|5|1943|B|1|0|U|441|87|1|169|E1605|3|58|43|2|4|0|33|43|0|42|12|0|0|0|0|0|0|3|240|157|47|33|2024|4|25|14|8|10|4|N
16|6|28|C|1|0|U|565|3|8|170|E1606|27|20|30|6|3|2|63|237|10|0|24|0|0|0|0|0|5|3|403|90|242|63|2024|4|25|14|9|4|4|N
16|6|329|S|1|0|U|0|20|8|170|E1606|10|136|110|105|64|54|29|29|0|9|19|0|0|36|0|0|0|11|602|379|183|29|2024|4|25|14|12|59|1|N
16|6|487|C|2|0|U|507|34|12|170|E1606|105|62|34|2|7|8|119|18|0|0|4|0|36|0|0|0|5|7|302|102|69|119|2024|4|25|14|15|55|4|N
16|6|1961|B|1|0|U|610|89|8|170|E1606|54|182|67|9|8|1|55|87|0|1|34|0|0|0|0|0|0|0|444|293|96|55|2024|4|25|14|4|52|4|N
16|7|1608|C|1|0|U|543|72|2|171|E1607|104|31|4|0|0|36|130|91|0|8|3|0|0|1|0|0|1|4|309|46|128|130|2024|4|25|13|26|11|4|N
16|7|2406|C|1|0|U|544|108|7|171|E1607|150|63|27|2|20|1|131|63|1|44|11|0|0|0|0|0|4|9|376|148|84|131|2024|4|25|14|14|19|4|N
16|8|1203|C|2|0|U|660|54|10|172|E1608|44|87|112|7|40|0|89|62|0|80|3|0|0|0|0|0|1|3|484|289|102|89|2024|4|25|13|54|24|4|N
16|9|1998|C|1|0|U|720|91|5|173|E1609|129|7|49|1|3|0|246|179|0|34|4|0|0|0|0|0|1|11|535|95|182|246|2024|4|25|14|9|25|4|N
16|9|2235|C|1|0|U|573|103|20|173|E1609|71|100|12|35|13|0|62|124|0|26|15|5|0|0|0|0|4|10|406|193|137|62|2024|4|25|14|2|35|4|N
16|9|2256|C|1|0|U|559|103|20|173|E1609|61|45|8|5|22|41|88|59|0|4|1|0|0|27|0|0|2|8|310|63|149|88|2024|4|25|13|58|52|4|N
16|9|2277|C|3|0|U|647|103|20|173|E1609|70|42|17|44|0|0|151|63|0|0|4|0|0|0|0|0|1|3|325|107|63|151|2024|4|25|14|5|2|4|N
16|10|984|B|1|0|U|539|54|11|174|E1610|32|56|60|13|2|0|62|72|0|7|2|0|0|0|0|0|3|11|288|138|74|62|2024|4|25|14|9|5|4|N
16|10|1285|C|1|0|U|673|54|11|174|E1610|16|86|40|2|27|27|80|189|0|0|4|0|0|0|0|0|4|9|468|132|243|80|2024|4|25|14|5|4|4|N
16|11|802|C|1|0|M|710|49|15|175|E1611|38|23|20|37|41|0|51|235|0|36|24|27|0|0|0|0|3|4|501|167|276|51|2024|4|25|14|4|37|1|N
16|11|1471|B|1|0|U|524|67|15|175|E1611|64|38|19|0|40|3|53|98|0|9|3|0|0|49|16|0|3|0|331|69|206|53|2024|4|25|14|17|18|4|N
16|11|1497|C|1|0|U|585|67|15|175|E1611|58|15|5|2|106|1|73|43|0|12|10|0|0|0|0|0|1|6|274|44|150|73|2024|4|25|14|9|35|4|N
16|11|1784|B|1|0|U|747|78|18|175|E1611|104|45|59|26|18|2|106|289|0|78|13|0|0|0|0|0|1|7|644|221|309|106|2024|4|25|14|7|45|1|N
16|11|1805|C|1|0|U|703|80|15|175|E1611|89|20|34|6|18|0|63|161|0|0|19|34|0|0|0|0|2|6|363|113|179|63|2024|4|25|14|11|42|4|N
17|1|189|C|1|0|U|574|7|1|176|E1701|3|5|112|0|14|7|178|31|0|0|0|0|0|0|22|0|2|5|376|117|74|178|2024|4|25|14|13|30|1|N
17|1|212|B|1|0|U|502|7|1|176|E1701|26|15|18|66|66|0|180|33|0|1|27|0|0|0|6|0|4|8|424|127|105|180|2024|4|25|14|7|38|4|N
17|1|253|B|1|0|U|562|7|2|176|E1701|53|28|45|7|4|4|114|37|16|0|0|0|0|0|0|0|4|8|267|96|45|114|2024|4|25|14|11|42|4|N
17|1|317|C|1|0|U|585|7|1|176|E1701|90|8|2|0|10|49|162|31|0|3|61|0|0|0|0|0|1|5|332|74|90|162|2024|4|25|14|12|31|4|N
17|3|47|C|1|0|U|552|4|10|178|E1703|43|100|55|1|13|1|75|68|0|0|0|0|0|0|0|0|4|1|318|156|82|75|2024|4|25|14|4|33|4|N
17|3|48|C|2|0|U|606|4|10|178|E1703|47|29|19|18|39|1|162|46|0|0|12|0|0|0|0|0|4|1|331|78|86|162|2024|4|25|13|51|14|4|N
17|3|117|B|1|0|U|523|6|7|178|E1703|74|40|54|0|5|1|138|37|0|0|20|0|0|0|0|0|5|8|308|114|43|138|2024|4|25|14|9|15|4|N
17|3|135|C|1|0|U|646|6|7|178|E1703|95|11|22|0|12|3|100|22|0|1|4|0|0|0|6|0|4|5|190|38|43|100|2024|4|25|14|14|10|4|N
17|3|151|B|1|0|U|684|6|7|178|E1703|124|10|53|0|14|17|325|73|0|4|6|0|0|0|0|0|1|2|505|73|104|325|2024|4|25|14|9|41|4|N
17|3|151|C|1|0|U|684|6|7|178|E1703|124|9|29|29|11|0|198|68|0|0|36|0|13|0|0|0|3|2|398|103|92|198|2024|4|25|14|14|12|4|N
17|3|152|C|2|0|U|539|6|7|178|E1703|126|60|28|12|23|0|53|127|0|0|78|0|0|0|1|0|0|0|382|178|151|53|2024|4|25|14|5|48|4|N
17|5|895|C|1|0|U|518|32|4|180|E1705|107|9|6|4|94|21|102|19|0|0|40|0|0|0|0|0|5|1|301|59|134|102|2024|4|25|11|46|22|4|N
18|1|528|C|1|0|U|519|15|5|181|E1801|121|43|22|7|1|2|45|63|0|0|2|0|0|0|0|161|5|10|361|74|227|45|2024|4|25|14|3|24|4|N
18|1|988|B|1|0|R|380|9|3|181|E1801|25|18|0|6|9|0|40|20|6|0|24|0|0|0|0|64|1|2|190|54|93|40|2024|4|25|12|17|53|4|N
18|1|989|C|2|0|R|566|9|3|181|E1801|25|62|15|1|0|3|160|68|0|0|0|0|0|0|0|12|1|10|332|78|83|160|2024|4|25|12|23|49|4|N
18|2|881|C|1|0|U|438|17|11|182|E1802|63|10|20|35|11|39|72|74|0|0|0|0|0|0|0|25|3|1|290|65|149|72|2024|4|25|14|7|1|4|N
18|3|857|B|1|0|U|715|19|14|183|E1803|139|3|0|98|8|119|98|79|6|0|0|0|13|2|0|13|4|10|453|107|234|98|2024|4|25|14|10|42|4|N
19|1|2793|C|4|0|U|646|48|19|184|E1901|49|41|19|8|1|0|65|74|7|0|0|0|0|0|0|0|3|11|229|75|75|65|2024|4|25|14|7|44|4|N
19|2|2424|C|1|0|U|631|6|16|185|E1902|37|7|16|111|0|0|208|20|0|0|0|0|0|0|0|0|2|4|368|134|20|208|2024|4|25|14|17|19|1|N
19|3|472|C|6|0|U|708|21|17|186|E1903|81|99|55|44|1|15|111|148|0|5|0|0|0|0|0|0|4|9|491|203|164|111|2024|4|25|14|16|31|1|N
19|3|474|C|3|0|U|716|21|17|186|E1903|83|28|3|38|136|0|38|70|0|0|20|0|0|0|0|0|5|1|339|89|206|38|2024|4|25|14|3|4|4|N
19|3|2144|B|1|0|U|530|21|25|186|E1903|36|16|80|58|0|0|58|24|0|0|3|0|0|0|0|0|3|7|249|157|24|58|2024|4|25|14|16|40|4|N
19|3|2815|C|2|0|U|625|21|25|186|E1903|14|15|3|16|1|0|36|92|0|0|0|2|0|0|21|0|3|7|196|36|114|36|2024|4|25|14|5|29|4|N
19|4|1769|B|1|0|U|613|47|10|187|E1904|50|38|7|72|0|0|37|242|0|0|4|0|0|0|0|1|3|8|412|121|243|37|2024|4|25|14|4|35|4|N
19|4|1794|C|2|0|U|652|47|10|187|E1904|12|9|3|1|0|9|5|6|0|21|6|0|0|0|0|4|1|8|73|40|19|5|2024|4|25|14|5|22|4|N
19|4|1845|C|1|0|U|543|47|10|187|E1904|33|62|9|54|0|0|48|52|0|0|42|0|0|0|0|0|0|2|269|167|52|48|2024|4|25|14|9|5|4|N
19|4|1845|C|2|0|U|543|47|10|187|E1904|33|1|0|57|4|0|96|31|0|0|5|0|0|0|0|0|5|12|211|63|35|96|2024|4|25|14|12|39|4|N
19|4|1848|C|2|0|U|504|47|10|187|E1904|41|20|0|25|1|5|114|51|0|0|5|1|0|0|0|0|0|1|223|51|57|114|2024|4|25|14|2|20|4|N
19|4|1851|B|1|0|U|650|47|10|187|E1904|65|76|7|112|0|66|51|71|0|0|4|31|0|0|0|0|5|5|428|230|137|51|2024|4|25|14|5|29|4|N
19|4|1897|C|2|0|U|665|47|10|187|E1904|37|56|13|20|36|1|83|95|0|0|8|0|1|0|4|0|1|12|330|97|137|83|2024|4|25|14|14|8|4|N
19|4|1898|C|1|0|U|607|47|10|187|E1904|36|18|3|23|0|0|73|84|0|0|0|0|0|0|13|0|1|2|217|44|97|73|2024|4|25|14|8|57|4|N
19|4|1901|C|2|0|U|661|47|10|187|E1904|26|31|1|46|0|2|67|99|0|0|32|0|1|0|0|0|0|5|284|110|102|67|2024|4|25|14|3|51|4|N
19|4|1972|B|1|0|U|713|47|9|187|E1904|117|0|22|66|5|21|83|69|0|0|11|0|0|0|0|0|3|6|286|99|95|83|2024|4|25|14|2|27|4|N
19|4|2949|C|2|0|U|681|47|9|187|E1904|121|76|8|3|7|15|64|114|0|0|31|6|42|0|0|0|4|8|378|124|178|64|2024|4|25|14|3|39|4|N
19|5|1438|C|1|0|U|671|40|1|188|E1905|97|4|0|32|0|100|133|108|0|0|2|12|0|0|0|0|0|7|398|50|208|133|2024|4|25|14|16|26|4|N
19|5|1493|C|1|0|U|573|40|2|188|E1905|50|24|22|31|0|7|124|58|0|0|2|9|0|0|0|0|4|8|289|88|65|124|2024|4|25|14|4|50|4|N
19|5|1592|C|2|0|U|537|40|2|188|E1905|21|5|1|24|0|3|102|12|0|0|7|0|0|0|0|0|1|1|156|37|15|102|2024|4|25|14|8|22|4|N
19|5|2134|C|6|0|U|749|40|1|188|E1905|111|0|20|65|0|1|207|84|0|0|0|0|0|0|0|0|2|4|383|85|85|207|2024|4|25|14|6|37|4|N
19|5|2992|B|1|0|U|650|40|1|188|E1905|122|1|47|75|5|7|157|85|0|0|31|0|0|0|0|0|2|10|420|154|97|157|2024|4|25|14|15|13|4|N
19|6|1161|S|2|0|U|0|40|6|189|E1906|12|26|6|18|2|0|110|71|0|0|7|0|0|0|0|0|5|0|245|57|73|110|2024|4|25|14|13|44|4|N
19|6|1561|C|3|0|U|616|40|2|189|E1906|56|19|26|22|14|1|79|48|0|0|0|0|0|0|0|0|1|6|216|67|63|79|2024|4|25|14|5|15|4|N
19|6|1574|C|8|0|U|677|40|3|189|E1906|119|111|1|63|1|0|123|102|0|0|0|0|0|0|0|0|4|9|414|175|103|123|2024|4|25|14|7|24|4|N
19|6|2801|C|3|0|U|697|40|3|189|E1906|132|7|7|10|24|21|136|120|0|0|5|0|0|0|15|19|2|3|369|29|199|136|2024|4|25|12|7|0|4|N
19|7|347|C|10|0|U|725|18|12|190|E1907|91|0|39|113|3|2|193|63|0|0|6|71|0|0|0|0|4|4|498|229|68|193|2024|4|25|12|46|2|4|N
19|7|2287|S|1|0|U|0|18|12|190|E1907|52|87|146|14|12|0|18|66|7|0|0|0|0|0|75|0|1|10|436|254|153|18|2024|4|25|12|13|2|4|N
19|7|2306|B|1|0|U|540|18|12|190|E1907|69|31|14|7|0|4|98|162|0|0|0|2|0|0|0|0|3|12|333|54|166|98|2024|4|25|12|57|33|4|N
19|7|2555|B|1|0|U|577|18|20|190|E1907|34|73|15|64|1|3|46|19|0|0|0|0|0|0|0|0|1|6|228|152|23|46|2024|4|25|11|48|48|4|N
19|7|2598|C|5|0|M|711|18|20|190|E1907|2|3|1|12|0|3|93|124|0|0|2|0|0|0|0|0|4|5|247|18|127|93|2024|4|25|13|8|1|4|N
19|7|2609|B|1|0|R|502|18|20|190|E1907|9|29|8|11|0|0|40|69|0|0|8|0|0|0|0|0|0|7|172|56|69|40|2024|4|25|13|10|26|4|N
19|7|2614|C|2|0|M|591|18|20|190|E1907|7|10|28|10|1|5|149|80|0|0|2|0|1|0|0|0|5|4|295|50|87|149|2024|4|25|13|29|5|4|N
19|7|2832|C|2|0|U|692|18|20|190|E1907|53|11|4|62|39|0|13|105|0|0|4|11|0|0|0|0|1|11|261|92|144|13|2024|4|25|13|37|4|4|N
19|7|3008|C|1|0|M|610|18|12|190|E1907|100|13|2|72|0|34|70|55|0|0|0|0|0|0|0|0|0|10|256|87|89|70|2024|4|25|13|3|38|4|N
19|8|614|B|1|0|U|697|26|14|191|E1908|70|3|33|89|2|1|49|176|0|0|1|0|0|0|0|0|2|10|366|126|179|49|2024|4|25|14|5|15|4|N
19|8|646|C|2|0|U|594|26|14|191|E1908|86|20|36|2|0|2|299|62|0|0|0|0|0|0|0|0|0|9|430|58|64|299|2024|4|25|14|9|46|4|N
19|8|651|C|1|0|U|725|26|14|191|E1908|95|36|1|13|0|0|87|29|0|0|18|4|3|0|0|0|2|2|195|72|32|87|2024|4|25|14|12|47|4|N
19|8|712|B|1|0|U|747|26|13|191|E1908|123|13|7|31|0|0|305|26|0|0|51|0|0|0|0|0|0|8|441|102|26|305|2024|4|25|14|13|26|4|N
19|8|2268|B|1|0|U|450|6|7|191|E1908|38|57|2|27|0|50|52|46|0|0|0|0|0|0|0|0|1|4|239|86|96|52|2024|4|25|14|16|58|1|N
19|8|2272|B|1|0|M|375|6|7|191|E1908|40|26|18|15|14|5|138|7|0|0|16|2|0|0|0|0|0|2|243|77|26|138|2024|4|25|14|8|26|1|N
19|8|2272|C|1|0|M|375|6|7|191|E1908|40|16|10|10|0|47|34|19|0|0|17|0|0|0|0|0|2|2|157|53|66|34|2024|4|25|14|11|24|1|N
19|8|2961|C|2|0|U|670|26|14|191|E1908|73|42|35|18|65|10|44|22|0|0|0|17|0|0|4|0|4|8|269|112|101|44|2024|4|25|13|31|35|4|N
19|8|2963|B|1|0|U|627|26|14|191|E1908|121|16|6|1|0|0|216|93|0|0|2|84|0|0|0|0|5|2|425|109|93|216|2024|4|25|10|2|54|4|N
19|8|3009|C|1|0|U|640|26|14|191|E1908|114|86|29|42|0|0|64|141|0|0|0|0|0|0|1|0|5|4|372|157|142|64|2024|4|25|14|11|42|4|N
19|9|29|C|1|0|M|613|4|26|192|E1909|9|0|17|7|0|0|120|88|0|0|0|0|0|0|0|0|3|9|244|24|88|120|2024|4|25|13|7|16|4|N
19|9|34|C|1|0|R|425|4|26|192|E1909|13|18|36|5|4|0|60|4|0|0|0|27|1|0|14|0|0|12|181|86|23|60|2024|4|25|14|1|55|4|N
19|9|260|B|1|0|U|616|14|24|192|E1909|33|2|34|29|4|0|137|138|0|0|0|0|8|0|0|14|0|0|366|65|164|137|2024|4|25|14|11|54|4|N
19|9|278|B|1|0|R|317|14|24|192|E1909|31|0|37|7|0|42|78|9|0|0|30|13|0|0|0|0|5|11|232|87|51|78|2024|4|25|14|15|7|4|N
19|9|869|C|2|0|U|587|34|24|192|E1909|86|17|61|112|0|0|57|51|0|0|16|0|0|0|0|0|2|4|320|206|51|57|2024|4|25|13|15|4|4|N
19|9|870|C|2|0|U|648|34|24|192|E1909|87|88|0|14|0|0|98|36|0|0|0|2|18|0|0|0|0|5|261|104|54|98|2024|4|25|13|44|15|4|N
19|9|870|C|3|0|U|647|34|24|192|E1909|87|3|18|63|21|0|63|126|0|0|14|0|103|0|0|0|3|9|423|98|250|63|2024|4|25|13|52|48|4|N
19|9|969|B|1|0|R|598|39|26|192|E1909|100|22|46|24|2|11|71|114|0|0|31|0|0|0|0|0|1|12|334|123|127|71|2024|4|25|13|41|23|4|N
19|10|1401|C|1|0|U|639|40|8|193|E1910|83|50|39|31|0|0|149|70|0|0|94|0|0|0|0|0|4|2|439|214|70|149|2024|4|25|13|41|51|4|N
19|11|554|B|1|0|U|717|26|15|194|E1911|44|8|13|56|0|0|82|116|0|0|5|0|0|0|0|0|2|0|282|82|116|82|2024|4|25|14|16|13|4|N
19|11|603|C|2|0|U|563|26|15|194|E1911|124|46|7|49|2|0|81|70|0|0|0|0|0|0|0|0|2|8|265|102|72|81|2024|4|25|13|59|39|4|N
19|11|643|B|1|0|U|509|26|15|194|E1911|11|3|76|0|0|0|114|5|6|0|35|0|61|0|0|0|5|4|309|120|66|114|2024|4|25|14|7|26|4|N
19|11|689|B|1|0|U|539|26|14|194|E1911|48|48|11|62|0|0|47|42|0|0|12|1|0|0|0|0|1|4|228|134|42|47|2024|4|25|11|6|4|4|N
19|11|2901|C|2|0|U|729|26|15|194|E1911|10|6|165|99|0|2|199|49|0|0|0|0|0|0|5|0|3|2|530|270|56|199|2024|4|25|14|6|39|4|N
19|13|1702|B|1|0|R|476|41|21|196|E1913|17|64|0|17|14|0|125|45|0|0|17|0|0|0|0|0|4|5|291|98|59|125|2024|4|25|13|59|29|4|N
19|13|2851|C|2|0|U|738|12|21|196|E1913|87|6|9|127|3|4|187|107|0|0|1|0|0|0|0|0|1|0|445|143|114|187|2024|4|25|13|18|5|4|N
19|14|178|B|1|0|U|629|9|26|197|E1914|64|45|7|25|0|36|54|42|0|0|0|0|0|0|0|1|4|11|225|77|79|54|2024|4|25|13|1|25|4|N
19|14|178|C|1|0|U|629|9|26|197|E1914|64|18|40|89|0|1|132|51|0|0|0|0|0|0|0|0|4|10|345|147|52|132|2024|4|25|13|6|19|4|N
20|1|339|C|1|0|U|473|44|3|198|E2001|122|51|38|16|0|86|132|20|5|0|0|0|0|5|26|2|2|12|395|110|139|132|2024|4|25|14|6|53|4|N
20|1|350|C|1|0|U|739|44|3|198|E2001|128|1|61|102|40|38|197|44|10|0|2|0|0|6|3|0|4|12|520|176|131|197|2024|4|25|14|13|35|1|N
20|1|360|C|1|0|R|551|44|3|198|E2001|131|40|2|42|9|1|185|167|0|0|0|0|0|0|24|0|5|10|485|84|201|185|2024|4|25|14|13|42|1|N
20|1|1027|C|1|0|U|450|182|2|198|E2001|72|51|26|56|5|99|124|15|0|0|0|0|0|0|7|0|1|10|394|133|126|124|2024|4|25|14|17|42|4|N
20|2|760|B|1|0|R|430|95|4|199|E2002|73|11|18|21|5|96|122|28|1|0|0|2|0|0|2|0|0|0|306|53|131|122|2024|4|25|14|14|21|1|N
20|2|858|E|2|0|R|208|131|1|199|E2002|12|16|15|15|12|11|80|5|2|0|0|0|1|0|3|0|3|9|172|48|32|80|2024|4|25|14|11|38|1|N
20|2|861|E|1|1|R|379|131|1|199|E2002|139|29|21|41|0|10|81|2|9|0|0|0|0|0|96|14|2|2|307|100|122|81|2024|4|25|14|10|3|4|N
20|2|996|B|1|0|R|262|175|4|199|E2002|83|2|21|2|1|14|93|7|44|0|1|0|0|0|7|0|5|4|201|70|29|93|2024|4|25|14|9|4|4|N
20|3|1719|B|1|0|U|691|386|15|200|E2003|160|69|30|100|0|12|37|34|16|0|4|0|0|0|0|0|4|5|311|219|46|37|2024|4|25|14|6|31|4|N
20|4|2170|B|1|0|R|389|503|10|201|E2004|137|30|25|75|3|44|53|42|5|2|0|0|0|0|0|2|0|11|292|137|91|53|2024|4|25|14|15|43|4|N
20|4|2412|B|1|0|U|631|561|17|201|E2004|7|4|17|47|18|23|208|90|0|0|0|0|0|68|31|36|0|10|552|68|266|208|2024|4|25|14|15|26|4|N
20|5|680|C|1|0|U|747|76|19|202|E2005|9|56|31|48|3|66|179|5|6|13|63|0|0|0|35|3|0|0|508|217|112|179|2024|4|25|11|51|59|4|N
20|5|689|C|1|0|U|676|76|19|202|E2005|18|27|31|14|56|173|64|57|17|1|15|0|0|0|12|12|5|2|486|105|310|64|2024|4|25|12|57|3|4|N
20|5|702|C|1|0|U|463|76|19|202|E2005|20|30|27|57|1|60|35|71|43|6|0|4|0|0|0|5|1|9|349|167|137|35|2024|4|25|14|5|20|4|N
20|5|1847|C|1|0|M|661|414|25|202|E2005|117|57|31|47|2|65|143|196|22|0|0|0|0|0|1|0|5|7|576|157|264|143|2024|4|25|10|44|8|4|N
20|5|1866|C|2|0|U|509|419|18|202|E2005|65|10|23|27|11|58|75|25|5|1|1|0|0|0|0|44|2|9|291|67|138|75|2024|4|25|14|11|34|4|N
20|6|2037|B|1|0|R|531|470|7|203|E2006|95|16|42|4|0|64|74|35|14|2|0|0|0|0|11|11|3|2|278|78|121|74|2024|4|25|12|59|10|4|N
20|6|2038|B|1|0|R|612|470|7|203|E2006|95|67|5|26|1|36|182|106|0|27|2|1|0|0|4|3|5|10|475|128|150|182|2024|4|25|12|51|41|4|N
20|7|181|B|1|0|U|450|30|20|204|E2007|15|31|18|21|0|54|117|0|34|0|0|0|43|0|0|0|2|0|320|104|97|117|2024|4|25|14|15|31|1|N
20|7|267|S|1|0|U|0|41|19|204|E2007|5|9|91|94|61|61|83|76|13|0|23|0|0|0|0|0|3|8|522|230|198|83|2024|4|25|14|11|15|4|N
20|9|1583|E|1|0|R|328|332|23|206|E2009|76|8|44|9|21|47|118|21|2|0|0|0|2|0|0|1|2|0|275|63|92|118|2024|4|25|13|46|58|4|N
20|10|1817|C|1|0|U|678|406|25|207|E2010|97|11|32|34|5|12|186|80|1|2|24|52|14|0|0|35|3|4|495|156|146|186|2024|4|25|11|28|33|4|N
20|10|1886|B|1|0|R|737|425|24|207|E2010|36|41|139|27|4|3|86|5|9|21|28|0|0|0|29|0|2|6|400|265|41|86|2024|4|25|14|6|37|1|N
20|10|2176|C|1|0|M|684|508|24|207|E2010|73|23|129|42|28|90|108|62|23|40|0|0|0|0|33|0|0|3|581|257|213|108|2024|4|25|11|42|50|4|N
21|1|502|B|1|0|M|614|58|1|208|E2101|7|5|85|6|0|5|60|75|0|0|0|26|0|0|0|0|0|4|266|122|80|60|2024|4|25|14|7|18|1|N
21|4|1703|C|1|0|U|585|129|14|211|E2104|75|7|18|11|0|35|70|225|0|0|0|0|0|0|0|0|3|5|374|36|260|70|2024|4|25|14|13|53|4|N
21|4|1891|C|1|0|U|401|151|14|211|E2104|10|1|25|16|0|44|29|87|0|0|0|0|36|0|0|0|2|11|251|42|167|29|2024|4|25|14|12|6|4|N
21|5|1721|C|2|0|U|688|133|7|212|E2105|41|0|71|24|200|32|51|38|0|0|0|6|0|0|0|0|4|1|427|101|270|51|2024|4|25|14|5|3|4|N
21|5|1758|C|2|0|U|741|133|7|212|E2105|69|62|39|53|45|26|150|56|0|0|0|33|0|0|0|0|1|3|468|187|127|150|2024|4|25|11|24|38|4|N
21|5|1759|C|3|0|U|569|133|7|212|E2105|71|1|86|16|1|43|254|27|1|0|0|37|0|0|0|0|1|0|467|141|71|254|2024|4|25|14|15|6|4|N
21|5|1794|C|2|0|U|607|139|22|212|E2105|98|38|146|12|0|6|160|74|0|0|0|18|0|6|0|0|4|11|475|214|86|160|2024|4|25|14|7|26|4|N
21|5|2249|C|2|0|U|636|181|8|212|E2105|124|46|170|26|0|1|125|26|41|0|0|0|0|0|0|0|4|4|443|283|27|125|2024|4|25|14|5|28|4|N
21|5|2250|C|2|0|U|625|181|8|212|E2105|124|3|97|134|28|36|75|42|0|0|0|37|1|0|0|2|0|5|460|271|109|75|2024|4|25|14|7|57|4|N
21|7|6|C|2|0|M|719|1|12|214|E2107|6|70|18|10|0|4|63|12|0|0|0|8|0|0|0|0|2|4|191|106|16|63|2024|4|25|14|14|36|1|N
21|7|119|B|1|0|U|613|15|12|214|E2107|26|4|82|50|0|60|108|27|1|0|0|21|0|32|0|0|1|11|397|158|119|108|2024|4|25|14|5|26|4|N
21|8|46|C|1|0|U|699|4|13|215|E2108|2|19|66|0|1|0|74|214|1|34|0|26|0|1|0|0|1|10|447|146|216|74|2024|4|25|14|16|11|4|N
21|9|943|B|1|0|U|668|115|17|216|E2109|101|5|90|7|35|65|138|156|11|0|0|4|2|0|0|0|4|7|524|117|258|138|2024|4|25|14|17|29|4|N
21|9|976|C|1|0|U|627|115|9|216|E2109|110|58|104|10|0|0|81|45|12|0|0|179|0|8|0|0|2|5|504|363|53|81|2024|4|25|14|16|21|4|N
21|9|1029|B|1|0|U|436|115|9|216|E2109|47|4|31|47|12|3|104|33|0|1|0|9|15|1|0|0|1|2|263|92|64|104|2024|4|25|14|15|39|4|N
21|9|1053|B|1|0|U|723|115|17|216|E2109|41|142|66|2|3|11|18|110|28|0|0|1|0|0|0|0|5|4|390|239|124|18|2024|4|25|14|14|31|4|N
21|9|1286|B|1|0|U|562|115|17|216|E2109|82|27|18|29|0|0|169|89|21|0|0|0|0|2|0|0|1|8|364|95|91|169|2024|4|25|14|8|58|4|N
21|9|1365|B|1|0|U|584|115|10|216|E2109|66|7|92|46|111|5|103|116|22|0|0|9|0|0|0|0|0|10|521|176|232|103|2024|4|25|14|12|57|4|N
21|9|2780|C|3|0|U|714|115|10|216|E2109|30|64|37|165|0|0|96|154|0|0|0|0|0|23|0|0|2|10|551|266|177|96|2024|4|25|14|13|54|4|N
21|10|1691|B|1|0|U|641|126|21|217|E2110|124|22|24|23|0|98|51|196|0|0|0|51|0|1|0|0|5|12|483|120|295|51|2024|4|25|12|38|4|4|N
21|10|1695|C|2|0|U|729|127|21|217|E2110|127|89|180|67|0|22|35|66|1|0|0|1|0|0|0|0|5|6|472|338|88|35|2024|4|25|12|11|25|4|N
21|10|1801|S|1|0|U|0|141|18|217|E2110|62|1|121|41|0|22|75|81|0|0|0|0|0|32|0|0|0|5|378|163|135|75|2024|4|25|12|32|42|4|N
21|12|1263|B|1|0|U|317|115|17|219|E2112|2|20|25|22|0|44|22|19|0|0|0|0|0|24|0|0|5|1|182|67|87|22|2024|4|25|14|6|7|1|N
21|12|1433|C|1|0|U|501|115|17|219|E2112|19|11|54|66|0|36|59|166|0|1|0|9|0|0|0|0|5|5|412|141|202|59|2024|4|25|14|17|23|1|N
21|12|1461|B|1|0|U|391|115|16|219|E2112|50|13|63|7|14|41|34|118|1|0|0|0|0|3|0|0|3|6|303|84|176|34|2024|4|25|14|7|28|4|N
21|12|1473|C|2|0|U|600|115|17|219|E2112|13|6|94|12|0|24|80|125|0|0|0|0|0|0|0|0|1|6|348|112|149|80|2024|4|25|14|14|16|4|N
21|12|1494|B|1|0|U|613|115|16|219|E2112|52|60|60|8|2|0|89|170|1|0|0|73|0|0|0|0|2|3|468|202|172|89|2024|4|25|14|4|42|4|N
21|12|1531|B|1|0|U|701|115|16|219|E2112|62|70|115|30|34|1|38|79|1|30|0|1|0|0|0|0|4|6|409|247|114|38|2024|4|25|14|4|26|4|N
21|12|1591|C|5|0|U|717|115|20|219|E2112|119|35|41|43|3|13|187|199|0|0|0|9|0|0|0|0|3|3|536|128|215|187|2024|4|25|14|5|57|4|N
21|12|1604|C|5|0|U|664|115|20|219|E2112|104|19|56|9|0|2|288|89|0|0|0|28|0|11|0|2|0|9|513|112|104|288|2024|4|25|14|12|46|4|N
21|12|2618|C|1|0|U|404|115|20|219|E2112|121|42|26|49|0|6|85|85|0|0|0|0|0|0|0|0|4|5|302|117|91|85|2024|4|25|14|14|30|4|N
21|13|213|C|1|0|U|680|19|21|220|E2113|64|28|130|9|0|15|132|110|83|3|0|89|0|4|0|0|1|12|616|342|129|132|2024|4|25|14|17|58|4|N
21|13|2875|B|1|0|U|640|19|21|220|E2113|74|9|72|76|22|0|73|99|10|0|0|0|0|0|0|0|4|9|374|167|121|73|2024|4|25|14|15|40|4|N
21|14|743|C|1|0|U|658|87|22|221|E2114|129|8|26|93|14|4|43|185|43|0|0|0|0|25|0|0|5|0|446|170|228|43|2024|4|25|14|16|40|4|N
21|16|110|B|1|0|U|579|13|26|223|E2116|11|26|135|31|0|0|70|122|1|0|0|22|0|0|0|0|3|11|421|215|122|70|2024|4|25|14|16|48|4|N
21|16|2530|C|1|0|U|566|214|26|223|E2116|42|42|46|27|0|4|128|114|6|1|0|16|0|0|0|0|0|3|387|138|118|128|2024|4|25|14|14|31|4|N
22|1|39|C|3|0|R|587|2|15|224|E2201|2|40|45|36|4|0|173|108|0|0|0|0|11|4|0|0|1|2|424|121|127|173|2024|4|25|14|5|54|1|N
22|1|43|B|1|0|R|702|2|15|224|E2201|5|116|43|0|93|0|111|16|0|0|0|0|23|102|0|0|4|12|520|159|234|111|2024|4|25|14|5|1|1|N
22|2|5|C|1|0|M|570|1|9|225|E2202|3|10|122|27|37|0|42|28|0|0|0|0|0|9|7|4|1|0|287|159|85|42|2024|4|25|14|8|20|1|N
22|2|569|B|1|0|U|491|16|11|225|E2202|46|11|87|45|27|12|24|30|0|0|0|0|1|13|0|0|3|12|265|143|83|24|2024|4|25|11|41|41|4|N
22|2|587|B|1|0|U|568|16|10|225|E2202|56|5|56|2|27|36|266|24|0|0|0|0|24|20|0|0|1|11|472|63|131|266|2024|4|25|14|4|44|4|N
22|2|595|C|3|0|U|726|16|10|225|E2202|53|33|107|1|46|0|35|12|0|0|0|0|1|99|0|0|0|11|345|141|158|35|2024|4|25|14|11|4|4|N
22|2|595|C|5|0|U|725|16|10|225|E2202|54|61|60|0|33|0|225|180|0|0|0|0|0|13|0|0|1|11|584|121|226|225|2024|4|25|14|13|38|4|N
22|2|905|B|1|0|R|693|1|9|225|E2202|10|9|42|9|133|4|22|72|0|0|0|0|4|37|0|0|2|8|342|60|250|22|2024|4|25|14|15|54|4|N
22|3|279|B|1|0|U|492|14|1|226|E2203|8|18|21|30|4|0|144|75|0|0|0|0|1|4|0|0|4|8|309|69|84|144|2024|4|25|14|4|15|1|N
22|3|318|C|3|0|U|697|14|1|226|E2203|28|42|134|23|4|0|150|27|0|0|0|0|1|110|0|29|1|1|522|199|171|150|2024|4|25|14|13|32|1|N
22|3|354|C|1|0|U|541|14|1|226|E2203|41|22|253|2|1|0|49|128|0|0|0|0|0|8|5|0|0|11|479|277|142|49|2024|4|25|14|10|56|4|N
22|3|870|B|1|0|U|680|14|4|226|E2203|77|23|167|16|31|15|138|12|0|0|0|0|0|0|0|0|3|9|414|206|58|138|2024|4|25|14|17|41|4|N
22|4|105|C|10|0|U|724|5|8|227|E2204|114|42|56|35|5|9|27|104|0|0|0|0|2|5|0|2|5|4|296|133|127|27|2024|4|25|11|37|4|4|N
22|4|387|B|1|0|U|623|14|5|227|E2204|2|15|11|3|2|0|8|10|0|0|0|0|16|8|7|0|5|3|88|29|43|8|2024|4|25|13|19|58|4|N
22|4|483|B|1|0|U|694|14|6|227|E2204|65|97|49|1|65|0|51|55|0|3|0|0|69|80|0|0|1|0|471|150|269|51|2024|4|25|14|7|33|1|N
22|4|504|C|1|0|U|573|14|6|227|E2204|73|27|111|0|2|21|87|115|0|0|0|0|0|2|0|0|0|7|372|138|140|87|2024|4|25|14|5|54|4|N
22|4|506|C|1|0|U|703|14|5|227|E2204|41|12|66|1|24|1|162|39|0|0|0|0|27|30|0|0|0|6|368|79|121|162|2024|4|25|12|39|25|4|N
22|4|979|C|2|0|U|675|5|8|227|E2204|134|10|59|24|12|0|208|46|0|0|0|0|0|210|0|1|1|6|577|93|269|208|2024|4|25|14|4|52|4|N
22|5|141|C|2|0|R|649|7|9|228|E2205|7|12|106|30|4|0|75|17|0|0|0|0|13|5|0|0|1|2|265|148|39|75|2024|4|25|14|10|47|1|N
22|5|150|C|1|0|R|614|7|9|228|E2205|4|5|39|26|65|0|33|34|0|0|0|0|0|146|0|0|4|10|362|70|245|33|2024|4|25|14|7|28|1|N
22|6|857|C|2|0|U|633|14|3|229|E2206|58|6|93|19|2|0|177|32|0|0|0|0|0|65|0|0|3|2|399|118|99|177|2024|4|25|10|35|24|4|N
23|2|244|E|1|0|R|362|3|13|231|E2302|135|0|1|4|0|2|12|7|0|0|0|0|0|0|1|0|1|1|29|5|10|12|2024|4|25|12|55|59|4|N
23|2|268|C|2|0|M|723|5|13|231|E2302|109|1|12|6|0|79|90|65|0|0|0|0|0|17|14|0|5|6|295|19|175|90|2024|4|25|14|11|25|1|N
23|3|63|B|1|0|U|376|1|8|232|E2303|115|0|18|2|0|34|145|32|0|0|0|0|0|0|6|0|5|3|245|20|72|145|2024|4|25|14|10|55|1|N
23|3|126|C|3|0|U|735|1|8|232|E2303|73|4|14|6|2|107|177|122|0|0|0|0|0|0|0|0|2|0|434|24|231|177|2024|4|25|14|13|46|1|N
23|4|629|C|5|0|U|649|1|2|233|E2304|32|19|118|13|20|19|168|44|0|2|0|0|0|0|6|0|1|1|411|152|89|168|2024|4|25|8|43|44|4|N
24|1|508|C|1|0|U|691|20|1|234|E2401|46|74|14|0|17|0|191|90|4|0|0|0|0|0|0|2|0|2|394|92|109|191|2024|4|25|13|58|32|4|N
24|3|678|B|1|0|R|501|24|11|236|E2403|66|16|85|2|26|0|40|99|120|0|0|0|3|0|0|0|1|4|396|223|128|40|2024|4|25|14|17|16|1|N
24|3|687|B|1|0|R|178|24|11|236|E2403|71|8|1|2|2|7|55|33|27|0|0|0|0|0|0|2|2|5|144|38|44|55|2024|4|25|14|9|36|2|N
24|3|713|C|1|0|R|428|24|11|236|E2403|77|7|18|0|6|10|138|102|0|1|0|0|0|0|0|4|1|11|298|26|122|138|2024|4|25|14|13|24|4|N
24|3|758|B|1|0|U|379|27|11|236|E2403|84|4|84|18|14|0|63|89|22|0|0|0|0|0|0|1|5|1|301|128|104|63|2024|4|25|14|6|49|4|N
24|3|1653|C|1|0|R|691|51|3|236|E2403|124|53|27|87|63|1|105|98|14|0|0|0|0|0|0|0|3|8|459|181|162|105|2024|4|25|14|6|19|1|N
24|4|277|B|1|0|U|729|13|13|237|E2404|33|145|58|0|36|1|128|180|18|20|0|0|0|0|0|0|0|5|591|241|217|128|2024|4|25|14|3|23|4|N
24|4|292|B|1|0|U|563|13|13|237|E2404|51|99|43|2|10|0|24|25|0|15|0|0|0|0|0|30|2|4|254|159|65|24|2024|4|25|14|6|38|4|N
24|5|864|B|1|0|U|452|28|5|238|E2405|93|30|12|0|19|6|59|40|5|0|0|0|0|0|0|0|4|0|175|47|65|59|2024|4|25|14|10|7|4|N
24|6|947|C|4|0|U|704|28|6|239|E2406|96|48|40|1|126|6|18|162|73|0|0|0|0|0|0|1|0|10|485|162|295|18|2024|4|25|14|3|17|4|N
24|6|962|B|1|0|U|576|28|6|239|E2406|101|43|108|1|33|0|9|67|26|0|0|0|0|0|0|2|1|3|293|178|102|9|2024|4|25|13|47|14|4|N
24|6|1016|B|1|0|U|287|28|5|239|E2406|18|49|35|0|30|1|61|52|4|3|0|0|0|0|0|0|5|6|246|91|83|61|2024|4|25|14|6|35|4|N
24|6|1024|B|1|0|U|512|28|5|239|E2406|26|27|11|0|42|3|34|71|6|0|0|0|3|0|0|148|0|1|346|44|267|34|2024|4|25|14|16|19|1|N
24|6|1026|C|1|0|U|581|28|5|239|E2406|21|52|49|0|80|35|31|78|49|0|0|0|0|0|0|0|4|11|389|150|193|31|2024|4|25|14|6|19|4|N
24|6|1027|C|1|0|U|516|28|5|239|E2406|21|51|16|0|43|29|12|42|42|0|0|0|0|0|0|6|5|9|255|109|120|12|2024|4|25|14|10|44|4|N
24|6|1030|B|1|0|U|561|28|5|239|E2406|14|3|21|0|7|37|80|160|22|0|0|0|0|0|0|2|2|11|345|46|206|80|2024|4|25|14|10|38|1|N
24|6|1033|B|1|0|U|523|28|5|239|E2406|13|36|31|17|29|4|90|49|3|0|0|0|0|0|0|1|5|10|275|87|83|90|2024|4|25|14|9|9|4|N
24|6|1071|C|1|0|U|623|28|7|239|E2406|46|75|15|49|17|6|47|43|24|0|0|0|0|0|0|69|4|9|358|163|135|47|2024|4|25|14|7|11|4|N
24|7|38|C|1|0|R|471|3|12|240|E2407|1|42|9|3|36|0|122|90|31|1|0|0|0|0|0|0|5|10|349|86|126|122|2024|4|25|14|10|20|1|N
24|7|41|E|1|0|R|350|3|12|240|E2407|4|2|3|3|58|4|43|15|56|5|0|0|0|1|0|0|4|12|206|69|78|43|2024|4|25|14|8|21|1|N
24|7|45|E|1|0|R|746|3|12|240|E2407|9|55|14|2|68|0|49|48|20|0|0|0|0|0|0|25|1|5|287|91|141|49|2024|4|25|14|6|56|1|N
25|1|1869|B|1|0|U|464|9|24|241|E2501|18|38|8|8|10|15|160|77|0|0|0|5|0|0|20|10|5|10|366|59|132|160|2024|4|25|14|5|40|4|N
25|1|1893|C|1|0|U|470|9|24|241|E2501|23|28|3|16|50|0|153|50|0|0|0|0|0|1|17|19|1|6|344|47|137|153|2024|4|25|14|16|0|4|N
25|1|2656|B|1|0|U|434|12|23|241|E2501|62|97|9|30|6|10|141|15|0|0|0|0|0|0|2|1|0|2|313|136|34|141|2024|4|25|14|15|54|4|N
25|1|2904|B|1|0|U|414|12|22|241|E2501|125|18|93|40|40|8|99|5|0|0|0|0|0|0|0|4|4|4|315|151|57|99|2024|4|25|14|2|45|4|N
25|1|3205|B|1|0|U|423|14|24|241|E2501|160|37|10|7|8|1|55|112|0|2|0|22|0|0|27|56|0|10|347|78|204|55|2024|4|25|14|14|23|4|N
25|2|53|B|1|0|U|286|1|5|242|E2502|124|15|13|2|8|2|94|66|0|0|0|0|0|0|0|4|4|10|218|30|80|94|2024|4|25|14|5|52|4|N
25|2|62|B|1|0|U|247|1|5|242|E2502|131|4|1|3|6|2|7|3|0|0|0|0|0|2|0|2|4|3|37|8|15|7|2024|4|25|14|10|13|4|N
25|2|91|B|1|0|U|620|1|4|242|E2502|77|4|22|1|21|23|209|61|0|0|0|0|0|0|0|105|5|4|455|27|210|209|2024|4|25|14|4|42|4|N
25|2|118|B|1|0|U|380|1|2|242|E2502|151|24|4|2|21|40|126|8|0|0|0|6|0|0|0|16|0|0|247|36|85|126|2024|4|25|14|14|30|4|N
25|2|125|B|1|0|U|305|1|2|242|E2502|153|2|7|2|20|13|76|18|0|0|0|5|0|0|1|3|5|6|158|16|55|76|2024|4|25|14|7|21|4|N
25|2|181|B|1|0|U|296|1|2|242|E2502|175|5|0|9|33|1|37|38|0|0|0|1|0|0|85|5|2|6|222|15|162|37|2024|4|25|14|15|19|4|N
25|2|419|B|1|0|U|411|1|3|242|E2502|46|48|27|36|9|36|76|38|0|0|0|0|0|0|0|1|0|11|282|111|84|76|2024|4|25|14|11|23|4|N
25|3|486|B|1|0|U|641|2|9|243|E2503|11|41|79|67|22|0|232|77|0|0|0|0|0|0|0|0|1|6|525|187|99|232|2024|4|25|14|11|43|4|N
25|4|2005|B|1|0|U|438|10|1|244|E2504|66|46|70|3|8|1|61|48|0|0|0|1|0|0|2|55|2|10|307|120|114|61|2024|4|25|14|6|22|4|N
25|4|2011|B|1|0|U|419|10|1|244|E2504|68|33|46|1|2|34|87|36|0|0|0|4|0|0|0|4|4|9|260|84|76|87|2024|4|25|14|6|55|4|N
25|4|2380|B|1|0|U|509|11|7|244|E2504|118|111|1|0|3|8|109|43|0|0|0|0|0|4|1|9|4|12|305|112|68|109|2024|4|25|14|4|31|4|N
25|4|2408|B|1|0|U|557|11|8|244|E2504|102|15|2|31|47|0|22|1|12|0|0|26|0|0|0|3|4|6|169|86|51|22|2024|4|25|14|3|31|4|N
25|5|781|B|1|0|U|333|6|14|245|E2505|52|15|20|0|1|2|59|21|2|0|0|1|0|0|0|40|5|2|168|38|64|59|2024|4|25|14|11|34|4|N
25|5|919|B|1|0|U|527|6|14|245|E2505|49|2|67|10|9|8|9|47|0|0|0|0|0|0|19|21|4|10|206|79|104|9|2024|4|25|14|15|11|4|N
25|5|1104|B|1|0|U|288|6|14|245|E2505|92|1|17|0|0|28|76|36|1|0|0|0|0|0|0|6|2|9|176|19|70|76|2024|4|25|11|3|3|4|N
25|5|1286|B|1|0|U|405|6|15|245|E2505|160|7|4|21|8|14|135|50|0|14|0|1|0|0|3|18|5|10|290|47|93|135|2024|4|25|14|7|47|4|N
25|6|1679|C|1|0|U|472|19|18|246|E2506|165|31|0|55|17|3|93|21|0|0|0|0|0|0|32|0|1|1|254|86|73|93|2024|4|25|14|6|24|4|N
25|6|2676|C|2|0|U|633|12|21|246|E2506|42|17|62|24|1|13|145|41|0|0|0|19|0|0|1|2|2|3|330|122|58|145|2024|4|25|13|55|43|4|N
25|6|3824|B|1|0|U|727|12|20|246|E2506|71|21|37|64|20|4|239|139|0|0|0|38|0|0|8|7|1|4|582|160|178|239|2024|4|25|14|6|29|4|N
25|7|1245|C|1|0|M|450|6|11|247|E2507|153|22|2|30|10|45|121|10|0|0|0|2|0|0|0|46|0|3|291|56|111|121|2024|4|25|14|4|50|4|N
25|7|1254|C|1|0|U|542|6|11|247|E2507|151|2|23|75|10|22|49|50|0|0|0|25|0|0|8|17|0|3|284|125|107|49|2024|4|25|11|13|47|4|N
25|7|1325|B|1|0|U|378|6|17|247|E2507|59|24|1|3|6|4|94|78|0|0|0|0|0|0|0|3|0|7|220|28|91|94|2024|4|25|14|5|56|4|N
26|1|669|B|1|0|U|570|55|1|248|E2601|123|29|7|20|0|54|214|45|0|0|0|0|0|14|0|0|2|11|396|56|113|214|2024|4|25|14|5|28|4|N
26|1|680|B|1|0|U|604|55|1|248|E2601|82|85|43|0|0|3|97|97|0|15|0|0|0|58|10|0|1|7|416|143|168|97|2024|4|25|14|10|15|4|N
26|1|706|C|1|0|U|594|55|1|248|E2601|94|65|8|4|3|42|323|59|0|0|0|0|0|0|22|4|2|6|538|77|130|323|2024|4|25|14|4|29|4|N
26|1|709|C|1|0|U|674|55|1|248|E2601|129|33|72|25|1|34|200|118|0|10|0|0|0|0|0|0|5|10|508|140|153|200|2024|4|25|14|17|43|4|N
26|1|1367|C|1|0|U|420|52|3|248|E2601|17|6|7|1|1|6|62|18|0|0|0|16|0|2|0|0|2|7|128|30|27|62|2024|4|25|14|2|58|4|N
26|2|70|C|1|0|U|642|15|18|249|E2602|32|5|16|25|38|3|149|87|0|16|0|11|0|0|43|0|5|12|410|73|171|149|2024|4|25|14|14|27|4|N
26|2|75|C|8|0|U|708|15|18|249|E2602|42|53|30|42|5|91|129|26|0|38|0|1|0|0|0|0|1|11|427|164|122|129|2024|4|25|11|59|39|4|N
26|2|180|C|1|0|U|595|30|5|249|E2602|110|26|52|12|2|0|87|27|0|18|0|43|15|3|0|0|2|1|288|151|47|87|2024|4|25|12|17|22|4|N
26|2|1573|C|3|0|U|716|30|4|249|E2602|129|75|258|13|0|17|110|46|0|16|0|39|0|0|0|39|1|0|614|401|102|110|2024|4|25|13|59|30|4|N
26|3|357|B|1|0|U|558|49|12|250|E2603|41|78|40|10|27|4|240|86|0|4|0|0|0|4|2|0|3|7|505|132|123|240|2024|4|25|14|5|30|4|N
26|3|590|C|3|0|M|719|49|11|250|E2603|68|71|162|44|0|36|121|76|0|0|0|0|0|0|2|0|3|11|526|277|114|121|2024|4|25|14|7|16|4|N
26|3|1446|B|1|0|U|590|49|12|250|E2603|19|32|14|118|9|13|253|8|0|4|0|2|19|0|0|0|3|10|485|170|49|253|2024|4|25|14|15|13|4|N
26|3|1482|B|1|0|U|471|49|11|250|E2603|67|15|110|57|1|0|184|35|0|0|0|0|0|14|5|0|0|9|430|182|55|184|2024|4|25|14|12|14|4|N
26|6|773|C|1|0|U|613|59|16|253|E2606|56|12|66|26|1|7|180|55|0|18|0|0|0|42|0|55|5|10|477|122|160|180|2024|4|25|14|12|4|4|N
26|6|777|B|1|0|U|642|59|16|253|E2606|59|108|96|3|4|4|166|71|0|31|0|0|0|3|2|4|0|2|494|238|88|166|2024|4|25|14|8|7|4|N
26|6|910|B|1|0|U|706|59|15|253|E2606|17|17|65|9|8|8|204|72|0|45|0|28|0|2|7|0|0|3|468|164|97|204|2024|4|25|14|10|5|4|N
26|6|911|C|6|0|U|729|59|15|253|E2606|45|8|89|99|0|13|223|45|0|19|0|0|3|0|9|0|5|11|524|215|70|223|2024|4|25|14|15|23|4|N
26|6|924|B|1|0|U|648|59|15|253|E2606|51|40|92|79|28|15|161|16|0|0|0|0|0|0|9|0|4|11|455|211|68|161|2024|4|25|14|4|48|4|N
26|6|968|B|1|0|R|475|59|17|253|E2606|137|0|32|120|0|40|94|60|0|7|0|0|0|1|1|8|3|12|378|159|110|94|2024|4|25|14|11|5|4|N
26|6|1562|B|1|0|U|606|59|16|253|E2606|95|123|134|4|72|48|57|11|0|5|0|0|0|0|0|0|5|2|461|266|131|57|2024|4|25|14|6|21|4|N
27|2|49|B|1|0|U|521|2|3|256|E2702|3|105|105|0|13|5|92|3|1|0|0|0|0|0|0|0|1|0|325|211|21|92|2024|4|25|14|15|21|1|N
27|3|540|C|1|0|R|440|5|19|257|E2703|5|69|9|0|17|35|88|112|0|0|0|0|3|0|0|2|3|7|345|78|169|88|2024|4|25|14|7|11|1|N
27|3|542|C|2|0|R|507|5|19|257|E2703|2|4|13|18|8|28|206|104|0|21|0|3|0|3|0|2|4|9|423|59|145|206|2024|4|25|14|4|27|1|N
27|4|279|B|1|0|U|560|4|7|258|E2704|72|7|12|0|37|72|169|68|0|0|0|0|0|3|2|18|0|2|390|19|200|169|2024|4|25|14|12|48|4|N
27|4|345|C|2|0|U|705|4|8|258|E2704|92|35|113|0|15|32|147|49|0|3|0|3|1|27|3|3|0|0|431|154|130|147|2024|4|25|14|15|2|4|N
27|4|359|B|1|0|U|676|4|9|258|E2704|122|41|40|2|66|17|236|30|0|0|0|0|1|1|0|9|0|9|452|83|124|236|2024|4|25|14|16|45|4|N
27|4|379|B|1|0|U|527|4|9|258|E2704|134|7|22|0|12|44|104|167|0|0|0|0|0|0|0|0|0|9|365|29|223|104|2024|4|25|14|11|11|4|N
27|5|840|C|2|0|U|696|10|17|259|E2705|65|69|34|4|14|68|218|34|0|1|0|0|12|0|0|0|1|6|461|108|128|218|2024|4|25|11|18|56|4|N
27|5|1136|C|1|0|U|677|13|18|259|E2705|92|67|10|2|2|2|218|94|8|0|0|0|22|0|0|62|2|4|493|87|182|218|2024|4|25|12|20|49|4|N
27|5|1137|C|1|0|U|506|13|18|259|E2705|94|24|9|0|50|1|106|18|0|0|0|0|0|2|0|58|0|8|276|33|129|106|2024|4|25|12|27|18|4|N
27|5|1138|B|1|0|U|608|13|18|259|E2705|93|15|54|0|36|8|75|130|2|0|0|0|0|0|0|31|0|4|355|71|205|75|2024|4|25|12|19|38|4|N
27|5|1140|B|1|0|U|739|13|18|259|E2705|92|25|5|0|83|37|166|203|0|0|0|7|2|0|0|85|4|4|621|37|410|166|2024|4|25|12|25|40|4|N
27|6|489|B|1|0|R|616|4|10|260|E2706|74|64|49|0|24|8|66|122|35|0|0|0|0|0|9|34|5|4|420|148|197|66|2024|4|25|14|14|4|1|N
27|6|497|C|1|0|U|593|4|5|260|E2706|49|52|12|7|0|74|191|30|0|0|0|0|9|43|8|32|0|9|467|71|196|191|2024|4|25|14|4|43|4|N
27|6|1070|C|1|0|U|709|16|20|260|E2706|113|30|26|0|75|45|14|185|2|5|0|0|26|0|1|7|2|8|426|63|339|14|2024|4|25|14|11|15|4|N
28|1|761|B|1|0|U|736|27|1|261|E2801|18|101|35|0|0|2|159|120|0|0|0|0|9|0|0|0|3|0|429|136|131|159|2024|4|25|13|9|6|4|N
28|1|792|B|1|0|U|701|27|2|261|E2801|58|211|85|31|0|1|131|117|0|0|9|0|0|0|0|0|1|7|593|336|118|131|2024|4|25|13|19|27|4|N
28|1|836|B|1|0|U|378|27|2|261|E2801|77|3|232|0|0|10|37|18|0|0|0|0|20|0|0|0|5|2|327|235|48|37|2024|4|25|13|7|6|4|N
28|1|849|C|1|0|U|414|27|2|261|E2801|66|7|8|3|3|17|88|31|0|0|0|0|41|1|0|0|0|11|210|18|93|88|2024|4|25|13|9|6|4|N
28|1|861|B|1|0|U|663|27|2|261|E2801|76|94|14|69|86|20|137|42|0|0|0|0|31|0|0|0|5|9|507|177|179|137|2024|4|25|13|6|59|4|N
28|1|875|B|1|0|U|627|27|2|261|E2801|73|81|18|6|86|57|62|64|0|0|0|0|11|0|0|0|2|4|391|105|218|62|2024|4|25|14|13|13|1|N
28|1|889|C|4|0|U|710|27|2|261|E2801|94|104|44|2|0|4|173|45|0|1|0|0|158|0|0|0|1|0|532|151|207|173|2024|4|25|13|19|22|4|N
28|1|896|C|1|0|U|684|27|3|261|E2801|117|15|20|18|0|0|137|168|0|3|3|0|77|0|0|0|5|1|447|59|245|137|2024|4|25|13|19|16|4|N
28|1|1989|C|1|0|U|595|27|1|261|E2801|36|116|27|14|0|37|67|112|0|1|13|0|21|0|0|0|5|9|422|171|170|67|2024|4|25|14|8|46|1|N
28|3|926|C|1|0|U|633|30|13|263|E2803|133|73|22|1|58|0|77|134|0|0|40|0|2|1|0|0|2|5|415|136|195|77|2024|4|25|14|15|49|4|N
28|3|1149|B|1|0|U|601|33|8|263|E2803|23|61|132|26|1|11|77|84|0|0|1|0|14|0|0|0|0|11|418|220|110|77|2024|4|25|14|6|10|1|N
28|3|1517|B|1|0|U|670|40|9|263|E2803|84|20|50|3|6|15|94|123|0|0|1|0|140|0|0|0|5|1|458|74|284|94|2024|4|25|14|10|46|1|N
28|4|640|C|2|0|U|714|22|11|264|E2804|60|30|13|1|0|17|102|189|0|0|0|0|48|0|0|0|1|5|406|44|254|102|2024|4|25|14|9|51|4|N
28|4|2058|C|1|0|U|640|22|12|264|E2804|15|114|2|7|0|0|126|126|0|0|0|0|18|0|0|0|5|12|410|123|144|126|2024|4|25|14|17|34|1|N
28|5|117|B|1|0|M|565|6|16|265|E2805|4|57|27|12|0|34|34|92|0|0|0|0|8|0|0|0|2|2|268|96|134|34|2024|4|25|14|14|51|1|N
28|5|1501|C|1|0|U|663|39|16|265|E2805|54|118|5|10|0|5|121|61|0|0|0|0|106|3|0|0|0|7|436|133|175|121|2024|4|25|14|4|48|4|N
28|5|1573|C|6|0|U|719|41|14|265|E2805|82|1|5|0|0|2|2|2|0|0|0|0|0|0|0|0|0|0|12|6|4|2|2024|4|25|14|8|53|4|N
28|5|1595|B|1|0|U|711|41|14|265|E2805|147|114|22|2|110|1|144|80|0|0|11|0|128|0|0|0|3|12|627|149|319|144|2024|4|25|14|8|33|4|N
28|5|1650|C|3|0|U|679|41|15|265|E2805|142|17|17|17|17|17|17|17|17|17|17|17|17|17|17|17|17|17|289|119|119|17|2024|4|25|14|12|2|4|N
28|5|1659|B|1|0|U|661|41|15|265|E2805|113|88|73|0|0|0|53|115|0|0|18|0|40|0|0|0|2|4|393|179|155|53|2024|4|25|14|3|42|4|N
28|5|1695|C|1|0|U|437|41|15|265|E2805|129|6|7|1|0|0|57|50|0|0|0|0|3|0|0|0|5|11|140|14|53|57|2024|4|25|14|15|46|4|N
28|6|17|C|1|0|U|414|2|17|266|E2806|7|26|26|0|0|1|70|78|0|0|0|0|21|0|0|0|3|0|225|52|100|70|2024|4|25|14|11|4|4|N
28|6|46|C|1|0|U|659|3|18|266|E2806|41|95|9|3|5|58|41|194|0|0|6|0|24|0|0|0|3|6|444|113|281|41|2024|4|25|14|7|15|4|N
28|6|102|E|1|0|M|199|4|16|266|E2806|90|12|5|0|0|1|69|50|0|0|0|0|0|0|0|0|3|4|144|17|51|69|2024|4|25|14|10|38|1|N
28|6|272|B|1|0|R|290|11|16|266|E2806|97|15|25|0|0|3|53|18|0|0|0|0|7|1|0|0|2|10|134|40|29|53|2024|4|25|14|5|2|1|N
28|6|272|E|1|0|R|334|11|16|266|E2806|97|25|25|0|0|22|25|49|0|0|0|0|33|0|0|0|2|3|184|50|104|25|2024|4|25|14|10|40|1|N
28|6|272|E|2|0|R|379|11|16|266|E2806|97|5|21|0|0|43|48|37|0|0|0|0|0|0|0|0|1|11|166|26|80|48|2024|4|25|14|13|2|1|N
28|6|2067|C|2|0|U|716|3|18|266|E2806|66|150|214|21|0|59|24|54|0|0|7|0|26|0|0|11|3|5|574|392|150|24|2024|4|25|14|16|41|4|N
28|6|2151|B|1|0|U|611|3|18|266|E2806|46|51|29|6|0|12|123|74|0|0|1|0|113|0|0|8|5|4|426|87|207|123|2024|4|25|14|11|27|4|N
28|6|2151|C|1|0|U|611|3|18|266|E2806|46|4|29|46|14|25|194|144|0|0|0|0|25|0|0|0|3|0|484|79|208|194|2024|4|25|14|7|37|4|N
28|8|213|B|1|0|U|483|9|20|268|E2808|55|22|86|1|0|10|21|83|0|0|2|0|11|0|0|1|1|3|241|111|105|21|2024|4|25|14|14|31|4|N
28|8|1314|C|1|0|U|701|38|21|268|E2808|74|39|23|34|4|5|124|79|0|0|0|7|23|0|0|0|0|12|350|103|111|124|2024|4|25|14|9|36|4|N
28|8|1319|B|1|0|U|668|38|21|268|E2808|86|37|39|0|0|1|89|131|0|0|3|0|34|0|0|0|5|2|341|79|166|89|2024|4|25|14|3|16|4|N
28|8|1347|C|1|0|U|625|38|21|268|E2808|98|27|24|0|0|1|68|213|0|10|0|0|158|0|0|0|4|1|506|61|372|68|2024|4|25|14|8|1|4|N
28|8|1364|B|1|0|U|539|38|21|268|E2808|114|29|9|11|35|43|126|34|0|0|48|0|29|0|0|0|4|0|368|97|141|126|2024|4|25|14|8|42|4|N
28|8|1404|C|1|0|U|425|38|22|268|E2808|139|79|23|0|0|27|120|18|0|0|0|0|3|0|0|0|1|11|282|102|48|120|2024|4|25|14|4|50|4|N
28|8|1424|C|1|0|U|613|38|22|268|E2808|151|103|94|35|11|0|104|106|0|0|10|0|38|8|0|0|1|1|511|242|163|104|2024|4|25|14|3|25|4|N
29|1|31|C|1|0|U|617|3|4|269|E2901|129|14|1|1|59|35|150|31|0|1|0|0|18|17|3|0|2|10|342|17|163|150|2024|4|25|14|14|59|4|N
29|1|194|C|1|0|U|607|13|10|269|E2901|97|3|0|14|66|73|93|83|0|2|0|1|3|50|16|12|3|4|423|20|303|93|2024|4|25|14|17|36|1|N
29|2|6|B|1|0|U|450|2|5|270|E2902|8|10|30|0|51|37|52|50|0|28|0|0|0|0|25|1|3|9|296|68|164|52|2024|4|25|14|6|19|4|N
29|2|233|B|1|0|U|655|15|6|270|E2902|68|14|0|1|84|54|139|144|0|1|0|0|0|5|1|0|1|11|455|16|288|139|2024|4|25|14|8|40|4|N
29|2|295|C|4|0|U|603|60|1|270|E2902|28|2|7|0|18|7|69|217|0|4|0|2|34|0|4|3|1|0|368|15|283|69|2024|4|25|14|8|23|4|N
29|2|465|C|7|0|U|664|33|7|270|E2902|123|5|86|2|1|90|64|77|0|0|0|0|0|73|77|138|0|4|617|93|456|64|2024|4|25|14|17|10|1|N
29|2|517|C|2|0|U|556|36|5|270|E2902|132|107|15|0|1|124|91|31|0|0|0|1|0|7|2|14|2|7|402|123|179|91|2024|4|25|14|12|44|4|N
29|2|519|C|1|0|U|417|36|5|270|E2902|130|34|0|0|17|50|124|37|0|3|0|0|2|3|41|3|4|6|324|37|153|124|2024|4|25|14|6|56|4|N
29|2|575|C|1|0|U|609|43|2|270|E2902|141|45|9|1|99|35|87|48|0|0|1|0|4|1|28|0|5|10|373|56|215|87|2024|4|25|14|9|28|4|N
29|2|630|C|1|0|U|687|33|7|270|E2902|115|38|33|0|19|9|119|55|2|0|0|0|0|11|81|0|4|11|382|73|175|119|2024|4|25|14|11|35|4|N
29|3|153|B|1|0|U|567|52|9|271|E2903|40|3|13|2|8|57|130|2|0|17|0|0|24|0|1|0|5|7|269|35|92|130|2024|4|25|14|8|42|4|N
29|3|279|C|1|0|U|626|18|8|271|E2903|1|45|17|0|21|13|145|126|0|41|0|0|1|0|0|19|4|3|435|103|180|145|2024|4|25|14|4|0|1|N
29|3|283|C|2|0|U|562|18|8|271|E2903|5|19|10|0|3|8|117|158|0|0|0|0|0|5|6|0|2|11|339|29|180|117|2024|4|25|14|8|16|1|N
29|3|360|C|3|0|U|633|25|15|271|E2903|117|32|28|0|22|23|185|137|0|25|0|20|17|1|0|6|2|6|504|105|206|185|2024|4|25|14|5|12|4|N
29|3|376|C|2|0|U|547|27|14|271|E2903|108|7|1|0|0|22|92|121|0|0|0|22|0|3|1|0|4|6|279|30|147|92|2024|4|25|14|10|33|4|N
29|3|383|C|1|0|U|588|28|12|271|E2903|48|0|3|0|0|35|98|37|0|79|0|0|0|32|0|0|5|4|293|82|104|98|2024|4|25|14|5|30|4|N
29|3|558|B|1|0|U|652|41|14|271|E2903|100|17|2|11|77|47|59|128|0|0|47|2|55|0|36|4|4|9|498|79|347|59|2024|4|25|14|11|9|4|N
29|3|563|C|3|0|U|577|41|14|271|E2903|103|11|8|1|29|20|161|171|0|51|0|0|0|10|42|0|4|10|518|71|272|161|2024|4|25|14|9|35|4|N
29|3|566|C|1|0|U|510|41|14|271|E2903|94|0|31|0|29|41|40|66|0|20|0|0|0|41|7|1|5|3|284|51|185|40|2024|4|25|14|4|51|4|N
30|2|1353|B|1|0|R|497|60|2|273|E3002|124|35|2|1|0|1|59|101|0|0|0|0|0|18|0|0|3|6|226|38|120|59|2024|4|25|13|9|56|4|N
30|3|1195|S|1|0|U|0|50|26|274|E3003|29|24|3|11|4|11|153|35|2|0|8|0|0|82|15|83|2|1|434|48|230|153|2024|4|25|14|11|21|4|N
30|3|1204|C|1|0|M|455|50|26|274|E3003|3|18|13|18|15|58|27|7|1|0|12|1|0|40|0|0|5|0|215|63|120|27|2024|4|25|14|15|30|1|N
30|3|1229|B|1|0|U|387|50|26|274|E3003|9|30|2|0|37|27|69|61|0|0|0|0|0|3|0|0|1|10|240|32|128|69|2024|4|25|13|26|21|4|N
30|4|4381|B|1|0|U|679|192|15|275|E3004|52|58|1|6|2|6|247|60|16|0|0|1|0|2|1|0|2|11|413|82|71|247|2024|4|25|14|8|45|4|N
30|4|4407|B|1|0|U|337|192|15|275|E3004|68|4|41|14|46|1|21|30|0|0|0|0|0|4|0|0|2|7|170|59|81|21|2024|4|25|14|5|23|4|N
30|4|4421|C|4|0|U|744|192|15|275|E3004|35|80|5|3|81|40|85|70|0|0|1|0|0|37|127|0|0|4|533|89|355|85|2024|4|25|14|11|40|4|N
30|4|4490|C|3|0|U|692|192|15|275|E3004|1|20|2|32|0|6|127|120|15|0|0|0|0|3|1|0|5|2|333|69|130|127|2024|4|25|14|3|41|4|N
30|4|4495|C|4|0|U|718|192|15|275|E3004|16|29|0|31|12|76|165|127|0|0|1|0|0|13|15|0|0|8|477|61|243|165|2024|4|25|14|16|41|4|N
30|4|4747|C|1|0|U|650|192|15|275|E3004|49|12|18|12|17|10|246|16|0|0|0|0|0|38|1|0|1|12|383|42|82|246|2024|4|25|14|14|49|4|N
30|5|3118|C|2|0|U|641|132|5|276|E3005|8|154|2|13|17|0|115|92|0|0|0|0|0|20|1|0|1|3|418|169|130|115|2024|4|25|13|59|52|4|N
30|5|3144|C|5|0|U|632|132|5|276|E3005|22|6|47|1|105|83|55|16|2|2|0|0|0|165|0|0|4|3|489|58|369|55|2024|4|25|14|5|1|4|N
30|5|3155|C|1|0|U|414|132|5|276|E3005|31|18|15|35|12|9|135|31|0|0|0|0|0|0|0|0|1|0|256|68|52|135|2024|4|25|14|14|54|4|N
30|5|3166|C|2|0|U|516|132|5|276|E3005|35|29|13|18|18|54|51|21|0|0|0|0|0|4|0|0|0|0|208|60|97|51|2024|4|25|14|7|7|4|N
30|6|1276|C|1|0|U|577|53|6|277|E3006|100|20|2|26|9|0|100|36|0|0|0|1|0|79|2|0|0|2|277|49|126|100|2024|4|25|14|13|56|4|N
30|6|2375|B|1|0|U|680|104|6|277|E3006|113|9|17|2|0|17|148|43|44|0|2|0|0|30|32|0|5|12|361|74|122|148|2024|4|25|14|13|10|4|N
30|6|2975|C|1|0|R|389|125|6|277|E3006|84|0|14|7|13|0|69|19|0|0|3|0|0|0|38|0|0|2|165|24|70|69|2024|4|25|14|4|22|4|N
30|6|4963|C|2|0|U|627|42|5|277|E3006|69|34|20|13|2|16|46|40|0|0|0|16|0|8|122|0|5|1|323|83|188|46|2024|4|25|14|4|0|4|N
30|7|435|C|1|0|R|516|24|9|278|E3007|25|1|37|33|24|3|48|90|4|0|0|0|0|0|14|0|2|9|265|75|131|48|2024|4|25|14|12|46|4|N
30|7|1840|B|1|0|R|665|88|9|278|E3007|49|23|60|16|27|12|187|7|0|0|1|0|0|5|1|0|2|11|352|100|52|187|2024|4|25|14|11|20|4|N
30|7|2610|B|1|0|M|509|115|8|278|E3007|154|8|0|49|2|111|94|29|6|0|0|0|0|0|0|0|0|4|303|63|142|94|2024|4|25|13|7|40|4|N
30|9|728|B|1|0|U|562|40|12|280|E3009|36|55|32|8|21|14|55|113|0|0|25|0|0|40|0|0|0|5|368|120|188|55|2024|4|25|11|30|19|4|N
30|9|728|C|1|0|U|562|40|12|280|E3009|36|0|7|5|20|10|197|96|4|0|0|0|0|3|23|0|2|7|374|16|152|197|2024|4|25|14|9|11|4|N
30|9|4513|C|1|0|U|483|194|12|280|E3009|121|24|22|5|10|22|193|22|0|0|0|0|0|1|0|1|2|7|309|51|56|193|2024|4|25|14|11|9|4|N
30|10|1849|C|1|0|U|705|89|11|281|E3010|9|2|12|2|28|10|80|142|0|0|0|0|0|0|2|0|0|10|288|16|182|80|2024|4|25|14|15|12|4|N
30|10|1863|B|1|0|U|624|89|11|281|E3010|21|16|33|1|7|38|116|79|70|0|0|0|0|13|1|0|3|3|380|120|138|116|2024|4|25|14|14|26|1|N
30|10|1865|C|1|0|U|509|89|11|281|E3010|24|12|18|69|15|9|30|7|0|0|0|0|0|27|53|0|4|9|253|99|111|30|2024|4|25|14|5|11|4|N
30|10|1866|C|1|0|U|740|89|11|281|E3010|15|38|8|4|57|37|333|111|0|0|6|0|0|0|1|0|0|11|606|56|206|333|2024|4|25|14|3|41|1|N
30|10|1878|B|1|0|U|714|89|11|281|E3010|29|128|71|0|0|74|244|19|0|0|0|0|0|0|2|0|5|12|555|199|95|244|2024|4|25|14|9|28|1|N
30|10|1925|C|2|0|U|561|89|11|281|E3010|40|4|70|1|26|25|130|7|0|0|0|1|0|2|1|0|0|9|276|76|61|130|2024|4|25|14|5|56|4|N
30|10|1958|C|1|0|U|670|89|11|281|E3010|45|46|16|1|137|1|122|52|3|0|0|0|0|7|0|0|2|1|388|66|197|122|2024|4|25|14|14|54|4|N
30|10|2095|C|3|0|U|611|89|10|281|E3010|138|21|0|0|0|0|154|7|0|0|0|0|0|18|0|0|4|10|214|21|25|154|2024|4|25|14|11|42|4|N
30|10|4939|C|1|0|U|679|89|11|281|E3010|11|44|126|0|30|9|64|9|0|0|0|0|0|0|0|0|3|7|292|170|48|64|2024|4|25|14|2|58|1|N
30|11|4695|E|1|0|R|341|206|30|282|E3011|126|10|0|1|0|20|117|15|0|0|0|0|0|1|0|0|0|3|167|11|36|117|2024|4|25|14|12|38|4|N
30|11|4880|C|1|0|U|581|41|29|282|E3011|38|65|8|25|9|27|42|152|0|0|0|0|0|1|3|0|2|2|336|98|192|42|2024|4|25|14|13|50|4|N
30|12|4228|C|2|0|U|684|192|14|283|E3012|10|16|0|0|1|15|86|80|30|0|0|0|0|119|9|0|2|5|363|46|224|86|2024|4|25|13|8|59|4|N
30|12|4265|B|1|0|U|593|192|14|283|E3012|62|47|21|2|0|35|224|28|0|0|0|1|0|0|0|0|4|3|365|71|63|224|2024|4|25|14|17|55|4|N
30|12|4793|C|1|0|U|634|192|14|283|E3012|35|13|4|20|20|87|64|33|0|0|0|0|0|2|0|11|4|4|262|37|153|64|2024|4|25|14|10|48|4|N
30|14|2127|C|1|0|U|484|91|27|285|E3014|113|4|0|9|25|43|122|21|9|0|4|31|0|64|2|0|2|7|343|57|155|122|2024|4|25|14|16|38|4|N
30|14|2162|B|1|0|U|536|93|28|285|E3014|41|18|27|18|56|138|110|48|1|0|4|1|0|0|0|0|1|10|432|69|242|110|2024|4|25|14|15|3|1|N
30|15|1162|C|1|0|M|640|49|18|286|E3015|4|52|35|0|1|10|213|153|0|0|0|10|0|2|1|0|2|11|490|97|167|213|2024|4|25|14|17|58|1|N
30|16|1294|C|1|0|U|558|55|17|287|E3016|92|82|2|12|4|15|135|52|0|0|9|16|0|0|0|0|2|8|337|121|71|135|2024|4|25|14|16|29|4|N
30|17|255|C|1|0|U|701|12|17|288|E3017|8|49|35|80|25|0|106|118|0|0|0|0|0|153|0|0|0|3|569|164|296|106|2024|4|25|14|15|38|4|N
30|18|92|C|2|0|M|602|6|21|289|E3018|1|13|15|8|0|47|143|47|22|0|0|0|0|6|0|0|0|3|304|58|100|143|2024|4|25|14|9|48|1|N
30|18|96|B|1|0|R|479|6|21|289|E3018|1|21|22|24|11|5|65|64|0|0|1|0|0|35|4|0|0|2|254|68|119|65|2024|4|25|14|16|51|1|N
30|18|104|B|1|0|R|701|6|21|289|E3018|7|38|2|7|11|0|176|39|1|0|0|15|0|11|31|0|0|10|341|63|92|176|2024|4|25|14|7|46|1|N
30|19|636|B|1|0|U|596|34|25|290|E3019|88|9|2|58|9|27|110|43|0|0|0|70|0|9|0|0|0|5|342|139|88|110|2024|4|25|13|55|18|4|N
30|19|3400|B|1|0|R|402|142|25|290|E3019|43|2|1|2|25|8|123|16|27|0|0|0|0|17|16|0|3|2|242|32|82|123|2024|4|25|14|6|8|4|N
31|1|937|C|2|0|U|595|96|17|291|E3101|32|8|48|75|71|17|121|39|0|1|0|0|0|0|0|23|2|7|412|132|150|121|2024|4|25|14|12|29|4|N
31|2|110|C|1|0|M|534|26|14|292|E3102|35|25|61|58|1|31|51|48|0|1|0|5|0|0|0|20|0|4|305|150|100|51|2024|4|25|13|59|45|4|N
31|2|803|C|1|0|M|734|74|15|292|E3102|103|9|9|134|6|172|66|103|3|53|0|0|0|0|29|0|4|12|600|208|310|66|2024|4|25|14|13|36|4|N
31|3|311|C|3|0|U|658|50|1|293|E3103|6|16|83|87|18|4|81|77|0|18|0|0|0|0|3|38|2|4|431|204|140|81|2024|4|25|13|19|6|4|N
31|3|377|B|1|0|U|592|50|1|293|E3103|23|5|7|77|77|16|42|42|0|0|0|0|0|0|5|3|4|11|289|89|143|42|2024|4|25|14|4|42|4|N
31|3|378|B|1|0|U|601|50|1|293|E3103|24|197|14|97|44|18|71|29|0|28|0|0|0|0|0|0|1|12|511|336|91|71|2024|4|25|14|6|26|4|N
31|3|627|C|3|0|U|712|50|6|293|E3103|102|127|14|79|117|44|136|38|0|0|0|0|0|0|1|4|4|8|572|220|204|136|2024|4|25|13|17|5|4|N
31|5|232|C|1|0|M|603|45|12|295|E3105|21|12|33|114|14|54|30|10|0|2|0|44|0|0|11|20|1|1|346|205|109|30|2024|4|25|13|33|20|4|N
31|5|239|C|1|0|M|604|48|13|295|E3105|22|103|6|5|6|77|86|22|0|0|0|0|0|0|5|1|1|3|315|114|111|86|2024|4|25|13|35|28|4|N
31|6|398|B|1|0|U|726|50|4|296|E3106|75|111|26|226|30|20|205|16|0|0|0|6|0|0|0|1|3|12|656|369|67|205|2024|4|25|14|15|20|4|N
31|6|508|C|4|0|U|654|50|4|296|E3106|117|82|29|36|3|68|149|5|0|1|0|28|0|0|0|2|5|9|417|176|78|149|2024|4|25|14|10|12|4|N
31|6|514|B|1|0|U|544|50|5|296|E3106|118|14|0|112|4|7|33|25|0|0|0|0|0|0|0|86|3|2|286|126|122|33|2024|4|25|14|11|6|4|N
32|1|187|B|1|0|U|418|10|6|297|E3201|17|24|3|4|8|14|140|25|37|0|0|0|0|5|0|0|1|5|266|68|52|140|2024|4|25|13|31|11|4|N
32|1|1269|C|1|0|R|484|40|7|297|E3201|116|14|50|1|13|68|143|25|0|0|0|33|0|0|5|22|4|10|388|98|133|143|2024|4|25|13|8|35|4|N
32|1|1273|B|1|0|U|419|40|7|297|E3201|117|45|29|15|0|16|47|71|2|0|0|0|0|0|0|0|1|1|227|91|87|47|2024|4|25|13|12|59|4|N
32|2|608|C|2|0|U|562|20|10|298|E3202|1|25|112|15|23|125|77|14|2|0|0|0|0|0|9|3|2|0|407|154|174|77|2024|4|25|14|13|2|4|N
32|2|611|B|1|0|U|592|20|10|298|E3202|3|72|7|35|11|66|135|80|0|0|1|0|0|0|0|0|3|3|413|115|157|135|2024|4|25|14|7|48|4|N
32|3|64|B|1|0|U|512|6|17|299|E3203|16|39|6|48|46|33|145|47|0|0|0|0|2|0|0|0|4|2|372|93|128|145|2024|4|25|14|9|28|4|N
32|3|65|B|1|0|U|421|6|17|299|E3203|16|57|6|4|5|15|118|53|0|0|0|0|0|0|5|0|2|6|271|67|78|118|2024|4|25|14|11|44|4|N
32|3|76|C|1|0|U|663|7|12|299|E3203|19|90|38|13|1|47|90|19|34|12|0|2|0|0|0|0|3|10|359|189|67|90|2024|4|25|14|6|5|4|N
32|3|93|B|1|0|R|101|7|12|299|E3203|22|2|1|5|1|2|4|6|5|0|0|0|0|4|0|1|2|7|40|13|14|4|2024|4|25|14|8|58|1|N
32|3|829|B|1|0|R|285|26|12|299|E3203|46|37|36|22|3|0|85|1|6|0|11|0|1|0|0|1|5|3|211|112|6|85|2024|4|25|14|8|18|1|N
32|3|851|B|1|0|R|426|26|12|299|E3203|46|25|21|39|2|29|70|78|0|0|0|27|0|0|0|0|2|7|300|112|109|70|2024|4|25|14|15|51|1|N
32|3|867|B|1|0|R|224|26|12|299|E3203|43|8|7|6|5|4|7|6|9|8|7|9|8|8|9|6|2|4|113|54|46|7|2024|4|25|14|12|54|4|N
32|3|1204|C|1|0|U|602|39|17|299|E3203|93|198|3|22|11|43|66|48|3|0|0|2|0|13|39|13|0|3|464|228|167|66|2024|4|25|14|17|43|4|N
32|3|1284|B|1|0|M|390|41|12|299|E3203|95|35|31|26|5|34|159|27|0|0|0|0|0|0|0|8|3|1|329|92|74|159|2024|4|25|14|8|7|1|N
32|3|1798|B|1|0|U|555|56|2|299|E3203|119|116|25|1|17|89|90|17|0|4|0|0|0|1|31|3|0|4|398|146|158|90|2024|4|25|14|4|32|4|N
32|3|1855|B|1|0|U|675|56|2|299|E3203|132|105|54|3|3|11|98|120|3|0|0|2|0|0|16|5|1|7|428|167|155|98|2024|4|25|14|7|40|4|N
