7602
ID_ESTADO|ID_DISTRITO_FEDERAL|SECCION|TIPO_CASILLA|ID_CASILLA|EXT_CONTIGUA|TIPO_SECCION|LISTA_NOMINAL|ID_MUNICIPIO|ID_DIST_LOC|ID_ESTRATO|ESTRATO|NUMERO_ARE|PAN|PRI|PRD|PVEM|PT|MC|MORENA|PAN_PRI_PRD|PAN_PRI|PAN_PRD|PRI_PRD|PVEM_PT_MORENA|PVEM_PT|PVEM_MORENA|PT_MORENA|CNR|NULOS|TOTAL|BXGR|CSP|JAM|ANIO|MES|DIA|HORA|MINUTOS|SEGUNDOS|ORIGEN_CAPTURA|MODIFICADO
1|1|361|B|1|0|U|639|3|8|1|E0101|34|0|0|0|0|0|0|0|0|0|0|0|0|0|0|0|0|0|0|0|0|0|2024|4|25|15|57|36|4|N
1|1|371|C|1|0|R|620|3|8|1|E0101|19|0|0|0|0|0|0|0|0|0|0|0|0|0|0|0|0|0|0|0|0|0||||||||
1|1|396|S|1|0|U|0|5|7|1|E0101|61|0|0|0|0|0|0|0|0|0|0|0|0|0|0|0|0|0|0|0|0|0||||||||
1|1|397|C|1|0|U|717|5|7|1|E0101|53|0|0|0|0|0|0|0|0|0|0|0|0|0|0|0|0|0|0|0|0|0||||||||
1|1|397|C|10|0|U|716|5|7|1|E0101|55|0|81|27|0|27|48|50|0|0|0|0|0|0|13|0|5|9|260|108|90|48|2024|4|25|15|30|24|4|N
1|1|402|B|1|0|M|576|5|4|1|E0101|42|0|71|29|8|35|113|106|0|0|0|0|0|0|3|0|3|12|380|100|152|113|2024|4|25|15|47|19|4|N
1|1|403|C|5|0|U|679|5|4|1|E0101|42|2|75|63|26|119|213|7|0|0|0|0|0|3|17|0|0|12|537|140|172|213|2024|4|25|15|43|50|4|N
1|1|405|C|5|0|M|707|5|7|1|E0101|67|0|0|0|0|0|0|0|0|0|0|0|0|0|0|0|0|0|0|0|0|0||||||||
1|1|410|E|1|1|M|520|5|8|1|E0101|48|0|0|0|0|0|0|0|0|0|0|0|0|0|0|0|0|0|0|0|0|0||||||||
1|1|412|B|1|0|M|675|5|7|1|E0101|71|0|0|0|0|0|0|0|0|0|0|0|0|0|0|0|0|0|0|0|0|0||||||||
1|1|412|C|4|0|M|674|5|7|1|E0101|71|0|0|0|0|0|0|0|0|0|0|0|0|0|0|0|0|0|0|0|0|0||||||||
1|1|413|C|2|0|M|608|5|7|1|E0101|73|0|0|0|0|0|0|0|0|0|0|0|0|0|0|0|0|0|0|0|0|0||||||||
1|1|413|E|3|1|M|626|5|7|1|E0101|68|0|0|0|0|0|0|0|0|0|0|0|0|0|0|0|0|0|0|0|0|0||||||||
1|1|415|C|7|0|M|679|6|3|1|E0101|77|0|0|0|0|0|0|0|0|0|0|0|0|0|0|0|0|0|0|0|0|0||||||||
1|1|417|C|1|0|U|702|6|3|1|E0101|78|0|0|0|0|0|0|0|0|0|0|0|0|0|0|0|0|0|0|0|0|0||||||||
1|1|426|C|1|0|R|714|6|3|1|E0101|80|0|94|49|1|0|20|55|0|7|0|0|0|4|24|0|3|10|267|150|84|20|2024|4|25|15|38|19|4|N
1|1|429|C|2|0|U|600|6|3|1|E0101|126|0|0|0|0|0|0|0|0|0|0|0|0|0|0|0|0|0|0|0|0|0||||||||
1|1|444|B|1|0|R|500|7|1|1|E0101|104|0|0|0|0|0|0|0|0|0|0|0|0|0|0|0|0|0|0|0|0|0||||||||
1|1|470|S|1|0|M|0|10|4|1|E0101|105|0|0|0|0|0|0|0|0|0|0|0|0|0|0|0|0|0|0|0|0|0||||||||
1|1|477|C|3|0|M|691|10|4|1|E0101|114|0|0|0|0|0|0|0|0|0|0|0|0|0|0|0|0|0|0|0|0|0||||||||
1|1|479|C|1|0|M|721|11|2|1|E0101|137|0|0|0|0|0|0|0|0|0|0|0|0|0|0|0|0|0|0|0|0|0||||||||
1|1|481|C|1|0|R|748|11|2|1|E0101|135|0|0|0|0|0|0|0|0|0|0|0|0|0|0|0|0|0|0|0|0|0||||||||
1|1|485|B|1|0|R|718|11|2|1|E0101|139|0|0|0|0|0|0|0|0|0|0|0|0|0|0|0|0|0|0|0|0|0||||||||
1|1|652|C|2|0|M|642|5|4|1|E0101|44|75|80|45|150|25|25|103|25|25|0|0|0|0|0|15|0|35|603|250|293|25|2024|4|25|15|39|22|4|N
1|1|660|B|1|0|U|572|10|4|1|E0101|119|0|0|0|0|0|0|0|0|0|0|0|0|0|0|0|0|0|0|0|0|0||||||||
1|2|86|E|1|4|U|685|1|13|2|E0102|7|0|0|0|0|0|0|0|0|0|0|0|0|0|0|0|0|0|0|0|0|0||||||||
1|2|92|C|1|0|U|439|1|13|2|E0102|74|54|25|44|1|0|99|38|0|2|0|11|0|0|3|0|4|5|286|136|42|99|2024|4|25|15|11|16|4|N
1|2|97|C|1|0|U|459|1|13|2|E0102|8|0|0|0|0|0|0|0|0|0|0|0|0|0|0|0|0|0|0|0|0|0||||||||
1|2|112|B|1|0|U|602|1|11|2|E0102|84|0|0|0|0|0|0|0|0|0|0|0|0|0|0|0|0|0|0|0|0|0||||||||
1|2|118|B|1|0|U|664|1|15|2|E0102|14|0|0|0|0|0|0|0|0|0|0|0|0|0|0|0|0|0|0|0|0|0||||||||
1|2|119|C|1|0|U|666|1|11|2|E0102|17|0|0|0|0|0|0|0|0|0|0|0|0|0|0|0|0|0|0|0|0|0|2024|4|25|16|2|3|4|N
1|2|122|B|1|0|U|535|1|11|2|E0102|85|0|0|0|0|0|0|0|0|0|0|0|0|0|0|0|0|0|0|0|0|0||||||||
1|2|126|S|1|0|U|0|1|15|2|E0102|19|0|0|0|0|0|0|0|0|0|0|0|0|0|0|0|0|0|0|0|0|0||||||||
1|2|138|C|1|0|U|686|1|11|2|E0102|87|0|0|0|0|0|0|0|0|0|0|0|0|0|0|0|0|0|0|0|0|0||||||||
1|2|155|E|1|4|U|678|1|15|2|E0102|25|0|0|0|0|0|0|0|0|0|0|0|0|0|0|0|0|0|0|0|0|0||||||||
1|2|489|C|1|0|U|394|1|13|2|E0102|126|0|0|0|0|0|0|0|0|0|0|0|0|0|0|0|0|0|0|0|0|0|2024|4|25|16|9|6|4|N
1|2|491|B|1|0|U|404|1|13|2|E0102|124|0|0|0|0|0|0|0|0|0|0|0|0|0|0|0|0|0|0|0|0|0||||||||
1|2|494|C|1|0|U|529|1|12|2|E0102|136|0|82|0|0|6|67|16|0|0|0|95|0|0|75|0|2|11|354|177|97|67|2024|4|25|14|3|16|4|N
1|2|496|B|1|0|U|576|1|12|2|E0102|29|0|0|0|0|0|0|0|0|0|0|0|0|0|0|0|0|0|0|0|0|0||||||||
1|2|496|C|2|0|U|575|1|12|2|E0102|29|0|0|0|0|0|0|0|0|0|0|0|0|0|0|0|0|0|0|0|0|0||||||||
1|2|498|B|1|0|U|508|1|13|2|E0102|129|0|0|0|0|0|0|0|0|0|0|0|0|0|0|0|0|0|0|0|0|0||||||||
1|2|530|C|3|0|U|594|1|15|2|E0102|30|0|0|0|0|0|0|0|0|0|0|0|0|0|0|0|0|0|0|0|0|0||||||||
1|2|534|B|1|0|U|558|1|18|2|E0102|93|0|0|0|0|0|0|0|0|0|0|0|0|0|0|0|0|0|0|0|0|0||||||||
1|2|534|C|1|0|U|558|1|18|2|E0102|93|0|0|0|0|0|0|0|0|0|0|0|0|0|0|0|0|0|0|0|0|0||||||||
1|2|554|C|1|0|U|467|1|15|2|E0102|119|0|0|0|0|0|0|0|0|0|0|0|0|0|0|0|0|0|0|0|0|0|2024|4|25|16|0|36|4|N
1|2|560|C|1|0|U|580|1|15|2|E0102|116|0|0|0|0|0|0|0|0|0|0|0|0|0|0|0|0|0|0|0|0|0||||||||
1|2|572|C|4|0|U|680|1|16|2|E0102|35|0|55|55|0|67|124|109|0|0|0|5|0|1|3|0|4|12|435|115|180|124|2024|4|25|14|44|44|4|N
1|2|594|B|1|0|U|645|1|5|2|E0102|42|0|0|0|0|0|0|0|0|0|0|0|0|0|0|0|0|0|0|0|0|0||||||||
1|2|601|C|2|0|U|573|1|5|2|E0102|47|0|0|0|0|0|0|0|0|0|0|0|0|0|0|0|0|0|0|0|0|0||||||||
1|2|602|C|2|0|U|666|1|5|2|E0102|139|0|0|0|0|0|0|0|0|0|0|0|0|0|0|0|0|0|0|0|0|0||||||||
1|2|667|C|3|0|U|606|1|12|2|E0102|66|0|0|0|0|0|0|0|0|0|0|0|0|0|0|0|0|0|0|0|0|0||||||||
1|3|27|B|1|0|U|551|1|17|3|E0103|46|6|5|70|0|4|7|26|0|0|0|5|0|0|1|0|2|8|134|86|31|7|2024|4|25|14|12|52|4|N
1|3|31|B|1|0|U|477|1|6|3|E0103|10|0|0|0|0|0|0|0|0|0|0|0|0|0|0|0|0|0|0|0|0|0||||||||
1|3|43|B|1|0|U|644|1|6|3|E0103|20|0|0|0|0|0|0|0|0|0|0|0|0|0|0|0|0|0|0|0|0|0||||||||
1|3|44|C|4|0|U|735|1|6|3|E0103|165|0|177|18|85|0|179|40|0|0|0|4|0|0|0|0|5|12|520|199|125|179|2024|4|25|15|46|5|4|N
1|3|48|C|2|0|U|652|1|6|3|E0103|19|32|45|52|0|57|22|47|0|4|0|51|0|0|29|0|2|9|350|184|133|22|2024|4|25|14|11|13|4|N
1|3|62|B|1|0|U|685|1|6|3|E0103|14|0|0|0|0|0|0|0|0|0|0|0|0|0|0|0|0|0|0|0|0|0||||||||
1|3|168|C|1|0|U|714|1|14|3|E0103|112|0|150|9|23|1|103|210|0|10|0|0|0|0|0|0|1|8|515|169|234|103|2024|4|25|15|50|27|1|N
1|3|171|B|1|0|U|585|1|17|3|E0103|48|0|0|0|0|0|0|0|0|0|0|0|0|0|0|0|0|0|0|0|0|0||||||||
1|3|179|C|1|0|U|427|1|17|3|E0103|58|0|0|0|0|0|0|0|0|0|0|0|0|0|0|0|0|0|0|0|0|0|2024|4|25|15|58|3|4|N
1|3|205|B|1|0|U|459|1|11|3|E0103|43|0|12|5|3|0|139|78|0|36|0|0|0|4|1|0|4|1|283|53|86|139|2024|4|25|14|3|34|4|N
1|3|211|B|1|0|U|595|1|14|3|E0103|106|0|0|0|0|0|0|0|0|0|0|0|0|0|0|0|0|0|0|0|0|0||||||||
1|3|218|S|1|0|U|0|1|17|3|E0103|64|0|0|0|0|0|0|0|0|0|0|0|0|0|0|0|0|0|0|0|0|0||||||||
1|3|222|C|1|0|U|739|1|17|3|E0103|62|0|0|0|0|0|0|0|0|0|0|0|0|0|0|0|0|0|0|0|0|0||||||||
1|3|260|B|1|0|U|653|1|9|3|E0103|154|0|0|0|0|0|0|0|0|0|0|0|0|0|0|0|0|0|0|0|0|0|2024|4|25|15|57|18|1|N
1|3|268|B|1|0|U|653|1|9|3|E0103|158|6|104|72|47|0|117|99|0|0|0|6|0|17|1|0|1|10|480|188|164|117|2024|4|25|14|8|41|4|N
1|3|271|B|1|0|U|425|1|10|3|E0103|85|0|0|0|0|0|0|0|0|0|0|0|0|0|0|0|0|0|0|0|0|0||||||||
1|3|291|B|1|0|U|612|1|17|3|E0103|53|0|0|0|0|0|0|0|0|0|0|0|0|0|0|0|0|0|0|0|0|0||||||||
1|3|292|B|1|0|U|504|1|17|3|E0103|59|9|10|15|0|0|161|68|0|7|0|17|0|0|17|0|2|10|316|58|85|161|2024|4|25|15|39|29|4|N
1|3|297|B|1|0|U|411|1|17|3|E0103|62|0|0|0|0|0|0|0|0|0|0|0|0|0|0|0|0|0|0|0|0|0||||||||
1|3|301|C|3|0|U|733|1|10|3|E0103|87|0|0|0|0|0|0|0|0|0|0|0|0|0|0|0|0|0|0|0|0|0||||||||
1|3|306|C|1|0|U|532|1|10|3|E0103|95|2|35|124|0|0|41|37|0|2|0|4|0|0|7|0|1|5|258|167|44|41|2024|4|25|15|42|50|4|N
1|3|311|C|1|0|U|537|1|10|3|E0103|97|16|64|11|12|1|173|65|0|3|0|4|0|0|0|0|5|1|355|98|78|173|2024|4|25|15|20|58|1|N
1|3|320|C|3|0|M|670|1|6|3|E0103|27|0|0|0|0|0|0|0|0|0|0|0|0|0|0|0|0|0|0|0|0|0||||||||
1|3|327|C|5|0|M|742|1|10|3|E0103|91|10|27|41|0|19|220|88|0|2|0|0|0|0|2|0|0|8|417|80|109|220|2024|4|25|15|13|45|1|N
1|3|522|B|1|0|U|455|1|14|3|E0103|118|0|0|0|0|0|0|0|0|0|0|0|0|0|0|0|0|0|0|0|0|0||||||||
1|3|543|C|1|0|U|542|1|18|3|E0103|137|0|0|0|0|0|0|0|0|0|0|0|0|0|0|0|0|0|0|0|0|0||||||||
1|3|545|B|1|0|U|611|1|18|3|E0103|136|0|27|25|0|51|99|117|0|0|0|1|0|18|3|0|0|6|347|53|189|99|2024|4|25|14|16|31|4|N
1|3|620|C|3|0|U|565|1|18|3|E0103|132|0|0|0|0|0|0|0|0|0|0|0|0|0|0|0|0|0|0|0|0|0||||||||
1|3|649|C|3|0|U|669|1|14|3|E0103|107|0|0|0|0|0|0|0|0|0|0|0|0|0|0|0|0|0|0|0|0|0|2024|4|25|16|9|19|1|N
1|3|678|C|1|0|M|688|1|18|3|E0103|129|0|0|0|0|0|0|0|0|0|0|0|0|0|0|0|0|0|0|0|0|0|2024|4|25|16|11|27|1|N
2|1|388|B|1|0|U|631|2|3|4|E0201|3|0|0|0|0|0|0|0|0|0|0|0|0|0|0|0|0|0|0|0|0|0||||||||
2|1|392|C|1|0|U|535|2|3|4|E0201|4|0|0|0|0|0|0|0|0|0|0|0|0|0|0|0|0|0|0|0|0|0||||||||
2|1|403|C|1|0|U|519|2|3|4|E0201|22|0|0|0|0|0|0|0|0|0|0|0|0|0|0|0|0|0|0|0|0|0||||||||
2|1|410|B|1|0|U|476|2|3|4|E0201|23|0|0|0|0|0|0|0|0|0|0|0|0|0|0|0|0|0|0|0|0|0||||||||
2|1|437|B|1|0|U|605|2|3|4|E0201|25|38|57|52|90|18|46|8|0|0|39|0|0|0|0|0|1|3|352|186|116|46|2024|4|25|15|21|43|4|N
2|1|441|B|1|0|U|641|2|3|4|E0201|46|0|0|0|0|0|0|0|0|0|0|0|0|0|0|0|0|0|0|0|0|0||||||||
2|1|447|B|1|0|U|469|2|3|4|E0201|38|37|47|27|8|1|43|0|1|0|1|0|1|0|7|0|3|7|183|113|17|43|2024|4|25|15|34|3|1|N
2|1|450|C|1|0|U|580|2|3|4|E0201|37|0|0|0|0|0|0|0|0|0|0|0|0|0|0|0|0|0|0|0|0|0||||||||
2|1|478|C|1|0|U|508|2|2|4|E0201|85|0|0|0|0|0|0|0|0|0|0|0|0|0|0|0|0|0|0|0|0|0||||||||
2|1|491|C|1|0|U|513|2|2|4|E0201|89|0|0|0|0|0|0|0|0|0|0|0|0|0|0|0|0|0|0|0|0|0||||||||
2|1|498|C|1|0|U|748|2|2|4|E0201|92|0|0|0|0|0|0|0|0|0|0|0|0|0|0|0|0|0|0|0|0|0||||||||
2|1|502|C|10|0|U|740|2|2|4|E0201|96|0|0|0|0|0|0|0|0|0|0|0|0|0|0|0|0|0|0|0|0|0||||||||
2|1|564|C|1|0|M|544|2|2|4|E0201|17|0|0|0|0|0|0|0|0|0|0|0|0|0|0|0|0|0|0|0|0|0||||||||
2|1|593|B|1|0|U|573|2|1|4|E0201|120|0|0|0|0|0|0|0|0|0|0|0|0|0|0|0|0|0|0|0|0|0||||||||
2|1|688|B|1|0|U|673|2|2|4|E0201|84|0|0|0|0|0|0|0|0|0|0|0|0|0|0|0|0|0|0|0|0|0||||||||
2|1|1807|C|3|0|M|710|2|1|4|E0201|106|0|0|0|0|0|0|0|0|0|0|0|0|0|0|0|0|0|0|0|0|0||||||||
2|1|1807|C|7|0|M|710|2|1|4|E0201|107|0|0|0|0|0|0|0|0|0|0|0|0|0|0|0|0|0|0|0|0|0||||||||
2|1|1841|B|1|0|U|734|2|1|4|E0201|129|0|0|0|0|0|0|0|0|0|0|0|0|0|0|0|0|0|0|0|0|0||||||||
2|1|1949|C|2|0|U|605|2|1|4|E0201|112|0|0|0|0|0|0|0|0|0|0|0|0|0|0|0|0|0|0|0|0|0||||||||
2|1|2054|C|2|0|U|709|2|1|4|E0201|116|0|0|0|0|0|0|0|0|0|0|0|0|0|0|0|0|0|0|0|0|0||||||||
2|1|2057|C|4|0|U|679|2|1|4|E0201|122|0|0|0|0|0|0|0|0|0|0|0|0|0|0|0|0|0|0|0|0|0||||||||
2|1|2089|C|1|0|U|644|2|2|4|E0201|100|0|0|0|0|0|0|0|0|0|0|0|0|0|0|0|0|0|0|0|0|0||||||||
2|1|2095|C|1|0|U|654|2|2|4|E0201|101|5|80|9|60|12|208|9|0|0|0|0|0|0|47|0|0|3|433|94|128|208|2024|4|25|15|26|8|4|N
2|1|2095|C|2|0|U|654|2|2|4|E0201|101|72|141|0|14|1|11|59|0|0|0|1|0|0|1|0|1|7|308|214|75|11|2024|4|25|15|29|35|4|N
2|2|212|B|1|0|U|616|2|4|5|E0202|13|0|0|0|0|0|0|0|0|0|0|0|0|0|0|0|0|0|0|0|0|0||||||||
2|2|228|B|1|0|U|481|2|4|5|E0202|55|0|0|0|0|0|0|0|0|0|0|0|0|0|0|0|0|0|0|0|0|0||||||||
2|2|238|B|1|0|U|491|2|4|5|E0202|56|0|0|0|0|0|0|0|0|0|0|0|0|0|0|0|0|0|0|0|0|0||||||||
2|2|274|C|1|0|U|377|2|3|5|E0202|119|0|0|0|0|0|0|0|0|0|0|0|0|0|0|0|0|0|0|0|0|0||||||||
2|2|295|B|1|0|U|647|2|3|5|E0202|112|15|193|50|23|0|91|11|0|0|0|0|0|0|0|0|4|0|387|258|34|91|2024|4|25|15|26|55|4|N
2|2|307|C|1|0|U|524|2|4|5|E0202|49|0|0|0|0|0|0|0|0|0|0|0|0|0|0|0|0|0|0|0|0|0||||||||
2|2|309|C|1|0|U|452|2|4|5|E0202|54|56|73|1|7|22|41|0|0|0|0|0|0|0|0|0|5|5|210|130|29|41|2024|4|25|13|53|55|4|N
2|2|335|B|1|0|U|708|2|4|5|E0202|80|0|0|0|0|0|0|0|0|0|0|0|0|0|0|0|0|0|0|0|0|0||||||||
2|2|346|C|7|0|U|734|2|4|5|E0202|82|0|0|0|0|0|0|0|0|0|0|0|0|0|0|0|0|0|0|0|0|0||||||||
2|2|356|C|2|0|U|732|2|3|5|E0202|97|0|0|0|0|0|0|0|0|0|0|0|0|0|0|0|0|0|0|0|0|0||||||||
2|2|356|C|5|0|U|731|2|3|5|E0202|98|0|0|0|0|0|0|0|0|0|0|0|0|0|0|0|0|0|0|0|0|0||||||||
2|2|357|C|5|0|U|683|2|3|5|E0202|100|0|0|0|0|0|0|0|0|0|0|0|0|0|0|0|0|0|0|0|0|0|2024|4|25|15|57|56|4|N
2|2|517|C|1|0|U|512|2|4|5|E0202|13|0|0|0|0|0|0|0|0|0|0|0|0|0|0|0|0|0|0|0|0|0||||||||
2|2|518|B|1|0|U|668|2|4|5|E0202|14|0|0|0|0|0|0|0|0|0|0|0|0|0|0|0|0|0|0|0|0|0||||||||
2|2|520|B|1|0|U|719|2|4|5|E0202|18|0|0|0|0|0|0|0|0|0|0|0|0|0|0|0|0|0|0|0|0|0||||||||
2|2|522|B|1|0|U|694|2|4|5|E0202|20|81|115|0|10|220|41|39|0|0|0|0|0|0|0|0|4|3|513|196|269|41|2024|4|25|14|17|6|4|N
2|2|523|C|4|0|U|709|2|4|5|E0202|23|77|21|0|9|0|163|3|32|5|0|0|0|0|4|0|3|0|317|135|16|163|2024|4|25|14|17|31|4|N
2|2|528|B|1|0|U|528|2|4|5|E0202|27|0|0|0|0|0|0|0|0|0|0|0|0|0|0|0|0|0|0|0|0|0|2024|4|25|16|3|22|4|N
2|2|539|B|1|0|U|469|2|4|5|E0202|34|0|0|0|0|0|0|0|0|0|0|0|0|0|0|0|0|0|0|0|0|0||||||||
2|2|541|C|1|0|U|617|2|4|5|E0202|1|169|32|17|27|5|76|32|0|0|0|3|0|0|0|0|5|1|367|221|64|76|2024|4|25|14|5|10|4|N
2|2|565|C|6|0|M|714|2|4|5|E0202|31|21|27|13|25|27|77|20|6|0|0|8|0|0|3|0|3|0|230|75|75|77|2024|4|25|15|43|46|1|N
2|2|691|C|15|0|U|731|2|5|5|E0202|143|0|0|0|0|0|0|0|0|0|0|0|0|0|0|0|0|0|0|0|0|0|2024|4|25|15|56|51|4|N
2|2|1642|C|2|0|U|572|2|3|5|E0202|87|43|67|0|7|0|38|42|0|0|32|0|0|0|0|0|5|10|244|142|49|38|2024|4|25|15|5|38|4|N
2|2|1658|C|2|0|U|609|2|5|5|E0202|96|36|106|1|42|0|63|15|0|0|0|0|0|0|0|0|2|1|266|143|57|63|2024|4|25|14|15|52|4|N
2|2|1955|B|1|0|U|670|2|4|5|E0202|73|4|80|0|4|1|94|110|0|0|3|0|1|0|0|0|3|12|312|87|116|94|2024|4|25|15|36|3|1|N
2|2|1959|B|1|0|U|524|2|4|5|E0202|75|51|68|0|24|3|208|4|0|0|3|1|0|6|0|0|0|11|379|123|37|208|2024|4|25|14|12|26|4|N
2|3|30|C|1|0|U|632|1|16|6|E0203|32|11|108|0|0|13|117|4|28|0|1|5|0|0|0|0|4|9|300|153|17|117|2024|4|25|14|10|0|4|N
2|3|37|C|4|0|U|607|1|16|6|E0203|29|44|212|39|5|1|29|10|3|0|5|0|0|0|11|0|3|5|367|303|27|29|2024|4|25|15|3|22|4|N
2|3|39|C|2|0|U|532|1|16|6|E0203|31|0|0|0|0|0|0|0|0|0|0|0|0|0|0|0|0|0|0|0|0|0||||||||
2|3|44|B|1|0|U|623|1|15|6|E0203|2|0|0|0|0|0|0|0|0|0|0|0|0|0|0|0|0|0|0|0|0|0|2024|4|25|16|9|14|4|N
2|3|60|C|2|0|U|660|1|16|6|E0203|41|0|0|0|0|0|0|0|0|0|0|0|0|0|0|0|0|0|0|0|0|0||||||||
2|3|61|E|1|0|U|534|1|16|6|E0203|39|12|45|6|105|15|92|6|0|4|2|6|0|0|0|0|1|4|298|75|126|92|2024|4|25|15|28|55|4|N
2|3|87|B|1|0|U|613|1|15|6|E0203|5|0|0|0|0|0|0|0|0|0|0|0|0|0|0|0|0|0|0|0|0|0||||||||
2|3|89|C|1|0|U|462|1|16|6|E0203|61|0|0|0|0|0|0|0|0|0|0|0|0|0|0|0|0|0|0|0|0|0||||||||
2|3|96|C|1|0|U|582|1|16|6|E0203|44|0|0|0|0|0|0|0|0|0|0|0|0|0|0|0|0|0|0|0|0|0||||||||
2|3|110|C|1|0|U|641|1|16|6|E0203|64|24|31|15|7|0|176|8|0|0|1|0|0|0|0|0|3|7|272|71|15|176|2024|4|25|15|26|22|4|N
2|3|111|C|1|0|U|481|1|15|6|E0203|5|0|0|0|0|0|0|0|0|0|0|0|0|0|0|0|0|0|0|0|0|0||||||||
2|3|116|C|4|0|U|665|1|15|6|E0203|7|0|0|0|0|0|0|0|0|0|0|0|0|0|0|0|0|0|0|0|0|0||||||||
2|3|137|B|1|0|U|483|1|17|6|E0203|86|18|23|11|81|0|63|4|0|0|0|25|1|0|8|0|2|3|239|77|94|63|2024|4|25|14|4|49|4|N
2|3|142|C|3|0|U|705|1|17|6|E0203|91|56|9|19|24|7|70|30|58|0|0|0|0|0|0|0|2|9|284|142|61|70|2024|4|25|14|11|43|4|N
2|3|151|C|1|0|U|636|6|17|6|E0203|109|77|94|5|54|7|80|1|0|0|3|0|0|2|0|0|2|0|325|179|64|80|2024|4|25|15|9|42|4|N
2|3|153|C|2|0|U|729|6|17|6|E0203|117|17|88|66|5|9|91|53|0|0|0|8|2|0|0|0|3|11|353|179|69|91|2024|4|25|15|5|32|4|N
2|3|162|C|1|0|U|500|6|17|6|E0203|130|52|49|40|4|24|97|1|0|0|0|29|0|0|4|0|0|6|306|170|33|97|2024|4|25|15|24|14|4|N
2|3|181|B|1|0|R|722|1|17|6|E0203|102|0|0|0|0|0|0|0|0|0|0|0|0|0|0|0|0|0|0|0|0|0||||||||
2|3|194|C|1|0|R|740|6|17|6|E0203|133|0|0|0|0|0|0|0|0|0|0|0|0|0|0|0|0|0|0|0|0|0|2024|4|25|15|53|58|1|N
2|3|209|E|2|0|U|647|1|16|6|E0203|10|0|0|0|0|0|0|0|0|0|0|0|0|0|0|0|0|0|0|0|0|0||||||||
2|3|210|E|1|0|R|203|6|17|6|E0203|106|0|0|0|0|0|0|0|0|0|0|0|0|0|0|0|0|0|0|0|0|0||||||||
2|3|1984|C|1|0|U|734|1|17|6|E0203|76|27|9|7|20|38|151|66|0|0|0|0|3|0|38|0|2|12|373|43|165|151|2024|4|25|14|3|16|4|N
2|3|1987|C|1|0|U|749|1|17|6|E0203|81|38|74|46|3|2|176|3|4|0|0|19|0|0|0|0|5|3|373|181|8|176|2024|4|25|14|9|2|4|N
2|3|1987|C|3|0|U|749|1|17|6|E0203|81|122|16|6|0|8|40|52|0|4|0|31|0|0|0|0|1|5|285|179|60|40|2024|4|25|15|32|46|4|N
2|4|1154|B|1|0|U|627|4|8|7|E0204|22|0|0|0|0|0|0|0|0|0|0|0|0|0|0|0|0|0|0|0|0|0||||||||
2|4|1180|C|2|0|U|653|4|14|7|E0204|115|0|0|0|0|0|0|0|0|0|0|0|0|0|0|0|0|0|0|0|0|0||||||||
2|4|1222|C|1|0|U|742|4|14|7|E0204|118|0|0|0|0|0|0|0|0|0|0|0|0|0|0|0|0|0|0|0|0|0||||||||
2|4|1407|B|1|0|U|521|4|7|7|E0204|66|17|17|17|17|17|17|1|1|1|17|17|17|17|17|17|17|17|241|87|103|17|2024|4|25|15|2|13|4|N
2|4|1410|C|1|0|U|458|4|7|7|E0204|74|0|0|0|0|0|0|0|0|0|0|0|0|0|0|0|0|0|0|0|0|0|2024|4|25|16|6|22|4|N
2|4|1414|B|1|0|U|695|4|8|7|E0204|8|0|0|0|0|0|0|0|0|0|0|0|0|0|0|0|0|0|0|0|0|0|2024|4|25|16|12|42|4|N
2|4|1416|B|1|0|U|629|4|8|7|E0204|9|25|20|20|12|0|49|27|4|0|0|0|0|23|3|0|3|9|195|69|65|49|2024|4|25|14|9|23|4|N
2|4|1423|B|1|0|U|481|4|7|7|E0204|82|0|0|0|0|0|0|0|0|0|0|0|0|0|0|0|0|0|0|0|0|0||||||||
2|4|1436|B|1|0|U|580|4|6|7|E0204|156|0|0|0|0|0|0|0|0|0|0|0|0|0|0|0|0|0|0|0|0|0||||||||
2|4|1446|C|1|0|U|492|4|7|7|E0204|85|22|49|8|11|4|37|60|0|0|1|0|0|0|0|0|1|8|201|80|75|37|2024|4|25|14|14|55|4|N
2|4|1454|B|1|0|U|626|4|7|7|E0204|93|172|16|19|16|44|92|67|0|6|0|16|0|0|0|0|0|2|450|229|127|92|2024|4|25|12|11|59|4|N
2|4|1461|C|1|0|U|471|4|14|7|E0204|131|0|0|0|0|0|0|0|0|0|0|0|0|0|0|0|0|0|0|0|0|0||||||||
2|4|1465|C|1|0|U|476|4|14|7|E0204|121|139|20|16|5|0|94|0|18|0|0|0|0|1|0|0|1|7|301|193|6|94|2024|4|25|14|15|47|4|N
2|4|1469|B|1|0|U|403|4|14|7|E0204|120|0|0|0|0|0|0|0|0|0|0|0|0|0|0|0|0|0|0|0|0|0||||||||
2|4|1479|C|1|0|U|714|4|14|7|E0204|129|52|11|41|9|54|11|0|19|0|1|4|0|0|7|0|5|2|216|128|70|11|2024|4|25|14|13|5|4|N
2|4|1535|B|1|0|U|633|4|7|7|E0204|31|0|0|0|0|0|0|0|0|0|0|0|0|0|0|0|0|0|0|0|0|0||||||||
2|4|1556|B|1|0|U|536|4|7|7|E0204|45|0|0|0|0|0|0|0|0|0|0|0|0|0|0|0|0|0|0|0|0|0||||||||
2|4|1567|C|1|0|U|380|4|7|7|E0204|55|5|10|0|33|0|122|1|0|0|0|2|0|0|10|0|0|3|186|17|44|122|2024|4|25|15|19|1|4|N
2|4|1573|B|1|0|U|380|4|7|7|E0204|77|14|98|1|0|4|41|61|0|0|0|8|0|0|0|0|1|3|231|121|65|41|2024|4|25|14|11|12|4|N
2|4|1584|C|1|0|U|525|4|7|7|E0204|49|35|36|6|66|18|38|18|0|0|0|0|0|0|0|0|1|6|224|77|102|38|2024|4|25|13|32|37|4|N
2|4|1617|B|1|0|U|451|4|7|7|E0204|105|145|8|0|19|16|55|1|1|0|0|0|0|3|0|0|2|2|252|154|39|55|2024|4|25|15|27|41|4|N
2|4|1633|S|1|0|U|0|4|7|7|E0204|94|0|0|0|0|0|0|0|0|0|0|0|0|0|0|0|0|0|0|0|0|0|2024|4|25|16|1|36|4|N
2|4|1741|B|1|0|U|473|4|6|7|E0204|149|3|76|0|17|11|69|0|23|0|38|3|0|0|17|0|4|0|261|143|45|69|2024|4|25|15|28|20|4|N
2|4|1749|C|1|0|U|487|4|14|7|E0204|142|0|0|0|0|0|0|0|0|0|0|0|0|0|0|0|0|0|0|0|0|0|2024|4|25|16|2|5|4|N
2|4|1993|B|1|0|U|613|4|8|7|E0204|13|125|29|6|5|0|110|57|0|0|0|0|7|0|0|0|0|0|339|160|69|110|2024|4|25|14|16|46|4|N
2|4|1995|C|1|0|U|689|4|8|7|E0204|14|65|102|5|44|1|41|0|1|0|0|2|0|0|0|0|5|8|274|175|45|41|2024|4|25|14|7|27|4|N
2|4|2020|C|4|0|M|724|4|7|7|E0204|80|0|0|0|0|0|0|0|0|0|0|0|0|0|0|0|0|0|0|0|0|0|2024|4|25|16|1|28|4|N
2|4|2058|C|3|0|U|747|4|8|7|E0204|2|0|0|0|0|0|0|0|0|0|0|0|0|0|0|0|0|0|0|0|0|0||||||||
2|5|871|B|1|0|U|393|4|9|8|E0205|53|0|0|0|0|0|0|0|0|0|0|0|0|0|0|0|0|0|0|0|0|0|2024|4|25|15|56|57|4|N
2|5|901|B|1|0|U|615|4|10|8|E0205|4|0|0|0|0|0|0|0|0|0|0|0|0|0|0|0|0|0|0|0|0|0|2024|4|25|16|3|55|1|N
2|5|942|C|2|0|U|662|4|10|8|E0205|9|0|0|0|0|0|0|0|0|0|0|0|0|0|0|0|0|0|0|0|0|0||||||||
2|5|943|C|1|0|U|509|4|10|8|E0205|7|18|48|1|1|34|68|23|0|0|0|0|16|0|0|0|0|9|218|67|74|68|2024|4|25|14|6|22|4|N
2|5|964|C|1|0|U|511|4|9|8|E0205|44|0|0|0|0|0|0|0|0|0|0|0|0|0|0|0|0|0|0|0|0|0||||||||
2|5|966|B|1|0|U|695|4|12|8|E0205|14|0|0|0|0|0|0|0|0|0|0|0|0|0|0|0|0|0|0|0|0|0||||||||
2|5|973|C|3|0|U|633|4|9|8|E0205|32|0|0|0|0|0|0|0|0|0|0|0|0|0|0|0|0|0|0|0|0|0||||||||
2|5|1000|C|1|0|U|528|4|12|8|E0205|15|0|0|0|0|0|0|0|0|0|0|0|0|0|0|0|0|0|0|0|0|0||||||||
2|5|1016|C|1|0|U|675|4|10|8|E0205|3|65|56|4|6|1|88|18|1|7|0|10|0|0|0|0|0|6|262|143|25|88|2024|4|25|11|37|40|4|N
2|5|1042|B|1|0|U|664|4|9|8|E0205|54|0|0|0|0|0|0|0|0|0|0|0|0|0|0|0|0|0|0|0|0|0||||||||
2|5|1073|C|1|0|U|609|4|8|8|E0205|117|0|0|0|0|0|0|0|0|0|0|0|0|0|0|0|0|0|0|0|0|0||||||||
2|5|1077|B|1|0|U|566|4|9|8|E0205|75|0|0|0|0|0|0|0|0|0|0|0|0|0|0|0|0|0|0|0|0|0||||||||
2|5|1077|C|1|0|U|565|4|9|8|E0205|75|27|15|3|0|26|16|217|0|0|0|7|0|0|0|0|4|4|319|52|243|16|2024|4|25|15|11|51|1|N
2|5|1078|B|1|0|U|594|4|9|8|E0205|73|0|0|0|0|0|0|0|0|0|0|0|0|0|0|0|0|0|0|0|0|0||||||||
2|5|1086|B|1|0|U|606|4|9|8|E0205|60|0|0|0|0|0|0|0|0|0|0|0|0|0|0|0|0|0|0|0|0|0||||||||
2|5|1095|C|1|0|U|708|4|9|8|E0205|83|51|106|1|50|0|84|13|0|0|2|0|0|0|0|0|2|5|314|160|63|84|2024|4|25|15|12|51|4|N
2|5|1104|C|1|0|U|722|4|9|8|E0205|95|0|0|0|0|0|0|0|0|0|0|0|0|0|0|0|0|0|0|0|0|0||||||||
2|5|1106|C|1|0|U|583|4|9|8|E0205|80|44|170|1|2|1|184|5|0|0|0|1|0|0|0|0|5|7|420|216|8|184|2024|4|25|15|15|32|1|N
2|5|1116|C|1|0|U|571|4|9|8|E0205|46|32|26|53|3|8|114|5|6|0|0|0|0|20|1|0|3|5|276|117|37|114|2024|4|25|12|59|58|4|N
2|5|1123|C|3|0|U|659|4|8|8|E0205|128|124|49|26|0|4|82|25|0|0|0|2|0|0|0|0|4|8|324|201|29|82|2024|4|25|12|47|18|4|N
2|5|1125|E|1|2|U|700|4|8|8|E0205|133|54|10|15|18|0|235|9|30|0|0|64|0|0|1|0|2|8|446|173|28|235|2024|4|25|15|21|37|4|N
2|5|1146|C|2|0|U|585|4|8|8|E0205|157|2|140|28|26|0|24|53|1|0|0|29|0|0|0|0|1|3|307|200|79|24|2024|4|25|11|48|49|4|N
2|5|1155|E|1|1|U|703|4|8|8|E0205|153|0|0|0|0|0|0|0|0|0|0|0|0|0|0|0|0|0|0|0|0|0||||||||
2|5|1305|C|1|0|U|519|4|9|8|E0205|67|0|0|0|0|0|0|0|0|0|0|0|0|0|0|0|0|0|0|0|0|0||||||||
2|5|1317|B|1|0|U|606|4|9|8|E0205|81|0|0|0|0|0|0|0|0|0|0|0|0|0|0|0|0|0|0|0|0|0||||||||
2|5|1327|B|1|0|U|686|4|8|8|E0205|144|19|173|15|9|16|126|17|0|0|0|0|0|0|0|0|2|1|378|207|42|126|2024|4|25|15|23|54|1|N
2|5|2064|C|1|0|U|573|4|10|8|E0205|5|0|0|0|0|0|0|0|0|0|0|0|0|0|0|0|0|0|0|0|0|0||||||||
2|5|2127|C|2|0|U|655|4|8|8|E0205|149|0|0|0|0|0|0|0|0|0|0|0|0|0|0|0|0|0|0|0|0|0||||||||
2|5|2127|C|3|0|U|654|4|8|8|E0205|149|0|0|0|0|0|0|0|0|0|0|0|0|0|0|0|0|0|0|0|0|0||||||||
2|6|739|C|2|0|U|541|4|10|9|E0206|15|80|34|8|63|0|40|71|0|0|0|0|0|0|0|0|3|9|308|122|134|40|2024|4|25|14|12|13|4|N
2|6|750|B|1|0|U|704|4|10|9|E0206|2|0|0|0|0|0|0|0|0|0|0|0|0|0|0|0|0|0|0|0|0|0||||||||
2|6|752|B|1|0|U|610|4|10|9|E0206|2|0|0|0|0|0|0|0|0|0|0|0|0|0|0|0|0|0|0|0|0|0||||||||
2|6|795|C|1|0|U|610|4|10|9|E0206|19|17|37|46|51|2|92|3|0|0|0|0|0|0|17|0|5|2|272|100|73|92|2024|4|25|11|52|16|4|N
2|6|807|B|1|0|U|616|4|10|9|E0206|29|0|0|0|0|0|0|0|0|0|0|0|0|0|0|0|0|0|0|0|0|0||||||||
2|6|823|B|1|0|U|485|4|10|9|E0206|58|0|0|0|0|0|0|0|0|0|0|0|0|0|0|0|0|0|0|0|0|0||||||||
2|6|823|C|1|0|U|485|4|10|9|E0206|58|0|0|0|0|0|0|0|0|0|0|0|0|0|0|0|0|0|0|0|0|0||||||||
2|6|842|B|1|0|U|658|4|10|9|E0206|55|78|55|94|23|53|34|44|0|0|17|9|0|0|0|0|4|6|417|253|120|34|2024|4|25|15|4|39|4|N
2|6|853|C|2|0|U|676|4|10|9|E0206|62|57|97|1|43|4|118|31|3|0|3|29|0|11|0|0|4|5|406|190|89|118|2024|4|25|15|28|3|4|N
2|6|855|B|1|0|U|657|4|11|9|E0206|120|0|0|0|0|0|0|0|0|0|0|0|0|0|0|0|0|0|0|0|0|0|2024|4|25|16|10|32|4|N
2|6|856|C|2|0|U|642|4|11|9|E0206|130|131|13|27|80|0|158|65|0|0|0|0|0|0|0|0|4|4|482|171|145|158|2024|4|25|15|38|51|4|N
2|6|907|B|1|0|U|534|4|10|9|E0206|53|4|12|5|38|0|140|32|0|0|0|0|9|0|0|0|1|9|250|21|79|140|2024|4|25|14|13|37|4|N
2|6|917|B|1|0|U|510|4|10|9|E0206|44|46|67|23|2|12|106|0|32|0|0|0|0|0|0|0|3|2|293|168|14|106|2024|4|25|15|26|23|4|N
2|6|921|B|1|0|U|512|4|10|9|E0206|54|0|0|0|0|0|0|0|0|0|0|0|0|0|0|0|0|0|0|0|0|0||||||||
2|6|955|B|1|0|U|748|4|10|9|E0206|78|110|62|10|29|93|161|48|0|0|0|0|3|0|0|0|1|1|518|182|173|161|2024|4|25|15|33|58|1|N
2|6|977|C|3|0|U|590|4|10|9|E0206|79|41|142|0|40|17|45|15|25|0|0|0|0|0|0|0|2|11|338|208|72|45|2024|4|25|14|14|26|4|N
2|6|988|C|1|0|U|587|4|10|9|E0206|87|13|33|0|25|30|81|43|11|0|0|0|0|0|0|0|3|10|249|57|98|81|2024|4|25|11|58|3|4|N
2|6|996|B|1|0|U|689|4|10|9|E0206|83|54|11|2|2|23|115|6|0|0|0|0|0|0|78|0|0|0|291|67|109|115|2024|4|25|15|45|12|1|N
2|6|1245|C|1|0|U|690|4|11|9|E0206|100|0|0|0|0|0|0|0|0|0|0|0|0|0|0|0|0|0|0|0|0|0||||||||
2|6|1245|C|2|0|U|690|4|11|9|E0206|100|0|0|0|0|0|0|0|0|0|0|0|0|0|0|0|0|0|0|0|0|0||||||||
2|6|1252|C|1|0|U|641|4|11|9|E0206|94|17|32|46|0|8|114|7|4|0|0|11|1|0|0|0|3|5|248|110|16|114|2024|4|25|15|23|44|4|N
2|6|1253|B|1|0|U|726|4|11|9|E0206|92|101|14|0|19|30|52|139|0|0|0|1|2|0|0|0|1|3|362|116|190|52|2024|4|25|15|24|52|1|N
2|6|1487|B|1|0|U|450|4|11|9|E0206|122|17|89|2|23|0|17|119|0|0|2|1|0|0|0|0|2|12|284|111|142|17|2024|4|25|15|5|54|4|N
2|6|1497|B|1|0|R|694|4|11|9|E0206|140|0|0|0|0|0|0|0|0|0|0|0|0|0|0|0|0|0|0|0|0|0||||||||
2|6|1499|C|1|0|M|702|4|11|9|E0206|143|28|30|58|2|4|87|48|1|0|0|0|0|0|0|0|3|8|269|117|54|87|2024|4|25|15|17|50|4|N
2|6|1511|C|1|0|U|492|4|11|9|E0206|156|15|17|18|18|27|61|6|0|0|15|1|0|0|5|0|1|3|187|66|56|61|2024|4|25|15|34|29|4|N
2|6|1516|C|1|0|U|398|4|11|9|E0206|158|17|0|3|60|0|45|7|10|0|31|0|7|0|0|0|1|1|182|61|74|45|2024|4|25|15|21|16|1|N
2|6|1524|B|1|0|R|635|4|11|9|E0206|164|16|123|0|60|2|99|23|0|0|0|0|0|0|0|0|4|12|339|139|85|99|2024|4|25|15|36|12|1|N
2|6|2042|C|1|0|U|631|4|11|9|E0206|160|41|45|29|29|2|47|0|0|0|6|11|0|0|0|0|5|10|225|132|31|47|2024|4|25|15|16|8|1|N
2|6|2133|B|1|0|M|649|4|11|9|E0206|149|7|11|0|4|4|102|35|0|0|0|1|0|0|0|0|3|2|169|19|43|102|2024|4|25|15|11|50|4|N
2|7|4|B|1|0|U|645|1|15|10|E0207|4|0|0|0|0|0|0|0|0|0|0|0|0|0|0|0|0|0|0|0|0|0||||||||
2|7|9|B|1|0|U|587|1|15|10|E0207|9|0|0|0|0|0|0|0|0|0|0|0|0|0|0|0|0|0|0|0|0|0||||||||
2|7|21|B|1|0|U|421|1|15|10|E0207|12|0|0|0|0|0|0|0|0|0|0|0|0|0|0|0|0|0|0|0|0|0|2024|4|25|16|0|7|4|N
2|7|169|C|1|0|R|533|1|15|10|E0207|23|0|0|0|0|0|0|0|0|0|0|0|0|0|0|0|0|0|0|0|0|0||||||||
2|7|172|C|6|0|M|691|1|16|10|E0207|43|0|0|0|0|0|0|0|0|0|0|0|0|0|0|0|0|0|0|0|0|0|2024|4|25|16|8|17|4|N
2|7|172|C|9|0|M|690|1|16|10|E0207|44|43|159|29|2|48|49|1|3|0|0|0|0|0|11|0|4|7|356|234|62|49|2024|4|25|13|28|17|4|N
2|7|508|B|1|0|U|403|2|5|10|E0207|105|0|0|0|0|0|0|0|0|0|0|0|0|0|0|0|0|0|0|0|0|0||||||||
2|7|511|C|1|0|U|433|2|5|10|E0207|106|0|0|0|0|0|0|0|0|0|0|0|0|0|0|0|0|0|0|0|0|0||||||||
2|7|516|C|4|0|U|716|2|5|10|E0207|109|0|0|0|0|0|0|0|0|0|0|0|0|0|0|0|0|0|0|0|0|0||||||||
2|7|540|E|1|1|M|579|2|5|10|E0207|100|0|0|0|0|0|0|0|0|0|0|0|0|0|0|0|0|0|0|0|0|0|2024|4|25|16|4|50|1|N
2|7|552|C|1|0|R|533|2|1|10|E0207|62|119|36|46|7|1|52|22|4|0|0|0|0|0|13|0|3|5|308|205|43|52|2024|4|25|15|27|52|4|N
2|7|559|B|1|0|U|613|2|1|10|E0207|64|0|0|0|0|0|0|0|0|0|0|0|0|0|0|0|0|0|0|0|0|0|2024|4|25|16|4|13|4|N
2|7|613|C|2|0|M|686|2|1|10|E0207|81|0|0|0|0|0|0|0|0|0|0|0|0|0|0|0|0|0|0|0|0|0|2024|4|25|16|5|17|4|N
2|7|632|B|1|0|M|376|2|1|10|E0207|92|0|0|0|0|0|0|0|0|0|0|0|0|0|0|0|0|0|0|0|0|0||||||||
2|7|637|B|1|0|M|460|2|5|10|E0207|127|0|0|0|0|0|0|0|0|0|0|0|0|0|0|0|0|0|0|0|0|0||||||||
2|7|639|C|1|0|U|453|2|5|10|E0207|127|0|0|0|0|0|0|0|0|0|0|0|0|0|0|0|0|0|0|0|0|0||||||||
2|7|644|B|1|0|U|420|2|5|10|E0207|128|0|0|0|0|0|0|0|0|0|0|0|0|0|0|0|0|0|0|0|0|0||||||||
2|7|663|B|1|0|R|554|2|5|10|E0207|130|0|0|0|0|0|0|0|0|0|0|0|0|0|0|0|0|0|0|0|0|0||||||||
2|7|665|B|1|0|U|530|2|5|10|E0207|130|0|0|0|0|0|0|0|0|0|0|0|0|0|0|0|0|0|0|0|0|0||||||||
2|7|678|C|1|0|M|687|7|5|10|E0207|137|112|12|0|36|10|94|5|11|0|0|0|1|0|0|0|0|1|282|135|52|94|2024|4|25|15|41|40|1|N
2|7|1663|B|1|0|U|729|2|5|10|E0207|112|0|0|0|0|0|0|0|0|0|0|0|0|0|0|0|0|0|0|0|0|0||||||||
2|7|1665|B|1|0|U|695|2|5|10|E0207|113|33|148|6|42|81|32|15|17|0|1|3|13|0|0|0|3|2|396|208|151|32|2024|4|25|15|29|59|4|N
2|7|1669|B|1|0|U|485|2|5|10|E0207|115|27|128|33|12|0|92|22|0|0|0|0|0|0|0|0|0|7|321|188|34|92|2024|4|25|15|26|52|4|N
2|7|1674|C|2|0|U|523|2|5|10|E0207|116|2|128|26|81|0|50|29|1|0|0|0|0|0|2|0|0|10|329|157|112|50|2024|4|25|15|12|57|4|N
2|7|1978|C|1|0|U|700|1|16|10|E0207|29|0|0|0|0|0|0|0|0|0|0|0|0|0|0|0|0|0|0|0|0|0|2024|4|25|16|8|25|1|N
2|8|1034|B|1|0|U|689|4|12|11|E0208|5|0|0|0|0|0|0|0|0|0|0|0|0|0|0|0|0|0|0|0|0|0|2024|4|25|16|5|16|1|N
2|8|1037|B|1|0|U|499|4|12|11|E0208|4|0|0|0|0|0|0|0|0|0|0|0|0|0|0|0|0|0|0|0|0|0||||||||
2|8|1188|C|1|0|U|548|4|13|11|E0208|29|0|0|0|0|0|0|0|0|0|0|0|0|0|0|0|0|0|0|0|0|0||||||||
2|8|1204|C|2|0|U|711|4|12|11|E0208|109|0|0|0|0|0|0|0|0|0|0|0|0|0|0|0|0|0|0|0|0|0||||||||
2|8|1214|C|1|0|U|608|4|13|11|E0208|20|0|0|0|0|0|0|0|0|0|0|0|0|0|0|0|0|0|0|0|0|0||||||||
2|8|1215|B|1|0|U|631|4|13|11|E0208|50|0|0|0|0|0|0|0|0|0|0|0|0|0|0|0|0|0|0|0|0|0||||||||
2|8|1218|C|2|0|U|665|4|13|11|E0208|42|0|0|0|0|0|0|0|0|0|0|0|0|0|0|0|0|0|0|0|0|0||||||||
2|8|1228|C|1|0|U|502|4|13|11|E0208|40|0|0|0|0|0|0|0|0|0|0|0|0|0|0|0|0|0|0|0|0|0||||||||
2|8|1231|E|2|4|U|627|4|13|11|E0208|48|34|59|56|39|3|184|1|0|0|0|0|0|0|1|0|3|3|383|149|44|184|2024|4|25|15|15|13|1|N
2|8|1242|C|3|0|U|740|4|12|11|E0208|94|0|0|0|0|0|0|0|0|0|0|0|0|0|0|0|0|0|0|0|0|0|2024|4|25|16|2|8|1|N
2|8|1285|C|2|0|U|652|4|12|11|E0208|115|0|0|0|0|0|0|0|0|0|0|0|0|0|0|0|0|0|0|0|0|0||||||||
2|8|1345|B|1|0|U|557|4|12|11|E0208|92|0|0|0|0|0|0|0|0|0|0|0|0|0|0|0|0|0|0|0|0|0|2024|4|25|15|56|13|1|N
2|8|1345|C|2|0|U|556|4|12|11|E0208|92|0|0|0|0|0|0|0|0|0|0|0|0|0|0|0|0|0|0|0|0|0|2024|4|25|15|53|10|1|N
2|8|1346|C|1|0|U|625|4|12|11|E0208|100|1|111|1|6|15|43|1|0|0|1|0|1|0|7|0|1|0|188|114|30|43|2024|4|25|13|17|27|4|N
2|8|1715|B|1|0|U|387|4|14|11|E0208|39|11|89|33|1|6|52|2|0|0|0|0|0|15|5|0|4|12|230|133|29|52|2024|4|25|12|13|23|4|N
2|8|1879|B|1|0|U|580|4|12|11|E0208|133|7|80|0|50|52|210|0|1|0|0|1|0|0|0|0|4|3|408|89|102|210|2024|4|25|15|18|9|4|N
2|8|1906|B|1|0|R|575|4|12|11|E0208|130|19|37|2|3|0|24|5|0|0|0|0|0|0|16|0|2|0|108|58|24|24|2024|4|25|15|50|10|1|N
2|8|2051|B|1|0|U|642|4|13|11|E0208|49|0|0|0|0|0|0|0|0|0|0|0|0|0|0|0|0|0|0|0|0|0||||||||
2|8|2051|C|3|0|U|641|4|13|11|E0208|49|0|0|0|0|0|0|0|0|0|0|0|0|0|0|0|0|0|0|0|0|0||||||||
2|8|2053|B|1|0|U|639|4|12|11|E0208|95|0|0|0|0|0|0|0|0|0|0|0|0|0|0|0|0|0|0|0|0|0|2024|4|25|15|54|56|4|N
2|8|2084|C|1|0|U|708|4|12|11|E0208|112|27|96|0|8|27|26|195|0|0|0|0|1|0|0|0|2|1|383|123|231|26|2024|4|25|13|59|39|4|N
2|8|2085|C|2|0|U|609|4|12|11|E0208|113|0|14|0|11|7|76|17|0|0|0|0|0|0|3|0|3|1|132|14|38|76|2024|4|25|12|43|42|4|N
2|8|2085|C|3|0|U|609|4|12|11|E0208|113|47|74|11|24|1|10|7|0|0|0|27|0|0|6|0|5|11|223|159|38|10|2024|4|25|12|46|40|4|N
2|8|2150|B|1|0|M|580|4|13|11|E0208|57|51|31|0|80|42|66|0|4|0|0|0|8|0|0|0|0|5|287|86|130|66|2024|4|25|15|41|24|1|N
2|8|2155|B|1|0|U|565|4|13|11|E0208|63|25|27|3|30|42|28|0|57|0|0|0|0|0|7|0|3|9|231|112|79|28|2024|4|25|15|33|20|1|N
2|9|695|C|1|0|U|729|3|6|12|E0209|1|184|27|0|4|0|82|4|0|0|0|0|0|0|0|0|2|9|312|211|8|82|2024|4|25|15|18|48|1|N
2|9|699|C|1|0|U|451|3|6|12|E0209|3|1|36|1|66|33|37|2|0|0|3|0|0|0|0|0|2|5|186|41|101|37|2024|4|25|15|15|16|4|N
2|9|709|C|2|0|M|577|3|6|12|E0209|22|10|102|34|11|11|135|47|0|0|0|0|0|0|0|0|5|2|357|146|69|135|2024|4|25|10|17|27|4|N
2|9|715|C|3|0|U|709|3|6|12|E0209|8|16|91|16|10|2|52|21|0|0|0|7|0|0|24|0|3|7|249|130|57|52|2024|4|25|15|20|55|4|N
2|9|722|C|10|0|M|689|3|6|12|E0209|18|214|148|0|33|1|61|108|0|0|0|0|0|0|0|0|0|5|570|362|142|61|2024|4|25|15|36|8|1|N
2|9|724|B|1|0|M|712|3|6|12|E0209|23|0|0|0|0|0|0|0|0|0|0|0|0|0|0|0|0|0|0|0|0|0||||||||
2|9|733|C|1|0|M|629|3|6|12|E0209|31|13|31|12|19|14|109|1|0|0|0|1|29|0|0|0|4|4|237|57|63|109|2024|4|25|15|47|58|1|N
2|9|1265|C|2|0|U|686|5|15|12|E0209|105|0|0|0|0|0|0|0|0|0|0|0|0|0|0|0|0|0|0|0|0|0||||||||
2|9|1265|C|4|0|U|686|5|15|12|E0209|105|86|53|1|0|13|91|158|0|0|0|0|1|0|0|0|2|5|410|140|172|91|2024|4|25|15|32|57|4|N
2|9|1266|C|3|0|U|678|5|15|12|E0209|104|0|0|0|0|0|0|0|0|0|0|0|0|0|0|0|0|0|0|0|0|0||||||||
2|9|1290|C|1|0|U|527|5|15|12|E0209|95|0|0|0|0|0|0|0|0|0|0|0|0|0|0|0|0|0|0|0|0|0|2024|4|25|16|0|52|1|N
2|9|1297|C|6|0|M|680|5|15|12|E0209|134|0|0|0|0|0|0|0|0|0|0|0|0|0|0|0|0|0|0|0|0|0||||||||
2|9|1297|E|1|1|M|734|5|15|12|E0209|136|0|0|0|0|0|0|0|0|0|0|0|0|0|0|0|0|0|0|0|0|0||||||||
2|9|1366|B|1|0|U|637|5|15|12|E0209|108|44|43|32|27|2|203|18|0|0|2|38|0|0|0|0|0|5|414|159|47|203|2024|4|25|15|20|12|4|N
2|9|1367|C|5|0|U|701|5|15|12|E0209|130|0|0|0|0|0|0|0|0|0|0|0|0|0|0|0|0|0|0|0|0|0|2024|4|25|15|53|59|1|N
2|9|1714|B|1|0|U|701|4|14|12|E0209|88|28|39|7|30|1|24|34|0|0|0|21|0|0|61|0|1|4|250|95|126|24|2024|4|25|15|33|56|1|N
2|9|1800|C|5|0|U|714|4|14|12|E0209|76|96|23|0|6|32|273|1|0|0|0|0|0|0|0|0|5|10|446|119|39|273|2024|4|25|15|39|53|4|N
2|9|1806|B|1|0|U|490|4|14|12|E0209|79|17|62|10|30|7|40|5|22|0|0|0|0|0|7|0|5|7|212|111|49|40|2024|4|25|15|40|27|1|N
2|9|1941|C|1|0|U|582|4|14|12|E0209|81|0|0|0|0|0|0|0|0|0|0|0|0|0|0|0|0|0|0|0|0|0||||||||
2|9|2005|B|1|0|U|598|4|6|12|E0209|39|85|44|14|6|18|102|4|2|0|2|2|0|1|0|0|0|12|292|149|29|102|2024|4|25|14|11|29|4|N
2|9|2008|B|1|0|R|499|4|6|12|E0209|48|0|0|0|0|0|0|0|0|0|0|0|0|0|0|0|0|0|0|0|0|0||||||||
2|9|2025|C|1|0|U|724|4|6|12|E0209|36|0|0|0|0|0|0|0|0|0|0|0|0|0|0|0|0|0|0|0|0|0||||||||
2|9|2109|C|1|0|U|659|4|14|12|E0209|60|0|0|0|0|0|0|0|0|0|0|0|0|0|0|0|0|0|0|0|0|0||||||||
2|9|2119|B|1|0|U|742|4|14|12|E0209|66|0|0|0|0|0|0|0|0|0|0|0|0|0|0|0|0|0|0|0|0|0|2024|4|25|15|59|22|1|N
2|9|2163|B|1|0|R|445|5|15|12|E0209|93|115|62|0|7|0|58|39|0|0|2|0|0|0|0|0|0|4|287|179|46|58|2024|4|25|15|0|55|4|N
3|1|9|B|1|0|U|402|1|10|13|E0301|51|30|8|27|81|3|33|48|2|0|0|0|0|28|0|0|4|1|265|67|160|33|2024|4|25|15|17|55|4|N
3|1|16|C|1|0|U|502|1|10|13|E0301|55|11|10|7|89|55|45|83|0|0|0|0|0|1|0|0|0|5|306|28|228|45|2024|4|25|15|1|11|4|N
3|1|30|C|1|0|U|659|1|10|13|E0301|57|96|79|0|15|0|126|41|0|0|0|0|0|0|0|0|1|9|367|175|56|126|2024|4|25|15|24|45|4|N
3|1|32|B|1|0|U|597|1|10|13|E0301|56|3|28|3|76|0|187|78|0|0|0|0|1|12|0|0|1|7|396|34|167|187|2024|4|25|15|29|5|4|N
3|1|56|B|1|0|M|642|1|13|13|E0301|34|0|0|0|0|0|0|0|0|0|0|0|0|0|0|0|0|0|0|0|0|0||||||||
3|1|59|B|1|0|M|543|1|13|13|E0301|37|65|29|38|48|0|82|5|2|0|0|0|0|0|0|0|2|3|274|134|53|82|2024|4|25|15|40|28|1|N
3|1|61|C|1|0|U|633|1|13|13|E0301|38|3|4|21|166|5|78|34|0|0|0|0|0|105|0|0|1|10|427|28|310|78|2024|4|25|15|49|53|1|N
3|1|77|S|1|0|U|0|2|14|13|E0301|18|149|104|21|267|0|41|45|0|0|0|0|0|5|0|0|0|12|644|274|317|41|2024|4|25|15|45|17|4|N
3|1|94|C|2|0|U|734|2|14|13|E0301|2|0|0|0|0|0|0|0|0|0|0|0|0|0|0|0|0|0|0|0|0|0||||||||
3|1|98|C|1|0|U|684|2|14|13|E0301|4|82|53|1|68|99|15|100|0|0|0|0|3|0|0|0|3|12|436|136|270|15|2024|4|25|15|19|57|4|N
3|1|112|B|1|0|U|485|2|14|13|E0301|9|0|0|0|0|0|0|0|0|0|0|0|0|0|0|0|0|0|0|0|0|0||||||||
3|1|117|B|1|0|R|371|2|14|13|E0301|10|0|0|0|0|0|0|0|0|0|0|0|0|0|0|0|0|0|0|0|0|0||||||||
3|1|145|B|1|0|U|394|3|2|13|E0301|87|28|39|1|43|31|83|71|0|0|0|0|1|16|0|0|1|1|315|68|162|83|2024|4|25|14|0|50|4|N
3|1|156|E|1|3|M|710|3|6|13|E0301|154|0|0|0|0|0|0|0|0|0|0|0|0|0|0|0|0|0|0|0|0|0||||||||
3|1|162|B|1|0|U|426|3|2|13|E0301|83|0|0|0|0|0|0|0|0|0|0|0|0|0|0|0|0|0|0|0|0|0|2024|4|25|15|59|25|1|N
3|1|163|B|1|0|U|660|3|2|13|E0301|83|0|0|0|0|0|0|0|0|0|0|0|0|0|0|0|0|0|0|0|0|0|2024|4|25|16|3|15|1|N
3|1|177|B|1|0|U|581|3|2|13|E0301|89|0|0|0|0|0|0|0|0|0|0|0|0|0|0|0|0|0|0|0|0|0||||||||
3|1|181|B|1|0|U|611|3|4|13|E0301|131|36|32|50|48|28|142|28|0|0|0|0|0|0|0|0|0|7|371|118|104|142|2024|4|25|15|20|55|1|N
3|1|182|C|1|0|U|452|3|4|13|E0301|131|29|9|4|82|6|28|117|3|0|0|0|1|9|0|0|0|7|295|45|215|28|2024|4|25|15|23|33|1|N
3|1|198|B|1|0|U|707|3|2|13|E0301|95|20|23|37|52|0|230|137|0|0|0|0|0|5|0|0|3|0|507|80|194|230|2024|4|25|15|45|50|1|N
3|1|213|C|1|0|U|616|3|15|13|E0301|96|8|2|9|8|1|8|10|0|0|0|0|5|10|0|0|1|3|65|19|34|8|2024|4|25|15|39|9|4|N
3|1|245|B|1|0|U|570|3|15|13|E0301|114|28|11|39|182|0|187|50|0|0|0|0|0|20|0|0|2|6|525|78|252|187|2024|4|25|14|24|20|4|N
3|1|254|B|1|0|R|341|3|6|13|E0301|156|61|3|0|86|5|31|9|5|0|1|0|0|0|0|0|3|8|212|70|100|31|2024|4|25|15|42|15|1|N
3|1|255|B|1|0|R|699|3|6|13|E0301|157|0|0|0|0|0|0|0|0|0|0|0|0|0|0|0|0|0|0|0|0|0||||||||
3|1|255|E|1|0|R|741|3|6|13|E0301|157|0|0|0|0|0|0|0|0|0|0|0|0|0|0|0|0|0|0|0|0|0|2024|4|25|16|7|1|1|N
3|1|261|B|1|0|R|715|3|5|13|E0301|63|0|0|0|0|0|0|0|0|0|0|0|0|0|0|0|0|0|0|0|0|0||||||||
3|1|274|B|1|0|R|467|3|6|13|E0301|162|0|0|0|0|0|0|0|0|0|0|0|0|0|0|0|0|0|0|0|0|0||||||||
3|1|281|C|1|0|M|597|3|6|13|E0301|163|0|0|0|0|0|0|0|0|0|0|0|0|0|0|0|0|0|0|0|0|0||||||||
3|1|339|E|1|0|U|703|5|13|13|E0301|25|0|0|0|0|0|0|0|0|0|0|0|0|0|0|0|0|0|0|0|0|0||||||||
3|1|339|E|1|4|U|702|5|13|13|E0301|26|92|3|24|48|16|41|28|0|0|0|0|1|0|0|0|4|5|262|119|93|41|2024|4|25|15|33|22|4|N
3|1|340|C|1|0|U|505|5|13|13|E0301|27|8|2|17|114|9|150|31|0|0|0|0|1|0|0|0|0|11|343|27|155|150|2024|4|25|15|21|51|4|N
3|1|442|B|1|0|M|606|3|3|13|E0301|120|19|1|12|114|26|154|71|1|0|0|0|0|1|0|0|4|12|415|33|212|154|2024|4|25|15|14|32|1|N
3|1|445|C|1|0|U|418|3|3|13|E0301|120|0|0|0|0|0|0|0|0|0|0|0|0|0|0|0|0|0|0|0|0|0||||||||
3|1|468|B|1|0|U|471|3|3|13|E0301|117|14|32|8|106|0|58|87|0|0|3|0|0|0|0|0|4|5|317|57|193|58|2024|4|25|14|5|44|4|N
3|1|478|B|1|0|U|472|3|4|13|E0301|136|41|1|19|33|0|127|107|0|0|25|0|0|1|0|0|0|2|356|86|141|127|2024|4|25|15|5|57|4|N
3|1|494|B|1|0|U|688|3|5|13|E0301|148|40|25|0|92|0|166|40|3|0|6|0|100|17|0|0|2|8|499|74|249|166|2024|4|25|15|33|21|1|N
3|1|495|C|2|0|U|654|3|4|13|E0301|145|41|69|0|91|5|21|87|0|0|0|0|0|2|0|0|4|0|320|110|185|21|2024|4|25|15|42|17|1|N
3|2|304|E|1|0|M|172|4|12|14|E0302|35|0|0|0|0|0|0|0|0|0|0|0|0|0|0|0|0|0|0|0|0|0||||||||
3|2|320|C|3|0|U|595|4|16|14|E0302|98|33|1|15|71|18|115|59|0|0|0|0|0|0|0|0|3|4|319|49|148|115|2024|4|25|14|13|15|4|N
3|2|321|C|1|0|U|618|4|16|14|E0302|100|2|0|1|10|0|5|6|0|0|0|0|7|2|0|0|4|7|44|3|25|5|2024|4|25|15|21|57|4|N
3|2|328|C|3|0|U|627|4|16|14|E0302|99|86|16|0|22|17|153|164|11|0|0|0|0|3|0|0|4|12|488|113|206|153|2024|4|25|14|6|52|4|N
3|2|356|C|1|0|U|578|4|8|14|E0302|51|0|0|0|0|0|0|0|0|0|0|0|0|0|0|0|0|0|0|0|0|0|2024|4|25|16|10|59|1|N
3|2|359|C|2|0|U|723|4|8|14|E0302|53|0|0|0|0|0|0|0|0|0|0|0|0|0|0|0|0|0|0|0|0|0|2024|4|25|16|11|31|1|N
3|2|363|C|2|0|U|726|4|8|14|E0302|57|118|34|0|64|0|110|76|12|0|10|0|0|0|0|0|2|2|428|174|140|110|2024|4|25|15|7|19|4|N
3|2|364|B|1|0|U|615|4|8|14|E0302|57|56|51|4|71|0|155|101|0|0|0|0|0|0|0|0|1|7|446|111|172|155|2024|4|25|15|2|16|4|N
3|2|381|B|1|0|U|494|4|9|14|E0302|68|33|0|11|37|1|44|116|8|0|0|0|1|0|0|0|1|8|260|52|155|44|2024|4|25|15|18|48|4|N
3|2|387|B|1|0|U|539|4|9|14|E0302|72|0|0|0|0|0|0|0|0|0|0|0|0|0|0|0|0|0|0|0|0|0||||||||
3|2|387|C|1|0|U|538|4|9|14|E0302|72|20|3|0|259|0|46|34|3|0|3|0|0|87|0|0|1|4|460|29|380|46|2024|4|25|15|0|57|4|N
3|2|395|C|1|0|U|535|4|9|14|E0302|77|0|0|0|0|0|0|0|0|0|0|0|0|0|0|0|0|0|0|0|0|0|2024|4|25|16|3|43|4|N
3|2|429|B|1|0|U|530|4|7|14|E0302|29|1|10|2|84|0|169|150|6|0|0|0|1|1|29|0|2|9|464|19|265|169|2024|4|25|15|31|54|1|N
3|2|433|B|1|0|U|533|4|7|14|E0302|28|0|0|0|0|0|0|0|0|0|0|0|0|0|0|0|0|0|0|0|0|0||||||||
3|2|504|C|1|0|U|526|4|1|14|E0302|8|13|64|37|68|3|97|37|1|1|0|0|0|0|0|0|0|2|323|116|108|97|2024|4|25|14|8|38|4|N
3|2|507|B|1|0|U|672|4|1|14|E0302|8|383|2|5|41|12|74|30|0|0|0|0|0|16|0|0|1|0|564|390|99|74|2024|4|25|15|28|45|4|N
3|2|509|C|3|0|U|604|4|1|14|E0302|10|26|20|3|71|68|184|88|0|0|0|0|0|16|0|0|3|5|484|49|243|184|2024|4|25|15|27|15|4|N
3|2|511|B|1|0|U|577|4|1|14|E0302|11|43|1|1|38|2|138|43|2|0|0|0|0|18|0|0|3|8|297|47|101|138|2024|4|25|14|11|24|4|N
3|2|514|C|2|0|U|618|4|1|14|E0302|7|12|60|8|85|0|67|230|0|0|0|0|0|0|0|0|0|9|471|80|315|67|2024|4|25|15|33|3|4|N
3|2|516|B|1|0|U|455|4|12|14|E0302|41|58|17|1|158|0|75|19|0|0|0|0|0|0|0|0|4|0|332|76|177|75|2024|4|25|12|23|15|4|N
3|2|517|C|2|0|U|638|4|12|14|E0302|46|261|6|16|197|24|26|7|0|0|1|0|0|27|0|0|1|2|568|284|255|26|2024|4|25|15|24|22|1|N
3|2|523|B|1|0|U|683|4|16|14|E0302|105|0|0|0|0|0|0|0|0|0|0|0|0|0|0|0|0|0|0|0|0|0|2024|4|25|16|13|15|1|N
3|2|536|C|1|0|U|664|4|11|14|E0302|89|34|15|3|173|0|21|186|0|0|0|0|15|52|0|0|4|10|513|52|426|21|2024|4|25|15|31|40|4|N
3|2|537|C|2|0|U|716|4|12|14|E0302|41|60|71|0|74|0|44|115|0|0|2|0|0|2|0|0|2|10|380|133|191|44|2024|4|25|12|31|7|4|N
3|2|538|B|1|0|U|712|4|12|14|E0302|42|65|16|27|239|32|40|99|0|0|0|0|0|0|16|0|5|12|551|108|386|40|2024|4|25|11|35|35|4|N
4|1|38|B|1|0|U|739|1|7|15|E0401|37|0|0|0|0|0|0|0|0|0|0|0|0|0|0|0|0|0|0|0|0|0||||||||
4|1|53|B|1|0|U|492|1|5|15|E0401|34|0|0|0|0|0|0|0|0|0|0|0|0|0|0|0|0|0|0|0|0|0|2024|4|25|16|4|6|1|N
4|1|65|C|1|0|U|585|1|3|15|E0401|30|0|0|0|0|0|0|0|0|0|0|0|0|0|0|0|0|0|0|0|0|0|2024|4|25|16|5|40|4|N
4|1|78|C|1|0|U|458|1|4|15|E0401|69|16|120|31|71|0|32|72|1|4|0|9|0|0|0|0|1|10|367|181|143|32|2024|4|25|15|29|34|1|N
4|1|80|C|1|0|U|411|1|3|15|E0401|42|12|40|40|22|12|119|19|13|0|0|5|7|37|14|0|2|4|346|110|111|119|2024|4|25|15|48|38|1|N
4|1|86|C|1|0|U|532|1|4|15|E0401|63|87|127|0|67|31|74|52|0|0|0|0|4|0|0|0|5|4|451|214|154|74|2024|4|25|15|39|2|4|N
4|1|92|B|1|0|U|608|1|4|15|E0401|48|0|0|0|0|0|0|0|0|0|0|0|0|0|0|0|0|0|0|0|0|0|2024|4|25|15|53|30|1|N
4|1|95|C|1|0|U|544|1|4|15|E0401|71|62|2|62|9|2|86|89|39|0|0|3|1|0|0|0|1|1|357|168|101|86|2024|4|25|15|17|46|4|N
4|1|97|C|1|0|U|611|1|6|15|E0401|70|0|0|0|0|0|0|0|0|0|0|0|0|0|0|0|0|0|0|0|0|0|2024|4|25|16|5|19|1|N
4|1|100|B|1|0|U|602|1|5|15|E0401|56|0|0|0|0|0|0|0|0|0|0|0|0|0|0|0|0|0|0|0|0|0|2024|4|25|15|55|12|4|N
4|1|107|B|1|0|U|676|1|5|15|E0401|53|0|0|0|0|0|0|0|0|0|0|0|0|0|0|0|0|0|0|0|0|0|2024|4|25|15|56|45|4|N
4|1|120|B|1|0|R|462|1|7|15|E0401|91|0|0|0|0|0|0|0|0|0|0|0|0|0|0|0|0|0|0|0|0|0||||||||
4|1|124|C|2|0|M|678|1|2|15|E0401|79|52|154|10|84|0|175|50|0|0|0|0|15|0|0|0|5|0|545|216|149|175|2024|4|25|15|9|58|4|N
4|1|124|E|1|1|M|581|1|2|15|E0401|80|162|34|31|128|13|70|34|0|0|0|16|4|0|5|0|1|0|498|243|184|70|2024|4|25|15|33|26|1|N
4|1|128|B|1|0|R|242|1|6|15|E0401|81|57|59|0|9|0|23|22|0|0|0|19|1|0|0|0|1|7|198|135|32|23|2024|4|25|15|23|50|1|N
4|1|136|B|1|0|R|215|1|2|15|E0401|86|56|35|14|17|6|35|38|0|4|0|0|4|0|0|0|0|5|214|109|65|35|2024|4|25|15|31|31|1|N
4|1|140|B|1|0|M|475|1|2|15|E0401|88|128|58|11|4|16|71|70|1|0|0|0|0|0|0|0|3|8|370|198|90|71|2024|4|25|15|11|16|1|N
4|1|141|B|1|0|U|466|1|2|15|E0401|88|14|27|54|111|33|12|150|3|0|0|0|0|0|0|0|3|7|414|98|294|12|2024|4|25|15|14|9|1|N
4|1|154|B|1|0|U|662|2|17|15|E0401|107|33|187|2|61|5|73|92|2|4|0|0|34|0|6|0|0|9|508|228|198|73|2024|4|25|15|10|58|4|N
4|1|157|C|1|0|R|407|2|17|15|E0401|108|39|38|64|46|11|87|23|18|0|0|0|8|0|4|0|5|6|349|159|92|87|2024|4|25|15|35|50|4|N
4|1|163|B|1|0|U|426|2|17|15|E0401|101|45|117|12|10|26|14|80|0|0|0|9|0|0|0|2|0|0|315|183|118|14|2024|4|25|15|17|35|4|N
4|1|169|C|2|0|R|545|2|17|15|E0401|102|29|44|135|71|6|45|118|0|0|0|0|7|0|0|10|2|0|467|208|212|45|2024|4|25|15|31|8|4|N
4|1|368|B|1|0|U|590|5|19|15|E0401|122|2|30|19|32|30|39|145|0|0|0|76|0|0|32|16|5|7|433|127|255|39|2024|4|25|15|43|39|1|N
4|1|388|C|3|0|U|594|6|18|15|E0401|135|0|0|0|0|0|0|0|0|0|0|0|0|0|0|0|0|0|0|0|0|0||||||||
4|1|394|B|1|0|R|396|6|18|15|E0401|137|56|41|1|146|1|28|27|14|0|0|0|1|0|24|0|3|1|343|112|199|28|2024|4|25|15|28|3|4|N
4|1|426|E|1|2|R|636|11|21|15|E0401|155|100|166|12|10|13|83|45|0|0|0|51|1|0|4|0|3|8|496|329|73|83|2024|4|25|15|27|36|1|N
4|1|447|B|1|0|R|471|8|7|15|E0401|97|10|5|10|157|29|106|51|0|8|0|0|4|0|38|0|0|11|429|33|279|106|2024|4|25|15|33|29|4|N
4|2|186|B|1|0|U|731|3|9|16|E0402|32|0|0|0|0|0|0|0|0|0|0|0|0|0|0|0|0|0|0|0|0|0||||||||
4|2|200|C|1|0|U|577|3|20|16|E0402|2|22|20|0|63|0|221|134|9|0|0|0|12|0|30|0|3|11|525|51|239|221|2024|4|25|15|16|54|4|N
4|2|202|B|1|0|U|562|3|9|16|E0402|14|34|95|6|88|0|87|115|17|2|0|0|8|5|0|0|1|1|459|154|216|87|2024|4|25|15|8|14|4|N
4|2|209|B|1|0|U|743|3|9|16|E0402|18|0|0|0|0|0|0|0|0|0|0|0|0|0|0|0|0|0|0|0|0|0||||||||
4|2|217|B|1|0|U|611|3|9|16|E0402|10|0|0|0|0|0|0|0|0|0|0|0|0|0|0|0|0|0|0|0|0|0||||||||
4|2|245|C|1|0|U|531|3|8|16|E0402|24|6|94|31|16|10|64|210|0|0|0|4|33|0|14|1|2|1|486|135|284|64|2024|4|25|11|27|38|4|N
4|2|253|C|2|0|U|593|3|12|16|E0402|61|0|0|0|0|0|0|0|0|0|0|0|0|0|0|0|0|0|0|0|0|0||||||||
4|2|261|C|1|0|R|671|3|12|16|E0402|63|0|0|0|0|0|0|0|0|0|0|0|0|0|0|0|0|0|0|0|0|0||||||||
4|2|269|B|1|0|R|459|3|20|16|E0402|71|0|0|0|0|0|0|0|0|0|0|0|0|0|0|0|0|0|0|0|0|0||||||||
4|2|285|E|1|0|R|299|10|14|16|E0402|139|0|0|0|0|0|0|0|0|0|0|0|0|0|0|0|0|0|0|0|0|0||||||||
4|2|289|E|1|0|R|114|10|14|16|E0402|148|0|0|0|0|0|0|0|0|0|0|0|0|0|0|0|0|0|0|0|0|0|2024|4|25|16|8|38|1|N
4|2|294|B|1|0|R|151|10|14|16|E0402|144|0|0|0|0|0|0|0|0|0|0|0|0|0|0|0|0|0|0|0|0|0||||||||
4|2|298|B|1|0|R|485|10|14|16|E0402|142|0|0|0|0|0|0|0|0|0|0|0|0|0|0|0|0|0|0|0|0|0|2024|4|25|16|10|31|1|N
4|2|303|B|1|0|U|400|4|15|16|E0402|77|0|0|0|0|0|0|0|0|0|0|0|0|0|0|0|0|0|0|0|0|0||||||||
4|2|312|B|1|0|U|559|4|15|16|E0402|81|0|0|0|0|0|0|0|0|0|0|0|0|0|0|0|0|0|0|0|0|0||||||||
4|2|319|E|1|0|M|490|4|15|16|E0402|87|0|0|0|0|0|0|0|0|0|0|0|0|0|0|0|0|0|0|0|0|0||||||||
4|2|320|C|1|0|M|626|13|16|16|E0402|103|0|0|0|0|0|0|0|0|0|0|0|0|0|0|0|0|0|0|0|0|0||||||||
4|2|332|B|1|0|R|506|4|16|16|E0402|90|0|0|0|0|0|0|0|0|0|0|0|0|0|0|0|0|0|0|0|0|0|2024|4|25|15|53|39|1|N
4|2|347|C|1|0|R|394|4|16|16|E0402|101|59|61|55|33|14|14|69|0|0|0|7|2|0|6|0|2|7|329|182|124|14|2024|4|25|15|26|38|4|N
4|2|353|B|1|0|R|429|4|16|16|E0402|102|65|74|8|26|4|73|43|0|0|0|0|0|0|0|0|2|0|295|147|73|73|2024|4|25|15|27|48|4|N
4|2|448|C|2|0|M|739|9|13|16|E0402|109|0|0|0|0|0|0|0|0|0|0|0|0|0|0|0|0|0|0|0|0|0||||||||
4|2|452|B|1|0|U|599|9|13|16|E0402|118|13|66|47|53|2|32|116|0|0|0|4|2|0|0|0|0|0|335|130|173|32|2024|4|25|14|12|40|4|N
4|2|457|C|1|0|U|391|9|13|16|E0402|113|0|0|0|0|0|0|0|0|0|0|0|0|0|0|0|0|0|0|0|0|0||||||||
4|2|469|E|1|0|R|239|9|13|16|E0402|126|0|0|0|0|0|0|0|0|0|0|0|0|0|0|0|0|0|0|0|0|0||||||||
4|2|537|B|1|0|R|573|10|14|16|E0402|146|0|0|0|0|0|0|0|0|0|0|0|0|0|0|0|0|0|0|0|0|0||||||||
4|2|557|B|1|0|U|697|3|11|16|E0402|43|8|52|0|146|89|168|163|1|0|0|2|7|0|0|0|2|12|650|63|405|168|2024|4|25|15|41|4|4|N
4|2|557|C|3|0|U|697|3|11|16|E0402|43|193|103|65|44|13|61|51|0|0|0|0|2|0|0|0|3|7|542|361|110|61|2024|4|25|15|43|14|4|N
5|1|3|C|3|0|U|662|2|1|17|E0501|6|0|0|0|0|0|0|0|0|0|0|0|0|0|0|0|0|0|0|0|0|0||||||||
5|1|5|C|1|0|U|572|2|1|17|E0501|1|27|25|42|25|19|52|2|40|39|0|0|0|6|0|0|1|8|286|173|52|52|2024|4|25|15|47|37|4|N
5|1|8|C|1|0|U|682|2|1|17|E0501|1|10|77|55|9|4|69|0|0|8|4|0|0|0|0|0|2|0|238|154|13|69|2024|4|25|15|43|17|4|N
5|1|11|B|1|0|U|665|2|1|17|E0501|5|0|0|0|0|0|0|0|0|0|0|0|0|0|0|0|0|0|0|0|0|0||||||||
5|1|25|B|1|0|U|720|2|1|17|E0501|16|204|23|22|34|101|13|1|0|0|0|0|0|3|0|0|1|5|407|249|139|13|2024|4|25|12|52|30|4|N
5|1|29|C|1|0|U|629|2|1|17|E0501|35|0|115|6|15|47|84|12|0|4|0|0|0|0|27|0|1|0|311|125|101|84|2024|4|25|15|19|17|4|N
5|1|31|C|7|0|U|719|2|1|17|E0501|20|0|16|0|67|75|98|19|0|0|0|0|0|0|0|0|5|6|286|16|161|98|2024|4|25|14|17|49|4|N
5|1|34|C|5|0|U|699|2|1|17|E0501|26|0|31|2|4|25|50|20|3|0|0|50|0|15|0|0|1|9|210|86|64|50|2024|4|25|15|5|51|4|N
5|1|35|C|1|0|U|673|2|1|17|E0501|23|76|126|21|39|25|99|2|30|0|0|0|0|0|0|0|1|10|429|253|66|99|2024|4|25|15|40|2|4|N
5|1|41|C|4|0|M|750|2|1|17|E0501|28|0|56|3|10|121|194|56|0|25|0|13|2|9|0|4|1|11|505|97|202|194|2024|4|25|15|50|7|1|N
5|1|249|B|1|0|R|627|14|1|17|E0501|57|0|0|0|0|0|0|0|0|0|0|0|0|0|0|0|0|0|0|0|0|0||||||||
5|1|448|B|1|0|M|718|19|3|17|E0501|61|0|0|0|0|0|0|0|0|0|0|0|0|0|0|0|0|0|0|0|0|0||||||||
5|1|509|C|1|0|U|415|22|3|17|E0501|65|0|0|0|0|0|0|0|0|0|0|0|0|0|0|0|0|0|0|0|0|0||||||||
5|1|517|B|1|0|U|543|22|3|17|E0501|67|0|50|0|43|25|131|23|0|0|0|0|0|0|0|0|0|9|281|50|91|131|2024|4|25|14|15|28|4|N
5|1|587|C|8|0|U|713|25|2|17|E0501|107|0|0|0|0|0|0|0|0|0|0|0|0|0|0|0|0|0|0|0|0|0|2024|4|25|15|55|18|4|N
5|1|612|B|1|0|U|650|25|2|17|E0501|87|0|0|0|0|0|0|0|0|0|0|0|0|0|0|0|0|0|0|0|0|0||||||||
5|1|612|C|2|0|U|649|25|2|17|E0501|87|0|0|0|0|0|0|0|0|0|0|0|0|0|0|0|0|0|0|0|0|0||||||||
5|1|625|B|1|0|U|430|25|2|17|E0501|86|0|0|0|0|0|0|0|0|0|0|0|0|0|0|0|0|0|0|0|0|0||||||||
5|1|1512|B|1|0|U|467|38|1|17|E0501|132|0|0|0|0|0|0|0|0|0|0|0|0|0|0|0|0|0|0|0|0|0||||||||
5|1|1516|B|1|0|R|422|38|1|17|E0501|136|0|0|0|0|0|0|0|0|0|0|0|0|0|0|0|0|0|0|0|0|0|2024|4|25|16|13|32|1|N
5|1|1558|B|1|0|U|398|25|2|17|E0501|90|0|0|0|0|0|0|0|0|0|0|0|0|0|0|0|0|0|0|0|0|0||||||||
5|1|1753|C|1|0|U|682|2|1|17|E0501|43|5|7|24|119|41|148|13|8|8|0|0|0|111|0|2|3|12|501|52|286|148|2024|4|25|14|14|36|4|N
5|1|1756|B|1|0|U|706|2|1|17|E0501|40|0|39|14|8|68|82|26|0|1|0|2|0|0|0|3|5|1|249|56|105|82|2024|4|25|14|10|35|4|N
5|1|1758|C|1|0|U|619|2|1|17|E0501|40|0|0|0|0|0|0|0|0|0|0|0|0|0|0|0|0|0|0|0|0|0|2024|4|25|16|3|20|1|N
5|2|116|B|1|0|M|692|7|4|18|E0502|4|0|0|0|0|0|0|0|0|0|0|0|0|0|0|0|0|0|0|0|0|0|2024|4|25|16|2|22|4|N
5|2|132|B|1|0|U|609|9|7|18|E0502|17|0|0|0|0|0|0|0|0|0|0|0|0|0|0|0|0|0|0|0|0|0||||||||
5|2|135|C|2|0|U|549|9|7|18|E0502|15|0|0|0|0|0|0|0|0|0|0|0|0|0|0|0|0|0|0|0|0|0|2024|4|25|16|2|57|1|N
5|2|147|C|1|0|U|656|9|7|18|E0502|9|2|60|1|84|44|92|36|7|0|5|23|0|1|0|1|1|11|368|98|166|92|2024|4|25|15|47|18|1|N
5|2|151|B|1|0|R|103|9|7|18|E0502|25|0|0|0|0|0|0|0|0|0|0|0|0|0|0|0|0|0|0|0|0|0||||||||
5|2|158|B|1|0|R|514|9|7|18|E0502|26|0|0|0|0|0|0|0|0|0|0|0|0|0|0|0|0|0|0|0|0|0|2024|4|25|16|7|26|1|N
5|2|169|C|2|0|M|537|9|7|18|E0502|19|2|101|65|7|17|120|8|0|0|0|9|0|54|0|0|1|6|390|177|86|120|2024|4|25|15|43|3|1|N
5|2|182|C|1|0|U|478|10|6|18|E0502|49|0|0|0|0|0|0|0|0|0|0|0|0|0|0|0|0|0|0|0|0|0|2024|4|25|16|7|18|1|N
5|2|189|B|1|0|U|521|10|6|18|E0502|50|0|0|0|0|0|0|0|0|0|0|0|0|0|0|0|0|0|0|0|0|0|2024|4|25|16|6|26|1|N
5|2|192|C|1|0|U|577|10|6|18|E0502|48|0|0|0|0|0|0|0|0|0|0|0|0|0|0|0|0|0|0|0|0|0||||||||
5|2|198|C|1|0|U|527|10|6|18|E0502|47|0|0|0|0|0|0|0|0|0|0|0|0|0|0|0|0|0|0|0|0|0|2024|4|25|15|54|5|1|N
5|2|202|B|1|0|U|596|10|6|18|E0502|40|9|66|5|22|6|140|51|0|0|0|8|0|6|0|0|5|2|320|88|85|140|2024|4|25|15|14|0|4|N
5|2|213|C|1|0|M|406|10|6|18|E0502|45|2|27|1|37|5|14|80|0|0|2|1|0|0|20|5|0|7|201|33|147|14|2024|4|25|15|50|52|1|N
5|2|492|B|1|0|M|714|20|6|18|E0502|92|0|0|0|0|0|0|0|0|0|0|0|0|0|0|0|0|0|0|0|0|0||||||||
5|2|495|C|1|0|U|456|20|6|18|E0502|92|0|0|0|0|0|0|0|0|0|0|0|0|0|0|0|0|0|0|0|0|0||||||||
5|2|527|B|1|0|M|596|23|6|18|E0502|98|0|0|0|0|0|0|0|0|0|0|0|0|0|0|0|0|0|0|0|0|0||||||||
5|2|729|B|1|0|M|551|29|4|18|E0502|65|0|0|0|0|0|0|0|0|0|0|0|0|0|0|0|0|0|0|0|0|0||||||||
5|2|1042|C|3|0|U|579|31|6|18|E0502|61|0|4|1|6|4|6|8|1|1|0|4|0|0|0|0|1|0|36|11|18|6|2024|4|25|14|5|11|4|N
5|2|1046|C|1|0|U|505|31|6|18|E0502|59|15|67|7|3|19|35|2|0|0|0|9|0|0|0|0|1|1|159|98|24|35|2024|4|25|14|7|20|4|N
5|2|1091|C|5|0|U|639|33|4|18|E0502|102|1|1|0|83|70|113|6|0|0|0|0|0|4|0|0|1|3|282|2|163|113|2024|4|25|15|42|26|4|N
5|2|1105|C|1|0|U|459|33|4|18|E0502|108|0|0|0|0|0|0|0|0|0|0|0|0|0|0|0|0|0|0|0|0|0||||||||
5|2|1118|C|1|0|U|582|33|4|18|E0502|114|11|15|34|0|42|84|55|27|0|0|0|0|1|0|0|0|3|272|87|98|84|2024|4|25|15|48|7|4|N
5|2|1128|B|1|0|R|379|33|4|18|E0502|130|0|0|0|0|0|0|0|0|0|0|0|0|0|0|0|0|0|0|0|0|0||||||||
5|2|1151|C|1|0|R|407|33|4|18|E0502|121|0|0|0|0|0|0|0|0|0|0|0|0|0|0|0|0|0|0|0|0|0||||||||
5|3|46|C|1|0|U|447|3|3|19|E0503|8|0|0|0|0|0|0|0|0|0|0|0|0|0|0|0|0|0|0|0|0|0||||||||
5|3|53|C|1|0|U|417|3|3|19|E0503|11|0|101|2|27|3|53|29|0|1|0|0|0|0|0|0|1|11|228|104|59|53|2024|4|25|15|11|13|4|N
5|3|54|B|1|0|U|659|3|3|19|E0503|12|0|168|1|19|25|35|49|0|0|0|4|0|1|0|0|4|12|318|173|94|35|2024|4|25|15|15|35|4|N
5|3|94|C|1|0|U|559|6|4|19|E0503|138|0|0|0|0|0|0|0|0|0|0|0|0|0|0|0|0|0|0|0|0|0|2024|4|25|16|3|31|4|N
5|3|102|B|1|0|R|135|6|4|19|E0503|145|0|0|0|0|0|0|0|0|0|0|0|0|0|0|0|0|0|0|0|0|0|2024|4|25|16|8|30|4|N
5|3|328|B|1|0|U|735|18|5|19|E0503|66|3|5|0|14|60|125|4|2|4|0|0|0|0|0|0|4|1|222|14|78|125|2024|4|25|15|14|8|4|N
5|3|344|C|1|0|U|511|18|5|19|E0503|72|21|36|0|78|140|49|12|0|2|0|0|0|0|0|0|3|11|352|59|230|49|2024|4|25|15|26|56|4|N
5|3|351|C|1|0|U|637|18|5|19|E0503|106|59|80|36|4|172|33|23|0|0|0|2|0|0|0|0|0|10|419|177|199|33|2024|4|25|15|25|39|4|N
5|3|358|C|1|0|U|399|18|5|19|E0503|74|2|56|0|26|17|46|65|0|0|0|0|0|0|0|0|5|3|220|58|108|46|2024|4|25|15|24|15|4|N
5|3|360|B|1|0|U|607|18|5|19|E0503|107|17|52|27|59|61|28|77|0|0|0|0|0|53|0|0|1|4|379|96|250|28|2024|4|25|15|45|8|1|N
5|3|370|B|1|0|U|529|18|5|19|E0503|78|0|17|71|61|20|35|15|0|11|0|0|0|3|0|0|4|7|244|99|99|35|2024|4|25|15|23|54|4|N
5|3|397|C|1|0|U|721|18|5|19|E0503|115|0|119|7|52|8|182|76|0|0|7|0|0|0|0|0|3|11|465|133|136|182|2024|4|25|15|37|27|4|N
5|3|405|C|1|0|U|582|18|5|19|E0503|86|23|38|40|3|10|140|53|0|0|65|8|0|0|0|2|4|7|393|174|68|140|2024|4|25|15|14|35|4|N
5|3|415|C|1|0|U|522|18|5|19|E0503|118|0|13|0|5|127|130|2|0|0|0|4|0|0|0|0|3|3|287|17|134|130|2024|4|25|15|34|16|4|N
5|3|427|C|1|0|U|521|18|5|19|E0503|122|0|0|0|0|0|0|0|0|0|0|0|0|0|0|0|0|0|0|0|0|0|2024|4|25|15|56|55|4|N
5|3|429|B|1|0|U|498|18|5|19|E0503|123|0|0|0|0|0|0|0|0|0|0|0|0|0|0|0|0|0|0|0|0|0||||||||
5|3|436|C|1|0|U|722|18|4|19|E0503|131|0|0|0|0|0|0|0|0|0|0|0|0|0|0|0|0|0|0|0|0|0|2024|4|25|15|56|16|4|N
5|3|645|B|1|0|M|278|26|3|19|E0503|55|3|8|0|41|74|66|0|0|9|3|1|0|0|0|0|1|12|218|24|115|66|2024|4|25|15|48|18|4|N
5|3|649|B|1|0|M|693|26|3|19|E0503|56|30|112|51|30|13|91|27|0|0|0|0|0|7|0|0|3|9|373|193|77|91|2024|4|25|15|19|7|4|N
5|3|709|C|1|0|U|509|28|3|19|E0503|37|2|80|16|42|20|58|71|0|28|0|0|0|2|0|0|2|8|329|126|135|58|2024|4|25|15|22|13|4|N
5|3|709|C|2|0|U|509|28|3|19|E0503|37|65|12|36|1|7|48|30|0|2|0|0|0|65|0|0|3|5|274|115|103|48|2024|4|25|15|18|17|4|N
5|3|1059|B|1|0|M|539|32|3|19|E0503|14|0|54|2|17|20|75|3|0|0|66|1|0|0|0|0|5|8|251|123|40|75|2024|4|25|15|25|18|4|N
5|3|1060|C|1|0|R|431|32|3|19|E0503|15|1|60|4|60|60|3|41|0|0|0|0|0|0|0|0|0|4|233|65|161|3|2024|4|25|15|24|16|4|N
5|3|1078|C|1|0|U|718|32|3|19|E0503|19|154|36|0|6|69|77|3|0|0|7|9|0|0|0|0|3|9|373|206|78|77|2024|4|25|15|14|56|4|N
5|3|1083|C|1|0|U|463|32|3|19|E0503|23|0|22|13|51|39|8|50|0|11|0|0|0|0|0|0|1|11|206|46|140|8|2024|4|25|15|36|26|4|N
5|3|1505|B|1|0|R|304|37|3|19|E0503|4|10|15|0|3|38|22|1|0|0|3|0|0|0|0|1|5|7|105|28|43|22|2024|4|25|15|7|15|4|N
5|4|736|C|2|0|U|606|30|15|20|E0504|6|10|99|0|26|29|67|13|0|0|0|0|0|2|0|0|2|12|260|109|70|67|2024|4|25|15|13|53|4|N
5|4|742|C|1|0|U|586|30|13|20|E0504|15|7|227|29|14|49|51|23|0|0|0|2|0|4|0|0|0|1|407|265|90|51|2024|4|25|15|34|21|4|N
5|4|749|B|1|0|U|462|30|13|20|E0504|16|8|22|2|9|27|17|56|0|0|0|8|0|0|0|0|4|11|164|40|92|17|2024|4|25|15|31|22|4|N
5|4|762|B|1|0|U|455|30|13|20|E0504|19|3|15|20|24|44|72|22|0|0|0|0|0|0|0|0|0|8|208|38|90|72|2024|4|25|15|30|16|4|N
5|4|764|B|1|0|U|590|30|13|20|E0504|17|0|0|0|0|0|0|0|0|0|0|0|0|0|0|0|0|0|0|0|0|0|2024|4|25|16|5|51|4|N
5|4|774|B|1|0|U|632|30|13|20|E0504|33|0|0|0|0|0|0|0|0|0|0|0|0|0|0|0|0|0|0|0|0|0||||||||
5|4|780|C|1|0|U|525|30|13|20|E0504|33|0|0|0|0|0|0|0|0|0|0|0|0|0|0|0|0|0|0|0|0|0||||||||
5|4|782|B|1|0|U|392|30|13|20|E0504|24|19|6|1|129|82|38|1|0|0|0|1|0|0|0|0|0|4|281|27|212|38|2024|4|25|15|31|39|4|N
5|4|782|C|1|0|U|391|30|13|20|E0504|24|1|48|0|24|29|47|14|0|0|0|0|0|53|0|0|2|12|230|49|120|47|2024|4|25|15|27|18|4|N
5|4|800|C|1|0|U|705|30|14|20|E0504|45|0|7|5|135|33|27|20|0|27|0|0|0|57|0|0|4|7|322|39|245|27|2024|4|25|15|45|25|4|N
5|4|898|B|1|0|U|423|30|13|20|E0504|121|22|24|3|21|22|46|10|7|0|0|0|0|4|0|0|5|3|167|56|57|46|2024|4|25|15|8|28|4|N
5|4|903|B|1|0|U|745|30|13|20|E0504|123|0|0|0|0|0|0|0|0|0|0|0|0|0|0|0|0|0|0|0|0|0||||||||
5|4|906|B|1|0|U|617|30|15|20|E0504|97|0|0|0|0|0|0|0|0|0|0|0|0|0|0|0|0|0|0|0|0|0|2024|4|25|16|10|43|4|N
5|4|908|C|2|0|U|629|30|15|20|E0504|105|0|0|0|0|0|0|0|0|0|0|0|0|0|0|0|0|0|0|0|0|0||||||||
5|4|950|C|7|0|U|738|30|14|20|E0504|92|0|0|0|0|0|0|0|0|0|0|0|0|0|0|0|0|0|0|0|0|0|2024|4|25|16|1|56|4|N
5|4|952|C|3|0|U|740|30|16|20|E0504|113|47|31|3|2|40|136|4|0|0|0|0|0|3|0|0|1|4|271|81|49|136|2024|4|25|15|10|29|4|N
5|4|1641|C|1|0|U|548|30|14|20|E0504|73|0|0|0|0|0|0|0|0|0|0|0|0|0|0|0|0|0|0|0|0|0||||||||
5|4|1762|B|1|0|U|734|30|14|20|E0504|13|0|0|0|0|0|0|0|0|0|0|0|0|0|0|0|0|0|0|0|0|0||||||||
5|4|1763|C|2|0|U|575|30|14|20|E0504|12|8|1|3|6|8|9|0|0|0|0|0|0|0|0|0|1|4|40|12|14|9|2024|4|25|15|45|52|4|N
5|4|1768|C|3|0|U|733|30|14|20|E0504|52|0|42|1|21|43|25|11|10|0|7|0|0|61|0|0|1|1|223|60|136|25|2024|4|25|15|29|51|4|N
5|4|1772|C|2|0|U|646|30|14|20|E0504|54|0|0|0|0|0|0|0|0|0|0|0|0|0|0|0|0|0|0|0|0|0|2024|4|25|16|7|42|4|N
5|4|1777|B|1|0|U|660|30|14|20|E0504|60|0|0|0|0|0|0|0|0|0|0|0|0|0|0|0|0|0|0|0|0|0|2024|4|25|16|11|13|4|N
5|4|1780|C|3|0|U|747|30|15|20|E0504|98|7|103|127|23|21|124|44|0|0|0|21|0|5|0|0|3|4|482|258|93|124|2024|4|25|15|16|43|4|N
5|4|1829|C|1|0|U|724|30|14|20|E0504|78|0|44|0|36|13|145|129|0|0|0|2|0|0|0|0|4|8|381|46|178|145|2024|4|25|15|44|41|4|N
5|5|1180|C|6|0|U|694|35|8|21|E0505|63|0|0|0|0|0|0|0|0|0|0|0|0|0|0|0|0|0|0|0|0|0|2024|4|25|16|8|37|4|N
5|5|1202|C|1|0|U|518|35|8|21|E0505|48|0|1|31|75|19|134|50|0|0|0|10|0|0|0|0|0|4|324|42|144|134|2024|4|25|12|13|16|4|N
5|5|1225|B|1|0|U|603|35|9|21|E0505|21|1|92|0|73|17|58|15|0|1|10|0|0|1|0|0|2|3|273|104|106|58|2024|4|25|15|36|42|4|N
5|5|1226|B|1|0|U|447|35|9|21|E0505|23|85|55|0|50|0|24|18|0|0|0|1|0|0|0|0|1|7|241|141|68|24|2024|4|25|15|50|16|1|N
5|5|1249|B|1|0|U|688|35|9|21|E0505|15|0|0|0|0|0|0|0|0|0|0|0|0|0|0|0|0|0|0|0|0|0||||||||
5|5|1317|B|1|0|U|575|35|11|21|E0505|102|0|28|0|22|127|67|1|27|0|0|0|0|0|0|4|2|9|287|55|154|67|2024|4|25|15|9|27|4|N
5|5|1320|C|4|0|U|677|35|8|21|E0505|99|0|0|0|0|0|0|0|0|0|0|0|0|0|0|0|0|0|0|0|0|0|2024|4|25|15|57|12|4|N
5|5|1336|C|1|0|U|566|35|9|21|E0505|44|7|15|3|19|27|88|102|0|9|15|0|0|48|0|0|5|7|345|49|196|88|2024|4|25|12|26|20|4|N
5|5|1337|B|1|0|U|464|35|9|21|E0505|44|0|13|2|34|14|54|3|0|5|0|0|0|3|0|1|3|12|144|20|55|54|2024|4|25|12|30|12|4|N
5|5|1349|B|1|0|U|695|35|10|21|E0505|96|25|136|10|57|16|132|50|0|1|0|0|0|0|0|0|2|3|432|172|123|132|2024|4|25|14|8|49|4|N
5|5|1461|C|10|0|M|689|35|8|21|E0505|71|0|0|0|0|0|0|0|0|0|0|0|0|0|0|0|0|0|0|0|0|0||||||||
5|5|1466|C|4|0|M|703|35|8|21|E0505|81|0|0|0|0|0|0|0|0|0|0|0|0|0|0|0|0|0|0|0|0|0|2024|4|25|16|1|35|4|N
5|5|1466|C|11|0|M|702|35|8|21|E0505|84|0|0|0|0|0|0|0|0|0|0|0|0|0|0|0|0|0|0|0|0|0|2024|4|25|16|9|3|4|N
5|5|1731|C|6|0|U|672|35|11|21|E0505|115|0|0|0|0|0|0|0|0|0|0|0|0|0|0|0|0|0|0|0|0|0|2024|4|25|15|53|51|1|N
5|5|1732|C|3|0|U|747|35|11|21|E0505|116|0|0|0|0|0|0|0|0|0|0|0|0|0|0|0|0|0|0|0|0|0|2024|4|25|16|0|21|1|N
5|5|1733|B|1|0|U|704|35|8|21|E0505|117|0|0|0|0|0|0|0|0|0|0|0|0|0|0|0|0|0|0|0|0|0|2024|4|25|16|6|23|4|N
5|5|1733|C|2|0|U|704|35|8|21|E0505|117|13|55|62|43|32|166|17|0|13|0|0|0|22|0|10|2|12|447|143|124|166|2024|4|25|15|13|31|4|N
5|5|1839|C|1|0|U|572|35|8|21|E0505|93|43|28|1|3|13|100|1|3|1|0|0|0|1|0|0|2|1|197|76|18|100|2024|4|25|15|38|45|4|N
5|5|1843|C|1|0|U|695|35|11|21|E0505|107|0|73|0|32|124|101|25|0|3|0|2|0|4|0|0|4|2|370|78|185|101|2024|4|25|15|40|29|4|N
5|5|1845|B|1|0|U|682|35|11|21|E0505|106|84|131|13|12|18|124|1|0|0|0|0|0|3|0|0|5|3|394|228|34|124|2024|4|25|15|48|40|4|N
5|5|1846|C|1|0|U|719|35|11|21|E0505|110|0|0|0|0|0|0|0|0|0|0|0|0|0|0|0|0|0|0|0|0|0|2024|4|25|16|1|26|4|N
5|6|1353|B|1|0|U|607|35|11|22|E0506|115|0|0|0|0|0|0|0|0|0|0|0|0|0|0|0|0|0|0|0|0|0|2024|4|25|16|11|9|4|N
5|6|1364|C|1|0|U|473|35|10|22|E0506|7|0|67|16|95|92|40|8|0|0|0|0|8|6|0|0|2|10|344|83|209|40|2024|4|25|15|35|54|4|N
5|6|1365|C|5|0|U|743|35|10|22|E0506|3|0|0|0|0|0|0|0|0|0|0|0|0|0|0|0|0|0|0|0|0|0|2024|4|25|16|2|26|4|N
5|6|1383|B|1|0|U|677|35|10|22|E0506|87|1|26|0|20|28|49|31|0|0|0|218|0|0|0|0|5|4|382|245|79|49|2024|4|25|15|4|4|4|N
5|6|1386|C|1|0|U|618|35|10|22|E0506|84|0|0|0|0|0|0|0|0|0|0|0|0|0|0|0|0|0|0|0|0|0|2024|4|25|16|11|45|4|N
5|6|1393|C|1|0|U|634|35|9|22|E0506|58|0|0|0|0|0|0|0|0|0|0|0|0|0|0|0|0|0|0|0|0|0||||||||
5|6|1401|B|1|0|U|434|35|9|22|E0506|59|0|0|0|0|0|0|0|0|0|0|0|0|0|0|0|0|0|0|0|0|0||||||||
5|6|1429|B|1|0|U|675|35|9|22|E0506|53|0|0|0|0|0|0|0|0|0|0|0|0|0|0|0|0|0|0|0|0|0|2024|4|25|16|6|44|4|N
5|6|1432|C|1|0|U|602|35|9|22|E0506|50|0|0|0|0|0|0|0|0|0|0|0|0|0|0|0|0|0|0|0|0|0||||||||
5|6|1441|B|1|0|U|636|35|9|22|E0506|47|18|166|2|1|0|127|19|0|20|0|0|0|7|0|0|1|7|368|206|27|127|2024|4|25|15|8|36|4|N
5|6|1735|C|4|0|U|664|35|11|22|E0506|20|0|0|0|0|0|0|0|0|0|0|0|0|0|0|0|0|0|0|0|0|0||||||||
5|6|1736|C|4|0|U|644|35|11|22|E0506|15|0|0|0|0|0|0|0|0|0|0|0|0|0|0|0|0|0|0|0|0|0|2024|4|25|15|56|6|4|N
5|6|1740|C|4|0|U|711|35|11|22|E0506|22|0|0|0|0|0|0|0|0|0|0|0|0|0|0|0|0|0|0|0|0|0||||||||
5|6|1743|B|1|0|R|676|35|11|22|E0506|26|0|0|0|0|0|0|0|0|0|0|0|0|0|0|0|0|0|0|0|0|0||||||||
5|6|1745|C|2|0|U|706|35|11|22|E0506|28|0|0|0|0|0|0|0|0|0|0|0|0|0|0|0|0|0|0|0|0|0|2024|4|25|16|13|37|1|N
5|6|1751|C|1|0|M|668|35|10|22|E0506|33|0|0|0|0|0|0|0|0|0|0|0|0|0|0|0|0|0|0|0|0|0||||||||
5|6|1751|C|3|0|M|667|35|10|22|E0506|33|0|0|0|0|0|0|0|0|0|0|0|0|0|0|0|0|0|0|0|0|0||||||||
5|6|1794|C|1|0|U|625|35|11|22|E0506|12|0|0|0|0|0|0|0|0|0|0|0|0|0|0|0|0|0|0|0|0|0|2024|4|25|16|10|27|1|N
5|6|1796|C|2|0|U|626|35|11|22|E0506|8|0|0|0|0|0|0|0|0|0|0|0|0|0|0|0|0|0|0|0|0|0|2024|4|25|16|2|54|4|N
5|6|1802|C|2|0|U|697|35|10|22|E0506|105|0|39|67|3|38|247|41|1|0|0|0|0|0|0|0|0|1|437|107|82|247|2024|4|25|15|19|17|4|N
5|7|745|C|4|0|U|670|30|15|23|E0507|6|0|0|0|0|0|0|0|0|0|0|0|0|0|0|0|0|0|0|0|0|0|2024|4|25|16|14|18|4|N
5|7|768|C|2|0|U|601|30|13|23|E0507|21|0|73|37|39|35|26|15|31|0|9|6|0|0|0|0|5|2|278|156|89|26|2024|4|25|15|46|16|4|N
5|7|768|C|4|0|U|600|30|13|23|E0507|21|52|61|8|103|50|31|15|0|3|0|0|0|4|0|0|0|7|334|124|172|31|2024|4|25|15|49|1|4|N
5|7|788|C|1|0|U|643|30|13|23|E0507|26|72|34|7|42|37|88|35|0|0|0|0|0|0|0|0|5|1|321|113|114|88|2024|4|25|14|16|13|4|N
5|7|816|C|5|0|U|707|30|13|23|E0507|31|0|0|0|0|0|0|0|0|0|0|0|0|0|0|0|0|0|0|0|0|0||||||||
5|7|852|C|1|0|U|674|30|13|23|E0507|50|250|13|5|10|21|154|0|0|0|0|0|0|0|0|0|5|11|469|268|31|154|2024|4|25|15|21|23|4|N
5|7|883|C|2|0|U|591|30|13|23|E0507|54|0|49|5|4|49|190|3|0|16|19|55|0|3|0|0|5|11|409|144|59|190|2024|4|25|15|28|37|4|N
5|7|890|C|1|0|U|549|30|13|23|E0507|56|12|94|0|42|33|6|15|11|45|0|24|0|15|0|0|2|4|303|186|105|6|2024|4|25|14|9|38|4|N
5|7|931|B|1|0|U|520|30|16|23|E0507|74|0|0|0|0|0|0|0|0|0|0|0|0|0|0|0|0|0|0|0|0|0|2024|4|25|15|53|4|4|N
5|7|959|B|1|0|U|569|30|16|23|E0507|77|0|0|0|0|0|0|0|0|0|0|0|0|0|0|0|0|0|0|0|0|0||||||||
5|7|965|C|1|0|U|725|30|16|23|E0507|70|1|76|0|30|29|60|63|0|0|34|0|0|0|0|0|5|0|298|111|122|60|2024|4|25|15|51|57|4|N
5|7|967|B|1|0|U|705|30|16|23|E0507|61|0|0|0|0|0|0|0|0|0|0|0|0|0|0|0|0|0|0|0|0|0|2024|4|25|16|1|18|4|N
5|7|976|B|1|0|U|693|30|16|23|E0507|95|0|0|0|0|0|0|0|0|0|0|0|0|0|0|0|0|0|0|0|0|0|2024|4|25|16|4|33|4|N
5|7|985|C|2|0|U|674|30|16|23|E0507|85|0|0|0|0|0|0|0|0|0|0|0|0|0|0|0|0|0|0|0|0|0|2024|4|25|15|55|12|4|N
5|7|987|C|4|0|U|695|30|16|23|E0507|64|14|30|1|7|89|213|4|0|0|0|3|0|0|0|0|1|5|367|48|100|213|2024|4|25|14|17|40|4|N
5|7|994|C|5|0|U|727|30|16|23|E0507|101|0|35|0|135|26|47|82|0|0|6|0|0|5|0|0|0|5|341|41|248|47|2024|4|25|14|17|41|4|N
5|7|1001|B|1|0|R|481|30|15|23|E0507|136|0|0|0|0|0|0|0|0|0|0|0|0|0|0|0|0|0|0|0|0|0||||||||
5|7|1005|C|3|0|M|694|30|15|23|E0507|125|0|0|0|0|0|0|0|0|0|0|0|0|0|0|0|0|0|0|0|0|0|2024|4|25|15|56|52|4|N
5|7|1647|B|1|0|U|399|30|16|23|E0507|94|5|154|0|3|29|47|15|0|0|0|0|0|4|0|0|1|5|263|159|51|47|2024|4|25|15|51|19|4|N
5|7|1649|B|1|0|U|633|30|16|23|E0507|93|0|0|0|0|0|0|0|0|0|0|0|0|0|0|0|0|0|0|0|0|0|2024|4|25|15|54|20|4|N
5|7|1659|B|1|0|U|690|30|16|23|E0507|109|0|107|130|15|41|22|27|0|32|0|0|0|0|0|0|5|12|391|269|83|22|2024|4|25|15|50|4|4|N
5|7|1847|B|1|0|U|669|30|15|23|E0507|119|29|42|11|23|1|93|9|28|0|1|20|0|3|0|0|2|5|267|131|36|93|2024|4|25|14|16|55|4|N
5|7|1849|B|1|0|U|575|30|15|23|E0507|123|0|0|0|0|0|0|0|0|0|0|0|0|0|0|0|0|0|0|0|0|0|2024|4|25|16|0|23|4|N
5|7|1851|C|1|0|U|732|30|15|23|E0507|121|2|27|2|68|33|157|74|0|0|0|0|0|0|0|0|0|4|367|31|175|157|2024|4|25|15|28|59|4|N
5|8|257|C|1|0|U|528|17|7|24|E0508|38|0|0|0|0|0|0|0|0|0|0|0|0|0|0|0|0|0|0|0|0|0||||||||
5|8|269|B|1|0|U|647|17|7|24|E0508|50|0|0|0|0|0|0|0|0|0|0|0|0|0|0|0|0|0|0|0|0|0||||||||
5|8|272|C|2|0|U|604|17|7|24|E0508|43|0|6|0|10|1|20|56|32|0|0|0|0|0|0|0|5|2|132|38|67|20|2024|4|25|14|16|25|4|N
5|8|274|C|2|0|M|679|17|7|24|E0508|40|0|0|0|0|0|0|0|0|0|0|0|0|0|0|0|0|0|0|0|0|0||||||||
5|8|297|C|1|0|M|616|17|7|24|E0508|34|0|0|0|0|0|0|0|0|0|0|0|0|0|0|0|0|0|0|0|0|0||||||||
5|8|542|C|3|0|U|633|24|12|24|E0508|57|0|71|4|106|84|110|4|3|1|0|2|0|0|0|0|4|12|401|81|194|110|2024|4|25|15|9|12|4|N
5|8|542|C|5|0|U|633|24|12|24|E0508|57|0|0|0|0|0|0|0|0|0|0|0|0|0|0|0|0|0|0|0|0|0||||||||
5|8|543|C|3|0|U|603|24|12|24|E0508|61|39|68|0|64|10|66|43|0|0|0|1|0|0|0|0|3|0|294|108|117|66|2024|4|25|15|34|29|1|N
5|8|550|B|1|0|U|599|24|12|24|E0508|69|0|0|0|0|0|0|0|0|0|0|0|0|0|0|0|0|0|0|0|0|0||||||||
5|8|552|B|1|0|U|517|24|12|24|E0508|64|1|20|0|10|79|174|19|8|4|0|2|0|0|1|7|5|1|331|35|116|174|2024|4|25|15|31|8|4|N
5|8|568|B|1|0|R|299|24|12|24|E0508|55|12|39|0|6|19|23|0|5|0|0|2|0|4|0|0|1|2|113|58|29|23|2024|4|25|10|33|32|4|N
5|8|662|B|1|0|U|527|27|12|24|E0508|82|0|0|0|0|0|0|0|0|0|0|0|0|0|0|0|0|0|0|0|0|0||||||||
5|8|669|B|1|0|R|478|27|12|24|E0508|73|0|0|0|0|0|0|0|0|0|0|0|0|0|0|0|0|0|0|0|0|0||||||||
5|8|1473|B|1|0|R|541|35|7|24|E0508|114|5|48|44|10|21|27|9|1|0|0|32|0|0|0|11|3|3|214|130|51|27|2024|4|25|15|42|21|1|N
5|8|1492|B|1|0|R|590|36|7|24|E0508|110|0|0|0|0|0|0|0|0|0|0|0|0|0|0|0|0|0|0|0|0|0||||||||
5|8|1719|C|2|0|U|676|27|12|24|E0508|92|2|7|0|82|30|67|51|26|0|0|0|0|0|0|0|0|2|267|35|163|67|2024|4|25|10|42|0|4|N
5|8|1721|C|2|0|U|650|27|12|24|E0508|94|0|11|17|59|42|51|15|0|0|0|0|0|2|0|1|5|11|214|28|119|51|2024|4|25|10|29|3|4|N
5|8|1818|C|2|0|U|632|27|12|24|E0508|104|0|0|0|0|0|0|0|0|0|0|0|0|0|0|0|0|0|0|0|0|0|2024|4|25|15|58|49|1|N
5|8|1819|B|1|0|U|629|27|12|24|E0508|104|0|0|0|0|0|0|0|0|0|0|0|0|0|0|0|0|0|0|0|0|0||||||||
5|8|1822|C|1|0|M|548|27|12|24|E0508|102|0|0|0|0|0|0|0|0|0|0|0|0|0|0|0|0|0|0|0|0|0||||||||
6|1|3|C|1|0|U|501|1|2|25|E0601|23|0|15|0|19|12|89|113|0|0|0|0|40|0|0|0|3|8|299|15|184|89|2024|4|25|15|50|48|1|N
6|1|9|C|1|0|U|421|1|2|25|E0601|24|29|17|15|0|13|65|119|0|0|0|0|23|0|16|9|3|9|318|61|180|65|2024|4|25|15|41|29|4|N
6|1|21|B|1|0|U|527|1|1|25|E0601|35|0|0|0|0|0|0|0|0|0|0|0|0|0|0|0|0|0|0|0|0|0|2024|4|25|16|1|15|1|N
6|1|23|B|1|0|U|733|1|3|25|E0601|46|0|0|0|0|0|0|0|0|0|0|0|0|0|0|0|0|0|0|0|0|0|2024|4|25|16|9|19|1|N
6|1|23|C|3|0|U|732|1|3|25|E0601|46|0|0|0|0|0|0|0|0|0|0|0|0|0|0|0|0|0|0|0|0|0|2024|4|25|16|14|7|1|N
6|1|30|B|1|0|U|430|1|2|25|E0601|25|0|15|1|0|159|55|97|0|0|0|0|4|0|0|0|5|0|336|16|260|55|2024|4|25|15|50|49|1|N
6|1|35|B|1|0|U|620|1|1|25|E0601|33|0|0|0|0|0|0|0|0|0|0|0|0|0|0|0|0|0|0|0|0|0||||||||
6|1|60|E|1|5|U|694|1|1|25|E0601|60|14|30|0|0|0|122|194|0|0|0|47|0|0|10|20|2|9|448|91|224|122|2024|4|25|14|15|8|4|N
6|1|69|C|3|0|U|653|1|1|25|E0601|53|0|0|0|0|0|0|0|0|0|0|0|0|0|0|0|0|0|0|0|0|0||||||||
6|1|75|C|2|0|U|558|1|3|25|E0601|11|85|10|0|1|25|201|72|0|0|0|3|6|1|0|0|0|1|405|98|105|201|2024|4|25|15|41|20|1|N
6|1|79|C|2|0|M|614|1|6|25|E0601|45|0|0|0|0|0|0|0|0|0|0|0|0|0|0|0|0|0|0|0|0|0|2024|4|25|16|8|16|1|N
6|1|107|C|1|0|U|531|3|5|25|E0601|77|3|24|4|1|9|100|117|0|0|0|1|2|0|0|47|0|2|310|32|176|100|2024|4|25|15|25|9|4|N
6|1|117|C|1|0|M|426|3|5|25|E0601|71|0|0|0|0|0|0|0|0|0|0|0|0|0|0|0|0|0|0|0|0|0||||||||
6|1|118|B|1|0|R|715|3|5|25|E0601|71|0|0|0|0|0|0|0|0|0|0|0|0|0|0|0|0|0|0|0|0|0||||||||
6|1|121|C|1|0|M|639|4|6|25|E0601|88|0|0|0|0|0|0|0|0|0|0|0|0|0|0|0|0|0|0|0|0|0||||||||
6|1|135|B|1|0|M|535|4|6|25|E0601|85|0|0|0|0|0|0|0|0|0|0|0|0|0|0|0|0|0|0|0|0|0||||||||
6|1|146|C|1|0|M|609|5|5|25|E0601|95|0|0|0|0|0|0|0|0|0|0|0|0|0|0|0|0|0|0|0|0|0||||||||
6|1|147|C|2|0|U|682|5|7|25|E0601|117|0|0|0|0|0|0|0|0|0|0|0|0|0|0|0|0|0|0|0|0|0|2024|4|25|15|53|0|4|N
6|1|156|B|1|0|U|443|5|7|25|E0601|116|0|0|0|0|0|0|0|0|0|0|0|0|0|0|0|0|0|0|0|0|0||||||||
6|1|159|C|1|0|U|672|5|7|25|E0601|118|7|30|1|60|22|109|248|0|0|0|0|0|15|1|5|4|4|506|38|351|109|2024|4|25|14|17|23|4|N
6|1|344|C|1|0|U|429|5|8|25|E0601|100|7|0|4|2|0|63|70|0|0|0|3|0|0|12|68|5|8|242|14|152|63|2024|4|25|15|16|26|4|N
6|1|361|C|1|0|U|536|5|8|25|E0601|112|0|0|0|0|0|0|0|0|0|0|0|0|0|0|0|0|0|0|0|0|0||||||||
6|1|388|B|1|0|U|669|5|4|25|E0601|136|0|0|0|0|0|0|0|0|0|0|0|0|0|0|0|0|0|0|0|0|0||||||||
6|1|389|C|1|0|U|665|5|4|25|E0601|137|33|0|2|40|5|122|149|0|0|0|0|1|0|0|0|5|1|358|35|195|122|2024|4|25|15|45|35|4|N
6|1|399|C|2|0|M|613|1|3|25|E0601|41|0|0|0|0|0|0|0|0|0|0|0|0|0|0|0|0|0|0|0|0|0|2024|4|25|16|7|14|1|N
6|2|205|B|1|0|U|428|8|13|26|E0602|58|4|65|0|4|6|58|29|0|0|0|0|4|23|5|5|3|9|215|69|76|58|2024|4|25|14|9|54|4|N
6|2|207|B|1|0|U|457|8|13|26|E0602|62|11|16|32|5|15|136|86|0|0|0|3|1|3|4|2|2|5|321|62|116|136|2024|4|25|15|37|31|4|N
6|2|211|C|1|0|U|645|8|13|26|E0602|58|14|26|0|12|10|176|39|0|0|0|0|1|0|4|1|1|2|286|40|67|176|2024|4|25|14|12|30|4|N
6|2|215|B|1|0|U|567|8|13|26|E0602|66|12|16|33|0|38|15|55|0|0|0|6|1|51|0|30|5|5|267|67|175|15|2024|4|25|14|3|47|4|N
6|2|236|B|1|0|M|684|8|14|26|E0602|25|0|0|0|0|0|0|0|0|0|0|0|0|0|0|0|0|0|0|0|0|0|2024|4|25|16|13|54|1|N
6|2|247|S|1|0|U|0|8|12|26|E0602|36|0|0|0|0|0|0|0|0|0|0|0|0|0|0|0|0|0|0|0|0|0||||||||
6|2|255|B|1|0|U|375|8|12|26|E0602|53|0|0|0|0|0|0|0|0|0|0|0|0|0|0|0|0|0|0|0|0|0||||||||
6|2|257|B|1|0|U|553|8|13|26|E0602|54|0|0|0|0|0|0|0|0|0|0|0|0|0|0|0|0|0|0|0|0|0|2024|4|25|15|58|3|1|N
6|2|263|B|1|0|U|652|8|9|26|E0602|69|0|0|0|0|0|0|0|0|0|0|0|0|0|0|0|0|0|0|0|0|0||||||||
6|2|277|C|4|0|M|663|10|10|26|E0602|89|14|6|0|0|9|81|280|0|0|0|1|0|2|0|17|4|11|425|21|308|81|2024|4|25|15|33|1|1|N
6|2|285|B|1|0|U|688|10|10|26|E0602|97|0|0|0|0|0|0|0|0|0|0|0|0|0|0|0|0|0|0|0|0|0||||||||
6|2|299|C|1|0|U|477|10|10|26|E0602|98|12|61|0|7|2|60|184|0|0|0|2|0|1|0|11|4|4|348|75|205|60|2024|4|25|15|21|22|4|N
6|2|303|B|1|0|U|443|10|15|26|E0602|108|49|22|0|0|26|52|148|0|0|0|3|74|0|2|4|3|1|384|74|254|52|2024|4|25|14|9|43|4|N
6|2|307|B|1|0|M|413|10|15|26|E0602|114|0|0|0|0|0|0|0|0|0|0|0|0|0|0|0|0|0|0|0|0|0||||||||
6|2|308|B|1|0|U|564|10|15|26|E0602|108|16|35|6|34|8|65|111|0|0|0|2|4|9|0|64|1|1|356|59|230|65|2024|4|25|15|21|19|4|N
6|2|321|C|1|0|R|740|10|16|26|E0602|86|24|2|92|0|9|115|106|0|0|0|46|4|35|1|7|1|7|449|164|162|115|2024|4|25|15|20|32|4|N
6|2|335|C|2|0|U|656|10|16|26|E0602|118|35|2|3|3|7|54|275|0|0|0|12|10|0|23|0|4|12|440|52|318|54|2024|4|25|14|15|44|4|N
6|2|336|C|1|0|M|553|10|16|26|E0602|119|0|96|23|0|0|54|85|0|0|0|34|2|2|0|61|0|1|358|153|150|54|2024|4|25|14|4|2|4|N
6|2|380|C|1|0|U|711|8|11|26|E0602|37|4|33|7|0|23|80|33|0|0|0|0|0|2|0|1|0|6|189|44|59|80|2024|4|25|14|7|55|4|N
6|2|381|C|1|0|U|708|8|11|26|E0602|38|0|0|0|0|0|0|0|0|0|0|0|0|0|0|0|0|0|0|0|0|0||||||||
6|2|396|B|1|0|U|679|8|11|26|E0602|33|0|0|0|0|0|0|0|0|0|0|0|0|0|0|0|0|0|0|0|0|0||||||||
7|1|186|E|1|0|M|312|16|9|27|E0701|16|5|0|45|21|44|79|31|0|0|0|9|0|0|0|0|3|8|245|59|96|79|2024|4|25|15|25|56|4|N
7|1|194|B|1|0|R|509|16|9|27|E0701|4|0|0|0|0|0|0|0|0|0|0|0|0|0|0|0|0|0|0|0|0|0||||||||
7|1|956|B|1|0|R|548|65|9|27|E0701|11|0|0|0|0|0|0|0|0|0|0|0|0|0|0|0|0|0|0|0|0|0||||||||
7|1|972|B|1|0|R|703|65|9|27|E0701|49|9|42|16|2|62|177|92|2|89|0|13|69|0|0|0|3|6|582|171|225|177|2024|4|25|15|15|45|4|N
7|1|1082|C|1|0|U|728|75|4|27|E0701|83|0|0|0|0|0|0|0|0|0|0|0|0|0|0|0|0|0|0|0|0|0||||||||
7|1|1084|E|1|1|R|389|75|4|27|E0701|85|0|0|0|0|0|0|0|0|0|0|0|0|0|0|0|0|0|0|0|0|0||||||||
7|1|1088|C|3|0|R|657|75|4|27|E0701|89|0|0|0|0|0|0|0|0|0|0|0|0|0|0|0|0|0|0|0|0|0||||||||
7|1|1095|C|1|0|R|419|76|9|27|E0701|17|2|14|31|34|22|243|5|7|4|0|0|0|0|4|0|5|4|375|58|65|243|2024|4|25|15|43|23|4|N
7|1|1097|B|1|0|R|501|76|9|27|E0701|56|0|0|0|0|0|0|0|0|0|0|0|0|0|0|0|0|0|0|0|0|0||||||||
7|1|1102|B|1|0|R|593|76|9|27|E0701|67|28|78|6|0|42|125|9|0|18|0|4|0|30|0|0|3|12|355|134|81|125|2024|4|25|15|42|14|4|N
7|1|1107|E|1|0|R|388|76|9|27|E0701|40|0|0|0|0|0|0|0|0|0|0|0|0|0|0|0|0|0|0|0|0|0||||||||
7|1|1109|C|1|0|R|597|76|9|27|E0701|72|4|0|37|2|7|121|19|7|122|0|21|0|0|0|0|0|0|340|191|28|121|2024|4|25|11|6|36|4|N
7|1|1467|E|4|0|R|341|96|4|27|E0701|96|0|0|0|0|0|0|0|0|0|0|0|0|0|0|0|0|0|0|0|0|0||||||||
7|1|1472|C|1|0|R|684|96|4|27|E0701|96|0|0|0|0|0|0|0|0|0|0|0|0|0|0|0|0|0|0|0|0|0||||||||
7|1|1482|E|1|0|R|566|96|4|27|E0701|114|0|0|0|0|0|0|0|0|0|0|0|0|0|0|0|0|0|0|0|0|0||||||||
7|1|1484|B|1|0|U|671|96|4|27|E0701|109|0|0|0|0|0|0|0|0|0|0|0|0|0|0|0|0|0|0|0|0|0|2024|4|25|16|8|27|4|N
7|1|1484|C|4|0|U|670|96|4|27|E0701|109|19|2|68|33|7|224|17|0|5|0|0|0|0|0|37|0|8|420|94|94|224|2024|4|25|15|42|54|4|N
7|1|1571|B|1|0|R|695|100|4|27|E0701|74|0|0|0|0|0|0|0|0|0|0|0|0|0|0|0|0|0|0|0|0|0|2024|4|25|15|57|39|4|N
7|1|1571|C|2|0|R|694|100|4|27|E0701|74|0|0|0|0|0|0|0|0|0|0|0|0|0|0|0|0|0|0|0|0|0|2024|4|25|16|0|26|4|N
7|1|1572|C|2|0|R|641|100|4|27|E0701|79|0|0|0|0|0|0|0|0|0|0|0|0|0|0|0|0|0|0|0|0|0|2024|4|25|16|6|44|4|N
7|1|1903|C|2|0|U|711|110|4|27|E0701|120|0|0|0|0|0|0|0|0|0|0|0|0|0|0|0|0|0|0|0|0|0||||||||
7|1|2051|B|1|0|R|435|65|9|27|E0701|30|6|24|9|0|47|156|51|3|0|0|0|0|0|0|0|1|10|307|42|98|156|2024|4|25|15|1|27|4|N
7|2|153|C|1|0|R|620|13|11|28|E0702|13|0|0|0|0|0|0|0|0|0|0|0|0|0|0|0|0|0|0|0|0|0||||||||
7|2|158|C|1|0|R|486|14|8|28|E0702|19|0|0|0|0|0|0|0|0|0|0|0|0|0|0|0|0|0|0|0|0|0||||||||
7|2|384|C|2|0|U|636|26|8|28|E0702|38|0|0|0|0|0|0|0|0|0|0|0|0|0|0|0|0|0|0|0|0|0||||||||
7|2|384|C|3|0|U|636|26|8|28|E0702|38|0|0|0|0|0|0|0|0|0|0|0|0|0|0|0|0|0|0|0|0|0||||||||
7|2|394|E|1|0|R|699|26|8|28|E0702|48|0|0|0|0|0|0|0|0|0|0|0|0|0|0|0|0|0|0|0|0|0||||||||
7|2|396|B|1|0|R|530|26|8|28|E0702|39|0|0|0|0|0|0|0|0|0|0|0|0|0|0|0|0|0|0|0|0|0||||||||
7|2|556|C|2|0|U|630|38|8|28|E0702|85|56|13|43|0|6|310|6|42|32|0|5|0|7|0|8|4|0|532|191|27|310|2024|4|25|14|6|32|4|N
7|2|628|C|4|0|U|646|44|3|28|E0702|119|0|0|0|0|0|0|0|0|0|0|0|0|0|0|0|0|0|0|0|0|0||||||||
7|2|683|E|2|0|R|713|49|8|28|E0702|10|1|3|1|51|63|181|4|0|161|0|0|0|0|0|4|1|7|477|166|122|181|2024|4|25|15|12|6|1|N
7|2|684|E|1|0|R|415|49|8|28|E0702|10|5|1|14|129|9|42|65|0|7|0|0|0|0|0|4|4|9|289|27|207|42|2024|4|25|15|15|33|1|N
7|2|786|B|1|0|R|562|56|22|28|E0702|43|0|0|0|0|0|0|0|0|0|0|0|0|0|0|0|0|0|0|0|0|0||||||||
7|2|979|C|1|0|M|615|66|4|28|E0702|61|0|0|0|0|0|0|0|0|0|0|0|0|0|0|0|0|0|0|0|0|0||||||||
7|2|981|B|1|0|R|534|66|4|28|E0702|64|0|0|0|0|0|0|0|0|0|0|0|0|0|0|0|0|0|0|0|0|0||||||||
7|2|984|B|1|0|R|604|66|4|28|E0702|59|32|29|4|17|0|214|90|0|6|0|70|0|0|0|19|2|4|487|141|126|214|2024|4|25|15|8|31|1|N
7|2|984|E|1|1|R|437|66|4|28|E0702|60|50|16|21|10|5|43|23|43|12|0|0|0|5|0|0|1|7|236|142|43|43|2024|4|25|15|22|56|1|N
7|2|1039|C|3|0|U|604|71|11|28|E0702|101|0|0|0|0|0|0|0|0|0|0|0|0|0|0|0|0|0|0|0|0|0|2024|4|25|16|11|15|1|N
7|2|1210|B|1|0|R|450|82|8|28|E0702|81|0|0|0|0|0|0|0|0|0|0|0|0|0|0|0|0|0|0|0|0|0|2024|4|25|15|53|2|1|N
7|2|1216|B|1|0|R|516|82|8|28|E0702|71|0|0|0|0|0|0|0|0|0|0|0|0|0|0|0|0|0|0|0|0|0||||||||
7|2|1236|C|1|0|M|678|86|11|28|E0702|111|0|0|0|0|0|0|0|0|0|0|0|0|0|0|0|0|0|0|0|0|0|2024|4|25|16|6|2|1|N
7|2|1239|B|1|0|R|689|86|11|28|E0702|114|0|0|0|0|0|0|0|0|0|0|0|0|0|0|0|0|0|0|0|0|0||||||||
7|2|2054|C|1|0|R|591|14|8|28|E0702|16|0|0|0|0|0|0|0|0|0|0|0|0|0|0|0|0|0|0|0|0|0||||||||
7|3|474|B|1|0|R|480|31|24|29|E0703|22|0|0|0|0|0|0|0|0|0|0|0|0|0|0|0|0|0|0|0|0|0||||||||
7|3|817|C|1|0|U|587|59|7|29|E0703|46|45|6|3|10|32|115|20|0|5|0|0|116|22|0|3|4|3|384|59|203|115|2024|4|25|14|8|15|1|N
7|3|818|C|2|0|U|742|59|7|29|E0703|47|0|0|0|0|0|0|0|0|0|0|0|0|0|0|0|0|0|0|0|0|0||||||||
7|3|820|E|1|3|U|718|59|7|29|E0703|52|0|0|0|0|0|0|0|0|0|0|0|0|0|0|0|0|0|0|0|0|0||||||||
7|3|832|E|3|0|R|434|59|7|29|E0703|113|0|0|0|0|0|0|0|0|0|0|0|0|0|0|0|0|0|0|0|0|0||||||||
7|3|834|B|1|0|R|486|59|7|29|E0703|110|0|0|0|0|0|0|0|0|0|0|0|0|0|0|0|0|0|0|0|0|0|2024|4|25|16|7|19|4|N
7|3|845|C|1|0|R|604|59|7|29|E0703|107|10|1|162|11|0|32|97|0|21|0|0|9|2|0|0|1|3|349|194|119|32|2024|4|25|15|35|26|4|N
7|3|853|C|1|0|U|666|59|7|29|E0703|95|0|0|0|0|0|0|0|0|0|0|0|0|0|0|0|0|0|0|0|0|0||||||||
7|3|865|B|1|0|M|627|59|7|29|E0703|94|1|12|0|11|15|257|83|26|23|0|0|0|8|0|0|5|7|448|62|117|257|2024|4|25|15|45|9|4|N
7|3|865|C|1|0|M|627|59|7|29|E0703|94|3|38|8|2|2|308|21|0|0|0|2|0|0|0|15|2|3|404|51|40|308|2024|4|25|15|48|45|4|N
7|3|869|C|1|0|M|683|113|7|29|E0703|122|0|0|0|0|0|0|0|0|0|0|0|0|0|0|0|0|0|0|0|0|0||||||||
7|3|877|B|1|0|R|428|115|7|29|E0703|129|0|0|0|0|0|0|0|0|0|0|0|0|0|0|0|0|0|0|0|0|0|2024|4|25|16|14|28|4|N
7|3|878|C|1|0|R|642|113|7|29|E0703|124|0|0|0|0|0|0|0|0|0|0|0|0|0|0|0|0|0|0|0|0|0||||||||
7|3|880|E|3|0|R|444|115|7|29|E0703|131|1|6|11|8|1|140|57|14|3|0|2|8|0|0|23|2|6|282|37|97|140|2024|4|25|15|27|45|4|N
7|3|1223|E|2|0|R|216|83|24|29|E0703|118|0|4|20|0|5|77|3|0|8|0|0|0|0|0|4|4|3|128|32|12|77|2024|4|25|15|37|8|4|N
7|3|1224|E|2|0|R|399|83|24|29|E0703|115|0|0|0|0|0|0|0|0|0|0|0|0|0|0|0|0|0|0|0|0|0||||||||
7|3|2078|B|1|0|R|521|59|7|29|E0703|98|0|0|0|0|0|0|0|0|0|0|0|0|0|0|0|0|0|0|0|0|0||||||||
7|3|2179|C|2|0|U|695|59|7|29|E0703|43|0|0|0|0|0|0|0|0|0|0|0|0|0|0|0|0|0|0|0|0|0||||||||
7|3|2181|B|1|0|U|723|59|7|29|E0703|45|115|0|73|13|84|86|5|0|47|0|1|0|0|0|0|1|10|435|236|102|86|2024|4|25|14|17|30|1|N
7|3|2261|C|1|0|R|555|59|7|29|E0703|76|0|0|0|0|0|0|0|0|0|0|0|0|0|0|0|0|0|0|0|0|0||||||||
7|3|2265|B|1|0|R|512|59|7|29|E0703|82|0|0|0|0|0|0|0|0|0|0|0|0|0|0|0|0|0|0|0|0|0||||||||
7|3|2273|B|1|0|R|507|59|7|29|E0703|74|37|1|6|34|44|79|29|6|31|0|5|1|0|0|0|5|1|279|86|108|79|2024|4|25|14|15|56|4|N
7|3|2276|B|1|0|R|469|59|7|29|E0703|62|0|0|0|0|0|0|0|0|0|0|0|0|0|0|0|0|0|0|0|0|0||||||||
7|4|46|B|1|0|R|405|5|11|30|E0704|1|0|0|0|0|0|0|0|0|0|0|0|0|0|0|0|0|0|0|0|0|0||||||||
7|4|237|B|1|0|R|434|18|11|30|E0704|85|0|0|0|0|0|0|0|0|0|0|0|0|0|0|0|0|0|0|0|0|0||||||||
7|4|238|E|1|0|R|353|18|11|30|E0704|86|0|0|0|0|0|0|0|0|0|0|0|0|0|0|0|0|0|0|0|0|0||||||||
7|4|322|E|1|0|R|538|21|12|30|E0704|91|0|0|0|0|0|0|0|0|0|0|0|0|0|0|0|0|0|0|0|0|0||||||||
7|4|324|B|1|0|R|429|21|12|30|E0704|90|0|0|0|0|0|0|0|0|0|0|0|0|0|0|0|0|0|0|0|0|0||||||||
7|4|383|B|1|0|R|427|25|12|30|E0704|11|0|0|0|0|0|0|0|0|0|0|0|0|0|0|0|0|0|0|0|0|0||||||||
7|4|383|E|1|0|R|345|25|12|30|E0704|10|5|1|5|22|5|56|1|0|1|0|4|2|1|0|0|0|10|113|16|31|56|2024|4|25|15|28|39|4|N
7|4|503|C|1|0|R|579|33|12|30|E0704|96|0|0|0|0|0|0|0|0|0|0|0|0|0|0|0|0|0|0|0|0|0||||||||
7|4|620|C|2|0|R|537|42|11|30|E0704|14|0|0|0|0|0|0|0|0|0|0|0|0|0|0|0|0|0|0|0|0|0||||||||
7|4|621|C|1|0|U|614|43|12|30|E0704|17|2|0|79|34|46|99|2|0|48|0|7|0|0|6|87|2|11|423|136|175|99|2024|4|25|14|5|33|4|N
7|4|676|B|1|0|R|557|48|12|30|E0704|27|0|0|0|0|0|0|0|0|0|0|0|0|0|0|0|0|0|0|0|0|0||||||||
7|4|884|C|1|0|R|668|60|11|30|E0704|111|0|6|4|19|45|276|61|0|13|0|0|1|0|88|0|0|8|521|23|214|276|2024|4|25|15|17|22|4|N
7|4|989|E|1|0|R|606|67|11|30|E0704|38|0|0|0|0|0|0|0|0|0|0|0|0|0|0|0|0|0|0|0|0|0||||||||
7|4|998|E|1|0|R|201|68|12|30|E0704|52|0|0|0|0|0|0|0|0|0|0|0|0|0|0|0|0|0|0|0|0|0||||||||
7|4|1046|C|3|0|M|568|120|11|30|E0704|70|0|0|0|0|0|0|0|0|0|0|0|0|0|0|0|0|0|0|0|0|0||||||||
7|4|1406|C|1|0|M|569|92|11|30|E0704|77|0|0|0|0|0|0|0|0|0|0|0|0|0|0|0|0|0|0|0|0|0||||||||
7|4|1416|E|1|0|R|434|93|12|30|E0704|126|0|0|0|0|0|0|0|0|0|0|0|0|0|0|0|0|0|0|0|0|0||||||||
7|4|1421|B|1|0|R|547|123|12|30|E0704|101|0|0|0|0|0|0|0|0|0|0|0|0|0|0|0|0|0|0|0|0|0||||||||
7|4|1426|B|1|0|R|501|93|12|30|E0704|132|0|0|0|0|0|0|0|0|0|0|0|0|0|0|0|0|0|0|0|0|0||||||||
7|4|1429|B|1|0|M|611|123|12|30|E0704|100|0|0|0|0|0|0|0|0|0|0|0|0|0|0|0|0|0|0|0|0|0||||||||
7|4|1431|B|1|0|U|537|123|12|30|E0704|108|0|0|0|0|0|0|0|0|0|0|0|0|0|0|0|0|0|0|0|0|0||||||||
7|4|1434|E|1|0|R|335|123|12|30|E0704|106|0|0|0|0|0|0|0|0|0|0|0|0|0|0|0|0|0|0|0|0|0||||||||
7|4|2086|C|2|0|U|554|73|12|30|E0704|62|0|0|0|0|0|0|0|0|0|0|0|0|0|0|0|0|0|0|0|0|0|2024|4|25|16|8|1|4|N
7|5|342|E|1|0|R|493|23|22|31|E0705|19|37|17|18|12|13|125|79|0|5|0|20|0|1|3|0|2|12|344|97|108|125|2024|4|25|15|5|57|4|N
7|5|345|B|1|0|R|673|23|22|31|E0705|15|0|0|0|0|0|0|0|0|0|0|0|0|0|0|0|0|0|0|0|0|0||||||||
7|5|347|E|1|0|R|438|23|22|31|E0705|17|0|11|11|46|2|192|36|0|5|0|0|0|0|0|0|1|8|312|27|84|192|2024|4|25|9|56|0|4|N
7|5|348|B|1|0|R|528|23|22|31|E0705|18|0|0|0|0|0|0|0|0|0|0|0|0|0|0|0|0|0|0|0|0|0||||||||
7|5|366|B|1|0|R|653|23|22|31|E0705|35|5|6|6|5|10|103|43|2|0|0|0|2|0|6|2|4|2|196|19|68|103|2024|4|25|15|19|12|4|N
7|5|1121|B|1|0|U|683|77|5|31|E0705|48|13|0|63|7|68|300|57|0|37|0|0|1|0|0|1|3|12|562|113|134|300|2024|4|25|10|27|46|4|N
7|5|1123|B|1|0|U|471|77|5|31|E0705|51|0|0|99|1|12|176|3|0|6|0|15|0|0|0|9|0|4|325|120|25|176|2024|4|25|15|35|13|4|N
7|5|1134|B|1|0|U|418|77|5|31|E0705|60|46|51|34|9|15|80|71|0|2|0|5|7|0|0|4|1|4|329|138|106|80|2024|4|25|15|33|44|4|N
7|5|1143|C|6|0|U|745|77|5|31|E0705|71|0|0|0|0|0|0|0|0|0|0|0|0|0|0|0|0|0|0|0|0|0||||||||
7|5|1145|B|1|0|U|625|77|5|31|E0705|68|4|6|27|6|70|162|49|0|38|0|3|0|0|0|21|2|9|397|78|146|162|2024|4|25|15|44|26|4|N
7|5|1149|B|1|0|U|713|77|5|31|E0705|75|0|0|0|0|0|0|0|0|0|0|0|0|0|0|0|0|0|0|0|0|0||||||||
7|5|1151|E|1|0|U|694|77|5|31|E0705|80|0|0|0|0|0|0|0|0|0|0|0|0|0|0|0|0|0|0|0|0|0||||||||
7|5|1159|C|1|0|R|421|77|5|31|E0705|87|0|0|0|0|0|0|0|0|0|0|0|0|0|0|0|0|0|0|0|0|0||||||||
7|5|1160|C|1|0|R|421|77|5|31|E0705|93|0|0|0|0|0|0|0|0|0|0|0|0|0|0|0|0|0|0|0|0|0|2024|4|25|16|5|23|1|N
7|5|1184|B|1|0|R|523|79|24|31|E0705|106|0|0|0|0|0|0|0|0|0|0|0|0|0|0|0|0|0|0|0|0|0||||||||
7|5|1443|C|1|0|R|614|94|22|31|E0705|116|0|0|0|0|0|0|0|0|0|0|0|0|0|0|0|0|0|0|0|0|0||||||||
7|5|1915|B|1|0|U|619|111|22|31|E0705|130|4|10|94|8|0|64|31|0|4|0|14|0|0|6|13|4|0|252|126|58|64|2024|4|25|15|21|40|4|N
7|5|1922|C|3|0|M|594|111|22|31|E0705|123|0|0|0|0|0|0|0|0|0|0|0|0|0|0|0|0|0|0|0|0|0||||||||
7|5|1925|B|1|0|R|731|111|22|31|E0705|127|0|0|0|0|0|0|0|0|0|0|0|0|0|0|0|0|0|0|0|0|0||||||||
7|5|2097|C|2|0|U|695|77|5|31|E0705|43|0|0|0|0|0|0|0|0|0|0|0|0|0|0|0|0|0|0|0|0|0||||||||
7|5|2102|C|1|0|R|423|79|24|31|E0705|99|0|0|0|0|0|0|0|0|0|0|0|0|0|0|0|0|0|0|0|0|0||||||||
7|5|2103|C|4|0|R|627|79|24|31|E0705|98|0|0|0|0|0|0|0|0|0|0|0|0|0|0|0|0|0|0|0|0|0|2024|4|25|16|13|54|1|N
7|5|2296|C|2|0|U|706|77|5|31|E0705|84|0|0|0|0|0|0|0|0|0|0|0|0|0|0|0|0|0|0|0|0|0|2024|4|25|16|0|43|4|N
7|5|2297|B|1|0|U|615|77|5|31|E0705|84|0|0|0|0|0|0|0|0|0|0|0|0|0|0|0|0|0|0|0|0|0|2024|4|25|16|4|52|4|N
7|6|18|B|1|0|R|344|2|3|32|E0706|6|0|0|0|1|0|3|5|0|0|0|0|0|0|0|0|0|0|9|0|6|3|2024|4|25|15|41|47|4|N
7|6|404|C|2|0|U|622|27|3|32|E0706|12|7|10|68|0|53|243|16|1|44|0|10|0|0|0|0|3|6|461|140|69|243|2024|4|25|11|46|21|4|N
7|6|404|E|1|3|U|741|27|3|32|E0706|13|34|48|7|11|38|136|47|0|137|0|6|0|0|0|0|2|12|478|232|96|136|2024|4|25|12|46|56|4|N
7|6|421|C|1|0|R|628|27|3|32|E0706|24|0|0|0|0|0|0|0|0|0|0|0|0|0|0|0|0|0|0|0|0|0|2024|4|25|15|59|13|4|N
7|6|425|E|1|0|R|273|27|3|32|E0706|33|0|2|39|0|2|72|3|0|0|0|0|0|1|0|0|5|2|126|41|6|72|2024|4|25|15|4|0|4|N
7|6|429|C|2|0|R|527|27|3|32|E0706|27|1|11|27|58|7|243|3|0|40|0|0|0|0|0|0|5|6|401|79|68|243|2024|4|25|13|57|5|4|N
7|6|1241|C|6|0|M|690|87|3|32|E0706|41|0|34|109|7|5|240|79|0|63|0|0|0|67|0|8|5|10|627|206|166|240|2024|4|25|14|9|22|1|N
7|6|1242|B|1|0|U|608|87|3|32|E0706|42|4|21|36|12|70|151|56|0|59|0|3|1|0|3|1|1|1|419|123|143|151|2024|4|25|14|4|57|1|N
7|6|1246|C|2|0|M|570|87|3|32|E0706|45|0|0|0|0|0|0|0|0|0|0|0|0|0|0|0|0|0|0|0|0|0||||||||
7|6|1656|B|1|0|U|594|102|1|32|E0706|84|0|0|0|0|0|0|0|0|0|0|0|0|0|0|0|0|0|0|0|0|0||||||||
7|6|1660|B|1|0|U|671|102|1|32|E0706|97|13|1|34|3|55|135|0|0|36|0|0|0|0|22|0|2|3|304|84|80|135|2024|4|25|15|28|31|1|N
7|6|1660|C|2|0|U|670|102|1|32|E0706|97|13|31|72|0|53|175|36|1|19|0|0|8|1|0|0|2|8|419|136|98|175|2024|4|25|13|34|50|4|N
7|6|1666|C|2|0|U|541|102|13|32|E0706|103|6|4|19|100|30|179|35|54|14|0|0|3|0|0|0|4|4|452|97|168|179|2024|4|25|14|13|47|4|N
7|6|1688|B|1|0|U|530|102|13|32|E0706|107|0|0|0|0|0|0|0|0|0|0|0|0|0|0|0|0|0|0|0|0|0||||||||
7|6|1716|B|1|0|U|559|102|13|32|E0706|109|0|0|0|0|0|0|0|0|0|0|0|0|0|0|0|0|0|0|0|0|0||||||||
7|6|1751|C|1|0|U|574|102|1|32|E0706|117|0|77|1|0|85|142|53|11|19|0|9|5|0|0|0|0|5|407|117|143|142|2024|4|25|15|47|6|4|N
7|6|1791|B|1|0|U|529|106|21|32|E0706|53|0|0|0|0|0|0|0|0|0|0|0|0|0|0|0|0|0|0|0|0|0||||||||
7|6|2027|B|1|0|U|627|102|1|32|E0706|119|0|0|0|0|0|0|0|0|0|0|0|0|0|0|0|0|0|0|0|0|0||||||||
7|6|2029|B|1|0|U|640|102|1|32|E0706|125|0|0|26|52|49|168|19|0|87|0|0|2|0|64|0|3|11|481|113|186|168|2024|4|25|15|32|22|4|N
7|6|2040|B|1|0|U|591|102|1|32|E0706|122|0|0|0|0|0|0|0|0|0|0|0|0|0|0|0|0|0|0|0|0|0|2024|4|25|15|59|0|4|N
7|6|2104|C|2|0|U|629|27|3|32|E0706|29|39|27|13|17|84|127|56|0|8|0|112|0|10|2|2|1|12|510|199|171|127|2024|4|25|15|52|36|4|N
7|6|2105|C|2|0|R|630|27|3|32|E0706|30|0|9|82|5|0|84|261|2|6|0|0|0|0|0|3|0|11|463|99|269|84|2024|4|25|13|49|47|4|N
7|6|2203|B|1|0|U|679|102|13|32|E0706|128|0|0|0|0|0|0|0|0|0|0|0|0|0|0|0|0|0|0|0|0|0||||||||
7|7|5|B|1|0|R|744|1|15|33|E0707|126|0|0|0|0|0|0|0|0|0|0|0|0|0|0|0|0|0|0|0|0|0||||||||
7|7|29|B|1|0|R|504|3|16|33|E0707|129|0|0|0|0|0|0|0|0|0|0|0|0|0|0|0|0|0|0|0|0|0||||||||
7|7|103|C|1|0|R|684|9|15|33|E0707|53|0|0|0|0|0|0|0|0|0|0|0|0|0|0|0|0|0|0|0|0|0||||||||
7|7|105|C|1|0|R|385|9|15|33|E0707|53|0|0|0|0|0|0|0|0|0|0|0|0|0|0|0|0|0|0|0|0|0||||||||
7|7|199|C|3|0|M|612|17|14|33|E0707|32|0|0|0|0|0|0|0|0|0|0|0|0|0|0|0|0|0|0|0|0|0|2024|4|25|16|3|6|2|N
7|7|200|C|2|0|U|677|17|14|33|E0707|34|0|0|0|0|0|0|0|0|0|0|0|0|0|0|0|0|0|0|0|0|0||||||||
7|7|207|C|2|0|U|651|17|14|33|E0707|36|0|0|0|0|0|0|0|0|0|0|0|0|0|0|0|0|0|0|0|0|0||||||||
7|7|208|C|1|0|U|736|17|14|33|E0707|25|2|10|65|29|39|191|120|6|3|0|30|0|0|0|0|1|10|506|116|188|191|2024|4|25|15|35|57|4|N
7|7|229|B|1|0|R|462|17|14|33|E0707|17|0|0|0|0|0|0|0|0|0|0|0|0|0|0|0|0|0|0|0|0|0||||||||
7|7|232|E|1|0|R|546|17|14|33|E0707|43|10|30|12|1|60|166|74|16|50|0|8|0|0|0|0|0|1|428|126|135|166|2024|4|25|15|10|36|4|N
7|7|500|E|2|0|R|475|32|16|33|E0707|143|0|0|0|0|0|0|0|0|0|0|0|0|0|0|0|0|0|0|0|0|0||||||||
7|7|644|E|1|0|R|705|46|14|33|E0707|3|0|0|0|0|0|0|0|0|0|0|0|0|0|0|0|0|0|0|0|0|0||||||||
7|7|647|B|1|0|M|691|46|14|33|E0707|7|0|0|0|0|0|0|0|0|0|0|0|0|0|0|0|0|0|0|0|0|0||||||||
7|7|653|E|1|0|R|407|46|14|33|E0707|13|0|0|0|0|0|0|0|0|0|0|0|0|0|0|0|0|0|0|0|0|0||||||||
7|7|657|B|1|0|R|506|46|14|33|E0707|11|0|0|0|0|0|0|0|0|0|0|0|0|0|0|0|0|0|0|0|0|0||||||||
7|7|705|E|2|0|R|488|51|15|33|E0707|115|0|0|0|0|0|0|0|0|0|0|0|0|0|0|0|0|0|0|0|0|0||||||||
7|7|708|B|1|0|R|630|51|15|33|E0707|118|0|0|0|0|0|0|0|0|0|0|0|0|0|0|0|0|0|0|0|0|0||||||||
7|7|715|C|1|0|R|733|51|15|33|E0707|121|0|0|0|0|0|0|0|0|0|0|0|0|0|0|0|0|0|0|0|0|0||||||||
7|7|1017|B|1|0|R|557|69|15|33|E0707|98|0|0|0|0|0|0|0|0|0|0|0|0|0|0|0|0|0|0|0|0|0||||||||
7|7|1033|B|1|0|R|644|69|15|33|E0707|107|0|0|0|0|0|0|0|0|0|0|0|0|0|0|0|0|0|0|0|0|0|2024|4|25|16|7|23|4|N
7|7|1487|S|1|0|M|0|97|15|33|E0707|60|0|0|0|0|0|0|0|0|0|0|0|0|0|0|0|0|0|0|0|0|0|2024|4|25|16|7|22|1|N
7|7|1493|C|1|0|U|541|97|15|33|E0707|64|0|0|0|0|0|0|0|0|0|0|0|0|0|0|0|0|0|0|0|0|0||||||||
7|7|1506|C|1|0|R|747|97|15|33|E0707|72|0|0|0|0|0|0|0|0|0|0|0|0|0|0|0|0|0|0|0|0|0||||||||
7|7|1515|E|1|0|R|703|97|15|33|E0707|81|0|0|0|0|0|0|0|0|0|0|0|0|0|0|0|0|0|0|0|0|0|2024|4|25|16|9|43|1|N
7|7|1523|E|1|0|R|235|97|15|33|E0707|88|0|0|0|0|0|0|0|0|0|0|0|0|0|0|0|0|0|0|0|0|0||||||||
7|7|2300|C|2|0|U|587|9|15|33|E0707|49|5|8|9|2|4|1|8|2|3|0|4|0|0|0|15|3|9|73|31|29|1|2024|4|25|15|39|28|4|N
7|7|2301|B|1|0|U|576|9|15|33|E0707|51|0|0|0|0|0|0|0|0|0|0|0|0|0|0|0|0|0|0|0|0|0||||||||
7|8|117|C|1|0|R|482|11|10|34|E0708|79|0|0|0|0|0|0|0|0|0|0|0|0|0|0|0|0|0|0|0|0|0||||||||
7|8|117|E|1|0|R|320|11|10|34|E0708|79|0|0|0|0|0|0|0|0|0|0|0|0|0|0|0|0|0|0|0|0|0||||||||
7|8|129|B|1|0|R|650|11|10|34|E0708|123|0|0|0|0|0|0|0|0|0|0|0|0|0|0|0|0|0|0|0|0|0||||||||
7|8|240|B|1|0|U|670|19|6|34|E0708|3|0|0|0|0|0|0|0|0|0|0|0|0|0|0|0|0|0|0|0|0|0||||||||
7|8|247|C|1|0|U|510|19|6|34|E0708|7|0|0|0|0|0|0|0|0|0|0|0|0|0|0|0|0|0|0|0|0|0||||||||
7|8|271|B|1|0|R|478|19|6|34|E0708|33|70|2|51|15|11|108|18|2|30|0|0|0|1|0|1|3|0|312|155|46|108|2024|4|25|15|37|35|1|N
7|8|527|C|1|0|R|729|34|10|34|E0708|59|0|0|0|0|0|0|0|0|0|0|0|0|0|0|0|0|0|0|0|0|0||||||||
7|8|529|C|2|0|M|674|34|10|34|E0708|58|0|0|0|0|0|0|0|0|0|0|0|0|0|0|0|0|0|0|0|0|0||||||||
7|8|1227|C|2|0|U|687|84|6|34|E0708|83|0|0|0|0|0|0|0|0|0|0|0|0|0|0|0|0|0|0|0|0|0||||||||
7|8|1232|E|1|1|R|398|84|6|34|E0708|86|0|0|0|0|0|0|0|0|0|0|0|0|0|0|0|0|0|0|0|0|0||||||||
7|8|1536|C|1|0|M|741|99|10|34|E0708|104|0|0|0|0|0|0|0|0|0|0|0|0|0|0|0|0|0|0|0|0|0||||||||
7|8|1538|C|1|0|R|665|99|10|34|E0708|99|0|0|0|0|0|0|0|0|0|0|0|0|0|0|0|0|0|0|0|0|0||||||||
7|8|1548|C|1|0|R|506|99|10|34|E0708|88|0|0|0|0|0|0|0|0|0|0|0|0|0|0|0|0|0|0|0|0|0||||||||
7|8|1550|C|1|0|R|743|99|10|34|E0708|93|0|0|0|0|0|0|0|0|0|0|0|0|0|0|0|0|0|0|0|0|0||||||||
7|8|1552|C|1|0|R|726|99|10|34|E0708|95|0|0|0|0|0|0|0|0|0|0|0|0|0|0|0|0|0|0|0|0|0||||||||
7|8|1567|C|1|0|U|513|99|10|34|E0708|94|0|0|0|0|0|0|0|0|0|0|0|0|0|0|0|0|0|0|0|0|0||||||||
7|8|1773|C|1|0|M|562|104|6|34|E0708|116|0|0|0|0|0|0|0|0|0|0|0|0|0|0|0|0|0|0|0|0|0||||||||
7|8|1776|E|1|0|R|453|104|6|34|E0708|116|0|0|0|0|0|0|0|0|0|0|0|0|0|0|0|0|0|0|0|0|0||||||||
7|8|2151|B|1|0|U|679|19|6|34|E0708|1|0|0|0|0|0|0|0|0|0|0|0|0|0|0|0|0|0|0|0|0|0||||||||
7|8|2153|C|1|0|U|698|19|6|34|E0708|10|0|0|0|0|0|0|0|0|0|0|0|0|0|0|0|0|0|0|0|0|0||||||||
7|8|2154|B|1|0|U|680|19|6|34|E0708|10|0|0|0|0|0|0|0|0|0|0|0|0|0|0|0|0|0|0|0|0|0||||||||
7|8|2158|B|1|0|U|719|19|6|34|E0708|16|0|0|0|0|0|0|0|0|0|0|0|0|0|0|0|0|0|0|0|0|0||||||||
7|9|1610|E|1|0|U|701|102|1|35|E0709|22|0|0|0|0|0|0|0|0|0|0|0|0|0|0|0|0|0|0|0|0|0||||||||
7|9|1619|C|1|0|U|607|102|1|35|E0709|30|0|0|0|0|0|0|0|0|0|0|0|0|0|0|0|0|0|0|0|0|0||||||||
7|9|1620|C|3|0|U|567|102|1|35|E0709|27|0|0|0|0|0|0|0|0|0|0|0|0|0|0|0|0|0|0|0|0|0||||||||
7|9|1634|B|1|0|U|565|102|2|35|E0709|68|6|3|108|28|39|62|19|7|18|0|50|0|0|0|0|4|9|353|192|86|62|2024|4|25|15|35|51|4|N
7|9|1640|E|1|3|U|606|102|2|35|E0709|42|0|0|0|0|0|0|0|0|0|0|0|0|0|0|0|0|0|0|0|0|0||||||||
7|9|1646|B|1|0|U|624|102|2|35|E0709|56|2|33|36|44|8|183|13|0|33|14|5|4|0|0|50|2|4|431|123|119|183|2024|4|25|15|13|0|4|N
7|9|1651|C|2|0|U|572|102|13|35|E0709|69|4|19|15|17|13|121|9|4|42|0|0|0|0|2|3|14|0|263|84|44|121|2024|4|25|15|18|6|1|N
7|9|1654|C|1|0|U|688|102|13|35|E0709|75|18|2|44|4|59|153|47|3|116|0|0|0|0|6|0|5|2|459|183|116|153|2024|4|25|15|34|31|1|N
7|9|1690|B|1|0|U|521|102|13|35|E0709|81|0|0|0|0|0|0|0|0|0|0|0|0|0|0|0|0|0|0|0|0|0||||||||
7|9|1696|C|1|0|U|379|102|13|35|E0709|73|0|0|0|0|0|0|0|0|0|0|0|0|0|0|0|0|0|0|0|0|0|2024|4|25|16|12|10|4|N
7|9|1699|C|1|0|U|676|102|13|35|E0709|104|0|0|0|0|0|0|0|0|0|0|0|0|0|0|0|0|0|0|0|0|0||||||||
7|9|1730|C|5|0|U|706|102|13|35|E0709|91|0|16|39|109|3|71|78|2|6|0|4|0|0|0|0|3|11|342|67|190|71|2024|4|25|15|16|35|4|N
7|9|1739|C|1|0|U|708|102|2|35|E0709|127|0|0|0|0|0|0|0|0|0|0|0|0|0|0|0|0|0|0|0|0|0||||||||
7|9|1739|C|10|0|U|707|102|2|35|E0709|129|0|0|0|0|0|0|0|0|0|0|0|0|0|0|0|0|0|0|0|0|0||||||||
7|9|1747|E|1|0|M|748|102|13|35|E0709|135|0|0|0|0|0|0|0|0|0|0|0|0|0|0|0|0|0|0|0|0|0||||||||
7|9|1946|B|1|0|U|694|102|1|35|E0709|20|0|0|0|0|0|0|0|0|0|0|0|0|0|0|0|0|0|0|0|0|0||||||||
7|9|1948|C|1|0|U|399|102|1|35|E0709|26|3|22|7|11|0|70|2|7|31|0|2|1|0|0|0|1|10|167|72|14|70|2024|4|25|15|48|14|4|N
7|9|1959|B|1|0|U|414|102|1|35|E0709|19|0|0|0|0|0|0|0|0|0|0|0|0|0|0|0|0|0|0|0|0|0||||||||
7|9|2149|C|1|0|U|743|102|2|35|E0709|48|0|2|44|27|0|181|61|24|12|0|4|0|0|0|0|0|0|355|86|88|181|2024|4|25|15|19|43|1|N
7|9|2150|B|1|0|U|655|102|2|35|E0709|49|0|0|0|0|0|0|0|0|0|0|0|0|0|0|0|0|0|0|0|0|0||||||||
7|9|2150|C|1|0|U|655|102|2|35|E0709|49|0|0|0|0|0|0|0|0|0|0|0|0|0|0|0|0|0|0|0|0|0||||||||
7|9|2169|C|1|0|U|723|102|2|35|E0709|54|21|98|55|0|43|313|11|3|1|0|0|0|3|0|0|1|9|558|178|57|313|2024|4|25|15|26|21|4|N
7|9|2192|B|1|0|U|529|102|13|35|E0709|124|0|0|0|0|0|0|0|0|0|0|0|0|0|0|0|0|0|0|0|0|0|2024|4|25|16|6|8|1|N
7|9|2193|B|1|0|U|714|102|13|35|E0709|125|0|0|0|0|0|0|0|0|0|0|0|0|0|0|0|0|0|0|0|0|0||||||||
7|10|72|C|2|0|U|706|8|17|36|E0710|1|66|27|21|17|92|124|98|1|2|0|0|0|0|0|59|2|7|516|117|266|124|2024|4|25|15|48|5|4|N
7|10|77|B|1|0|R|682|8|17|36|E0710|7|40|67|66|37|0|62|41|0|0|0|0|0|0|0|0|0|0|313|173|78|62|2024|4|25|15|36|45|4|N
7|10|77|E|1|1|R|558|8|17|36|E0710|7|18|32|32|68|48|115|88|0|1|0|0|9|0|1|1|3|10|426|83|215|115|2024|4|25|15|43|11|4|N
7|10|133|C|3|0|U|605|12|2|36|E0710|101|0|0|0|0|0|0|0|0|0|0|0|0|0|0|0|0|0|0|0|0|0||||||||
7|10|134|C|2|0|U|611|12|2|36|E0710|102|0|0|0|0|0|0|0|0|0|0|0|0|0|0|0|0|0|0|0|0|0||||||||
7|10|293|B|1|0|M|733|20|23|36|E0710|21|12|39|11|52|3|115|267|0|15|0|10|0|0|0|1|4|9|538|87|323|115|2024|4|25|15|30|19|4|N
7|10|306|C|1|0|R|537|20|23|36|E0710|24|0|0|0|0|0|0|0|0|0|0|0|0|0|0|0|0|0|0|0|0|0|2024|4|25|16|5|22|4|N
7|10|886|C|1|0|U|577|61|14|36|E0710|112|0|0|0|0|0|0|0|0|0|0|0|0|0|0|0|0|0|0|0|0|0||||||||
7|10|887|C|2|0|M|691|61|14|36|E0710|113|0|0|0|0|0|0|0|0|0|0|0|0|0|0|0|0|0|0|0|0|0||||||||
7|10|894|E|1|3|M|679|61|14|36|E0710|120|0|0|0|0|0|0|0|0|0|0|0|0|0|0|0|0|0|0|0|0|0||||||||
7|10|1830|C|2|0|M|575|108|23|36|E0710|60|8|1|34|68|6|170|13|0|77|0|0|0|0|0|0|1|3|381|120|87|170|2024|4|25|15|37|59|1|N
7|10|1831|B|1|0|M|617|108|23|36|E0710|57|0|0|0|0|0|0|0|0|0|0|0|0|0|0|0|0|0|0|0|0|0||||||||
7|10|1840|C|2|0|M|644|108|23|36|E0710|45|46|23|20|17|11|145|137|0|69|0|0|0|0|0|8|5|7|488|158|173|145|2024|4|25|15|22|14|1|N
7|10|1847|C|1|0|R|410|108|23|36|E0710|50|2|0|6|36|15|98|10|34|1|0|0|0|0|12|0|3|8|225|43|73|98|2024|4|25|15|20|47|1|N
7|10|1859|C|1|0|U|620|109|23|36|E0710|64|4|17|138|14|19|135|63|0|5|0|0|0|0|11|0|5|9|420|164|107|135|2024|4|25|15|34|35|4|N
7|10|1862|B|1|0|U|495|109|23|36|E0710|73|0|0|0|0|0|0|0|0|0|0|0|0|0|0|0|0|0|0|0|0|0|2024|4|25|16|11|35|1|N
7|10|1869|B|1|0|U|533|109|23|36|E0710|72|0|0|0|0|0|0|0|0|0|0|0|0|0|0|0|0|0|0|0|0|0||||||||
7|10|1884|C|1|0|M|588|109|23|36|E0710|92|3|9|8|3|93|122|187|4|12|0|1|0|0|0|17|5|8|472|37|300|122|2024|4|25|15|41|52|1|N
7|10|1890|B|1|0|R|673|109|23|36|E0710|71|9|6|259|5|53|190|22|3|73|0|0|0|0|0|0|1|2|623|350|80|190|2024|4|25|15|47|28|1|N
7|10|1892|C|2|0|R|575|109|23|36|E0710|83|0|0|0|0|0|0|0|0|0|0|0|0|0|0|0|0|0|0|0|0|0||||||||
7|10|1893|C|1|0|M|708|109|23|36|E0710|83|0|0|0|0|0|0|0|0|0|0|0|0|0|0|0|0|0|0|0|0|0||||||||
7|10|1900|B|1|0|R|401|109|23|36|E0710|93|0|0|0|0|0|0|0|0|0|0|0|0|0|0|0|0|0|0|0|0|0||||||||
7|10|2109|B|1|0|R|615|61|14|36|E0710|126|0|0|0|0|0|0|0|0|0|0|0|0|0|0|0|0|0|0|0|0|0||||||||
7|10|2206|C|1|0|U|712|109|23|36|E0710|76|0|0|0|0|0|0|0|0|0|0|0|0|0|0|0|0|0|0|0|0|0|2024|4|25|15|53|9|1|N
7|11|375|B|1|0|M|640|24|21|37|E0711|14|22|0|36|6|35|130|33|0|20|0|0|0|0|80|0|5|6|373|78|154|130|2024|4|25|15|13|24|4|N
7|11|375|C|2|0|M|639|24|21|37|E0711|14|0|0|0|0|0|0|0|0|0|0|0|0|0|0|0|0|0|0|0|0|0||||||||
7|11|376|C|2|0|U|715|24|21|37|E0711|13|0|0|0|0|0|0|0|0|0|0|0|0|0|0|0|0|0|0|0|0|0||||||||
7|11|573|C|1|0|R|402|39|21|37|E0711|16|0|0|0|0|0|0|0|0|0|0|0|0|0|0|0|0|0|0|0|0|0||||||||
7|11|574|E|1|0|R|395|39|21|37|E0711|17|0|0|0|0|0|0|0|0|0|0|0|0|0|0|0|0|0|0|0|0|0||||||||
7|11|720|B|1|0|U|708|52|20|37|E0711|41|0|0|0|0|0|0|0|0|0|0|0|0|0|0|0|0|0|0|0|0|0||||||||
7|11|722|B|1|0|U|625|52|20|37|E0711|43|0|0|0|0|0|0|0|0|0|0|0|0|0|0|0|0|0|0|0|0|0||||||||
7|11|726|E|2|0|R|185|52|20|37|E0711|56|0|0|0|0|0|0|0|0|0|0|0|0|0|0|0|0|0|0|0|0|0||||||||
7|11|727|E|2|0|R|287|52|20|37|E0711|58|0|0|0|0|0|0|0|0|0|0|0|0|0|0|0|0|0|0|0|0|0||||||||
7|11|730|B|1|0|R|740|52|20|37|E0711|86|0|0|0|0|0|0|0|0|0|0|0|0|0|0|0|0|0|0|0|0|0||||||||
7|11|739|E|1|0|R|571|52|20|37|E0711|63|0|0|0|0|0|0|0|0|0|0|0|0|0|0|0|0|0|0|0|0|0||||||||
7|11|745|B|1|0|R|344|52|20|37|E0711|78|0|0|0|0|0|0|0|0|0|0|0|0|0|0|0|0|0|0|0|0|0||||||||
7|11|750|E|4|0|R|120|52|20|37|E0711|74|0|0|0|0|0|0|0|0|0|0|0|0|0|0|0|0|0|0|0|0|0||||||||
7|11|940|E|2|0|R|606|64|21|37|E0711|108|0|0|0|0|0|0|0|0|0|0|0|0|0|0|0|0|0|0|0|0|0||||||||
7|11|941|E|1|0|R|313|64|21|37|E0711|108|0|0|0|0|0|0|0|0|0|0|0|0|0|0|0|0|0|0|0|0|0||||||||
7|11|942|E|1|0|R|479|64|21|37|E0711|109|0|0|0|0|0|0|0|0|0|0|0|0|0|0|0|0|0|0|0|0|0||||||||
7|11|1460|B|1|0|R|681|95|21|37|E0711|122|0|0|0|0|0|0|0|0|0|0|0|0|0|0|0|0|0|0|0|0|0||||||||
7|11|2138|C|1|0|R|703|52|20|37|E0711|52|0|0|0|0|0|0|0|0|0|0|0|0|0|0|0|0|0|0|0|0|0||||||||
7|11|2318|B|1|0|R|590|4|20|37|E0711|4|0|0|0|0|0|0|0|0|0|0|0|0|0|0|0|0|0|0|0|0|0||||||||
7|11|2323|B|1|0|R|410|4|20|37|E0711|7|9|1|46|4|15|128|94|0|0|0|1|0|1|0|0|0|4|303|57|114|128|2024|4|25|15|5|12|4|N
7|11|2329|C|2|0|R|525|52|20|37|E0711|45|0|0|0|0|0|0|0|0|0|0|0|0|0|0|0|0|0|0|0|0|0||||||||
7|11|2334|B|1|0|R|401|52|20|37|E0711|46|0|0|0|0|0|0|0|0|0|0|0|0|0|0|0|0|0|0|0|0|0||||||||
7|11|2347|B|1|0|R|583|52|20|37|E0711|71|0|0|0|0|0|0|0|0|0|0|0|0|0|0|0|0|0|0|0|0|0||||||||
7|11|2349|B|1|0|R|552|64|21|37|E0711|104|0|0|0|0|0|0|0|0|0|0|0|0|0|0|0|0|0|0|0|0|0||||||||
7|12|164|C|3|0|U|623|15|18|38|E0712|2|0|0|0|0|0|0|0|0|0|0|0|0|0|0|0|0|0|0|0|0|0|2024|4|25|15|59|46|4|N
7|12|165|B|1|0|U|661|15|18|38|E0712|3|0|8|123|9|28|94|29|0|29|0|8|0|0|0|10|4|12|354|168|76|94|2024|4|25|15|8|17|4|N
7|12|182|C|1|0|R|637|15|18|38|E0712|6|0|0|0|0|0|0|0|0|0|0|0|0|0|0|0|0|0|0|0|0|0|2024|4|25|16|3|32|4|N
7|12|184|C|2|0|M|695|15|18|38|E0712|11|21|5|33|16|4|214|14|25|99|0|1|61|3|0|51|1|11|559|184|149|214|2024|4|25|15|41|41|4|N
7|12|1249|B|1|0|U|623|88|18|38|E0712|26|0|0|0|0|0|0|0|0|0|0|0|0|0|0|0|0|0|0|0|0|0|2024|4|25|16|8|52|4|N
7|12|1280|C|2|0|U|635|90|18|38|E0712|52|0|0|0|0|0|0|0|0|0|0|0|0|0|0|0|0|0|0|0|0|0|2024|4|25|15|53|58|4|N
7|12|1295|C|1|0|U|509|90|18|38|E0712|57|0|0|0|0|0|0|0|0|0|0|0|0|0|0|0|0|0|0|0|0|0||||||||
7|12|1300|B|1|0|U|661|90|19|38|E0712|64|19|11|73|16|0|75|148|0|17|0|0|0|0|8|0|3|9|379|120|172|75|2024|4|25|15|32|57|4|N
7|12|1307|B|1|0|U|684|90|19|38|E0712|68|0|0|96|69|5|124|19|0|4|0|1|0|0|0|1|3|3|325|101|94|124|2024|4|25|15|27|56|4|N
7|12|1342|C|1|0|U|666|90|19|38|E0712|84|0|2|43|5|14|161|35|46|26|0|12|0|0|0|64|2|7|417|129|118|161|2024|4|25|14|8|15|4|N
7|12|1370|C|2|0|U|571|90|18|38|E0712|111|0|0|0|0|0|0|0|0|0|0|0|0|0|0|0|0|0|0|0|0|0||||||||
7|12|1385|C|1|0|R|528|90|19|38|E0712|89|24|24|2|12|0|203|9|5|104|0|0|2|28|0|23|1|12|449|159|74|203|2024|4|25|15|43|56|1|N
7|12|1592|C|3|0|R|626|101|18|38|E0712|128|0|0|0|0|0|0|0|0|0|0|0|0|0|0|0|0|0|0|0|0|0||||||||
7|12|1783|C|1|0|R|480|105|18|38|E0712|140|0|0|0|0|0|0|0|0|0|0|0|0|0|0|0|0|0|0|0|0|0||||||||
7|12|1784|B|1|0|U|680|105|18|38|E0712|137|0|1|3|45|6|253|131|0|5|0|0|1|0|0|34|1|5|485|9|217|253|2024|4|25|15|22|49|4|N
7|12|1978|B|1|0|U|472|90|19|38|E0712|102|0|0|0|0|0|0|0|0|0|0|0|0|0|0|0|0|0|0|0|0|0|2024|4|25|15|58|8|4|N
7|12|1986|B|1|0|U|429|90|19|38|E0712|105|5|2|33|52|5|98|106|0|3|0|2|0|13|0|0|3|12|334|45|176|98|2024|4|25|15|23|24|4|N
7|12|2142|C|1|0|U|657|90|19|38|E0712|39|23|0|38|0|194|54|217|0|20|0|7|7|0|0|5|5|8|578|88|423|54|2024|4|25|14|17|13|4|N
7|12|2142|C|3|0|U|657|90|19|38|E0712|39|0|0|0|0|0|0|0|0|0|0|0|0|0|0|0|0|0|0|0|0|0||||||||
7|12|2209|B|1|0|U|599|90|19|38|E0712|79|23|31|48|1|19|117|144|0|37|0|11|0|0|17|0|1|8|457|150|181|117|2024|4|25|15|32|22|1|N
7|12|2211|B|1|0|U|685|90|19|38|E0712|98|0|0|0|0|0|0|0|0|0|0|0|0|0|0|0|0|0|0|0|0|0|2024|4|25|15|57|48|4|N
7|12|2359|B|1|0|U|602|90|19|38|E0712|41|0|0|0|0|0|0|0|0|0|0|0|0|0|0|0|0|0|0|0|0|0||||||||
7|12|2365|C|1|0|U|577|90|19|38|E0712|87|0|19|23|39|31|100|8|0|116|0|64|0|1|0|10|0|12|423|222|89|100|2024|4|25|15|46|10|4|N
7|12|2365|C|2|0|U|577|90|19|38|E0712|87|10|28|97|0|2|93|3|1|29|0|0|0|0|0|0|2|11|276|165|5|93|2024|4|25|15|40|32|4|N
7|13|62|B|1|0|R|536|6|17|39|E0713|2|0|0|0|0|0|0|0|0|0|0|0|0|0|0|0|0|0|0|0|0|0||||||||
7|13|546|B|1|0|R|514|37|16|39|E0713|101|0|0|0|0|0|0|0|0|0|0|0|0|0|0|0|0|0|0|0|0|0||||||||
7|13|581|C|3|0|M|646|40|16|39|E0713|76|0|0|0|0|0|0|0|0|0|0|0|0|0|0|0|0|0|0|0|0|0||||||||
7|13|586|B|1|0|U|615|40|16|39|E0713|79|0|0|0|0|0|0|0|0|0|0|0|0|0|0|0|0|0|0|0|0|0||||||||
7|13|595|E|1|1|R|383|40|16|39|E0713|84|0|0|0|0|0|0|0|0|0|0|0|0|0|0|0|0|0|0|0|0|0||||||||
7|13|597|B|1|0|R|530|40|16|39|E0713|84|0|0|0|0|0|0|0|0|0|0|0|0|0|0|0|0|0|0|0|0|0||||||||
7|13|598|C|1|0|R|571|40|16|39|E0713|86|0|0|0|0|0|0|0|0|0|0|0|0|0|0|0|0|0|0|0|0|0||||||||
7|13|774|B|1|0|M|528|54|16|39|E0713|119|0|0|0|0|0|0|0|0|0|0|0|0|0|0|0|0|0|0|0|0|0||||||||
7|13|788|C|1|0|U|501|57|17|39|E0713|41|38|0|19|116|4|149|20|40|29|0|0|0|0|1|0|4|3|423|126|141|149|2024|4|25|15|49|56|4|N
7|13|788|C|2|0|U|500|57|17|39|E0713|41|0|0|0|0|0|0|0|0|0|0|0|0|0|0|0|0|0|0|0|0|0||||||||
7|13|792|C|3|0|U|710|57|17|39|E0713|44|48|13|71|23|9|213|25|14|0|0|16|0|26|0|32|0|1|491|162|115|213|2024|4|25|15|50|56|4|N
7|13|798|B|1|0|R|555|57|17|39|E0713|47|0|0|0|0|0|0|0|0|0|0|0|0|0|0|0|0|0|0|0|0|0||||||||
7|13|810|C|1|0|R|683|57|17|39|E0713|52|0|0|0|0|0|0|0|0|0|0|0|0|0|0|0|0|0|0|0|0|0||||||||
7|13|1034|C|3|0|M|635|70|17|39|E0713|14|0|0|0|0|0|0|0|0|0|0|0|0|0|0|0|0|0|0|0|0|0||||||||
7|13|1034|E|1|0|M|414|70|17|39|E0713|17|0|0|0|0|0|0|0|0|0|0|0|0|0|0|0|0|0|0|0|0|0||||||||
7|13|1036|C|2|0|R|579|70|17|39|E0713|15|0|0|0|0|0|0|0|0|0|0|0|0|0|0|0|0|0|0|0|0|0||||||||
7|13|1199|B|1|0|R|455|81|17|39|E0713|28|0|0|0|0|0|0|0|0|0|0|0|0|0|0|0|0|0|0|0|0|0||||||||
7|13|1202|E|1|0|R|441|81|17|39|E0713|24|0|0|0|0|0|0|0|0|0|0|0|0|0|0|0|0|0|0|0|0|0|2024|4|25|16|7|59|4|N
7|13|1203|C|1|0|R|633|81|17|39|E0713|24|0|0|0|0|0|0|0|0|0|0|0|0|0|0|0|0|0|0|0|0|0||||||||
7|13|1205|C|1|0|R|531|124|17|39|E0713|32|32|0|19|115|52|73|16|0|24|0|20|0|0|0|0|4|9|364|95|183|73|2024|4|25|13|21|3|4|N
7|13|1348|B|1|0|R|235|90|18|39|E0713|127|0|0|0|0|0|0|0|0|0|0|0|0|0|0|0|0|0|0|0|0|0||||||||
7|13|1351|E|1|0|R|249|90|18|39|E0713|129|0|0|0|0|0|0|0|0|0|0|0|0|0|0|0|0|0|0|0|0|0||||||||
7|13|1379|C|1|0|U|668|90|19|39|E0713|138|0|0|0|0|0|0|0|0|0|0|0|0|0|0|0|0|0|0|0|0|0||||||||
7|13|1814|C|2|0|M|643|107|16|39|E0713|65|0|0|0|0|0|0|0|0|0|0|0|0|0|0|0|0|0|0|0|0|0||||||||
7|13|1819|C|1|0|R|567|107|16|39|E0713|60|0|0|0|0|0|0|0|0|0|0|0|0|0|0|0|0|0|0|0|0|0||||||||
7|13|1821|C|1|0|R|733|107|16|39|E0713|66|0|0|0|0|0|0|0|0|0|0|0|0|0|0|0|0|0|0|0|0|0||||||||
7|13|2144|C|1|0|U|666|57|17|39|E0713|42|0|0|0|0|0|0|0|0|0|0|0|0|0|0|0|0|0|0|0|0|0||||||||
8|1|1809|B|1|0|U|581|37|7|40|E0801|20|0|0|0|0|0|0|0|0|0|0|0|0|0|0|0|0|0|0|0|0|0||||||||
8|1|1821|B|1|0|U|410|37|6|40|E0801|3|0|0|0|0|0|0|0|0|0|0|0|0|0|0|0|0|0|0|0|0|0||||||||
8|1|1831|B|1|0|U|700|37|7|40|E0801|22|0|0|0|0|0|0|0|0|0|0|0|0|0|0|0|0|0|0|0|0|0||||||||
8|1|1845|B|1|0|U|421|37|7|40|E0801|21|36|41|11|5|5|21|56|0|20|3|17|17|18|0|0|4|5|259|128|101|21|2024|4|25|15|52|18|4|N
8|1|1881|B|1|0|U|539|37|7|40|E0801|12|0|0|0|0|0|0|0|0|0|0|0|0|0|0|0|0|0|0|0|0|0|2024|4|25|16|12|7|4|N
8|1|1898|B|1|0|U|733|37|7|40|E0801|10|0|0|0|0|0|0|0|0|0|0|0|0|0|0|0|0|0|0|0|0|0||||||||
8|1|1905|B|1|0|U|481|37|7|40|E0801|36|0|0|0|0|0|0|0|0|0|0|0|0|0|0|0|0|0|0|0|0|0||||||||
8|1|1934|C|1|0|U|434|37|9|40|E0801|85|8|3|11|2|13|74|125|0|0|0|0|57|15|13|0|2|7|330|22|225|74|2024|4|25|15|26|18|4|N
8|1|2711|C|4|0|U|713|37|7|40|E0801|47|53|19|10|36|1|37|46|0|43|3|0|51|1|0|0|1|3|304|128|135|37|2024|4|25|12|41|11|4|N
8|1|2720|C|1|0|U|531|37|9|40|E0801|96|0|0|0|0|0|0|0|0|0|0|0|0|0|0|0|0|0|0|0|0|0||||||||
8|1|2725|C|1|0|U|746|37|9|40|E0801|99|0|0|0|0|0|0|0|0|0|0|0|0|0|0|0|0|0|0|0|0|0||||||||
8|1|2738|C|1|0|U|480|37|9|40|E0801|112|0|0|0|0|0|0|0|0|0|0|0|0|0|0|0|0|0|0|0|0|0||||||||
8|1|2753|B|1|0|U|427|37|7|40|E0801|49|0|0|0|0|0|0|0|0|0|0|0|0|0|0|0|0|0|0|0|0|0||||||||
8|1|2767|B|1|0|U|572|37|7|40|E0801|62|17|1|91|38|0|61|125|0|19|0|0|1|33|0|0|3|2|391|128|197|61|2024|4|25|15|9|10|4|N
8|1|2773|C|1|0|U|544|37|7|40|E0801|61|0|0|0|0|0|0|0|0|0|0|0|0|0|0|0|0|0|0|0|0|0||||||||
8|1|2803|B|1|0|U|585|37|7|40|E0801|68|11|42|14|1|4|142|112|0|2|0|0|0|2|37|0|2|11|380|69|156|142|2024|4|25|14|9|9|4|N
8|1|2811|C|9|0|U|696|37|7|40|E0801|43|36|46|56|1|0|68|56|0|3|79|0|0|17|4|0|2|0|368|220|78|68|2024|4|25|15|5|15|4|N
8|1|2813|B|1|0|U|458|37|7|40|E0801|40|0|0|0|0|0|0|0|0|0|0|0|0|0|0|0|0|0|0|0|0|0||||||||
8|1|2818|C|1|0|U|695|37|9|40|E0801|123|0|0|0|0|0|0|0|0|0|0|0|0|0|0|0|0|0|0|0|0|0||||||||
8|1|2824|B|1|0|U|672|37|2|40|E0801|71|0|0|0|0|0|0|0|0|0|0|0|0|0|0|0|0|0|0|0|0|0||||||||
8|1|2839|B|1|0|U|510|37|7|40|E0801|45|0|0|0|0|0|0|0|0|0|0|0|0|0|0|0|0|0|0|0|0|0||||||||
8|1|3321|C|2|0|U|711|37|9|40|E0801|117|5|134|180|5|0|27|97|0|2|0|0|0|1|0|0|5|11|467|321|103|27|2024|4|25|15|52|25|4|N
8|1|3323|B|1|0|U|726|37|9|40|E0801|118|0|0|0|0|0|0|0|0|0|0|0|0|0|0|0|0|0|0|0|0|0|2024|4|25|15|59|10|4|N
8|2|8|C|1|0|U|685|1|11|41|E0802|4|19|14|119|16|9|26|83|0|0|10|0|20|9|0|15|1|9|350|162|152|26|2024|4|25|14|5|42|4|N
8|2|1873|B|1|0|U|424|37|8|41|E0802|15|0|0|0|0|0|0|0|0|0|0|0|0|0|0|0|0|0|0|0|0|0||||||||
8|2|1888|C|3|0|U|636|37|8|41|E0802|19|20|45|114|103|0|28|142|18|0|0|0|21|0|0|0|1|4|496|197|266|28|2024|4|25|15|26|19|4|N
8|2|1945|E|1|0|M|746|37|10|41|E0802|132|0|0|0|0|0|0|0|0|0|0|0|0|0|0|0|0|0|0|0|0|0|2024|4|25|16|14|58|1|N
8|2|2781|C|3|0|U|734|37|10|41|E0802|85|0|0|0|0|0|0|0|0|0|0|0|0|0|0|0|0|0|0|0|0|0||||||||
8|2|2781|C|5|0|U|733|37|10|41|E0802|86|0|0|0|0|0|0|0|0|0|0|0|0|0|0|0|0|0|0|0|0|0||||||||
8|2|2782|C|8|0|U|694|37|10|41|E0802|84|0|0|0|0|0|0|0|0|0|0|0|0|0|0|0|0|0|0|0|0|0||||||||
8|2|2827|B|1|0|U|672|37|2|41|E0802|76|57|46|91|2|4|162|53|0|23|3|0|0|14|0|0|0|2|457|220|73|162|2024|4|25|15|17|19|4|N
8|2|2924|C|3|0|U|701|37|8|41|E0802|40|130|96|60|2|3|91|44|0|0|0|0|6|0|0|0|0|9|441|286|55|91|2024|4|25|14|13|0|4|N
8|2|2930|C|9|0|U|694|37|8|41|E0802|43|0|0|0|0|0|0|0|0|0|0|0|0|0|0|0|0|0|0|0|0|0||||||||
8|2|2941|C|1|0|U|415|37|8|41|E0802|61|11|26|1|83|0|41|16|1|0|57|0|0|9|0|0|4|2|251|96|108|41|2024|4|25|15|52|7|4|N
8|2|2970|B|1|0|U|287|37|8|41|E0802|62|6|104|16|1|2|17|24|0|6|25|0|0|1|5|0|2|6|215|157|33|17|2024|4|25|13|37|51|4|N
8|2|2978|B|1|0|U|441|37|10|41|E0802|78|0|0|0|0|0|0|0|0|0|0|0|0|0|0|0|0|0|0|0|0|0||||||||
8|2|2987|B|1|0|U|229|37|2|41|E0802|77|0|0|0|0|0|0|0|0|0|0|0|0|0|0|0|0|0|0|0|0|0||||||||
8|2|3006|B|1|0|U|470|37|2|41|E0802|106|0|0|0|0|0|0|0|0|0|0|0|0|0|0|0|0|0|0|0|0|0||||||||
8|2|3095|B|1|0|U|261|37|8|41|E0802|55|0|0|0|0|0|0|0|0|0|0|0|0|0|0|0|0|0|0|0|0|0||||||||
8|2|3133|B|1|0|U|505|37|10|41|E0802|102|0|0|0|0|0|0|0|0|0|0|0|0|0|0|0|0|0|0|0|0|0||||||||
8|2|3159|B|1|0|U|440|37|10|41|E0802|122|0|0|0|0|0|0|0|0|0|0|0|0|0|0|0|0|0|0|0|0|0|2024|4|25|16|6|6|1|N
8|2|3159|C|1|0|U|439|37|10|41|E0802|122|0|66|0|2|0|48|13|0|14|1|0|0|1|0|0|5|11|161|81|16|48|2024|4|25|15|16|29|4|N
8|2|3166|B|1|0|U|443|37|10|41|E0802|127|0|0|0|0|0|0|0|0|0|0|0|0|0|0|0|0|0|0|0|0|0||||||||
8|2|3171|B|1|0|U|452|37|10|41|E0802|130|0|0|0|0|0|0|0|0|0|0|0|0|0|0|0|0|0|0|0|0|0||||||||
8|2|3176|B|1|0|U|462|37|10|41|E0802|131|0|0|0|0|0|0|0|0|0|0|0|0|0|0|0|0|0|0|0|0|0||||||||
8|2|3176|C|1|0|U|461|37|10|41|E0802|131|0|0|0|0|0|0|0|0|0|0|0|0|0|0|0|0|0|0|0|0|0||||||||
8|2|3329|B|1|0|U|678|37|8|41|E0802|30|0|0|0|0|0|0|0|0|0|0|0|0|0|0|0|0|0|0|0|0|0||||||||
8|3|1381|B|1|0|R|490|35|1|42|E0803|161|0|0|0|0|0|0|0|0|0|0|0|0|0|0|0|0|0|0|0|0|0||||||||
8|3|1424|C|4|0|M|699|37|2|42|E0803|2|0|0|0|0|0|0|0|0|0|0|0|0|0|0|0|0|0|0|0|0|0||||||||
8|3|1426|B|1|0|U|532|37|2|42|E0803|7|0|0|0|0|0|0|0|0|0|0|0|0|0|0|0|0|0|0|0|0|0||||||||
8|3|1464|B|1|0|U|708|37|3|42|E0803|60|0|0|0|0|0|0|0|0|0|0|0|0|0|0|0|0|0|0|0|0|0||||||||
8|3|1472|B|1|0|U|686|37|2|42|E0803|11|0|0|0|0|0|0|0|0|0|0|0|0|0|0|0|0|0|0|0|0|0||||||||
8|3|1474|B|1|0|U|566|37|3|42|E0803|57|0|0|0|0|0|0|0|0|0|0|0|0|0|0|0|0|0|0|0|0|0||||||||
8|3|1478|B|1|0|U|460|37|3|42|E0803|63|0|0|0|0|0|0|0|0|0|0|0|0|0|0|0|0|0|0|0|0|0||||||||
8|3|1484|C|1|0|U|459|37|3|42|E0803|61|0|0|0|0|0|0|0|0|0|0|0|0|0|0|0|0|0|0|0|0|0||||||||
8|3|1508|C|1|0|U|470|37|3|42|E0803|39|5|18|4|1|7|7|9|0|0|0|0|0|0|4|0|2|6|63|27|21|7|2024|4|25|15|23|44|4|N
8|3|1509|C|1|0|U|598|37|3|42|E0803|39|4|2|10|10|0|9|12|5|4|0|0|0|1|3|2|3|1|66|25|28|9|2024|4|25|13|55|47|4|N
8|3|1510|C|2|0|U|681|37|3|42|E0803|16|0|0|0|0|0|0|0|0|0|0|0|0|0|0|0|0|0|0|0|0|0||||||||
8|3|1549|C|1|0|U|548|37|3|42|E0803|54|0|0|0|0|0|0|0|0|0|0|0|0|0|0|0|0|0|0|0|0|0||||||||
8|3|1552|B|1|0|U|335|37|3|42|E0803|47|0|0|0|0|0|0|0|0|0|0|0|0|0|0|0|0|0|0|0|0|0||||||||
8|3|1562|C|6|0|M|740|37|2|42|E0803|146|0|0|0|0|0|0|0|0|0|0|0|0|0|0|0|0|0|0|0|0|0||||||||
8|3|1954|B|1|0|U|359|37|3|42|E0803|47|0|0|0|0|0|0|0|0|0|0|0|0|0|0|0|0|0|0|0|0|0||||||||
8|3|1982|B|1|0|U|522|37|3|42|E0803|78|2|15|8|55|0|27|103|0|0|0|0|16|3|0|0|3|1|233|25|177|27|2024|4|25|15|27|15|4|N
8|3|1986|C|1|0|U|424|37|3|42|E0803|72|0|0|0|0|0|0|0|0|0|0|0|0|0|0|0|0|0|0|0|0|0||||||||
8|3|2002|B|1|0|U|593|37|3|42|E0803|49|0|0|0|0|0|0|0|0|0|0|0|0|0|0|0|0|0|0|0|0|0||||||||
8|3|2018|B|1|0|U|618|37|3|42|E0803|90|31|6|9|39|33|146|65|0|5|0|0|8|0|0|3|3|0|348|51|148|146|2024|4|25|15|52|16|4|N
8|3|2053|C|2|0|U|505|37|3|42|E0803|34|0|0|0|0|0|0|0|0|0|0|0|0|0|0|0|0|0|0|0|0|0||||||||
8|3|2065|C|1|0|U|662|37|3|42|E0803|83|0|0|0|0|0|0|0|0|0|0|0|0|0|0|0|0|0|0|0|0|0||||||||
8|3|2154|C|1|0|U|413|37|6|42|E0803|109|2|41|38|12|3|73|39|0|0|0|0|2|5|1|0|4|1|221|81|62|73|2024|4|25|15|52|9|4|N
8|3|2174|C|1|0|U|637|37|6|42|E0803|113|0|0|0|0|0|0|0|0|0|0|0|0|0|0|0|0|0|0|0|0|0|2024|4|25|16|7|39|1|N
8|3|2180|C|1|0|U|588|37|6|42|E0803|126|13|97|26|26|37|53|20|9|11|1|0|62|0|1|0|3|10|369|157|146|53|2024|4|25|14|11|6|4|N
8|3|2188|C|2|0|U|707|37|6|42|E0803|115|7|71|96|19|3|42|177|0|0|0|0|4|0|0|0|5|9|433|174|203|42|2024|4|25|15|34|2|4|N
8|3|2189|C|1|0|U|727|37|6|42|E0803|102|0|0|0|0|0|0|0|0|0|0|0|0|0|0|0|0|0|0|0|0|0||||||||
8|3|2197|C|1|0|U|729|37|2|42|E0803|144|0|0|0|0|0|0|0|0|0|0|0|0|0|0|0|0|0|0|0|0|0||||||||
8|3|2197|C|3|0|U|729|37|2|42|E0803|144|0|0|0|0|0|0|0|0|0|0|0|0|0|0|0|0|0|0|0|0|0||||||||
8|4|1446|B|1|0|U|389|37|4|43|E0804|1|0|0|0|0|0|0|0|0|0|0|0|0|0|0|0|0|0|0|0|0|0||||||||
8|4|1496|B|1|0|U|534|37|4|43|E0804|10|0|0|0|0|0|0|0|0|0|0|0|0|0|0|0|0|0|0|0|0|0||||||||
8|4|1596|B|1|0|U|633|37|4|43|E0804|94|100|50|50|50|50|25|300|25|25|25|25|25|40|60|60|0|35|945|300|585|25|2024|4|25|15|28|49|4|N
8|4|1651|B|1|0|U|722|37|4|43|E0804|25|0|0|0|0|0|0|0|0|0|0|0|0|0|0|0|0|0|0|0|0|0||||||||
8|4|1659|C|1|0|U|385|37|4|43|E0804|27|0|0|0|0|0|0|0|0|0|0|0|0|0|0|0|0|0|0|0|0|0||||||||
8|4|1661|B|1|0|U|647|37|4|43|E0804|29|0|0|0|0|0|0|0|0|0|0|0|0|0|0|0|0|0|0|0|0|0||||||||
8|4|1670|B|1|0|U|491|37|4|43|E0804|29|0|0|0|0|0|0|0|0|0|0|0|0|0|0|0|0|0|0|0|0|0||||||||
8|4|1671|B|1|0|U|400|37|4|43|E0804|29|0|0|0|0|0|0|0|0|0|0|0|0|0|0|0|0|0|0|0|0|0||||||||
8|4|1694|C|2|0|U|682|37|5|43|E0804|113|0|0|0|0|0|0|0|0|0|0|0|0|0|0|0|0|0|0|0|0|0|2024|4|25|16|5|2|4|N
8|4|1701|B|1|0|U|576|37|4|43|E0804|48|0|0|0|0|0|0|0|0|0|0|0|0|0|0|0|0|0|0|0|0|0||||||||
8|4|1705|B|1|0|U|611|37|5|43|E0804|111|0|0|0|0|0|0|0|0|0|0|0|0|0|0|0|0|0|0|0|0|0||||||||
8|4|1706|C|9|0|U|711|37|5|43|E0804|122|0|0|0|0|0|0|0|0|0|0|0|0|0|0|0|0|0|0|0|0|0||||||||
8|4|1711|C|1|0|U|511|37|4|43|E0804|45|0|0|0|0|0|0|0|0|0|0|0|0|0|0|0|0|0|0|0|0|0||||||||
8|4|1733|B|1|0|U|650|37|5|43|E0804|112|0|0|0|0|0|0|0|0|0|0|0|0|0|0|0|0|0|0|0|0|0||||||||
8|4|1734|C|1|0|U|745|37|5|43|E0804|127|0|0|0|0|0|0|0|0|0|0|0|0|0|0|0|0|0|0|0|0|0||||||||
8|4|1734|C|6|0|U|745|37|5|43|E0804|128|0|0|0|0|0|0|0|0|0|0|0|0|0|0|0|0|0|0|0|0|0||||||||
8|4|1745|C|1|0|U|723|37|5|43|E0804|140|0|0|0|0|0|0|0|0|0|0|0|0|0|0|0|0|0|0|0|0|0||||||||
8|4|1754|C|6|0|U|663|37|5|43|E0804|139|0|0|0|0|0|0|0|0|0|0|0|0|0|0|0|0|0|0|0|0|0||||||||
8|4|1768|B|1|0|U|375|37|5|43|E0804|84|30|32|23|23|12|49|70|0|0|0|0|0|0|0|0|1|2|242|85|105|49|2024|4|25|14|12|31|4|N
8|4|1784|C|1|0|U|484|37|6|43|E0804|85|53|36|48|19|5|107|3|1|1|22|0|43|2|0|0|5|9|354|161|72|107|2024|4|25|14|11|43|4|N
8|4|1786|B|1|0|U|626|37|5|43|E0804|134|0|0|0|0|0|0|0|0|0|0|0|0|0|0|0|0|0|0|0|0|0||||||||
8|4|1967|B|1|0|U|392|37|4|43|E0804|23|0|0|0|0|0|0|0|0|0|0|0|0|0|0|0|0|0|0|0|0|0||||||||
8|4|2034|B|1|0|U|569|37|4|43|E0804|59|10|127|42|1|50|54|46|0|3|0|0|71|3|0|0|5|2|414|182|171|54|2024|4|25|15|24|35|4|N
8|4|2074|B|1|0|U|434|37|4|43|E0804|61|0|0|0|0|0|0|0|0|0|0|0|0|0|0|0|0|0|0|0|0|0||||||||
8|4|2074|C|1|0|U|434|37|4|43|E0804|61|0|0|0|0|0|0|0|0|0|0|0|0|0|0|0|0|0|0|0|0|0||||||||
8|4|2107|C|1|0|U|694|37|6|43|E0804|75|0|0|0|0|0|0|0|0|0|0|0|0|0|0|0|0|0|0|0|0|0|2024|4|25|16|1|1|4|N
8|4|3309|C|3|0|U|622|37|5|43|E0804|118|66|122|16|1|0|77|15|0|11|11|0|0|0|0|0|5|0|324|226|16|77|2024|4|25|14|17|19|4|N
8|5|28|C|2|0|U|579|2|11|44|E0805|7|0|32|105|11|0|18|60|0|45|11|0|0|3|0|1|3|2|291|193|75|18|2024|4|25|14|14|53|4|N
8|5|32|B|1|0|R|484|2|11|44|E0805|9|0|0|0|0|0|0|0|0|0|0|0|0|0|0|0|0|0|0|0|0|0|2024|4|25|16|4|20|1|N
8|5|178|B|1|0|M|442|11|20|44|E0805|31|0|0|0|0|0|0|0|0|0|0|0|0|0|0|0|0|0|0|0|0|0||||||||
8|5|194|B|1|0|U|628|11|20|44|E0805|28|0|0|0|0|0|0|0|0|0|0|0|0|0|0|0|0|0|0|0|0|0|2024|4|25|15|54|56|4|N
8|5|203|C|2|0|U|649|11|20|44|E0805|22|17|19|89|55|0|71|52|0|14|13|0|8|0|0|0|4|2|344|152|115|71|2024|4|25|15|32|26|4|N
8|5|938|B|1|0|U|293|21|19|44|E0805|43|0|0|0|0|0|0|0|0|0|0|0|0|0|0|0|0|0|0|0|0|0||||||||
8|5|952|B|1|0|U|402|21|19|44|E0805|45|2|50|37|11|0|31|46|3|1|2|0|0|0|0|0|3|0|186|95|57|31|2024|4|25|14|0|26|4|N
8|5|953|B|1|0|U|555|21|19|44|E0805|45|0|0|0|0|0|0|0|0|0|0|0|0|0|0|0|0|0|0|0|0|0||||||||
8|5|958|B|1|0|U|728|21|19|44|E0805|51|0|0|0|0|0|0|0|0|0|0|0|0|0|0|0|0|0|0|0|0|0||||||||
8|5|963|C|1|0|U|650|21|19|44|E0805|46|10|12|39|7|13|70|88|0|5|0|0|0|28|0|0|1|11|284|66|136|70|2024|4|25|13|27|9|4|N
8|5|965|B|1|0|U|576|21|19|44|E0805|47|0|0|0|0|0|0|0|0|0|0|0|0|0|0|0|0|0|0|0|0|0||||||||
8|5|971|C|1|0|U|446|21|19|44|E0805|62|29|19|94|22|28|8|55|1|3|0|0|3|0|0|0|2|3|267|146|108|8|2024|4|25|15|45|34|4|N
8|5|991|C|1|0|U|682|21|19|44|E0805|57|33|107|70|23|0|126|57|1|0|6|0|0|15|0|0|0|5|443|217|95|126|2024|4|25|15|44|30|1|N
8|5|991|E|1|1|U|673|21|19|44|E0805|60|2|117|26|15|0|51|33|0|0|0|0|3|29|0|0|2|11|289|145|80|51|2024|4|25|11|4|2|4|N
8|5|991|E|2|1|U|597|21|19|44|E0805|58|0|0|0|0|0|0|0|0|0|0|0|0|0|0|0|0|0|0|0|0|0||||||||
8|5|995|B|1|0|U|414|21|19|44|E0805|66|0|17|66|43|0|1|11|0|0|0|0|0|7|0|0|3|1|149|83|61|1|2024|4|25|15|25|26|4|N
8|5|1029|E|1|0|R|533|21|19|44|E0805|88|4|32|12|15|1|23|149|0|1|25|0|4|0|0|0|0|4|270|74|169|23|2024|4|25|15|38|57|4|N
8|5|1401|B|1|0|U|482|36|20|44|E0805|105|4|11|20|14|7|11|62|0|17|14|0|33|3|3|0|2|12|213|66|122|11|2024|4|25|15|22|27|4|N
8|5|2312|B|1|0|R|336|45|11|44|E0805|121|0|0|0|0|0|0|0|0|0|0|0|0|0|0|0|0|0|0|0|0|0|2024|4|25|15|53|49|1|N
8|5|2320|B|1|0|R|434|45|11|44|E0805|122|0|139|27|7|5|46|2|0|22|0|0|12|2|0|0|4|3|269|188|28|46|2024|4|25|15|48|7|1|N
8|5|2485|B|1|0|U|714|52|11|44|E0805|131|6|95|21|14|0|66|34|1|16|0|0|13|28|0|0|1|0|295|139|89|66|2024|4|25|14|4|26|4|N
8|5|2491|B|1|0|U|563|52|11|44|E0805|137|2|9|21|76|2|59|102|0|84|0|0|0|0|0|0|2|0|357|116|180|59|2024|4|25|10|22|50|4|N
8|5|2533|B|1|0|R|700|55|11|44|E0805|147|2|67|59|9|0|110|69|0|20|1|0|5|0|0|0|2|1|345|149|83|110|2024|4|25|14|9|13|4|N
8|5|2620|C|1|0|U|471|62|20|44|E0805|154|0|0|0|0|0|0|0|0|0|0|0|0|0|0|0|0|0|0|0|0|0|2024|4|25|16|2|27|1|N
8|5|2627|B|1|0|M|703|62|20|44|E0805|151|0|0|0|0|0|0|0|0|0|0|0|0|0|0|0|0|0|0|0|0|0|2024|4|25|16|11|16|1|N
8|5|2627|C|1|0|M|703|62|20|44|E0805|151|0|0|0|0|0|0|0|0|0|0|0|0|0|0|0|0|0|0|0|0|0||||||||
8|5|2634|B|1|0|M|594|62|20|44|E0805|152|1|16|11|53|76|69|15|0|0|0|0|0|6|0|0|0|3|250|28|150|69|2024|4|25|15|44|35|1|N
8|5|3284|C|2|0|U|633|21|19|44|E0805|79|0|0|0|0|0|0|0|0|0|0|0|0|0|0|0|0|0|0|0|0|0||||||||
8|5|3342|C|2|0|U|638|4|11|44|E0805|16|0|0|0|0|0|0|0|0|0|0|0|0|0|0|0|0|0|0|0|0|0||||||||
8|6|615|C|1|0|U|481|19|12|45|E0806|113|0|54|66|1|0|51|24|0|63|0|0|7|2|0|0|2|6|276|183|34|51|2024|4|25|15|36|7|1|N
8|6|621|C|2|0|U|634|19|12|45|E0806|55|0|0|0|0|0|0|0|0|0|0|0|0|0|0|0|0|0|0|0|0|0||||||||
8|6|622|B|1|0|U|409|19|12|45|E0806|56|9|13|8|9|0|41|7|0|1|0|0|1|0|0|0|0|11|100|31|17|41|2024|4|25|15|37|7|1|N
8|6|623|C|2|0|U|726|19|12|45|E0806|58|14|15|161|34|0|50|86|1|0|0|0|1|7|48|0|1|9|427|191|176|50|2024|4|25|15|38|20|1|N
8|6|638|B|1|0|U|374|19|15|45|E0806|47|3|49|26|2|0|49|28|16|0|0|0|2|1|0|0|4|9|189|94|33|49|2024|4|25|15|42|27|1|N
8|6|639|B|1|0|U|380|19|15|45|E0806|49|16|11|15|15|0|55|33|0|19|0|0|44|0|0|0|2|10|220|61|92|55|2024|4|25|15|43|39|1|N
8|6|644|C|1|0|U|378|19|15|45|E0806|33|0|11|14|2|2|29|39|0|0|4|0|2|0|0|24|0|2|129|29|69|29|2024|4|25|15|45|11|1|N
8|6|743|B|1|0|U|641|19|15|45|E0806|23|7|73|54|9|0|34|172|0|0|1|0|16|0|0|0|4|12|382|135|197|34|2024|4|25|15|12|28|1|N
8|6|744|B|1|0|U|656|19|15|45|E0806|23|0|17|18|10|0|22|57|1|22|0|0|4|1|1|0|1|12|166|58|73|22|2024|4|25|15|13|52|1|N
8|6|752|C|1|0|U|385|19|15|45|E0806|21|4|57|13|11|0|16|39|0|0|0|0|6|2|0|0|1|0|149|74|58|16|2024|4|25|15|16|49|1|N
8|6|776|B|1|0|U|287|19|18|45|E0806|143|8|26|15|31|0|9|33|0|4|0|0|11|28|0|0|1|3|169|53|103|9|2024|4|25|15|19|18|1|N
8|6|779|B|1|0|U|542|19|15|45|E0806|14|0|13|13|95|0|23|35|0|0|0|0|48|0|1|0|4|4|236|26|179|23|2024|4|25|15|20|25|1|N
8|6|780|B|1|0|U|603|19|15|45|E0806|10|26|63|56|18|8|23|53|0|0|0|0|7|1|0|0|1|10|266|145|87|23|2024|4|25|14|6|30|4|N
8|6|797|B|1|0|U|524|19|15|45|E0806|9|12|26|99|35|0|30|5|1|0|6|0|17|0|1|0|5|11|248|144|58|30|2024|4|25|14|8|30|4|N
8|6|800|S|1|0|U|0|19|15|45|E0806|13|0|0|0|0|0|0|0|0|0|0|0|0|0|0|0|0|0|0|0|0|0|2024|4|25|16|5|13|4|N
8|6|839|C|3|0|U|708|19|18|45|E0806|159|0|0|0|0|0|0|0|0|0|0|0|0|0|0|0|0|0|0|0|0|0||||||||
8|6|846|S|1|0|U|0|19|18|45|E0806|155|0|0|0|0|0|0|0|0|0|0|0|0|0|0|0|0|0|0|0|0|0||||||||
8|6|847|C|2|0|U|746|19|18|45|E0806|156|66|1|54|134|0|77|84|0|0|0|0|0|0|37|0|4|12|469|121|255|77|2024|4|25|15|3|56|4|N
8|6|2845|B|1|0|U|425|19|12|45|E0806|86|46|17|123|0|21|60|38|0|0|0|0|5|2|0|0|0|5|317|186|66|60|2024|4|25|15|45|13|1|N
8|6|2858|C|2|0|U|659|19|12|45|E0806|90|22|25|103|14|0|29|98|0|0|21|0|0|0|0|0|1|9|322|171|112|29|2024|4|25|15|50|21|1|N
8|6|2899|B|1|0|U|507|19|12|45|E0806|110|0|0|0|0|0|0|0|0|0|0|0|0|0|0|0|0|0|0|0|0|0|2024|4|25|16|6|13|1|N
8|6|3183|C|1|0|U|456|19|12|45|E0806|68|9|46|101|15|10|8|1|0|3|0|0|0|21|0|0|3|3|220|159|47|8|2024|4|25|11|30|16|4|N
8|6|3196|B|1|0|U|596|19|12|45|E0806|59|96|88|35|18|1|23|12|0|0|28|0|10|0|0|0|2|11|324|247|41|23|2024|4|25|15|8|26|1|N
8|6|3211|B|1|0|U|384|19|12|45|E0806|60|5|2|53|1|0|54|20|0|0|0|0|12|0|0|0|2|11|160|60|33|54|2024|4|25|12|5|9|4|N
8|6|3214|C|1|0|U|546|19|18|45|E0806|133|22|93|30|0|0|48|70|0|57|3|0|0|4|22|0|3|10|362|205|96|48|2024|4|25|15|46|26|1|N
8|6|3266|C|1|0|U|635|19|18|45|E0806|127|1|1|1|1|1|1|1|1|1|1|1|1|1|1|1|1|1|17|7|7|1|2024|4|25|13|55|31|4|N
8|6|3289|B|1|0|U|442|19|12|45|E0806|111|17|17|17|17|17|17|17|17|17|17|17|17|17|17|17|17|17|289|119|119|17|2024|4|25|15|14|28|4|N
8|6|3345|C|1|0|U|604|19|12|45|E0806|73|0|0|0|0|0|0|0|0|0|0|0|0|0|0|0|0|0|0|0|0|0||||||||
8|6|3359|B|1|0|U|741|19|18|45|E0806|120|0|0|0|0|0|0|0|0|0|0|0|0|0|0|0|0|0|0|0|0|0||||||||
8|7|167|B|1|0|M|561|10|1|46|E0807|10|0|0|0|0|0|0|0|0|0|0|0|0|0|0|0|0|0|0|0|0|0|2024|4|25|15|57|19|1|N
8|7|168|B|1|0|M|474|10|1|46|E0807|10|0|0|0|0|0|0|0|0|0|0|0|0|0|0|0|0|0|0|0|0|0||||||||
8|7|276|C|6|0|U|681|17|14|46|E0807|27|0|0|0|0|0|0|0|0|0|0|0|0|0|0|0|0|0|0|0|0|0||||||||
8|7|286|B|1|0|U|653|17|14|46|E0807|32|104|3|43|0|6|91|107|0|0|8|2|49|1|0|0|0|9|423|160|163|91|2024|4|25|15|30|24|4|N
8|7|307|C|4|0|U|733|17|14|46|E0807|38|10|23|89|67|0|14|35|0|34|106|0|0|0|0|0|2|2|382|262|102|14|2024|4|25|15|32|54|4|N
8|7|311|C|1|0|U|520|17|14|46|E0807|39|0|0|0|0|0|0|0|0|0|0|0|0|0|0|0|0|0|0|0|0|0||||||||
8|7|333|C|1|0|U|729|17|14|46|E0807|48|0|0|0|0|0|0|0|0|0|0|0|0|0|0|0|0|0|0|0|0|0||||||||
8|7|334|C|1|0|U|592|17|14|46|E0807|49|118|90|24|0|6|38|9|0|24|1|0|0|0|48|0|1|5|364|257|63|38|2024|4|25|13|22|7|4|N
8|7|341|C|1|0|M|628|17|14|46|E0807|53|0|0|0|0|0|0|0|0|0|0|0|0|0|0|0|0|0|0|0|0|0||||||||
8|7|362|B|1|0|R|147|17|14|46|E0807|60|3|8|19|1|0|3|14|0|1|0|0|0|0|36|0|0|2|87|31|51|3|2024|4|25|15|40|30|4|N
8|7|365|C|1|0|R|559|17|14|46|E0807|60|1|9|136|126|0|58|128|0|0|0|0|0|15|0|0|2|10|485|146|269|58|2024|4|25|15|32|39|4|N
8|7|368|B|1|0|R|626|17|14|46|E0807|61|0|0|0|0|0|0|0|0|0|0|0|0|0|0|0|0|0|0|0|0|0||||||||
8|7|368|C|3|0|R|625|17|14|46|E0807|61|0|0|0|0|0|0|0|0|0|0|0|0|0|0|0|0|0|0|0|0|0|2024|4|25|16|8|39|4|N
8|7|384|B|1|0|M|295|17|14|46|E0807|68|69|2|12|4|0|50|2|0|0|0|0|6|0|0|0|0|0|145|83|12|50|2024|4|25|15|35|46|4|N
8|7|395|B|1|0|R|408|18|21|46|E0807|81|3|8|13|5|0|8|69|0|8|1|0|88|0|0|0|5|12|220|33|162|8|2024|4|25|15|48|3|4|N
8|7|1063|B|1|0|U|145|25|13|46|E0807|89|0|0|0|0|0|0|0|0|0|0|0|0|0|0|0|0|0|0|0|0|0||||||||
8|7|1077|B|1|0|R|211|26|21|46|E0807|94|0|0|0|0|0|0|0|0|0|0|0|0|0|0|0|0|0|0|0|0|0||||||||
8|7|1211|B|1|0|R|359|31|13|46|E0807|105|63|17|25|1|0|30|47|0|0|0|0|0|0|0|0|1|8|192|105|48|30|2024|4|25|15|5|40|4|N
8|7|1231|B|1|0|R|127|31|13|46|E0807|108|0|0|0|0|0|0|0|0|0|0|0|0|0|0|0|0|0|0|0|0|0|2024|4|25|15|55|54|4|N
8|7|1248|B|1|0|R|471|31|13|46|E0807|111|0|0|0|0|0|0|0|0|0|0|0|0|0|0|0|0|0|0|0|0|0|2024|4|25|16|4|37|4|N
8|7|1258|B|1|0|R|104|31|13|46|E0807|112|0|0|0|0|0|0|0|0|0|0|0|0|0|0|0|0|0|0|0|0|0|2024|4|25|16|7|2|1|N
8|7|1359|B|1|0|M|729|34|1|46|E0807|117|0|0|0|0|0|0|0|0|0|0|0|0|0|0|0|0|0|0|0|0|0|2024|4|25|15|59|51|4|N
8|7|2251|B|1|0|R|158|40|13|46|E0807|125|0|0|0|0|0|0|0|0|0|0|0|0|0|0|0|0|0|0|0|0|0|2024|4|25|16|2|1|1|N
8|7|2258|B|1|0|R|294|40|13|46|E0807|127|0|0|0|0|0|0|0|0|0|0|0|0|0|0|0|0|0|0|0|0|0||||||||
8|7|2335|C|1|0|R|393|47|13|46|E0807|139|0|0|0|0|0|0|0|0|0|0|0|0|0|0|0|0|0|0|0|0|0|2024|4|25|15|56|38|1|N
8|7|2430|C|1|0|U|634|50|1|46|E0807|161|0|0|0|0|0|0|0|0|0|0|0|0|0|0|0|0|0|0|0|0|0||||||||
8|7|2436|B|1|0|U|398|50|1|46|E0807|175|0|0|0|0|0|0|0|0|0|0|0|0|0|0|0|0|0|0|0|0|0||||||||
8|7|2463|B|1|0|R|147|51|13|46|E0807|177|0|0|0|0|0|0|0|0|0|0|0|0|0|0|0|0|0|0|0|0|0||||||||
8|7|2467|B|1|0|R|439|51|13|46|E0807|176|0|0|0|0|0|0|0|0|0|0|0|0|0|0|0|0|0|0|0|0|0||||||||
8|7|2520|B|1|0|R|720|54|13|46|E0807|181|23|83|9|12|0|58|78|0|116|6|0|2|10|0|0|5|12|414|237|102|58|2024|4|25|15|45|19|1|N
8|7|2520|C|5|0|R|719|54|13|46|E0807|181|0|0|0|0|0|0|0|0|0|0|0|0|0|0|0|0|0|0|0|0|0|2024|4|25|16|0|1|1|N
8|7|2657|B|1|0|R|228|63|13|46|E0807|186|0|0|0|0|0|0|0|0|0|0|0|0|0|0|0|0|0|0|0|0|0||||||||
8|7|3316|C|1|0|U|699|17|14|46|E0807|70|23|58|16|100|0|17|223|0|0|3|0|10|0|0|0|1|2|453|100|333|17|2024|4|25|15|22|23|4|N
8|7|3352|C|2|0|U|661|17|14|46|E0807|72|0|0|0|0|0|0|0|0|0|0|0|0|0|0|0|0|0|0|0|0|0||||||||
8|8|427|B|1|0|U|505|19|18|47|E0808|166|0|0|0|0|0|0|0|0|0|0|0|0|0|0|0|0|0|0|0|0|0||||||||
8|8|465|C|1|0|U|441|19|16|47|E0808|55|20|8|74|3|6|10|18|0|9|51|0|10|0|4|0|3|4|220|162|41|10|2024|4|25|15|42|57|4|N
8|8|477|B|1|0|U|381|19|16|47|E0808|63|24|11|39|7|0|28|125|0|1|0|0|0|10|0|48|5|11|309|75|190|28|2024|4|25|15|38|1|4|N
8|8|483|C|1|0|U|417|19|18|47|E0808|159|22|0|1|60|3|15|10|0|0|0|0|0|0|0|0|1|2|114|23|73|15|2024|4|25|10|5|55|4|N
8|8|492|B|1|0|U|625|19|16|47|E0808|69|0|0|0|0|0|0|0|0|0|0|0|0|0|0|0|0|0|0|0|0|0||||||||
8|8|552|B|1|0|U|411|19|17|47|E0808|46|31|21|58|78|2|22|12|0|0|0|0|19|0|0|0|3|4|250|110|111|22|2024|4|25|15|49|20|4|N
8|8|566|C|1|0|U|519|19|17|47|E0808|36|0|0|0|0|0|0|0|0|0|0|0|0|0|0|0|0|0|0|0|0|0||||||||
8|8|571|B|1|0|U|568|19|17|47|E0808|36|0|0|0|0|0|0|0|0|0|0|0|0|0|0|0|0|0|0|0|0|0||||||||
8|8|578|C|1|0|U|559|19|16|47|E0808|83|0|0|0|0|0|0|0|0|0|0|0|0|0|0|0|0|0|0|0|0|0||||||||
8|8|588|B|1|0|U|620|19|16|47|E0808|83|98|13|46|43|52|150|103|6|0|0|0|0|0|0|2|3|12|528|163|200|150|2024|4|25|15|12|34|4|N
8|8|607|C|1|0|U|432|19|17|47|E0808|48|0|0|0|0|0|0|0|0|0|0|0|0|0|0|0|0|0|0|0|0|0||||||||
8|8|650|B|1|0|U|504|19|15|47|E0808|124|8|10|44|13|0|79|138|0|2|3|0|1|0|0|0|4|2|304|67|152|79|2024|4|25|13|45|47|4|N
8|8|651|B|1|0|U|708|19|15|47|E0808|126|47|37|21|13|1|91|88|0|1|0|0|18|0|0|0|0|4|321|106|120|91|2024|4|25|15|5|37|4|N
8|8|674|B|1|0|U|490|19|15|47|E0808|126|12|91|82|5|8|64|36|23|0|0|0|1|0|0|0|3|12|337|208|50|64|2024|4|25|15|5|38|4|N
8|8|687|B|1|0|U|553|19|15|47|E0808|123|0|0|0|0|0|0|0|0|0|0|0|0|0|0|0|0|0|0|0|0|0||||||||
8|8|688|C|1|0|U|458|19|15|47|E0808|122|94|18|25|6|1|109|5|0|0|0|0|0|27|0|0|1|12|298|137|39|109|2024|4|25|10|32|28|4|N
8|8|689|C|1|0|U|680|19|15|47|E0808|131|17|17|25|46|2|122|11|0|19|1|0|2|0|1|0|0|0|263|79|62|122|2024|4|25|15|1|57|4|N
8|8|713|C|1|0|U|559|19|15|47|E0808|130|0|0|0|0|0|0|0|0|0|0|0|0|0|0|0|0|0|0|0|0|0||||||||
8|8|718|C|4|0|U|653|19|15|47|E0808|168|0|0|0|0|0|0|0|0|0|0|0|0|0|0|0|0|0|0|0|0|0||||||||
8|8|739|B|1|0|U|473|19|15|47|E0808|133|0|0|0|0|0|0|0|0|0|0|0|0|0|0|0|0|0|0|0|0|0||||||||
8|8|766|C|1|0|U|386|19|15|47|E0808|136|0|0|0|0|0|0|0|0|0|0|0|0|0|0|0|0|0|0|0|0|0||||||||
8|8|787|C|1|0|U|594|19|15|47|E0808|140|0|0|0|0|0|0|0|0|0|0|0|0|0|0|0|0|0|0|0|0|0||||||||
8|8|855|B|1|0|U|612|19|17|47|E0808|27|0|0|0|0|0|0|0|0|0|0|0|0|0|0|0|0|0|0|0|0|0||||||||
8|8|3243|C|1|0|M|514|19|17|47|E0808|172|0|0|0|0|0|0|0|0|0|0|0|0|0|0|0|0|0|0|0|0|0||||||||
8|8|3254|C|1|0|U|513|19|17|47|E0808|19|0|0|0|0|0|0|0|0|0|0|0|0|0|0|0|0|0|0|0|0|0||||||||
8|8|3295|B|1|0|U|674|19|17|47|E0808|2|3|29|19|56|0|10|77|0|35|21|0|0|0|0|0|5|5|260|107|133|10|2024|4|25|15|25|21|4|N
8|8|3298|C|1|0|U|633|19|16|47|E0808|101|2|189|44|20|9|21|77|0|0|0|0|0|0|0|0|5|5|372|235|106|21|2024|4|25|15|44|40|4|N
8|8|3305|B|1|0|U|606|19|16|47|E0808|98|5|10|24|4|3|100|89|1|0|0|0|48|0|0|0|2|2|288|40|144|100|2024|4|25|15|8|28|4|N
8|8|3318|C|2|0|U|655|19|17|47|E0808|9|0|0|0|0|0|0|0|0|0|0|0|0|0|0|0|0|0|0|0|0|0||||||||
8|8|3367|C|3|0|U|584|19|16|47|E0808|103|0|0|0|0|0|0|0|0|0|0|0|0|0|0|0|0|0|0|0|0|0||||||||
8|8|3369|B|1|0|U|642|19|16|47|E0808|102|1|113|24|5|0|44|59|9|1|0|0|6|1|0|0|2|11|276|148|71|44|2024|4|25|15|17|30|4|N
8|9|47|B|1|0|R|144|3|20|48|E0809|4|0|0|0|0|0|0|0|0|0|0|0|0|0|0|0|0|0|0|0|0|0|2024|4|25|16|7|8|1|N
8|9|118|B|1|0|R|231|8|22|48|E0809|15|0|0|0|0|0|0|0|0|0|0|0|0|0|0|0|0|0|0|0|0|0||||||||
8|9|135|C|1|0|U|510|9|13|48|E0809|136|0|0|0|0|0|0|0|0|0|0|0|0|0|0|0|0|0|0|0|0|0||||||||
8|9|137|C|2|0|M|724|9|13|48|E0809|137|0|0|0|0|0|0|0|0|0|0|0|0|0|0|0|0|0|0|0|0|0||||||||
8|9|914|E|2|0|R|222|20|13|48|E0809|149|0|0|0|0|0|0|0|0|0|0|0|0|0|0|0|0|0|0|0|0|0||||||||
8|9|1089|B|1|0|U|700|27|22|48|E0809|54|4|17|26|31|1|0|26|0|0|1|0|1|0|0|0|3|12|122|48|59|0|2024|4|25|15|9|13|4|N
8|9|1103|B|1|0|R|331|27|22|48|E0809|36|0|0|0|0|0|0|0|0|0|0|0|0|0|0|0|0|0|0|0|0|0||||||||
8|9|1117|B|1|0|R|518|27|22|48|E0809|45|5|58|34|6|0|82|14|0|1|0|0|16|0|0|0|1|11|228|98|36|82|2024|4|25|15|5|22|4|N
8|9|1145|B|1|0|R|479|29|22|48|E0809|65|0|0|0|0|0|0|0|0|0|0|0|0|0|0|0|0|0|0|0|0|0||||||||
8|9|1156|B|1|0|R|439|29|22|48|E0809|68|0|0|0|0|0|0|0|0|0|0|0|0|0|0|0|0|0|0|0|0|0||||||||
8|9|1160|C|2|0|R|675|29|22|48|E0809|69|0|0|0|0|0|0|0|0|0|0|0|0|0|0|0|0|0|0|0|0|0||||||||
8|9|1163|B|1|0|R|209|29|22|48|E0809|67|0|0|0|0|0|0|0|0|0|0|0|0|0|0|0|0|0|0|0|0|0||||||||
8|9|1179|B|1|0|R|106|30|22|48|E0809|157|0|0|0|0|0|0|0|0|0|0|0|0|0|0|0|0|0|0|0|0|0||||||||
8|9|1280|C|1|0|U|694|32|21|48|E0809|79|0|0|0|0|0|0|0|0|0|0|0|0|0|0|0|0|0|0|0|0|0||||||||
8|9|1294|B|1|0|U|445|32|21|48|E0809|91|38|63|37|3|1|40|21|0|3|1|0|11|0|0|0|1|6|225|142|36|40|2024|4|25|14|12|0|4|N
8|9|1306|C|1|0|M|609|32|21|48|E0809|87|0|0|0|0|0|0|0|0|0|0|0|0|0|0|0|0|0|0|0|0|0||||||||
8|9|1346|C|1|0|U|460|32|21|48|E0809|85|0|0|9|0|0|0|0|0|0|0|0|0|0|0|0|0|0|9|9|0|0|2024|4|25|15|42|23|4|N
8|9|2568|B|1|0|U|336|59|21|48|E0809|118|0|0|0|0|0|0|0|0|0|0|0|0|0|0|0|0|0|0|0|0|0||||||||
8|9|2572|B|1|0|U|352|59|21|48|E0809|118|0|0|0|0|0|0|0|0|0|0|0|0|0|0|0|0|0|0|0|0|0||||||||
8|9|2573|B|1|0|U|518|59|21|48|E0809|118|0|0|0|0|0|0|0|0|0|0|0|0|0|0|0|0|0|0|0|0|0||||||||
8|9|2593|B|1|0|U|537|60|21|48|E0809|116|0|0|0|0|0|0|0|0|0|0|0|0|0|0|0|0|0|0|0|0|0||||||||
8|9|2597|B|1|0|R|199|60|21|48|E0809|113|0|0|0|0|0|0|0|0|0|0|0|0|0|0|0|0|0|0|0|0|0||||||||
8|9|2606|B|1|0|R|504|61|21|48|E0809|124|0|0|0|0|0|0|0|0|0|0|0|0|0|0|0|0|0|0|0|0|0||||||||
8|9|2669|B|1|0|R|449|65|22|48|E0809|126|0|0|0|0|0|0|0|0|0|0|0|0|0|0|0|0|0|0|0|0|0||||||||
8|9|2669|C|1|0|R|448|65|22|48|E0809|126|0|0|0|0|0|0|0|0|0|0|0|0|0|0|0|0|0|0|0|0|0||||||||
8|9|2673|B|1|0|R|583|65|22|48|E0809|132|0|0|0|0|0|0|0|0|0|0|0|0|0|0|0|0|0|0|0|0|0||||||||
8|9|2704|B|1|0|R|115|67|21|48|E0809|121|0|0|0|0|0|0|0|0|0|0|0|0|0|0|0|0|0|0|0|0|0||||||||
8|9|2709|B|1|0|R|179|67|21|48|E0809|122|0|0|0|0|0|0|0|0|0|0|0|0|0|0|0|0|0|0|0|0|0||||||||
8|9|3362|B|1|0|U|620|32|21|48|E0809|102|0|0|0|0|0|0|0|0|0|0|0|0|0|0|0|0|0|0|0|0|0||||||||
9|1|827|C|2|0|U|651|5|1|49|E0901|92|0|0|0|0|0|0|0|0|0|0|0|0|0|0|0|0|0|0|0|0|0||||||||
9|1|828|C|1|0|U|580|5|1|49|E0901|94|100|66|0|0|6|54|95|0|0|0|0|0|0|0|0|3|5|329|166|101|54|2024|4|25|14|4|19|4|N
9|1|831|B|1|0|U|700|5|1|49|E0901|91|25|43|5|73|1|168|22|0|0|0|0|0|24|0|0|3|9|373|73|120|168|2024|4|25|14|17|23|4|N
9|1|836|B|1|0|U|667|5|1|49|E0901|8|40|347|0|3|5|74|7|57|0|0|0|0|27|0|0|0|2|562|444|42|74|2024|4|25|10|36|34|4|N
9|1|849|C|1|0|U|680|5|1|49|E0901|11|75|14|4|127|5|184|28|0|7|0|0|0|112|0|0|4|4|564|100|272|184|2024|4|25|15|7|26|4|N
9|1|849|C|2|0|U|680|5|1|49|E0901|11|10|40|5|67|2|81|56|0|0|10|0|0|78|32|0|1|9|391|65|235|81|2024|4|25|15|12|9|4|N
9|1|875|C|1|0|U|610|5|1|49|E0901|20|61|4|0|26|0|100|164|0|0|0|0|0|30|0|0|5|5|395|65|220|100|2024|4|25|14|13|19|4|N
9|1|875|C|2|0|U|609|5|1|49|E0901|20|29|65|23|82|12|94|110|0|0|0|0|1|1|2|0|2|9|430|117|208|94|2024|4|25|14|17|23|4|N
9|1|882|C|2|0|U|557|5|1|49|E0901|21|89|19|10|71|1|124|105|0|1|47|0|0|0|0|0|5|11|483|166|177|124|2024|4|25|15|11|6|4|N
9|1|883|C|1|0|U|634|5|1|49|E0901|28|14|23|36|1|2|270|13|7|0|0|17|4|0|0|0|4|11|402|97|20|270|2024|4|25|15|44|9|4|N
9|1|890|C|2|0|U|533|5|1|49|E0901|63|0|0|0|0|0|0|0|0|0|0|0|0|0|0|0|0|0|0|0|0|0||||||||
9|1|911|B|1|0|U|725|5|1|49|E0901|32|56|102|25|22|5|99|93|0|7|0|0|39|0|3|0|3|7|461|190|162|99|2024|4|25|15|28|42|4|N
9|1|923|C|1|0|U|559|5|1|49|E0901|35|7|41|0|103|17|102|96|6|0|0|0|66|4|0|0|2|0|444|54|286|102|2024|4|25|15|27|29|4|N
9|1|931|B|1|0|U|658|5|1|49|E0901|53|0|0|0|0|0|0|0|0|0|0|0|0|0|0|0|0|0|0|0|0|0||||||||
9|1|940|B|1|0|U|664|5|1|49|E0901|42|0|0|0|0|0|0|0|0|0|0|0|0|0|0|0|0|0|0|0|0|0||||||||
9|1|943|B|1|0|U|625|5|1|49|E0901|47|0|0|0|0|0|0|0|0|0|0|0|0|0|0|0|0|0|0|0|0|0||||||||
9|1|944|C|1|0|U|624|5|1|49|E0901|47|0|0|0|0|0|0|0|0|0|0|0|0|0|0|0|0|0|0|0|0|0||||||||
9|1|947|C|1|0|U|533|5|1|49|E0901|53|0|0|0|0|0|0|0|0|0|0|0|0|0|0|0|0|0|0|0|0|0||||||||
9|1|954|B|1|0|U|723|5|1|49|E0901|45|19|53|39|3|31|159|91|2|0|0|0|0|39|0|0|2|3|441|113|164|159|2024|4|25|14|2|56|4|N
9|1|959|B|1|0|U|429|5|2|49|E0901|98|21|9|1|0|0|4|89|7|0|0|0|0|6|0|0|2|3|142|38|95|4|2024|4|25|14|6|47|4|N
9|1|986|C|1|0|U|455|5|2|49|E0901|116|0|0|0|0|0|0|0|0|0|0|0|0|0|0|0|0|0|0|0|0|0||||||||
9|1|1002|C|3|0|U|623|5|2|49|E0901|102|23|10|31|22|0|170|57|0|0|0|0|0|4|16|0|5|3|341|64|99|170|2024|4|25|14|5|6|4|N
9|1|1005|B|1|0|U|408|5|2|49|E0901|105|0|11|0|4|0|0|41|0|0|0|0|0|11|0|0|0|5|72|11|56|0|2024|4|25|15|1|58|4|N
9|1|1006|C|1|0|U|484|5|2|49|E0901|106|59|47|0|28|0|101|39|0|0|0|0|0|42|0|0|0|3|319|106|109|101|2024|4|25|14|10|11|4|N
9|1|1030|B|1|0|U|410|5|2|49|E0901|145|12|23|1|13|31|142|51|0|4|0|0|0|15|0|0|4|0|296|40|110|142|2024|4|25|15|22|46|4|N
9|1|1077|C|1|0|U|702|5|1|49|E0901|19|56|32|53|44|0|102|56|0|0|0|5|0|1|0|0|5|7|361|146|101|102|2024|4|25|15|14|38|4|N
9|2|1064|C|1|0|U|510|5|2|50|E0902|100|0|0|0|0|0|0|0|0|0|0|0|0|0|0|0|0|0|0|0|0|0||||||||
9|2|1067|B|1|0|U|420|5|2|50|E0902|94|45|7|31|0|30|60|43|0|1|0|0|12|13|0|0|3|5|250|84|98|60|2024|4|25|10|36|0|4|N
9|2|1091|B|1|0|U|565|5|2|50|E0902|88|43|77|13|82|1|65|180|2|6|0|0|0|3|0|0|4|3|479|141|266|65|2024|4|25|15|3|31|4|N
9|2|1092|C|1|0|U|488|5|2|50|E0902|88|59|96|2|11|18|59|34|0|0|0|0|0|0|0|0|0|0|279|157|63|59|2024|4|25|14|14|34|4|N
9|2|1098|C|1|0|U|522|5|6|50|E0902|116|0|0|0|0|0|0|0|0|0|0|0|0|0|0|0|0|0|0|0|0|0||||||||
9|2|1114|B|1|0|U|452|5|2|50|E0902|86|28|100|1|33|3|48|60|0|0|0|0|0|0|0|0|4|2|279|129|96|48|2024|4|25|14|2|53|4|N
9|2|1121|B|1|0|U|739|5|6|50|E0902|112|0|0|0|0|0|0|0|0|0|0|0|0|0|0|0|0|0|0|0|0|0||||||||
9|2|1135|C|1|0|U|481|5|2|50|E0902|80|11|7|0|2|1|89|191|0|62|0|0|13|4|0|0|4|3|387|80|211|89|2024|4|25|14|8|17|4|N
9|2|1210|B|1|0|U|681|5|6|50|E0902|128|0|0|0|0|0|0|0|0|0|0|0|0|0|0|0|0|0|0|0|0|0||||||||
9|2|1217|C|2|0|U|563|5|2|50|E0902|43|64|48|34|30|72|153|20|0|0|0|0|0|0|0|0|3|4|428|146|122|153|2024|4|25|15|18|47|4|N
9|2|1227|C|1|0|U|489|5|4|50|E0902|8|11|1|31|7|3|68|40|15|2|0|0|0|1|0|0|2|11|192|60|51|68|2024|4|25|14|10|9|1|N
9|2|1239|C|1|0|U|509|5|4|50|E0902|12|21|14|1|21|1|112|50|0|0|17|0|0|6|0|0|2|2|247|53|78|112|2024|4|25|14|15|18|4|N
9|2|1240|C|1|0|U|491|5|4|50|E0902|11|0|0|0|0|0|0|0|0|0|0|0|0|0|0|0|0|0|0|0|0|0||||||||
9|2|1255|B|1|0|U|447|5|2|50|E0902|46|36|13|30|10|0|75|118|0|0|0|0|1|41|0|0|1|4|329|79|170|75|2024|4|25|11|20|28|4|N
9|2|1260|B|1|0|U|483|5|2|50|E0902|49|0|0|0|0|0|0|0|0|0|0|0|0|0|0|0|0|0|0|0|0|0||||||||
9|2|1270|C|2|0|U|532|5|4|50|E0902|14|0|0|0|0|0|0|0|0|0|0|0|0|0|0|0|0|0|0|0|0|0||||||||
9|2|1277|C|1|0|U|594|5|4|50|E0902|15|144|72|0|127|0|47|65|0|4|0|0|0|4|1|0|1|6|471|220|197|47|2024|4|25|13|30|58|4|N
9|2|1278|C|1|0|U|681|5|4|50|E0902|17|39|47|52|40|0|35|71|0|10|0|0|1|0|3|0|2|8|308|148|115|35|2024|4|25|14|6|22|4|N
9|2|1283|B|1|0|U|532|5|4|50|E0902|19|1|5|2|3|3|12|9|0|0|0|0|0|3|0|0|3|8|49|8|18|12|2024|4|25|14|15|16|4|N
9|2|1290|B|1|0|U|474|5|2|50|E0902|48|0|0|0|0|0|0|0|0|0|0|0|0|0|0|0|0|0|0|0|0|0||||||||
9|2|1294|B|1|0|U|475|5|2|50|E0902|58|0|0|0|0|0|0|0|0|0|0|0|0|0|0|0|0|0|0|0|0|0||||||||
9|2|1297|B|1|0|U|736|5|2|50|E0902|92|5|66|0|68|2|97|177|0|7|0|30|0|2|2|0|1|1|458|108|251|97|2024|4|25|12|36|4|4|N
9|2|1310|C|1|0|U|553|5|4|50|E0902|21|0|0|0|0|0|0|0|0|0|0|0|0|0|0|0|0|0|0|0|0|0||||||||
9|2|1465|B|1|0|U|464|5|2|50|E0902|101|0|0|0|0|0|0|0|0|0|0|0|0|0|0|0|0|0|0|0|0|0||||||||
9|2|1487|B|1|0|U|516|5|2|50|E0902|71|0|0|0|0|0|0|0|0|0|0|0|0|0|0|0|0|0|0|0|0|0||||||||
9|2|1487|C|1|0|U|516|5|2|50|E0902|71|26|19|85|47|22|45|52|0|2|0|0|0|11|0|0|2|0|311|132|132|45|2024|4|25|14|4|40|1|N
9|2|4587|B|1|0|U|384|15|9|50|E0902|158|42|24|37|1|0|89|34|0|0|1|0|0|7|5|0|0|2|242|104|47|89|2024|4|25|14|5|14|4|N
9|2|4589|C|1|0|U|561|15|9|50|E0902|153|14|5|46|22|0|77|55|0|50|5|0|0|21|0|0|4|0|299|120|98|77|2024|4|25|15|16|20|4|N
9|2|4602|B|1|0|U|527|15|9|50|E0902|166|0|0|0|0|0|0|0|0|0|0|0|0|0|0|0|0|0|0|0|0|0||||||||
9|2|4656|B|1|0|U|545|15|9|50|E0902|146|0|0|0|0|0|0|0|0|0|0|0|0|0|0|0|0|0|0|0|0|0||||||||
9|2|4656|C|2|0|U|544|15|9|50|E0902|146|0|0|0|0|0|0|0|0|0|0|0|0|0|0|0|0|0|0|0|0|0||||||||
9|2|4658|C|2|0|U|612|15|9|50|E0902|151|62|117|19|30|0|39|31|6|0|0|0|2|2|4|0|5|5|322|204|69|39|2024|4|25|14|3|11|4|N
9|2|4659|B|1|0|U|702|15|9|50|E0902|151|0|0|0|0|0|0|0|0|0|0|0|0|0|0|0|0|0|0|0|0|0||||||||
9|3|5|C|1|0|U|553|2|5|51|E0903|113|0|0|0|0|0|0|0|0|0|0|0|0|0|0|0|0|0|0|0|0|0||||||||
9|3|8|B|1|0|U|567|2|5|51|E0903|124|29|62|17|76|0|74|108|0|4|0|0|0|2|0|0|5|2|379|112|186|74|2024|4|25|15|11|58|4|N
9|3|16|B|1|0|U|539|2|5|51|E0903|130|14|12|0|18|1|172|60|0|1|4|0|0|9|0|0|1|2|294|31|88|172|2024|4|25|15|16|58|4|N
9|3|32|B|1|0|U|742|2|5|51|E0903|132|0|0|0|0|0|0|0|0|0|0|0|0|0|0|0|0|0|0|0|0|0||||||||
9|3|39|B|1|0|U|583|2|5|51|E0903|143|0|0|0|0|0|0|0|0|0|0|0|0|0|0|0|0|0|0|0|0|0|2024|4|25|16|0|13|1|N
9|3|55|B|1|0|U|446|2|5|51|E0903|139|2|18|43|52|8|63|73|0|0|5|0|0|14|0|0|1|12|291|68|147|63|2024|4|25|15|26|35|1|N
9|3|56|C|2|0|U|732|2|3|51|E0903|67|2|31|3|97|4|89|122|7|5|0|0|0|57|32|0|2|1|452|48|312|89|2024|4|25|14|4|27|4|N
9|3|84|C|1|0|U|547|2|3|51|E0903|86|0|0|0|0|0|0|0|0|0|0|0|0|0|0|0|0|0|0|0|0|0||||||||
9|3|95|B|1|0|U|589|2|3|51|E0903|85|1|49|28|14|4|163|58|0|0|0|0|0|47|0|0|5|1|370|78|123|163|2024|4|25|15|43|35|1|N
9|3|108|B|1|0|U|557|2|5|51|E0903|155|0|0|0|0|0|0|0|0|0|0|0|0|0|0|0|0|0|0|0|0|0||||||||
9|3|111|C|1|0|U|668|2|3|51|E0903|96|0|0|0|0|0|0|0|0|0|0|0|0|0|0|0|0|0|0|0|0|0||||||||
9|3|144|B|1|0|U|414|2|5|51|E0903|146|8|82|0|87|0|139|3|0|0|0|0|0|0|0|0|2|9|330|90|90|139|2024|4|25|14|15|50|4|N
9|3|162|B|1|0|U|528|2|3|51|E0903|12|18|91|30|12|0|32|51|71|31|0|0|0|18|37|0|4|7|402|241|118|32|2024|4|25|15|32|4|4|N
9|3|176|B|1|0|U|587|2|3|51|E0903|16|65|5|0|63|2|274|3|0|0|0|0|4|0|0|0|1|3|420|70|72|274|2024|4|25|15|42|47|1|N
9|3|186|B|1|0|U|613|2|3|51|E0903|24|0|0|0|0|0|0|0|0|0|0|0|0|0|0|0|0|0|0|0|0|0||||||||
9|3|187|C|3|0|U|608|2|3|51|E0903|62|54|66|2|12|4|167|59|0|0|0|0|9|83|0|0|0|3|459|122|167|167|2024|4|25|14|10|10|4|N
9|3|193|B|1|0|U|521|2|3|51|E0903|20|10|45|0|106|0|46|58|0|0|0|0|0|11|0|0|4|10|290|55|175|46|2024|4|25|15|48|0|4|N
9|3|193|C|2|0|U|520|2|3|51|E0903|20|5|71|9|2|0|138|137|0|0|0|0|17|0|0|0|1|6|386|85|156|138|2024|4|25|15|51|2|4|N
9|3|209|B|1|0|U|423|2|3|51|E0903|38|6|104|0|13|2|93|84|0|12|0|0|0|24|0|0|1|10|349|122|123|93|2024|4|25|15|12|4|4|N
9|3|215|B|1|0|U|543|2|3|51|E0903|55|4|3|4|0|13|156|30|79|1|3|0|0|48|0|0|0|5|346|94|91|156|2024|4|25|14|13|48|4|N
9|3|219|C|3|0|U|606|2|3|51|E0903|40|0|0|0|0|0|0|0|0|0|0|0|0|0|0|0|0|0|0|0|0|0||||||||
9|3|228|C|1|0|U|619|2|3|51|E0903|47|22|223|2|23|13|59|13|8|0|1|0|2|51|0|0|0|10|427|256|102|59|2024|4|25|11|2|4|4|N
9|3|232|B|1|0|U|510|2|3|51|E0903|53|0|0|0|0|0|0|0|0|0|0|0|0|0|0|0|0|0|0|0|0|0||||||||
9|3|246|C|1|0|U|631|2|3|51|E0903|56|0|0|0|0|0|0|0|0|0|0|0|0|0|0|0|0|0|0|0|0|0||||||||
9|3|250|C|1|0|U|580|2|5|51|E0903|175|0|0|0|0|0|0|0|0|0|0|0|0|0|0|0|0|0|0|0|0|0||||||||
9|3|258|C|1|0|U|505|2|5|51|E0903|160|0|0|0|0|0|0|0|0|0|0|0|0|0|0|0|0|0|0|0|0|0|2024|4|25|15|55|25|1|N
9|3|286|C|1|0|U|462|2|5|51|E0903|165|33|42|8|57|0|36|37|0|0|101|0|0|0|0|0|4|7|325|184|94|36|2024|4|25|15|19|41|4|N
9|3|302|B|1|0|U|468|2|3|51|E0903|8|0|0|0|0|0|0|0|0|0|0|0|0|0|0|0|0|0|0|0|0|0|2024|4|25|15|57|34|4|N
9|3|305|C|1|0|U|414|2|3|51|E0903|10|0|0|0|0|0|0|0|0|0|0|0|0|0|0|0|0|0|0|0|0|0|2024|4|25|16|8|47|1|N
9|3|5513|B|1|0|U|569|2|3|51|E0903|9|36|86|2|20|50|67|32|0|0|0|0|0|73|0|0|4|9|379|124|175|67|2024|4|25|14|6|51|4|N
9|3|5514|B|1|0|U|714|2|3|51|E0903|9|0|0|0|0|0|0|0|0|0|0|0|0|0|0|0|0|0|0|0|0|0||||||||
9|4|2524|B|1|0|U|724|7|29|52|E0904|10|0|0|0|0|0|0|0|0|0|0|0|0|0|0|0|0|0|0|0|0|0||||||||
9|4|2626|C|1|0|U|520|7|29|52|E0904|17|43|61|0|5|1|115|22|4|0|8|7|0|37|0|0|5|9|317|123|65|115|2024|4|25|13|47|56|4|N
9|4|2771|C|1|0|U|603|7|29|52|E0904|32|4|97|1|19|0|262|60|2|0|0|0|0|29|0|0|1|2|477|104|108|262|2024|4|25|12|24|47|4|N
9|4|2829|C|1|0|U|659|7|31|52|E0904|46|52|10|20|97|78|73|23|26|4|8|0|0|83|0|0|1|3|478|120|281|73|2024|4|25|14|17|35|4|N
9|4|2836|C|1|0|U|530|7|28|52|E0904|121|52|69|0|66|28|131|39|4|0|0|0|0|57|0|0|4|10|460|125|190|131|2024|4|25|15|31|27|4|N
9|4|2850|C|1|0|U|720|7|31|52|E0904|58|96|85|0|13|0|179|16|19|0|0|0|17|20|26|0|4|8|483|200|92|179|2024|4|25|15|2|19|4|N
9|4|2853|C|2|0|U|622|7|31|52|E0904|67|10|40|59|59|16|135|12|0|0|0|0|0|85|7|0|4|0|427|109|179|135|2024|4|25|11|7|25|4|N
9|4|2869|B|1|0|U|682|7|31|52|E0904|39|0|0|0|0|0|0|0|0|0|0|0|0|0|0|0|0|0|0|0|0|0|2024|4|25|15|59|33|1|N
9|4|2870|B|1|0|U|692|7|31|52|E0904|65|0|0|0|0|0|0|0|0|0|0|0|0|0|0|0|0|0|0|0|0|0||||||||
9|4|2874|C|2|0|U|660|7|31|52|E0904|73|83|50|0|7|0|185|36|0|0|0|0|0|75|0|0|0|2|438|133|118|185|2024|4|25|15|26|42|4|N
9|4|2876|C|2|0|U|588|7|31|52|E0904|59|12|13|4|34|30|237|46|0|0|0|0|0|2|0|0|5|4|387|29|112|237|2024|4|25|14|17|2|4|N
9|4|2892|B|1|0|U|449|7|28|52|E0904|118|38|53|19|15|76|112|60|0|0|0|0|0|18|0|0|0|5|396|110|169|112|2024|4|25|14|1|26|4|N
9|4|2910|C|1|0|U|504|7|31|52|E0904|112|102|5|7|89|1|71|113|0|0|0|0|0|7|0|0|1|9|405|114|210|71|2024|4|25|14|7|12|4|N
9|4|2911|B|1|0|U|560|7|31|52|E0904|111|27|9|0|6|10|72|180|0|0|0|0|0|29|6|0|2|9|350|36|231|72|2024|4|25|14|7|8|4|N
9|4|2918|C|2|0|U|622|7|31|52|E0904|81|0|0|0|0|0|0|0|0|0|0|0|0|0|0|0|0|0|0|0|0|0||||||||
9|4|2928|C|2|0|U|602|7|31|52|E0904|100|9|28|7|34|0|253|55|0|0|16|0|0|2|5|0|1|7|417|60|96|253|2024|4|25|14|8|19|4|N
9|4|2941|C|2|0|U|607|7|31|52|E0904|96|1|30|57|11|0|113|58|0|2|2|12|6|32|0|0|1|4|329|104|107|113|2024|4|25|14|5|36|4|N
9|4|2946|B|1|0|U|585|7|28|52|E0904|104|0|0|0|0|0|0|0|0|0|0|0|0|0|0|0|0|0|0|0|0|0||||||||
9|4|2953|B|1|0|U|655|7|31|52|E0904|94|7|22|2|98|1|262|7|0|0|1|1|0|63|5|0|1|10|480|33|174|262|2024|4|25|14|4|19|4|N
9|4|2958|C|6|0|U|709|7|31|52|E0904|89|0|89|73|49|6|173|42|0|0|12|0|3|41|0|0|1|0|489|174|141|173|2024|4|25|14|9|32|4|N
9|4|2966|B|1|0|U|640|7|31|52|E0904|75|14|26|4|89|0|148|91|0|0|0|0|43|1|0|0|4|7|427|44|224|148|2024|4|25|14|16|12|4|N
9|4|5593|C|3|0|U|671|7|31|52|E0904|37|40|25|31|5|0|93|33|0|0|14|2|0|0|0|0|5|8|256|112|38|93|2024|4|25|14|14|35|4|N
9|5|3930|C|4|0|U|698|12|16|53|E0905|137|11|146|5|8|0|159|50|0|0|0|0|0|38|3|0|3|4|427|162|99|159|2024|4|25|14|5|14|4|N
9|5|3944|C|1|0|U|664|12|16|53|E0905|67|73|68|2|22|1|168|62|0|0|0|0|0|4|0|0|5|3|408|143|89|168|2024|4|25|15|11|47|4|N
9|5|3953|B|1|0|U|569|12|16|53|E0905|73|0|0|0|0|0|0|0|0|0|0|0|0|0|0|0|0|0|0|0|0|0||||||||
9|5|3957|C|1|0|U|629|12|19|53|E0905|60|0|0|0|0|0|0|0|0|0|0|0|0|0|0|0|0|0|0|0|0|0||||||||
9|5|3959|C|4|0|U|664|12|16|53|E0905|97|0|0|0|0|0|0|0|0|0|0|0|0|0|0|0|0|0|0|0|0|0||||||||
9|5|3961|C|3|0|U|639|12|16|53|E0905|90|0|0|0|0|0|0|0|0|0|0|0|0|0|0|0|0|0|0|0|0|0||||||||
9|5|3965|C|1|0|U|731|12|16|53|E0905|85|0|0|0|0|0|0|0|0|0|0|0|0|0|0|0|0|0|0|0|0|0||||||||
9|5|3967|C|1|0|U|623|12|16|53|E0905|84|0|0|0|0|0|0|0|0|0|0|0|0|0|0|0|0|0|0|0|0|0||||||||
9|5|3972|C|1|0|U|695|12|16|53|E0905|125|0|0|0|0|0|0|0|0|0|0|0|0|0|0|0|0|0|0|0|0|0||||||||
9|5|3974|B|1|0|U|607|12|16|53|E0905|95|15|75|20|16|0|215|54|0|0|0|0|26|4|0|0|0|1|426|110|100|215|2024|4|25|14|4|59|4|N
9|5|3982|C|4|0|U|724|12|16|53|E0905|109|0|0|0|0|0|0|0|0|0|0|0|0|0|0|0|0|0|0|0|0|0||||||||
9|5|3985|C|5|0|M|727|12|16|53|E0905|115|0|0|0|0|0|0|0|0|0|0|0|0|0|0|0|0|0|0|0|0|0||||||||
9|5|3992|C|3|0|U|673|12|16|53|E0905|132|0|0|0|0|0|0|0|0|0|0|0|0|0|0|0|0|0|0|0|0|0||||||||
9|5|4091|C|2|0|U|601|12|16|53|E0905|69|0|0|0|0|0|0|0|0|0|0|0|0|0|0|0|0|0|0|0|0|0||||||||
9|5|4096|C|1|0|U|553|13|19|53|E0905|15|13|24|8|27|0|65|166|0|0|0|0|0|15|0|0|0|1|319|45|208|65|2024|4|25|14|11|17|4|N
9|5|4104|C|1|0|U|640|13|19|53|E0905|8|0|0|0|0|0|0|0|0|0|0|0|0|0|0|0|0|0|0|0|0|0||||||||
9|5|4121|B|1|0|U|622|13|19|53|E0905|6|83|133|0|13|0|190|13|0|0|0|0|0|15|0|0|5|6|458|216|41|190|2024|4|25|14|13|2|1|N
9|5|4122|C|2|0|U|617|13|19|53|E0905|6|24|0|92|20|0|125|96|0|47|0|0|12|49|0|0|5|4|474|163|177|125|2024|4|25|15|17|54|4|N
9|5|4195|C|1|0|U|467|13|19|53|E0905|26|0|0|0|0|0|0|0|0|0|0|0|0|0|0|0|0|0|0|0|0|0||||||||
9|5|4199|C|1|0|U|671|13|19|53|E0905|20|0|0|0|0|0|0|0|0|0|0|0|0|0|0|0|0|0|0|0|0|0||||||||
9|5|4200|C|3|0|U|641|13|19|53|E0905|19|0|0|0|0|0|0|0|0|0|0|0|0|0|0|0|0|0|0|0|0|0||||||||
9|5|4235|C|1|0|U|644|13|19|53|E0905|32|0|0|0|0|0|0|0|0|0|0|0|0|0|0|0|0|0|0|0|0|0||||||||
9|5|5569|B|1|0|U|641|12|16|53|E0905|87|0|0|0|0|0|0|0|0|0|0|0|0|0|0|0|0|0|0|0|0|0||||||||
9|5|5570|C|1|0|U|702|12|16|53|E0905|88|0|0|0|0|0|0|0|0|0|0|0|0|0|0|0|0|0|0|0|0|0||||||||
9|5|5595|C|1|0|U|572|12|16|53|E0905|120|0|0|0|0|0|0|0|0|0|0|0|0|0|0|0|0|0|0|0|0|0||||||||
9|6|2984|B|1|0|U|587|8|33|54|E0906|73|44|16|1|194|47|66|75|0|0|0|0|0|11|0|0|0|3|457|61|327|66|2024|4|25|15|4|56|4|N
9|6|2990|C|1|0|U|489|8|33|54|E0906|80|0|0|0|0|0|0|0|0|0|0|0|0|0|0|0|0|0|0|0|0|0||||||||
9|6|2993|C|1|0|U|598|8|33|54|E0906|83|0|0|0|0|0|0|0|0|0|0|0|0|0|0|0|0|0|0|0|0|0||||||||
9|6|3016|C|2|0|U|606|8|33|54|E0906|92|0|0|0|0|0|0|0|0|0|0|0|0|0|0|0|0|0|0|0|0|0||||||||
9|6|3035|B|1|0|U|610|8|33|54|E0906|86|81|24|0|60|0|150|13|0|0|0|0|0|15|2|0|2|4|351|105|90|150|2024|4|25|15|27|11|4|N
9|6|3039|C|3|0|U|713|8|33|54|E0906|98|0|0|0|0|0|0|0|0|0|0|0|0|0|0|0|0|0|0|0|0|0||||||||
9|6|3054|C|1|0|U|399|8|33|54|E0906|132|0|0|0|0|0|0|0|0|0|0|0|0|0|0|0|0|0|0|0|0|0||||||||
9|6|3056|B|1|0|U|606|8|33|54|E0906|132|0|0|0|0|0|0|0|0|0|0|0|0|0|0|0|0|0|0|0|0|0||||||||
9|6|3059|B|1|0|U|520|8|33|54|E0906|136|19|34|1|29|2|106|22|0|0|5|0|35|33|0|0|5|2|293|59|121|106|2024|4|25|15|32|30|4|N
9|6|3060|C|1|0|U|637|8|33|54|E0906|134|14|15|23|69|0|208|85|32|1|0|0|0|111|0|0|0|1|559|85|265|208|2024|4|25|15|31|22|4|N
9|6|3061|C|1|0|U|687|8|33|54|E0906|135|41|99|1|9|4|91|67|0|0|2|0|0|117|10|0|2|10|453|143|207|91|2024|4|25|15|17|53|4|N
9|6|3078|C|1|0|U|654|8|33|54|E0906|125|0|0|0|0|0|0|0|0|0|0|0|0|0|0|0|0|0|0|0|0|0||||||||
9|6|3088|C|2|0|U|676|8|33|54|E0906|109|0|0|0|0|0|0|0|0|0|0|0|0|0|0|0|0|0|0|0|0|0||||||||
9|6|3088|C|6|0|U|675|8|33|54|E0906|110|0|0|0|0|0|0|0|0|0|0|0|0|0|0|0|0|0|0|0|0|0||||||||
9|6|3112|C|1|0|U|447|8|33|54|E0906|85|9|52|4|23|0|82|104|0|0|0|0|0|4|0|0|5|4|287|65|131|82|2024|4|25|15|11|35|4|N
9|6|3470|B|1|0|U|628|10|23|54|E0906|44|20|38|4|30|0|9|60|25|0|0|0|38|66|1|0|3|6|300|87|195|9|2024|4|25|15|18|7|4|N
9|6|3472|C|1|0|U|421|10|23|54|E0906|44|1|28|2|12|0|171|15|0|0|0|0|0|16|0|0|4|9|258|31|43|171|2024|4|25|15|19|59|4|N
9|6|3531|B|1|0|U|155|10|23|54|E0906|26|19|1|2|11|0|25|10|0|1|0|0|0|3|0|0|5|12|89|23|24|25|2024|4|25|15|10|59|4|N
9|6|3542|B|1|0|U|608|10|23|54|E0906|27|108|38|15|43|5|46|196|0|0|0|0|1|12|0|0|3|4|471|161|257|46|2024|4|25|15|11|25|4|N
9|6|3542|C|3|0|U|608|10|23|54|E0906|27|87|20|17|25|0|205|79|0|0|2|0|0|48|0|0|0|8|491|126|152|205|2024|4|25|15|14|2|4|N
9|6|3553|C|1|0|U|700|10|23|54|E0906|37|20|102|51|21|3|166|52|0|0|0|0|0|4|0|0|4|5|428|173|80|166|2024|4|25|15|5|52|4|N
9|6|3556|C|1|0|U|711|10|23|54|E0906|34|0|0|0|0|0|0|0|0|0|0|0|0|0|0|0|0|0|0|0|0|0||||||||
9|6|3578|C|2|0|U|680|10|23|54|E0906|38|0|0|0|0|0|0|0|0|0|0|0|0|0|0|0|0|0|0|0|0|0||||||||
9|6|3581|C|2|0|U|602|10|23|54|E0906|15|0|0|0|0|0|0|0|0|0|0|0|0|0|0|0|0|0|0|0|0|0||||||||
9|6|3593|C|2|0|U|695|10|23|54|E0906|1|0|0|0|0|0|0|0|0|0|0|0|0|0|0|0|0|0|0|0|0|0||||||||
9|6|3597|B|1|0|U|545|10|23|54|E0906|9|16|20|5|18|0|107|202|51|0|0|0|12|26|4|0|3|11|475|92|262|107|2024|4|25|15|41|9|4|N
9|7|1154|C|1|0|U|580|5|6|55|E0907|106|0|0|0|0|0|0|0|0|0|0|0|0|0|0|0|0|0|0|0|0|0||||||||
9|7|1188|C|1|0|U|535|5|6|55|E0907|113|0|0|0|0|0|0|0|0|0|0|0|0|0|0|0|0|0|0|0|0|0||||||||
9|7|1189|B|1|0|U|563|5|6|55|E0907|112|26|14|0|26|0|124|78|2|9|0|12|1|1|1|0|0|5|299|63|107|124|2024|4|25|15|26|1|1|N
9|7|1329|B|1|0|U|457|5|4|55|E0907|20|13|34|0|11|0|85|109|22|6|0|0|0|4|0|0|3|2|289|75|124|85|2024|4|25|15|32|6|4|N
9|7|1331|B|1|0|U|580|5|4|55|E0907|21|16|11|1|43|12|87|124|0|0|0|0|0|6|9|0|4|10|323|28|194|87|2024|4|25|15|24|46|4|N
9|7|1337|C|1|0|U|551|5|4|55|E0907|25|23|47|0|2|0|140|102|8|0|2|0|0|18|13|0|0|10|365|80|135|140|2024|4|25|15|20|58|4|N
9|7|1344|B|1|0|U|652|5|4|55|E0907|37|0|0|0|0|0|0|0|0|0|0|0|0|0|0|0|0|0|0|0|0|0||||||||
9|7|1345|C|1|0|U|553|5|4|55|E0907|29|36|25|19|99|1|81|40|0|0|0|0|0|78|0|0|2|4|385|80|218|81|2024|4|25|14|15|4|4|N
9|7|1366|B|1|0|U|652|5|4|55|E0907|46|22|40|0|18|0|203|82|7|0|45|0|0|11|0|0|3|6|437|114|111|203|2024|4|25|15|30|23|4|N
9|7|1372|B|1|0|U|572|5|6|55|E0907|67|17|45|1|45|5|241|18|0|1|0|0|0|10|19|0|0|0|402|64|97|241|2024|4|25|15|9|4|4|N
9|7|1393|B|1|0|U|479|5|4|55|E0907|51|0|0|0|0|0|0|0|0|0|0|0|0|0|0|0|0|0|0|0|0|0||||||||
9|7|1412|B|1|0|U|536|5|4|55|E0907|58|41|51|66|33|0|33|27|0|0|1|0|0|14|0|0|4|9|279|159|74|33|2024|4|25|15|8|48|4|N
9|7|1419|B|1|0|U|569|5|4|55|E0907|64|0|0|0|0|0|0|0|0|0|0|0|0|0|0|0|0|0|0|0|0|0||||||||
9|7|1431|C|2|0|U|593|5|6|55|E0907|87|0|0|0|0|0|0|0|0|0|0|0|0|0|0|0|0|0|0|0|0|0||||||||
9|7|1509|C|1|0|U|462|5|4|55|E0907|167|19|37|0|1|76|31|33|0|0|0|0|0|1|0|0|1|12|211|56|111|31|2024|4|25|15|48|6|1|N
9|7|1534|B|1|0|U|732|5|4|55|E0907|171|32|25|29|25|27|241|17|5|0|0|0|3|41|0|0|0|3|448|91|113|241|2024|4|25|15|51|41|1|N
9|7|1539|B|1|0|U|572|5|4|55|E0907|177|0|0|0|0|0|0|0|0|0|0|0|0|0|0|0|0|0|0|0|0|0|2024|4|25|15|54|39|1|N
9|7|1546|C|1|0|U|687|5|4|55|E0907|16|138|17|0|42|24|95|36|0|0|7|0|0|69|0|0|2|10|440|162|171|95|2024|4|25|14|15|52|4|N
9|7|1573|C|1|0|U|547|5|6|55|E0907|98|74|26|5|66|1|91|77|0|0|6|0|13|0|0|0|3|1|363|111|157|91|2024|4|25|15|26|8|4|N
9|7|1587|C|1|0|U|464|5|4|55|E0907|165|16|34|0|14|9|137|22|0|0|4|0|0|28|0|0|3|3|270|54|73|137|2024|4|25|15|47|0|1|N
9|7|1598|B|1|0|U|585|5|6|55|E0907|88|136|46|0|30|0|79|61|0|27|0|0|0|8|0|0|3|0|390|209|99|79|2024|4|25|15|6|36|4|N
9|7|1599|B|1|0|U|433|5|6|55|E0907|122|8|14|0|19|0|107|106|0|0|0|0|0|11|0|0|4|11|280|22|136|107|2024|4|25|14|14|44|4|N
9|7|1611|B|1|0|U|503|5|6|55|E0907|142|110|53|0|11|0|125|27|0|0|1|0|0|35|0|0|3|3|368|164|73|125|2024|4|25|15|31|34|4|N
9|7|1612|C|1|0|U|702|5|6|55|E0907|141|91|67|61|13|20|81|73|0|0|0|0|0|20|3|0|0|7|436|219|129|81|2024|4|25|15|34|10|1|N
9|7|1616|C|1|0|U|524|5|6|55|E0907|126|0|0|0|0|0|0|0|0|0|0|0|0|0|0|0|0|0|0|0|0|0||||||||
9|7|1620|B|1|0|U|516|5|6|55|E0907|148|5|57|38|2|0|92|55|0|0|0|0|0|0|24|0|1|1|275|100|81|92|2024|4|25|14|10|46|4|N
9|7|1642|C|1|0|U|465|5|6|55|E0907|133|47|20|19|13|17|141|34|24|0|0|0|1|26|0|0|0|6|348|110|91|141|2024|4|25|15|27|5|1|N
9|7|1644|B|1|0|U|625|5|6|55|E0907|140|93|23|35|80|0|130|56|0|0|0|0|0|1|0|0|4|3|425|151|137|130|2024|4|25|15|37|4|4|N
9|7|1647|C|1|0|U|545|5|6|55|E0907|154|3|44|0|94|0|156|25|2|0|0|0|4|5|13|0|5|12|363|49|141|156|2024|4|25|15|38|27|4|N
9|7|1658|C|1|0|U|418|5|6|55|E0907|136|0|0|0|0|0|0|0|0|0|0|0|0|0|0|0|0|0|0|0|0|0||||||||
9|7|1667|C|1|0|U|627|5|6|55|E0907|134|1|59|1|140|15|37|138|0|0|9|0|0|2|0|0|1|3|406|70|295|37|2024|4|25|15|13|28|4|N
9|8|350|B|1|0|U|603|3|30|56|E0908|66|0|0|0|0|0|0|0|0|0|0|0|0|0|0|0|0|0|0|0|0|0||||||||
9|8|350|C|1|0|U|602|3|30|56|E0908|66|0|0|0|0|0|0|0|0|0|0|0|0|0|0|0|0|0|0|0|0|0||||||||
9|8|351|C|1|0|U|612|3|26|56|E0908|73|60|161|17|124|1|32|34|0|3|0|0|0|5|0|0|1|10|448|241|164|32|2024|4|25|15|26|17|4|N
9|8|354|C|3|0|U|696|3|26|56|E0908|72|0|0|0|0|0|0|0|0|0|0|0|0|0|0|0|0|0|0|0|0|0||||||||
9|8|354|C|6|0|U|696|3|26|56|E0908|72|0|0|0|0|0|0|0|0|0|0|0|0|0|0|0|0|0|0|0|0|0||||||||
9|8|357|C|1|0|U|568|3|26|56|E0908|84|0|0|0|0|0|0|0|0|0|0|0|0|0|0|0|0|0|0|0|0|0||||||||
9|8|365|C|2|0|U|726|3|26|56|E0908|81|28|28|20|4|0|116|85|0|0|0|0|0|19|0|0|1|4|305|76|108|116|2024|4|25|15|18|3|4|N
9|8|381|C|3|0|U|586|3|26|56|E0908|104|52|24|4|63|0|181|43|2|0|0|0|0|1|0|0|3|8|381|82|107|181|2024|4|25|15|46|10|4|N
9|8|382|B|1|0|U|632|3|26|56|E0908|103|0|0|0|0|0|0|0|0|0|0|0|0|0|0|0|0|0|0|0|0|0|2024|4|25|16|4|32|4|N
9|8|385|C|2|0|U|578|3|26|56|E0908|88|0|45|43|39|0|251|10|0|0|0|0|0|0|2|0|4|3|397|88|51|251|2024|4|25|15|33|59|4|N
9|8|401|C|2|0|U|556|3|30|56|E0908|63|0|0|0|0|0|0|0|0|0|0|0|0|0|0|0|0|0|0|0|0|0||||||||
9|8|420|B|1|0|U|728|3|26|56|E0908|128|0|0|0|0|0|0|0|0|0|0|0|0|0|0|0|0|0|0|0|0|0||||||||
9|8|439|C|1|0|U|590|3|26|56|E0908|114|0|0|0|0|0|0|0|0|0|0|0|0|0|0|0|0|0|0|0|0|0||||||||
9|8|451|B|1|0|U|518|3|26|56|E0908|143|0|0|0|0|0|0|0|0|0|0|0|0|0|0|0|0|0|0|0|0|0||||||||
9|8|451|C|2|0|U|517|3|26|56|E0908|143|0|0|0|0|0|0|0|0|0|0|0|0|0|0|0|0|0|0|0|0|0||||||||
9|8|473|C|1|0|U|575|3|30|56|E0908|49|0|0|0|0|0|0|0|0|0|0|0|0|0|0|0|0|0|0|0|0|0||||||||
9|8|484|C|2|0|U|533|3|26|56|E0908|87|0|0|0|0|0|0|0|0|0|0|0|0|0|0|0|0|0|0|0|0|0||||||||
9|8|487|C|2|0|U|542|3|26|56|E0908|96|45|100|47|46|3|127|23|3|0|0|0|0|0|0|0|2|4|400|195|72|127|2024|4|25|15|46|29|1|N
9|8|501|C|1|0|U|502|3|26|56|E0908|133|0|0|0|0|0|0|0|0|0|0|0|0|0|0|0|0|0|0|0|0|0|2024|4|25|16|9|54|4|N
9|8|507|C|1|0|U|509|3|26|56|E0908|138|0|0|0|0|0|0|0|0|0|0|0|0|0|0|0|0|0|0|0|0|0||||||||
9|8|509|B|1|0|U|417|3|26|56|E0908|141|0|0|0|0|0|0|0|0|0|0|0|0|0|0|0|0|0|0|0|0|0||||||||
9|8|526|C|1|0|U|596|3|30|56|E0908|31|0|0|0|0|0|0|0|0|0|0|0|0|0|0|0|0|0|0|0|0|0||||||||
9|8|566|B|1|0|U|510|3|30|56|E0908|32|0|0|0|0|0|0|0|0|0|0|0|0|0|0|0|0|0|0|0|0|0||||||||
9|8|649|B|1|0|U|469|3|30|56|E0908|44|0|0|0|0|0|0|0|0|0|0|0|0|0|0|0|0|0|0|0|0|0||||||||
9|8|677|B|1|0|U|590|3|30|56|E0908|48|0|0|0|0|0|0|0|0|0|0|0|0|0|0|0|0|0|0|0|0|0||||||||
9|8|697|B|1|0|U|545|3|26|56|E0908|24|37|14|12|12|0|113|145|0|41|0|0|0|9|7|0|3|4|397|104|173|113|2024|4|25|15|11|52|4|N
9|8|718|B|1|0|U|738|3|26|56|E0908|27|0|0|0|0|0|0|0|0|0|0|0|0|0|0|0|0|0|0|0|0|0||||||||
9|8|721|B|1|0|U|578|3|26|56|E0908|14|0|0|0|0|0|0|0|0|0|0|0|0|0|0|0|0|0|0|0|0|0||||||||
9|9|3615|C|3|0|M|688|11|8|57|E0909|1|0|0|0|0|0|0|0|0|0|0|0|0|0|0|0|0|0|0|0|0|0|2024|4|25|16|6|24|1|N
9|9|3629|C|3|0|U|648|11|8|57|E0909|18|0|0|0|0|0|0|0|0|0|0|0|0|0|0|0|0|0|0|0|0|0|2024|4|25|16|11|56|1|N
9|9|3632|B|1|0|U|738|11|8|57|E0909|19|0|0|0|0|0|0|0|0|0|0|0|0|0|0|0|0|0|0|0|0|0||||||||
9|9|3643|B|1|0|U|748|11|8|57|E0909|58|0|0|0|0|0|0|0|0|0|0|0|0|0|0|0|0|0|0|0|0|0||||||||
9|9|3652|B|1|0|U|588|11|8|57|E0909|21|0|0|0|0|0|0|0|0|0|0|0|0|0|0|0|0|0|0|0|0|0||||||||
9|9|3665|C|1|0|U|592|11|8|57|E0909|62|36|17|35|69|1|135|1|0|0|0|0|0|8|0|0|1|10|313|88|79|135|2024|4|25|15|18|40|2|N
9|9|3671|B|1|0|U|596|11|8|57|E0909|80|23|39|27|104|0|55|69|1|12|9|0|0|0|0|0|0|8|347|111|173|55|2024|4|25|15|24|16|4|N
9|9|3682|C|3|0|U|624|11|8|57|E0909|27|0|0|0|0|0|0|0|0|0|0|0|0|0|0|0|0|0|0|0|0|0|2024|4|25|16|14|56|1|N
9|9|3687|B|1|0|U|540|11|8|57|E0909|31|0|0|0|0|0|0|0|0|0|0|0|0|0|0|0|0|0|0|0|0|0||||||||
9|9|3691|C|6|0|U|728|11|8|57|E0909|37|0|0|0|0|0|0|0|0|0|0|0|0|0|0|0|0|0|0|0|0|0||||||||
9|9|3696|C|1|0|U|636|11|8|57|E0909|81|180|16|1|77|7|114|57|0|0|0|0|0|1|0|0|2|12|467|197|142|114|2024|4|25|15|9|8|1|N
9|9|3699|C|1|0|U|596|11|8|57|E0909|84|0|0|0|0|0|0|0|0|0|0|0|0|0|0|0|0|0|0|0|0|0||||||||
9|9|3702|B|1|0|M|623|11|7|57|E0909|90|0|0|0|0|0|0|0|0|0|0|0|0|0|0|0|0|0|0|0|0|0||||||||
9|9|3702|C|1|0|M|623|11|7|57|E0909|90|0|0|0|0|0|0|0|0|0|0|0|0|0|0|0|0|0|0|0|0|0||||||||
9|9|3702|C|2|0|M|622|11|7|57|E0909|90|0|0|0|0|0|0|0|0|0|0|0|0|0|0|0|0|0|0|0|0|0||||||||
9|9|3714|B|1|0|U|524|11|7|57|E0909|110|0|0|0|0|0|0|0|0|0|0|0|0|0|0|0|0|0|0|0|0|0||||||||
9|9|3721|C|2|0|U|632|11|7|57|E0909|113|0|0|0|0|0|0|0|0|0|0|0|0|0|0|0|0|0|0|0|0|0|2024|4|25|15|57|4|1|N
9|9|3724|C|2|0|U|632|11|7|57|E0909|127|38|33|0|65|0|52|123|0|2|0|0|0|34|2|0|5|12|366|73|224|52|2024|4|25|15|25|55|4|N
9|9|3727|B|1|0|U|507|11|7|57|E0909|125|23|13|1|100|7|117|19|0|0|0|61|0|1|0|0|2|6|350|98|127|117|2024|4|25|14|14|42|4|N
9|9|5555|C|1|0|U|502|11|7|57|E0909|107|12|140|0|13|24|56|36|0|0|0|0|0|28|5|0|4|9|327|152|106|56|2024|4|25|15|52|25|4|N
9|9|5600|C|2|0|U|638|11|8|57|E0909|17|0|0|0|0|0|0|0|0|0|0|0|0|0|0|0|0|0|0|0|0|0||||||||
9|9|5623|B|1|0|U|578|11|7|57|E0909|86|0|0|0|0|0|0|0|0|0|0|0|0|0|0|0|0|0|0|0|0|0|2024|4|25|16|12|10|4|N
9|10|4914|C|1|0|U|447|16|13|58|E0910|82|0|0|0|0|0|0|0|0|0|0|0|0|0|0|0|0|0|0|0|0|0||||||||
9|10|4918|C|1|0|U|569|16|13|58|E0910|84|65|10|0|33|10|163|72|0|0|0|0|0|2|0|0|1|1|357|75|117|163|2024|4|25|15|14|9|4|N
9|10|4953|C|1|0|U|587|16|13|58|E0910|129|0|0|0|0|0|0|0|0|0|0|0|0|0|0|0|0|0|0|0|0|0||||||||
9|10|4971|C|1|0|U|541|16|13|58|E0910|108|33|88|2|11|0|18|35|39|2|0|0|0|101|0|0|4|10|343|164|147|18|2024|4|25|11|32|27|4|N
9|10|5004|B|1|0|U|522|16|5|58|E0910|49|46|32|2|12|2|213|53|11|0|0|0|0|12|0|0|4|1|388|91|79|213|2024|4|25|15|50|57|4|N
9|10|5043|B|1|0|U|694|16|5|58|E0910|29|0|0|0|0|0|0|0|0|0|0|0|0|0|0|0|0|0|0|0|0|0||||||||
9|10|5044|B|1|0|U|672|16|5|58|E0910|19|0|0|0|0|0|0|0|0|0|0|0|0|0|0|0|0|0|0|0|0|0||||||||
9|10|5049|B|1|0|U|692|16|5|58|E0910|11|30|3|25|13|0|73|96|5|3|0|0|7|24|0|5|5|12|301|66|145|73|2024|4|25|14|10|32|1|N
9|10|5054|B|1|0|U|532|16|5|58|E0910|9|35|5|57|24|5|0|77|1|0|0|0|0|0|0|0|1|11|216|98|106|0|2024|4|25|14|9|56|1|N
9|10|5073|B|1|0|U|591|16|13|58|E0910|88|111|35|23|7|0|61|105|0|0|0|0|0|1|0|0|4|10|357|169|113|61|2024|4|25|15|20|36|4|N
9|10|5106|B|1|0|U|736|16|5|58|E0910|27|0|0|0|0|0|0|0|0|0|0|0|0|0|0|0|0|0|0|0|0|0||||||||
9|10|5120|C|2|0|U|677|16|5|58|E0910|40|0|0|0|0|0|0|0|0|0|0|0|0|0|0|0|0|0|0|0|0|0||||||||
9|10|5121|C|2|0|U|597|16|5|58|E0910|44|0|0|0|0|0|0|0|0|0|0|0|0|0|0|0|0|0|0|0|0|0||||||||
9|10|5123|C|4|0|U|607|16|5|58|E0910|45|0|0|0|0|0|0|0|0|0|0|0|0|0|0|0|0|0|0|0|0|0||||||||
9|10|5124|C|1|0|U|577|16|5|58|E0910|42|0|0|0|0|0|0|0|0|0|0|0|0|0|0|0|0|0|0|0|0|0||||||||
9|10|5138|C|2|0|U|666|16|5|58|E0910|46|2|2|8|93|20|268|8|5|0|0|0|5|2|0|1|0|1|415|17|129|268|2024|4|25|15|16|37|4|N
9|10|5143|C|1|0|U|738|16|13|58|E0910|62|0|0|0|0|0|0|0|0|0|0|0|0|0|0|0|0|0|0|0|0|0||||||||
9|10|5153|C|1|0|U|722|16|13|58|E0910|68|94|24|6|28|26|171|114|0|0|0|0|0|88|0|0|5|7|563|124|256|171|2024|4|25|11|28|28|4|N
9|10|5155|C|4|0|U|629|16|13|58|E0910|70|44|59|108|1|2|230|47|0|0|0|0|0|1|0|0|2|4|498|211|51|230|2024|4|25|11|12|35|4|N
9|10|5156|C|2|0|U|685|16|13|58|E0910|65|15|86|2|78|50|159|78|50|33|0|0|1|19|0|0|1|7|579|186|226|159|2024|4|25|14|14|4|4|N
9|10|5158|C|1|0|U|660|16|13|58|E0910|89|99|9|11|80|0|172|16|0|15|0|0|0|16|0|0|5|5|428|134|112|172|2024|4|25|15|19|11|4|N
9|10|5167|B|1|0|U|477|16|13|58|E0910|72|12|9|52|43|22|74|2|30|2|0|13|8|0|8|3|0|0|278|118|86|74|2024|4|25|11|0|46|4|N
9|10|5177|C|1|0|U|419|16|13|58|E0910|73|31|5|12|26|18|101|4|51|0|0|0|0|1|0|0|4|4|257|99|49|101|2024|4|25|11|14|59|4|N
9|10|5579|B|1|0|U|743|16|5|58|E0910|1|0|0|0|0|0|0|0|0|0|0|0|0|0|0|0|0|0|0|0|0|0||||||||
9|10|5579|C|1|0|U|743|16|5|58|E0910|1|0|0|0|0|0|0|0|0|0|0|0|0|0|0|0|0|0|0|0|0|0||||||||
9|11|5186|C|1|0|U|683|17|10|59|E0911|3|20|35|8|105|0|85|149|0|0|0|0|0|0|10|0|0|7|419|63|264|85|2024|4|25|14|16|59|1|N
9|11|5188|B|1|0|U|300|17|10|59|E0911|6|0|0|0|0|0|0|0|0|0|0|0|0|0|0|0|0|0|0|0|0|0|2024|4|25|16|0|45|1|N
9|11|5191|C|1|0|U|584|17|10|59|E0911|4|36|12|5|105|17|145|47|3|0|0|0|0|0|4|0|5|12|391|56|173|145|2024|4|25|14|4|56|1|N
9|11|5192|C|2|0|U|686|17|10|59|E0911|5|9|107|0|49|15|126|21|4|1|0|0|0|68|0|0|4|3|407|121|153|126|2024|4|25|15|17|40|4|N
9|11|5193|C|1|0|U|504|17|10|59|E0911|11|58|52|3|13|10|69|14|0|0|1|0|0|67|0|0|3|6|296|114|104|69|2024|4|25|14|17|45|4|N
9|11|5194|B|1|0|U|670|17|10|59|E0911|15|10|57|31|14|26|51|74|0|0|0|0|29|68|0|0|4|3|367|98|211|51|2024|4|25|14|9|14|1|N
9|11|5203|B|1|0|U|629|17|10|59|E0911|12|0|0|0|0|0|0|0|0|0|0|0|0|0|0|0|0|0|0|0|0|0||||||||
9|11|5226|C|1|0|U|644|17|10|59|E0911|22|0|0|0|0|0|0|0|0|0|0|0|0|0|0|0|0|0|0|0|0|0||||||||
9|11|5226|C|2|0|U|643|17|10|59|E0911|22|6|30|26|233|0|104|18|0|0|0|0|1|20|0|0|0|5|443|62|272|104|2024|4|25|14|16|53|1|N
9|11|5227|C|1|0|U|577|17|10|59|E0911|25|47|21|29|6|2|146|133|0|0|0|0|17|11|0|0|1|4|417|97|169|146|2024|4|25|14|17|48|1|N
9|11|5257|B|1|0|U|613|17|10|59|E0911|40|116|18|8|88|0|78|55|0|0|0|0|0|2|0|0|4|9|378|142|145|78|2024|4|25|15|10|38|4|N
9|11|5264|B|1|0|U|703|17|10|59|E0911|49|55|59|88|218|0|36|27|4|11|0|17|0|16|0|0|4|2|537|234|261|36|2024|4|25|15|1|21|4|N
9|11|5267|B|1|0|U|675|17|10|59|E0911|52|0|0|0|0|0|0|0|0|0|0|0|0|0|0|0|0|0|0|0|0|0|2024|4|25|15|53|48|4|N
9|11|5272|C|1|0|U|486|17|10|59|E0911|10|0|0|0|0|0|0|0|0|0|0|0|0|0|0|0|0|0|0|0|0|0||||||||
9|11|5290|C|1|0|U|663|17|11|59|E0911|123|58|2|5|15|0|125|111|0|1|0|0|0|55|0|9|3|12|396|66|190|125|2024|4|25|15|14|4|4|N
9|11|5298|B|1|0|U|529|17|11|59|E0911|126|11|120|2|29|8|56|22|0|0|0|0|0|15|0|0|5|11|279|133|74|56|2024|4|25|15|4|27|4|N
9|11|5300|C|1|0|U|666|17|11|59|E0911|128|0|0|0|0|0|0|0|0|0|0|0|0|0|0|0|0|0|0|0|0|0||||||||
9|11|5303|C|1|0|U|706|17|10|59|E0911|94|6|12|18|70|2|269|144|1|0|0|0|1|0|0|0|2|10|535|37|217|269|2024|4|25|14|10|17|4|N
9|11|5315|C|1|0|U|483|17|10|59|E0911|88|0|0|0|0|0|0|0|0|0|0|0|0|0|0|0|0|0|0|0|0|0||||||||
9|11|5319|B|1|0|U|578|17|10|59|E0911|98|22|3|3|85|0|117|17|0|0|0|0|0|1|0|0|2|3|253|28|103|117|2024|4|25|14|7|38|4|N
9|11|5363|C|1|0|U|610|17|10|59|E0911|78|270|12|4|11|0|93|94|0|0|0|0|0|21|0|0|2|3|510|286|126|93|2024|4|25|15|7|20|4|N
9|11|5401|B|1|0|U|678|17|10|59|E0911|107|27|29|4|4|0|146|202|0|0|0|0|0|46|0|0|4|9|471|60|252|146|2024|4|25|14|3|8|1|N
9|11|5412|B|1|0|U|735|17|10|59|E0911|109|0|0|0|0|0|0|0|0|0|0|0|0|0|0|0|0|0|0|0|0|0||||||||
9|11|5427|C|1|0|U|388|17|11|59|E0911|117|0|0|0|0|0|0|0|0|0|0|0|0|0|0|0|0|0|0|0|0|0||||||||
9|11|5436|C|1|0|U|517|17|11|59|E0911|174|27|61|159|26|0|91|23|1|2|0|0|0|7|5|0|0|5|407|250|61|91|2024|4|25|14|14|33|4|N
9|11|5443|B|1|0|U|672|17|11|59|E0911|160|6|7|40|54|16|80|274|0|0|0|0|0|41|0|0|0|12|530|53|385|80|2024|4|25|14|15|23|4|N
9|11|5457|B|1|0|U|734|17|11|59|E0911|158|0|0|0|0|0|0|0|0|0|0|0|0|0|0|0|0|0|0|0|0|0||||||||
9|11|5473|C|1|0|U|543|17|11|59|E0911|148|143|9|37|51|14|90|7|0|0|0|7|5|24|40|0|3|7|437|196|141|90|2024|4|25|15|23|3|4|N
9|11|5481|C|1|0|U|674|17|11|59|E0911|140|55|121|20|53|0|108|46|0|16|0|0|1|0|0|0|2|4|426|212|100|108|2024|4|25|15|6|8|4|N
9|11|5508|C|4|0|U|626|17|10|59|E0911|68|76|41|0|58|13|74|49|0|0|9|0|0|105|97|0|0|1|523|126|322|74|2024|4|25|15|26|29|4|N
9|11|5509|C|1|0|U|578|17|10|59|E0911|69|24|55|5|8|28|188|23|1|16|1|0|0|2|0|0|2|3|356|102|61|188|2024|4|25|15|6|20|4|N
9|12|4540|B|1|0|U|539|15|12|60|E0912|75|0|0|0|0|0|0|0|0|0|0|0|0|0|0|0|0|0|0|0|0|0||||||||
9|12|4540|C|1|0|U|538|15|12|60|E0912|75|6|67|10|37|0|139|23|0|20|0|0|0|9|0|0|2|0|313|103|69|139|2024|4|25|14|5|4|1|N
9|12|4542|B|1|0|U|499|15|12|60|E0912|115|0|0|0|0|0|0|0|0|0|0|0|0|0|0|0|0|0|0|0|0|0|2024|4|25|16|13|12|1|N
9|12|4543|C|1|0|U|602|15|12|60|E0912|116|2|49|1|7|0|34|216|0|0|0|0|0|4|0|0|2|0|315|52|227|34|2024|4|25|14|3|30|4|N
9|12|4582|C|1|0|U|510|15|12|60|E0912|110|17|30|15|46|0|191|7|0|0|0|0|0|11|0|0|5|2|324|62|64|191|2024|4|25|14|11|21|1|N
9|12|4584|C|1|0|U|388|15|12|60|E0912|109|21|40|36|0|0|85|36|0|4|0|0|0|24|0|0|2|6|254|101|60|85|2024|4|25|14|6|30|4|N
9|12|4626|C|2|0|U|546|15|9|60|E0912|5|10|55|0|133|0|164|19|0|9|0|0|0|4|0|0|5|11|410|74|156|164|2024|4|25|14|11|13|4|N
9|12|4641|C|1|0|U|569|15|9|60|E0912|10|171|26|5|41|0|102|27|0|0|0|0|6|29|8|0|2|12|429|202|111|102|2024|4|25|14|4|11|1|N
9|12|4709|C|2|0|U|565|15|9|60|E0912|43|69|18|5|0|0|103|126|0|0|3|0|0|18|0|0|0|9|351|95|144|103|2024|4|25|15|40|24|1|N
9|12|4717|B|1|0|U|507|15|9|60|E0912|41|32|0|62|14|0|138|110|0|0|0|0|0|1|8|0|1|4|370|94|133|138|2024|4|25|14|14|21|4|N
9|12|4741|B|1|0|U|398|15|9|60|E0912|55|0|0|0|0|0|0|0|0|0|0|0|0|0|0|0|0|0|0|0|0|0||||||||
9|12|4754|B|1|0|U|647|15|9|60|E0912|63|0|0|0|0|0|0|0|0|0|0|0|0|0|0|0|0|0|0|0|0|0||||||||
9|12|4760|C|1|0|U|584|15|12|60|E0912|67|0|0|0|0|0|0|0|0|0|0|0|0|0|0|0|0|0|0|0|0|0|2024|4|25|16|11|41|1|N
9|12|4761|C|2|0|U|654|15|12|60|E0912|129|0|0|0|0|0|0|0|0|0|0|0|0|0|0|0|0|0|0|0|0|0||||||||
9|12|4766|C|1|0|U|587|15|12|60|E0912|135|0|0|0|0|0|0|0|0|0|0|0|0|0|0|0|0|0|0|0|0|0||||||||
9|12|4768|C|1|0|U|579|15|12|60|E0912|137|38|60|0|3|0|90|61|0|0|0|0|0|45|0|0|0|1|298|98|109|90|2024|4|25|15|35|1|1|N
9|12|4769|B|1|0|U|689|15|12|60|E0912|72|32|22|0|155|0|172|56|0|0|0|0|0|42|0|0|4|5|488|54|253|172|2024|4|25|15|47|13|1|N
9|12|4769|C|1|0|U|689|15|12|60|E0912|72|0|0|0|0|0|0|0|0|0|0|0|0|0|0|0|0|0|0|0|0|0||||||||
9|12|4771|C|1|0|U|709|15|12|60|E0912|74|16|32|4|17|95|167|79|69|0|0|0|0|28|0|0|1|10|518|121|219|167|2024|4|25|14|15|8|4|N
9|12|4773|B|1|0|U|498|15|12|60|E0912|123|0|0|0|0|0|0|0|0|0|0|0|0|0|0|0|0|0|0|0|0|0|2024|4|25|16|4|1|1|N
9|12|4775|C|1|0|U|671|15|12|60|E0912|128|42|129|21|70|16|57|101|0|0|0|0|7|6|0|0|5|5|459|192|200|57|2024|4|25|15|27|24|1|N
9|12|4803|B|1|0|U|525|15|12|60|E0912|152|0|0|0|0|0|0|0|0|0|0|0|0|0|0|0|0|0|0|0|0|0||||||||
9|12|4806|B|1|0|U|575|15|12|60|E0912|146|26|30|3|126|0|150|32|0|1|0|0|0|60|1|0|3|3|435|60|219|150|2024|4|25|15|16|51|4|N
9|12|4836|B|1|0|U|492|15|12|60|E0912|79|0|0|0|0|0|0|0|0|0|0|0|0|0|0|0|0|0|0|0|0|0|2024|4|25|15|56|17|1|N
9|12|4843|B|1|0|U|421|15|12|60|E0912|131|4|60|6|124|0|47|26|0|0|0|0|0|27|0|0|4|0|298|70|177|47|2024|4|25|14|13|37|1|N
9|12|4846|C|1|0|U|576|15|12|60|E0912|133|30|16|194|16|16|13|66|0|9|0|0|0|2|0|0|0|5|367|249|100|13|2024|4|25|15|13|39|4|N
9|12|4848|C|1|0|U|591|15|12|60|E0912|130|0|0|0|0|0|0|0|0|0|0|0|0|0|0|0|0|0|0|0|0|0||||||||
9|12|4852|C|2|0|U|529|15|12|60|E0912|69|0|0|0|0|0|0|0|0|0|0|0|0|0|0|0|0|0|0|0|0|0||||||||
9|12|4883|B|1|0|U|523|15|12|60|E0912|95|25|24|0|27|1|195|83|1|4|9|0|0|3|5|0|4|8|389|63|119|195|2024|4|25|13|8|28|4|N
9|12|4906|C|1|0|U|583|15|12|60|E0912|156|11|7|0|40|33|136|15|0|0|0|0|2|50|4|0|4|0|302|18|144|136|2024|4|25|15|44|42|1|N
9|13|1679|B|1|0|U|568|6|15|61|E0913|21|28|126|0|7|17|105|131|0|0|0|4|0|50|0|0|1|5|474|158|205|105|2024|4|25|15|2|13|4|N
9|13|1680|B|1|0|U|635|6|15|61|E0913|21|68|27|1|77|2|107|57|0|0|0|3|0|12|0|0|4|7|365|99|148|107|2024|4|25|15|2|26|4|N
9|13|1687|C|1|0|U|627|6|15|61|E0913|17|71|63|0|9|0|93|51|0|0|0|0|0|5|0|0|4|6|302|134|65|93|2024|4|25|14|5|3|4|N
9|13|1718|B|1|0|U|590|6|15|61|E0913|114|0|0|0|0|0|0|0|0|0|0|0|0|0|0|0|0|0|0|0|0|0||||||||
9|13|1721|C|1|0|U|524|6|15|61|E0913|114|0|0|0|0|0|0|0|0|0|0|0|0|0|0|0|0|0|0|0|0|0||||||||
9|13|1736|B|1|0|U|621|6|15|61|E0913|134|33|11|0|43|0|170|22|0|0|1|21|6|14|90|0|5|6|422|66|175|170|2024|4|25|15|49|28|1|N
9|13|1740|B|1|0|U|706|6|15|61|E0913|127|0|0|0|0|0|0|0|0|0|0|0|0|0|0|0|0|0|0|0|0|0||||||||
9|13|1741|B|1|0|U|513|6|15|61|E0913|127|149|11|7|23|0|71|42|0|13|0|0|9|0|0|0|3|1|329|180|74|71|2024|4|25|14|6|4|4|N
9|13|1751|C|1|0|U|515|6|15|61|E0913|87|0|0|0|0|0|0|0|0|0|0|0|0|0|0|0|0|0|0|0|0|0|2024|4|25|16|9|15|1|N
9|13|1752|B|1|0|U|697|6|15|61|E0913|86|34|116|0|80|13|51|97|10|0|2|0|1|17|0|0|2|5|428|162|208|51|2024|4|25|15|10|31|4|N
9|13|1754|B|1|0|U|638|6|15|61|E0913|89|0|0|0|0|0|0|0|0|0|0|0|0|0|0|0|0|0|0|0|0|0||||||||
9|13|1761|C|1|0|U|488|6|15|61|E0913|95|76|63|23|19|0|35|48|0|0|0|0|0|25|0|0|5|12|306|162|92|35|2024|4|25|15|12|57|4|N
9|13|1762|B|1|0|U|521|6|15|61|E0913|94|0|0|0|0|0|0|0|0|0|0|0|0|0|0|0|0|0|0|0|0|0||||||||
9|13|1804|B|1|0|U|604|6|15|61|E0913|121|0|0|0|0|0|0|0|0|0|0|0|0|0|0|0|0|0|0|0|0|0||||||||
9|13|1820|B|1|0|U|498|6|15|61|E0913|145|0|0|0|0|0|0|0|0|0|0|0|0|0|0|0|0|0|0|0|0|0||||||||
9|13|1851|C|1|0|U|691|6|15|61|E0913|79|0|0|0|0|0|0|0|0|0|0|0|0|0|0|0|0|0|0|0|0|0||||||||
9|13|1852|B|1|0|U|445|6|15|61|E0913|76|32|35|0|56|0|130|27|6|0|0|0|0|1|0|0|4|1|292|73|84|130|2024|4|25|15|50|35|4|N
9|13|1853|B|1|0|U|526|6|15|61|E0913|75|1|64|21|50|5|119|27|0|0|2|0|5|39|0|0|1|12|346|88|126|119|2024|4|25|15|6|26|4|N
9|13|1858|C|1|0|U|670|6|11|61|E0913|55|0|0|0|0|0|0|0|0|0|0|0|0|0|0|0|0|0|0|0|0|0||||||||
9|13|1873|C|1|0|U|499|6|15|61|E0913|83|37|129|1|15|6|112|12|0|1|0|0|15|0|0|0|0|7|335|168|48|112|2024|4|25|15|28|34|4|N
9|13|1877|B|1|0|U|488|6|15|61|E0913|80|24|60|0|26|0|189|52|1|0|0|0|0|12|0|0|2|4|370|85|90|189|2024|4|25|15|15|27|4|N
9|13|1882|B|1|0|U|409|6|15|61|E0913|73|14|12|0|10|10|93|23|0|0|28|0|0|8|0|0|1|8|207|54|51|93|2024|4|25|15|15|37|4|N
9|13|1894|C|1|0|U|515|6|11|61|E0913|68|31|60|6|25|16|139|80|0|8|0|0|0|23|0|0|0|7|395|105|144|139|2024|4|25|15|31|2|4|N
9|13|1895|C|1|0|U|554|6|11|61|E0913|68|79|74|0|49|37|55|89|0|0|36|0|0|10|1|0|3|2|435|189|186|55|2024|4|25|15|35|39|4|N
9|13|1898|B|1|0|U|611|6|11|61|E0913|71|15|44|60|58|0|41|21|0|9|0|0|0|24|1|0|0|4|277|128|104|41|2024|4|25|15|42|47|4|N
9|13|1932|C|1|0|U|638|6|11|61|E0913|45|35|75|46|185|0|39|33|0|0|0|0|2|24|0|0|5|12|456|156|244|39|2024|4|25|12|3|35|4|N
9|13|1946|B|1|0|U|481|6|15|61|E0913|8|0|0|0|0|0|0|0|0|0|0|0|0|0|0|0|0|0|0|0|0|0|2024|4|25|15|58|32|4|N
9|13|1948|C|1|0|U|545|6|15|61|E0913|4|64|5|92|11|0|97|59|0|0|0|0|0|15|0|0|5|8|356|161|85|97|2024|4|25|14|4|19|4|N
9|14|3774|B|1|0|U|611|12|14|62|E0914|14|106|22|8|92|34|104|34|0|0|0|0|0|12|0|0|2|7|421|136|172|104|2024|4|25|15|10|32|1|N
9|14|3785|B|1|0|U|587|12|14|62|E0914|4|0|0|0|0|0|0|0|0|0|0|0|0|0|0|0|0|0|0|0|0|0|2024|4|25|16|5|35|1|N
9|14|3785|C|1|0|U|586|12|14|62|E0914|4|0|0|0|0|0|0|0|0|0|0|0|0|0|0|0|0|0|0|0|0|0||||||||
9|14|3788|C|2|0|U|601|12|14|62|E0914|5|0|0|0|0|0|0|0|0|0|0|0|0|0|0|0|0|0|0|0|0|0||||||||
9|14|3790|C|2|0|U|536|12|14|62|E0914|8|0|0|0|0|0|0|0|0|0|0|0|0|0|0|0|0|0|0|0|0|0|2024|4|25|15|55|50|4|N
9|14|3797|C|1|0|U|524|12|14|62|E0914|10|34|33|1|2|1|46|95|0|123|0|0|0|17|0|0|0|8|360|191|115|46|2024|4|25|15|13|41|4|N
9|14|3798|C|1|0|U|570|12|14|62|E0914|9|50|4|0|17|13|101|37|18|0|0|0|0|191|0|0|4|9|444|72|258|101|2024|4|25|13|38|51|4|N
9|14|3801|B|1|0|U|526|12|14|62|E0914|25|21|37|24|11|3|162|62|0|0|62|0|0|6|0|0|1|7|396|144|82|162|2024|4|25|15|20|0|4|N
9|14|3802|B|1|0|U|541|12|14|62|E0914|17|36|8|16|21|0|157|66|0|0|0|0|5|6|0|0|3|4|322|60|98|157|2024|4|25|15|32|39|4|N
9|14|3814|C|2|0|U|645|12|14|62|E0914|24|0|0|0|0|0|0|0|0|0|0|0|0|0|0|0|0|0|0|0|0|0||||||||
9|14|3825|C|1|0|U|621|12|14|62|E0914|59|8|17|10|113|0|209|53|2|0|0|0|0|35|0|0|5|4|456|37|201|209|2024|4|25|15|24|27|1|N
9|14|3843|C|1|0|U|684|12|14|62|E0914|96|0|0|0|0|0|0|0|0|0|0|0|0|0|0|0|0|0|0|0|0|0|2024|4|25|16|10|53|1|N
9|14|3846|B|1|0|U|613|12|14|62|E0914|99|0|0|0|0|0|0|0|0|0|0|0|0|0|0|0|0|0|0|0|0|0||||||||
9|14|3850|C|1|0|U|463|12|14|62|E0914|93|0|0|0|0|0|0|0|0|0|0|0|0|0|0|0|0|0|0|0|0|0|2024|4|25|16|1|52|1|N
9|14|3854|B|1|0|U|742|12|14|62|E0914|74|18|76|0|45|1|89|80|0|0|0|0|0|15|0|0|4|4|332|94|141|89|2024|4|25|15|38|56|4|N
9|14|3883|C|1|0|U|572|12|16|62|E0914|55|19|8|4|6|0|177|103|0|0|0|0|0|17|1|0|4|12|351|31|127|177|2024|4|25|15|33|11|1|N
9|14|3888|B|1|0|U|639|12|14|62|E0914|70|0|0|0|0|0|0|0|0|0|0|0|0|0|0|0|0|0|0|0|0|0||||||||
9|14|3890|B|1|0|U|491|12|14|62|E0914|89|0|0|0|0|0|0|0|0|0|0|0|0|0|0|0|0|0|0|0|0|0|2024|4|25|16|0|25|1|N
9|14|3891|C|1|0|U|635|12|14|62|E0914|89|0|0|0|0|0|0|0|0|0|0|0|0|0|0|0|0|0|0|0|0|0|2024|4|25|15|54|43|4|N
9|14|3916|C|2|0|U|643|12|14|62|E0914|84|0|0|0|0|0|0|0|0|0|0|0|0|0|0|0|0|0|0|0|0|0|2024|4|25|16|8|34|4|N
9|14|3931|C|1|0|U|631|12|16|62|E0914|52|121|69|63|13|40|161|9|0|0|0|0|0|0|2|0|0|1|479|253|64|161|2024|4|25|15|30|47|1|N
9|14|4008|C|1|0|U|576|12|19|62|E0914|144|0|0|0|0|0|0|0|0|0|0|0|0|0|0|0|0|0|0|0|0|0||||||||
9|14|4023|B|1|0|U|525|12|19|62|E0914|151|0|0|0|0|0|0|0|0|0|0|0|0|0|0|0|0|0|0|0|0|0||||||||
9|14|4027|B|1|0|U|569|12|19|62|E0914|146|0|0|0|0|0|0|0|0|0|0|0|0|0|0|0|0|0|0|0|0|0||||||||
9|14|4047|B|1|0|U|381|12|19|62|E0914|132|0|0|0|0|0|0|0|0|0|0|0|0|0|0|0|0|0|0|0|0|0||||||||
9|14|4051|B|1|0|U|732|12|19|62|E0914|103|0|0|0|0|0|0|0|0|0|0|0|0|0|0|0|0|0|0|0|0|0||||||||
9|14|4055|B|1|0|U|701|12|19|62|E0914|126|11|111|4|21|48|94|205|0|30|4|0|0|2|0|0|0|7|537|160|276|94|2024|4|25|15|10|17|4|N
9|14|4092|C|1|0|U|487|12|19|62|E0914|134|41|1|11|89|2|116|29|0|0|0|0|0|52|0|0|3|1|345|53|172|116|2024|4|25|14|11|24|1|N
9|15|4283|C|1|0|U|519|14|17|63|E0915|17|28|27|4|127|13|22|100|0|0|17|0|0|9|0|0|3|5|355|76|249|22|2024|4|25|15|32|25|4|N
9|15|4284|C|1|0|U|742|14|17|63|E0915|18|104|122|8|22|0|190|24|0|0|3|0|3|2|0|0|1|7|486|237|51|190|2024|4|25|15|24|36|4|N
9|15|4297|B|1|0|U|736|14|17|63|E0915|61|0|0|0|0|0|0|0|0|0|0|0|0|0|0|0|0|0|0|0|0|0||||||||
9|15|4308|C|1|0|U|577|14|17|63|E0915|60|0|0|0|0|0|0|0|0|0|0|0|0|0|0|0|0|0|0|0|0|0||||||||
9|15|4323|C|1|0|U|503|14|17|63|E0915|57|12|72|1|3|0|82|157|0|0|0|0|2|24|0|0|2|8|363|85|186|82|2024|4|25|15|7|32|4|N
9|15|4349|B|1|0|U|577|14|18|63|E0915|52|2|6|9|8|0|7|8|0|0|0|0|0|3|0|0|1|1|45|17|19|7|2024|4|25|15|26|33|4|N
9|15|4357|C|2|0|U|683|14|17|63|E0915|82|0|0|0|0|0|0|0|0|0|0|0|0|0|0|0|0|0|0|0|0|0||||||||
9|15|4360|C|3|0|U|588|14|17|63|E0915|83|0|0|0|0|0|0|0|0|0|0|0|0|0|0|0|0|0|0|0|0|0||||||||
9|15|4365|C|1|0|U|680|14|18|63|E0915|55|24|16|1|161|1|104|137|16|5|1|0|0|24|0|0|0|11|501|63|323|104|2024|4|25|15|41|42|1|N
9|15|4369|C|1|0|U|669|14|18|63|E0915|99|13|17|47|88|30|0|111|12|35|9|0|16|13|0|5|0|0|396|133|263|0|2024|4|25|15|30|27|1|N
9|15|4380|B|1|0|U|583|14|17|63|E0915|85|0|0|0|0|0|0|0|0|0|0|0|0|0|0|0|0|0|0|0|0|0||||||||
9|15|4382|C|1|0|U|505|14|17|63|E0915|120|0|0|0|0|0|0|0|0|0|0|0|0|0|0|0|0|0|0|0|0|0||||||||
9|15|4389|B|1|0|U|582|14|17|63|E0915|94|0|0|0|0|0|0|0|0|0|0|0|0|0|0|0|0|0|0|0|0|0||||||||
9|15|4390|B|1|0|U|631|14|17|63|E0915|94|0|0|0|0|0|0|0|0|0|0|0|0|0|0|0|0|0|0|0|0|0|2024|4|25|16|13|34|1|N
9|15|4402|B|1|0|U|511|14|17|63|E0915|122|0|0|0|0|0|0|0|0|0|0|0|0|0|0|0|0|0|0|0|0|0||||||||
9|15|4410|B|1|0|U|609|14|18|63|E0915|5|12|34|3|51|1|286|49|0|0|0|0|0|0|0|0|1|12|449|49|101|286|2024|4|25|14|15|10|1|N
9|15|4423|B|1|0|U|545|14|18|63|E0915|48|0|0|0|0|0|0|0|0|0|0|0|0|0|0|0|0|0|0|0|0|0||||||||
9|15|4425|C|1|0|U|560|14|18|63|E0915|50|37|49|0|12|0|107|96|0|0|0|0|20|15|3|0|5|2|346|86|146|107|2024|4|25|15|2|35|4|N
9|15|4432|B|1|0|U|544|14|17|63|E0915|23|244|4|7|10|2|19|81|0|0|0|0|0|11|13|0|4|5|400|255|117|19|2024|4|25|15|23|32|4|N
9|15|4440|B|1|0|U|533|14|17|63|E0915|70|0|0|0|0|0|0|0|0|0|0|0|0|0|0|0|0|0|0|0|0|0||||||||
9|15|4445|C|1|0|U|404|14|17|63|E0915|68|36|31|15|2|47|125|53|1|0|0|0|0|1|0|0|3|2|316|83|103|125|2024|4|25|15|21|48|1|N
9|15|4446|C|2|0|U|641|14|18|63|E0915|46|29|128|3|25|0|93|42|0|0|0|0|2|0|2|0|1|12|337|160|71|93|2024|4|25|15|39|45|4|N
9|15|4456|C|1|0|U|625|14|18|63|E0915|106|71|44|11|124|14|194|51|0|0|2|0|0|23|0|0|2|7|543|128|212|194|2024|4|25|15|40|27|4|N
9|15|4457|C|1|0|U|675|14|18|63|E0915|158|0|0|0|0|0|0|0|0|0|0|0|0|0|0|0|0|0|0|0|0|0|2024|4|25|15|59|44|4|N
9|15|4466|B|1|0|U|682|14|18|63|E0915|112|8|16|0|88|112|59|73|35|0|0|0|0|1|0|0|3|4|399|59|274|59|2024|4|25|14|12|22|4|N
9|15|4484|C|2|0|U|649|14|17|63|E0915|129|0|0|0|0|0|0|0|0|0|0|0|0|0|0|0|0|0|0|0|0|0||||||||
9|15|4504|C|2|0|U|511|14|17|63|E0915|143|204|36|12|46|0|25|60|1|0|4|0|0|15|0|0|2|10|415|257|121|25|2024|4|25|15|20|56|4|N
9|15|4511|B|1|0|U|708|14|17|63|E0915|143|39|38|20|106|0|132|74|0|0|0|0|0|8|0|0|0|9|426|97|188|132|2024|4|25|15|9|52|4|N
9|15|4522|C|1|0|U|575|14|17|63|E0915|147|0|0|0|0|0|0|0|0|0|0|0|0|0|0|0|0|0|0|0|0|0||||||||
9|16|3176|C|3|0|U|631|10|32|64|E0916|9|0|0|0|0|0|0|0|0|0|0|0|0|0|0|0|0|0|0|0|0|0||||||||
9|16|3182|B|1|0|U|552|10|18|64|E0916|18|23|124|1|14|0|112|91|0|2|0|0|0|49|0|0|2|4|422|150|154|112|2024|4|25|15|46|42|2|N
9|16|3185|B|1|0|U|704|10|18|64|E0916|25|0|0|0|0|0|0|0|0|0|0|0|0|0|0|0|0|0|0|0|0|0||||||||
9|16|3213|C|1|0|U|746|10|18|64|E0916|47|0|0|0|0|0|0|0|0|0|0|0|0|0|0|0|0|0|0|0|0|0||||||||
9|16|3216|C|1|0|U|591|10|18|64|E0916|22|0|0|0|0|0|0|0|0|0|0|0|0|0|0|0|0|0|0|0|0|0|2024|4|25|15|56|41|4|N
9|16|3235|C|2|0|U|590|10|32|64|E0916|1|0|0|0|0|0|0|0|0|0|0|0|0|0|0|0|0|0|0|0|0|0||||||||
9|16|3237|C|2|0|U|524|10|32|64|E0916|6|20|60|8|45|0|29|33|0|0|0|0|0|5|0|0|2|12|214|88|83|29|2024|4|25|14|9|56|4|N
9|16|3249|C|2|0|U|592|10|32|64|E0916|39|0|0|0|0|0|0|0|0|0|0|0|0|0|0|0|0|0|0|0|0|0|2024|4|25|16|11|28|1|N
9|16|3283|C|1|0|U|710|10|32|64|E0916|63|0|0|0|0|0|0|0|0|0|0|0|0|0|0|0|0|0|0|0|0|0||||||||
9|16|3284|C|2|0|U|562|10|32|64|E0916|64|0|0|0|0|0|0|0|0|0|0|0|0|0|0|0|0|0|0|0|0|0||||||||
9|16|3286|B|1|0|U|700|10|32|64|E0916|80|173|4|58|11|84|47|92|0|0|0|0|0|1|48|0|3|0|521|235|236|47|2024|4|25|15|20|38|1|N
9|16|3290|B|1|0|U|594|10|18|64|E0916|92|0|0|0|0|0|0|0|0|0|0|0|0|0|0|0|0|0|0|0|0|0|2024|4|25|16|13|11|4|N
9|16|3299|C|1|0|U|620|10|32|64|E0916|90|11|75|3|185|0|83|48|0|0|0|0|0|9|0|0|1|11|426|89|242|83|2024|4|25|14|14|4|4|N
9|16|3302|C|1|0|U|720|10|32|64|E0916|87|56|4|30|45|2|111|141|0|0|40|0|0|84|0|0|5|3|521|130|272|111|2024|4|25|14|16|13|4|N
9|16|3319|C|1|0|U|715|10|32|64|E0916|59|7|134|9|12|2|276|31|0|1|0|0|12|60|16|0|0|0|560|151|133|276|2024|4|25|15|13|47|4|N
9|16|3323|C|1|0|U|576|10|32|64|E0916|74|0|0|0|0|0|0|0|0|0|0|0|0|0|0|0|0|0|0|0|0|0||||||||
9|16|3335|C|1|0|U|514|10|32|64|E0916|113|10|67|8|26|0|184|54|3|0|1|0|9|2|0|0|0|0|364|89|91|184|2024|4|25|15|43|0|1|N
9|16|3344|C|1|0|U|652|10|32|64|E0916|102|0|0|0|0|0|0|0|0|0|0|0|0|0|0|0|0|0|0|0|0|0||||||||
9|16|3358|C|1|0|U|551|10|32|64|E0916|67|0|0|0|0|0|0|0|0|0|0|0|0|0|0|0|0|0|0|0|0|0||||||||
9|16|3405|C|1|0|U|410|10|18|64|E0916|123|0|0|0|0|0|0|0|0|0|0|0|0|0|0|0|0|0|0|0|0|0||||||||
9|16|3418|C|1|0|U|733|10|18|64|E0916|126|0|0|0|0|0|0|0|0|0|0|0|0|0|0|0|0|0|0|0|0|0||||||||
9|16|3439|B|1|0|U|633|10|23|64|E0916|132|0|0|0|0|0|0|0|0|0|0|0|0|0|0|0|0|0|0|0|0|0||||||||
9|16|3450|B|1|0|U|451|10|23|64|E0916|134|7|42|4|22|0|53|127|0|3|2|0|8|1|0|0|0|5|274|58|158|53|2024|4|25|14|10|59|4|N
9|16|3480|C|2|0|U|556|10|23|64|E0916|127|34|36|36|12|0|158|18|2|0|0|0|1|4|0|0|1|5|307|108|35|158|2024|4|25|15|18|33|4|N
9|17|749|C|1|0|U|592|4|20|65|E0917|50|0|0|0|0|0|0|0|0|0|0|0|0|0|0|0|0|0|0|0|0|0||||||||
9|17|750|C|1|0|U|739|4|20|65|E0917|51|0|0|0|0|0|0|0|0|0|0|0|0|0|0|0|0|0|0|0|0|0||||||||
9|17|750|C|2|0|U|739|4|20|65|E0917|51|0|0|0|0|0|0|0|0|0|0|0|0|0|0|0|0|0|0|0|0|0||||||||
9|17|758|C|1|0|U|685|4|20|65|E0917|43|21|49|25|42|0|126|139|0|0|0|0|0|25|0|0|3|3|433|95|206|126|2024|4|25|14|7|43|4|N
9|17|765|C|3|0|U|708|4|20|65|E0917|35|0|0|0|0|0|0|0|0|0|0|0|0|0|0|0|0|0|0|0|0|0||||||||
9|17|780|C|3|0|U|701|4|20|65|E0917|19|27|110|2|8|0|145|70|0|1|0|0|1|9|0|0|1|5|379|140|88|145|2024|4|25|14|12|43|4|N
9|17|787|B|1|0|U|632|4|20|65|E0917|58|9|15|12|40|0|258|189|0|0|0|0|7|5|0|0|3|4|542|36|241|258|2024|4|25|15|19|57|4|N
9|17|790|C|1|0|U|732|4|20|65|E0917|30|103|136|19|23|0|55|89|12|0|0|9|0|58|0|0|1|3|508|279|170|55|2024|4|25|15|9|33|4|N
9|17|794|C|3|0|U|613|4|20|65|E0917|20|53|61|0|12|3|86|52|0|0|0|0|0|0|0|0|5|11|283|114|67|86|2024|4|25|14|13|51|4|N
9|17|795|C|2|0|U|658|4|20|65|E0917|10|0|0|0|0|0|0|0|0|0|0|0|0|0|0|0|0|0|0|0|0|0||||||||
9|17|3361|B|1|0|U|546|10|32|65|E0917|80|27|24|6|51|28|96|23|0|27|11|22|1|1|5|0|0|0|322|117|109|96|2024|4|25|15|19|23|4|N
9|17|3377|C|1|0|U|736|10|20|65|E0917|75|0|0|0|0|0|0|0|0|0|0|0|0|0|0|0|0|0|0|0|0|0||||||||
9|17|3378|B|1|0|U|603|10|20|65|E0917|75|0|0|0|0|0|0|0|0|0|0|0|0|0|0|0|0|0|0|0|0|0|2024|4|25|16|14|48|1|N
9|17|3385|C|2|0|U|740|10|32|65|E0917|90|0|0|0|0|0|0|0|0|0|0|0|0|0|0|0|0|0|0|0|0|0|2024|4|25|16|6|25|4|N
9|17|3388|B|1|0|U|675|10|32|65|E0917|93|32|90|21|13|0|126|15|0|0|0|0|0|3|45|0|0|8|353|143|76|126|2024|4|25|15|9|41|4|N
9|17|3389|C|3|0|U|634|10|32|65|E0917|94|0|0|0|0|0|0|0|0|0|0|0|0|0|0|0|0|0|0|0|0|0||||||||
9|17|3391|C|1|0|U|679|10|32|65|E0917|97|0|0|0|0|0|0|0|0|0|0|0|0|0|0|0|0|0|0|0|0|0|2024|4|25|16|14|5|1|N
9|17|3484|B|1|0|U|692|10|23|65|E0917|101|0|0|0|0|0|0|0|0|0|0|0|0|0|0|0|0|0|0|0|0|0||||||||
9|17|3493|C|1|0|U|533|10|23|65|E0917|105|0|0|0|0|0|0|0|0|0|0|0|0|0|0|0|0|0|0|0|0|0||||||||
9|17|3510|C|1|0|U|567|10|23|65|E0917|127|9|73|53|101|1|32|146|5|0|0|0|5|4|0|0|2|2|433|140|257|32|2024|4|25|15|20|21|4|N
9|17|3526|B|1|0|U|729|10|23|65|E0917|130|0|0|0|0|0|0|0|0|0|0|0|0|0|0|0|0|0|0|0|0|0||||||||
9|17|3536|B|1|0|U|670|10|23|65|E0917|114|0|0|0|0|0|0|0|0|0|0|0|0|0|0|0|0|0|0|0|0|0||||||||
9|17|3585|C|2|0|U|700|4|20|65|E0917|70|0|0|0|0|0|0|0|0|0|0|0|0|0|0|0|0|0|0|0|0|0||||||||
9|17|3604|B|1|0|U|578|10|23|65|E0917|109|111|48|12|3|0|65|0|15|49|0|1|0|25|0|0|0|4|333|236|28|65|2024|4|25|15|9|43|4|N
9|17|5607|C|2|0|U|690|10|23|65|E0917|104|0|0|0|0|0|0|0|0|0|0|0|0|0|0|0|0|0|0|0|0|0||||||||
9|18|1981|B|1|0|U|514|7|24|66|E0918|5|0|0|0|0|0|0|0|0|0|0|0|0|0|0|0|0|0|0|0|0|0||||||||
9|18|1989|B|1|0|U|602|7|21|66|E0918|42|26|145|1|77|2|180|47|0|2|0|0|0|0|0|0|0|2|482|174|126|180|2024|4|25|15|42|0|4|N
9|18|2005|C|2|0|U|599|7|21|66|E0918|46|0|0|0|0|0|0|0|0|0|0|0|0|0|0|0|0|0|0|0|0|0|2024|4|25|15|52|49|1|N
9|18|2248|C|1|0|U|485|7|21|66|E0918|62|0|0|0|0|0|0|0|0|0|0|0|0|0|0|0|0|0|0|0|0|0||||||||
9|18|2268|C|1|0|U|704|7|21|66|E0918|83|0|0|0|0|0|0|0|0|0|0|0|0|0|0|0|0|0|0|0|0|0||||||||
9|18|2304|B|1|0|U|572|7|21|66|E0918|85|0|0|0|0|0|0|0|0|0|0|0|0|0|0|0|0|0|0|0|0|0||||||||
9|18|2501|B|1|0|U|546|7|21|66|E0918|73|73|0|0|118|0|72|70|0|1|0|0|17|25|0|0|3|3|382|74|230|72|2024|4|25|14|9|16|4|N
9|18|2502|C|1|0|U|506|7|21|66|E0918|70|3|44|0|33|0|144|29|0|0|0|0|0|36|0|0|2|8|299|47|98|144|2024|4|25|14|2|52|4|N
9|18|2506|B|1|0|U|508|7|21|66|E0918|67|0|0|0|0|0|0|0|0|0|0|0|0|0|0|0|0|0|0|0|0|0||||||||
9|18|2513|C|2|0|U|508|7|24|66|E0918|35|5|149|3|0|0|144|2|8|3|52|0|0|9|0|0|5|4|384|220|11|144|2024|4|25|15|34|55|1|N
9|18|2541|C|1|0|U|514|7|28|66|E0918|131|195|43|8|4|21|38|128|0|0|31|0|0|4|0|0|2|5|479|277|157|38|2024|4|25|15|19|18|4|N
9|18|2639|B|1|0|U|439|7|28|66|E0918|155|27|38|8|5|0|187|16|0|5|0|0|0|3|0|0|4|2|295|78|24|187|2024|4|25|11|27|42|4|N
9|18|2641|B|1|0|U|517|7|28|66|E0918|140|81|41|3|95|1|68|53|0|0|0|0|0|25|2|0|5|11|385|125|176|68|2024|4|25|14|15|49|4|N
9|18|2643|C|1|0|U|630|7|28|66|E0918|138|0|0|0|0|0|0|0|0|0|0|0|0|0|0|0|0|0|0|0|0|0||||||||
9|18|2643|C|2|0|U|630|7|28|66|E0918|138|0|0|0|0|0|0|0|0|0|0|0|0|0|0|0|0|0|0|0|0|0||||||||
9|18|2648|B|1|0|U|731|7|28|66|E0918|128|31|45|39|29|0|261|74|0|0|0|0|5|24|0|0|2|8|518|115|132|261|2024|4|25|14|4|49|4|N
9|18|2649|C|1|0|U|510|7|28|66|E0918|102|0|0|0|0|0|0|0|0|0|0|0|0|0|0|0|0|0|0|0|0|0||||||||
9|18|2652|C|2|0|U|557|7|28|66|E0918|99|0|0|0|0|0|0|0|0|0|0|0|0|0|0|0|0|0|0|0|0|0|2024|4|25|16|4|33|1|N
9|18|2653|B|1|0|U|581|7|28|66|E0918|103|43|9|0|47|0|148|78|0|0|12|0|33|1|0|0|5|4|380|64|159|148|2024|4|25|14|7|50|4|N
9|18|2735|C|1|0|U|485|7|28|66|E0918|150|12|19|0|78|0|34|118|0|22|0|0|7|8|0|0|2|3|303|53|211|34|2024|4|25|15|40|32|4|N
9|18|2742|B|1|0|U|586|7|28|66|E0918|109|0|0|0|0|0|0|0|0|0|0|0|0|0|0|0|0|0|0|0|0|0||||||||
9|18|2746|C|1|0|U|560|7|28|66|E0918|104|31|33|10|29|3|155|58|0|0|0|0|56|3|0|0|3|9|390|74|149|155|2024|4|25|15|1|27|4|N
9|18|2751|B|1|0|U|595|7|28|66|E0918|110|0|0|0|0|0|0|0|0|0|0|0|0|0|0|0|0|0|0|0|0|0||||||||
9|18|2751|C|1|0|U|594|7|28|66|E0918|110|0|0|0|0|0|0|0|0|0|0|0|0|0|0|0|0|0|0|0|0|0||||||||
9|18|2757|B|1|0|U|657|7|28|66|E0918|146|2|29|0|125|0|59|86|0|0|0|0|5|12|0|0|2|0|320|31|228|59|2024|4|25|11|31|43|4|N
9|18|2840|C|1|0|U|498|7|28|66|E0918|121|0|0|0|0|0|0|0|0|0|0|0|0|0|0|0|0|0|0|0|0|0||||||||
9|18|2847|B|1|0|U|514|7|28|66|E0918|119|0|0|0|0|0|0|0|0|0|0|0|0|0|0|0|0|0|0|0|0|0||||||||
9|18|2968|B|1|0|U|399|7|21|66|E0918|65|0|0|0|0|0|0|0|0|0|0|0|0|0|0|0|0|0|0|0|0|0||||||||
9|19|540|C|1|0|U|581|3|30|67|E0919|64|0|0|0|0|0|0|0|0|0|0|0|0|0|0|0|0|0|0|0|0|0||||||||
9|19|557|C|2|0|U|591|3|30|67|E0919|60|0|0|0|0|0|0|0|0|0|0|0|0|0|0|0|0|0|0|0|0|0||||||||
9|19|563|B|1|0|U|552|3|30|67|E0919|72|0|0|0|0|0|0|0|0|0|0|0|0|0|0|0|0|0|0|0|0|0||||||||
9|19|589|B|1|0|U|525|3|30|67|E0919|52|73|8|7|56|1|22|4|0|2|0|0|0|50|0|0|4|6|233|90|111|22|2024|4|25|14|8|12|4|N
9|19|590|C|1|0|U|570|3|30|67|E0919|49|0|0|0|0|0|0|0|0|0|0|0|0|0|0|0|0|0|0|0|0|0||||||||
9|19|591|C|5|0|U|633|3|30|67|E0919|46|0|0|0|0|0|0|0|0|0|0|0|0|0|0|0|0|0|0|0|0|0||||||||
9|19|596|C|1|0|U|668|3|30|67|E0919|41|0|0|0|0|0|0|0|0|0|0|0|0|0|0|0|0|0|0|0|0|0||||||||
9|19|598|B|1|0|U|566|3|30|67|E0919|39|0|0|0|0|0|0|0|0|0|0|0|0|0|0|0|0|0|0|0|0|0|2024|4|25|16|10|47|1|N
9|19|602|C|1|0|U|587|3|30|67|E0919|45|0|0|0|0|0|0|0|0|0|0|0|0|0|0|0|0|0|0|0|0|0||||||||
9|19|617|C|1|0|U|477|3|30|67|E0919|36|24|46|5|11|8|95|66|0|0|1|0|8|2|1|0|0|6|273|76|96|95|2024|4|25|14|8|44|4|N
9|19|631|C|1|0|U|679|3|30|67|E0919|14|0|0|0|0|0|0|0|0|0|0|0|0|0|0|0|0|0|0|0|0|0|2024|4|25|15|56|14|1|N
9|19|657|B|1|0|U|616|3|30|67|E0919|18|0|0|0|0|0|0|0|0|0|0|0|0|0|0|0|0|0|0|0|0|0||||||||
9|19|667|C|1|0|U|689|3|30|67|E0919|2|0|0|0|0|0|0|0|0|0|0|0|0|0|0|0|0|0|0|0|0|0||||||||
9|19|671|C|2|0|U|659|3|30|67|E0919|3|58|82|71|39|1|110|73|0|0|4|0|8|11|0|0|3|10|470|215|132|110|2024|4|25|14|12|28|4|N
9|19|681|B|1|0|U|473|3|30|67|E0919|57|0|0|0|0|0|0|0|0|0|0|0|0|0|0|0|0|0|0|0|0|0||||||||
9|19|685|B|1|0|U|456|3|30|67|E0919|36|47|38|4|4|1|154|65|0|16|0|0|0|58|0|0|2|3|392|105|128|154|2024|4|25|14|12|4|4|N
9|19|685|C|1|0|U|456|3|30|67|E0919|36|0|0|0|0|0|0|0|0|0|0|0|0|0|0|0|0|0|0|0|0|0|2024|4|25|16|6|23|1|N
9|19|2345|C|1|0|U|443|7|24|67|E0919|86|3|7|0|12|5|68|80|0|0|2|0|1|12|0|0|0|0|190|12|110|68|2024|4|25|14|6|16|4|N
9|19|2354|B|1|0|U|543|7|24|67|E0919|87|85|45|6|13|0|24|60|0|0|0|0|0|33|3|0|5|7|281|136|109|24|2024|4|25|14|6|39|4|N
9|19|2357|B|1|0|U|591|7|24|67|E0919|85|0|0|0|49|4|169|17|8|4|0|0|0|9|2|0|5|4|271|12|81|169|2024|4|25|14|5|39|4|N
9|19|2388|C|1|0|U|504|7|24|67|E0919|144|0|0|0|0|0|0|0|0|0|0|0|0|0|0|0|0|0|0|0|0|0|2024|4|25|16|4|3|1|N
9|19|2433|C|2|0|U|502|7|24|67|E0919|130|18|110|0|91|0|67|35|0|0|0|0|0|13|0|0|0|3|337|128|139|67|2024|4|25|14|13|32|4|N
9|19|2472|C|1|0|U|403|7|24|67|E0919|110|0|0|0|0|0|0|0|0|0|0|0|0|0|0|0|0|0|0|0|0|0|2024|4|25|16|0|29|1|N
9|19|2473|C|1|0|U|452|7|24|67|E0919|111|0|97|12|6|0|129|40|0|0|0|0|0|1|0|0|1|3|289|109|47|129|2024|4|25|15|26|35|4|N
9|19|2478|B|1|0|U|532|7|24|67|E0919|105|0|0|0|0|0|0|0|0|0|0|0|0|0|0|0|0|0|0|0|0|0||||||||
9|19|2480|C|1|0|U|378|7|24|67|E0919|106|0|0|0|0|0|0|0|0|0|0|0|0|0|0|0|0|0|0|0|0|0||||||||
9|20|2070|B|1|0|U|480|7|22|68|E0920|3|0|0|0|0|0|0|0|0|0|0|0|0|0|0|0|0|0|0|0|0|0||||||||
9|20|2078|C|1|0|U|476|7|22|68|E0920|6|19|84|0|23|0|15|72|0|0|4|0|2|0|0|0|2|0|221|107|97|15|2024|4|25|15|36|13|4|N
9|20|2090|B|1|0|U|551|7|22|68|E0920|39|0|0|0|0|0|0|0|0|0|0|0|0|0|0|0|0|0|0|0|0|0|2024|4|25|16|1|12|1|N
9|20|2090|C|1|0|U|550|7|22|68|E0920|39|0|0|0|0|0|0|0|0|0|0|0|0|0|0|0|0|0|0|0|0|0|2024|4|25|15|56|0|1|N
9|20|2094|C|1|0|U|603|7|22|68|E0920|44|0|0|0|0|0|0|0|0|0|0|0|0|0|0|0|0|0|0|0|0|0||||||||
9|20|2095|B|1|0|U|724|7|22|68|E0920|43|0|0|0|0|0|0|0|0|0|0|0|0|0|0|0|0|0|0|0|0|0||||||||
9|20|2123|C|1|0|U|587|7|22|68|E0920|21|35|46|1|127|0|83|39|38|0|0|0|0|0|0|0|0|2|371|120|166|83|2024|4|25|15|45|34|1|N
9|20|2145|B|1|0|U|503|7|29|68|E0920|165|0|0|0|0|0|0|0|0|0|0|0|0|0|0|0|0|0|0|0|0|0||||||||
9|20|2146|C|1|0|U|645|7|29|68|E0920|164|32|66|3|0|0|82|5|0|0|0|0|8|0|0|0|3|11|210|101|13|82|2024|4|25|15|33|56|1|N
9|20|2178|C|1|0|U|687|7|22|68|E0920|65|55|86|5|102|0|265|5|0|0|1|0|0|2|2|0|2|6|531|147|111|265|2024|4|25|15|45|42|1|N
9|20|2189|B|1|0|U|539|7|29|68|E0920|162|13|44|3|74|0|149|33|0|0|0|0|0|5|0|0|4|1|326|60|112|149|2024|4|25|14|17|7|4|N
9|20|2192|C|1|0|U|700|7|29|68|E0920|166|22|98|5|41|1|54|94|0|0|95|0|0|36|0|0|4|1|451|220|172|54|2024|4|25|14|16|1|4|N
9|20|2208|B|1|0|U|545|7|22|68|E0920|85|0|0|0|0|0|0|0|0|0|0|0|0|0|0|0|0|0|0|0|0|0||||||||
9|20|2214|C|4|0|U|683|7|21|68|E0920|91|30|7|29|52|4|138|75|0|0|4|0|94|16|0|0|5|12|466|70|241|138|2024|4|25|15|34|59|1|N
9|20|2215|B|1|0|U|376|7|21|68|E0920|89|0|0|0|0|0|0|0|0|0|0|0|0|0|0|0|0|0|0|0|0|0|2024|4|25|16|6|47|4|N
9|20|2220|C|1|0|U|747|7|21|68|E0920|104|0|0|0|0|0|0|0|0|0|0|0|0|0|0|0|0|0|0|0|0|0|2024|4|25|15|55|38|1|N
9|20|2222|C|2|0|U|613|7|21|68|E0920|103|27|198|1|31|1|85|80|0|2|0|0|0|0|0|0|4|0|429|228|112|85|2024|4|25|15|31|38|4|N
9|20|2233|B|1|0|U|631|7|29|68|E0920|153|28|44|1|15|0|97|64|5|0|2|0|0|17|0|0|5|3|281|80|96|97|2024|4|25|14|12|48|4|N
9|20|2240|C|1|0|U|670|7|21|68|E0920|119|0|0|0|0|0|0|0|0|0|0|0|0|0|0|0|0|0|0|0|0|0||||||||
9|20|2253|C|1|0|U|642|7|21|68|E0920|112|0|0|0|0|0|0|0|0|0|0|0|0|0|0|0|0|0|0|0|0|0||||||||
9|20|2290|B|1|0|U|566|7|29|68|E0920|151|0|0|0|0|0|0|0|0|0|0|0|0|0|0|0|0|0|0|0|0|0|2024|4|25|16|12|29|1|N
9|20|2293|C|1|0|U|563|7|29|68|E0920|149|19|12|1|30|1|43|70|0|0|0|0|0|86|0|0|4|0|266|32|187|43|2024|4|25|14|9|36|4|N
9|20|2293|C|2|0|U|563|7|29|68|E0920|149|22|168|0|167|0|72|17|0|1|1|0|10|21|0|0|3|5|487|192|215|72|2024|4|25|14|13|2|4|N
9|20|2312|B|1|0|U|397|7|22|68|E0920|42|0|0|0|0|0|0|0|0|0|0|0|0|0|0|0|0|0|0|0|0|0||||||||
9|20|2316|B|1|0|U|543|7|21|68|E0920|124|6|76|0|17|6|104|89|0|3|0|0|15|1|0|0|3|6|326|85|128|104|2024|4|25|15|17|47|1|N
9|20|2325|C|1|0|U|532|7|22|68|E0920|22|22|22|1|12|1|71|149|0|0|0|0|0|4|0|0|0|3|285|45|166|71|2024|4|25|15|45|39|4|N
9|20|2338|C|6|0|U|697|7|22|68|E0920|75|0|0|0|0|0|0|0|0|0|0|0|0|0|0|0|0|0|0|0|0|0||||||||
9|20|2339|C|1|0|U|397|7|22|68|E0920|69|0|0|0|0|0|0|0|0|0|0|0|0|0|0|0|0|0|0|0|0|0||||||||
9|20|2621|B|1|0|U|650|7|29|68|E0920|141|33|78|34|57|0|156|50|0|0|0|0|8|3|0|0|5|8|432|145|118|156|2024|4|25|15|4|55|4|N
9|20|5583|C|3|0|U|667|7|22|68|E0920|76|0|0|0|0|0|0|0|0|0|0|0|0|0|0|0|0|0|0|0|0|0||||||||
9|21|3122|B|1|0|U|566|9|7|69|E0921|135|0|0|0|0|0|0|0|0|0|0|0|0|0|0|0|0|0|0|0|0|0||||||||
9|21|3122|C|1|0|U|565|9|7|69|E0921|135|2|45|0|138|0|46|71|0|0|0|0|0|22|0|0|2|5|331|47|231|46|2024|4|25|14|5|46|4|N
9|21|3126|C|2|0|M|695|9|7|69|E0921|127|0|0|0|0|0|0|0|0|0|0|0|0|0|0|0|0|0|0|0|0|0||||||||
9|21|3129|B|1|0|M|567|9|7|69|E0921|109|0|0|0|0|0|0|0|0|0|0|0|0|0|0|0|0|0|0|0|0|0||||||||
9|21|3136|B|1|0|U|673|9|7|69|E0921|111|253|29|4|84|3|84|104|0|15|0|0|0|7|0|0|4|8|595|301|198|84|2024|4|25|14|2|25|4|N
9|21|3137|B|1|0|M|731|9|7|69|E0921|112|0|0|0|0|0|0|0|0|0|0|0|0|0|0|0|0|0|0|0|0|0||||||||
9|21|3143|B|1|0|U|644|9|7|69|E0921|116|0|0|0|0|0|0|0|0|0|0|0|0|0|0|0|0|0|0|0|0|0||||||||
9|21|3153|C|3|0|M|684|9|7|69|E0921|102|0|0|0|0|0|0|0|0|0|0|0|0|0|0|0|0|0|0|0|0|0|2024|4|25|16|13|10|1|N
9|21|3159|C|7|0|U|725|9|7|69|E0921|94|0|0|0|0|0|0|0|0|0|0|0|0|0|0|0|0|0|0|0|0|0||||||||
9|21|4108|C|2|0|M|670|13|25|69|E0921|2|62|167|16|80|2|123|17|3|4|0|0|0|3|0|0|3|11|491|252|102|123|2024|4|25|14|9|42|1|N
9|21|4146|B|1|0|M|622|13|25|69|E0921|19|0|0|0|0|0|0|0|0|0|0|0|0|0|0|0|0|0|0|0|0|0|2024|4|25|16|2|34|1|N
9|21|4148|B|1|0|U|668|13|25|69|E0921|21|10|33|1|164|60|137|25|0|0|0|0|0|34|0|0|2|5|471|44|283|137|2024|4|25|14|4|12|4|N
9|21|4175|B|1|0|U|530|13|25|69|E0921|22|47|47|11|2|1|126|62|0|0|0|0|71|38|0|0|4|9|418|105|174|126|2024|4|25|15|6|58|4|N
9|21|4179|C|2|0|M|589|13|25|69|E0921|49|0|0|0|0|0|0|0|0|0|0|0|0|0|0|0|0|0|0|0|0|0|2024|4|25|16|0|37|1|N
9|21|4183|C|7|0|U|698|13|25|69|E0921|17|23|29|4|3|0|35|65|0|0|0|0|0|0|0|0|3|1|163|56|68|35|2024|4|25|14|17|46|1|N
9|21|4186|C|2|0|U|532|13|25|69|E0921|9|59|68|32|40|6|137|48|6|1|40|0|4|8|16|0|3|2|470|206|122|137|2024|4|25|14|17|48|1|N
9|21|4218|B|1|0|U|707|13|25|69|E0921|53|43|300|0|3|1|74|98|0|0|0|0|0|15|0|0|4|7|545|343|117|74|2024|4|25|14|7|53|4|N
9|21|4218|C|1|0|U|706|13|25|69|E0921|53|44|55|70|54|0|73|51|0|0|0|0|50|88|0|0|2|8|495|169|243|73|2024|4|25|15|10|47|1|N
9|21|4257|C|1|0|U|633|13|25|69|E0921|84|25|7|0|48|1|101|141|0|0|0|0|0|19|0|0|5|3|350|32|209|101|2024|4|25|14|6|27|4|N
9|21|4260|C|1|0|M|691|13|25|69|E0921|73|43|11|10|18|41|99|70|0|2|0|0|0|14|0|0|1|11|320|66|143|99|2024|4|25|15|28|34|1|N
9|21|4261|C|1|0|U|621|13|25|69|E0921|80|0|0|0|0|0|0|0|0|0|0|0|0|0|0|0|0|0|0|0|0|0||||||||
9|21|4261|C|2|0|U|621|13|25|69|E0921|80|0|0|0|0|0|0|0|0|0|0|0|0|0|0|0|0|0|0|0|0|0||||||||
9|21|5585|C|1|0|U|657|9|7|69|E0921|131|0|0|0|0|0|0|0|0|0|0|0|0|0|0|0|0|0|0|0|0|0||||||||
9|21|5608|C|1|0|U|664|13|25|69|E0921|60|0|0|0|0|0|0|0|0|0|0|0|0|0|0|0|0|0|0|0|0|0||||||||
9|22|2560|C|1|0|U|554|7|29|70|E0922|26|29|37|12|79|28|92|54|0|0|0|0|0|65|0|0|3|1|400|78|226|92|2024|4|25|14|10|39|4|N
9|22|2595|C|2|0|U|526|7|27|70|E0922|97|0|0|0|0|0|0|0|0|0|0|0|0|0|0|0|0|0|0|0|0|0|2024|4|25|16|2|6|1|N
9|22|2596|C|2|0|U|522|7|27|70|E0922|96|0|0|0|0|0|0|0|0|0|0|0|0|0|0|0|0|0|0|0|0|0|2024|4|25|16|9|4|1|N
9|22|2599|C|2|0|U|540|7|27|70|E0922|106|0|0|0|0|0|0|0|0|0|0|0|0|0|0|0|0|0|0|0|0|0||||||||
9|22|2601|C|2|0|U|557|7|27|70|E0922|95|0|0|0|0|0|0|0|0|0|0|0|0|0|0|0|0|0|0|0|0|0||||||||
9|22|2685|C|2|0|U|650|7|29|70|E0922|29|0|0|0|0|0|0|0|0|0|0|0|0|0|0|0|0|0|0|0|0|0||||||||
9|22|2698|B|1|0|U|662|7|27|70|E0922|89|0|0|0|0|0|0|0|0|0|0|0|0|0|0|0|0|0|0|0|0|0||||||||
9|22|2703|B|1|0|U|637|7|27|70|E0922|114|0|0|0|0|0|0|0|0|0|0|0|0|0|0|0|0|0|0|0|0|0||||||||
9|22|2704|C|1|0|U|513|7|27|70|E0922|115|0|0|0|0|0|0|0|0|0|0|0|0|0|0|0|0|0|0|0|0|0||||||||
9|22|2720|B|1|0|U|633|7|29|70|E0922|23|57|130|13|14|0|57|49|35|4|0|0|1|19|3|0|5|4|391|239|86|57|2024|4|25|15|19|50|4|N
9|22|2779|C|4|0|U|640|7|29|70|E0922|25|34|46|2|65|15|78|193|0|0|4|0|1|23|0|0|1|6|468|86|297|78|2024|4|25|14|17|43|1|N
9|22|2785|C|1|0|U|655|7|27|70|E0922|43|0|0|0|0|0|0|0|0|0|0|0|0|0|0|0|0|0|0|0|0|0||||||||
9|22|2786|C|5|0|U|732|7|27|70|E0922|59|48|29|25|72|32|100|16|0|1|0|0|0|1|0|0|5|0|329|103|121|100|2024|4|25|14|13|5|4|N
9|22|2800|C|5|0|U|715|7|27|70|E0922|118|0|0|0|0|0|0|0|0|0|0|0|0|0|0|0|0|0|0|0|0|0||||||||
9|22|2800|C|6|0|U|715|7|27|70|E0922|118|0|0|0|0|0|0|0|0|0|0|0|0|0|0|0|0|0|0|0|0|0||||||||
9|22|2802|C|2|0|U|704|7|27|70|E0922|120|0|0|0|0|0|0|0|0|0|0|0|0|0|0|0|0|0|0|0|0|0||||||||
9|22|2812|C|3|0|U|703|7|27|70|E0922|40|19|33|0|198|0|251|32|0|3|0|0|0|2|0|0|1|2|541|55|232|251|2024|4|25|14|6|1|4|N
9|22|2814|C|2|0|U|505|7|27|70|E0922|41|0|0|0|0|0|0|0|0|0|0|0|0|0|0|0|0|0|0|0|0|0|2024|4|25|16|3|13|4|N
9|22|2815|B|1|0|U|503|7|29|70|E0922|32|0|0|0|0|0|0|0|0|0|0|0|0|0|0|0|0|0|0|0|0|0||||||||
9|22|2863|C|2|0|U|562|7|31|70|E0922|12|14|14|7|17|0|191|49|0|0|4|0|0|26|0|0|5|9|336|39|92|191|2024|4|25|14|8|30|4|N
9|22|5614|C|2|0|U|676|7|31|70|E0922|2|33|74|28|84|19|158|22|0|0|0|0|0|6|0|0|2|5|431|135|131|158|2024|4|25|14|11|40|4|N
10|1|253|B|1|0|U|730|5|3|71|E1001|8|0|0|0|0|0|0|0|0|0|0|0|0|0|0|0|0|0|0|0|0|0||||||||
10|1|312|B|1|0|U|606|5|4|71|E1001|21|17|28|1|21|49|264|82|0|0|0|0|0|34|6|0|3|2|507|46|192|264|2024|4|25|14|10|35|4|N
10|1|314|B|1|0|U|408|5|4|71|E1001|22|12|33|7|4|5|0|2|0|0|0|0|2|15|0|16|1|3|100|52|44|0|2024|4|25|15|23|15|4|N
10|1|316|C|1|0|U|581|5|4|71|E1001|23|45|126|127|25|5|29|45|0|0|0|0|0|3|0|0|0|12|417|298|78|29|2024|4|25|15|24|40|4|N
10|1|326|C|1|0|U|432|5|4|71|E1001|24|58|10|5|4|10|179|40|0|0|0|0|0|66|0|1|5|0|378|73|121|179|2024|4|25|15|7|12|4|N
10|1|331|C|2|0|U|591|5|4|71|E1001|26|71|15|37|19|0|175|71|0|0|0|0|0|1|0|26|2|7|424|123|117|175|2024|4|25|15|19|23|4|N
10|1|335|B|1|0|U|666|5|4|71|E1001|28|54|39|140|2|3|97|56|0|0|0|0|0|33|0|26|2|0|452|233|120|97|2024|4|25|15|9|59|4|N
10|1|336|C|1|0|U|667|5|4|71|E1001|23|56|44|0|127|12|119|10|0|0|0|0|0|30|0|0|3|11|412|100|179|119|2024|4|25|15|31|10|4|N
10|1|354|C|1|0|R|427|5|3|71|E1001|39|40|35|17|2|27|146|46|0|0|0|0|0|6|2|0|4|11|336|92|83|146|2024|4|25|15|22|20|4|N
10|1|381|B|1|0|R|507|5|3|71|E1001|45|0|0|0|0|0|0|0|0|0|0|0|0|0|0|0|0|0|0|0|0|0||||||||
10|1|386|E|1|0|R|271|5|4|71|E1001|103|2|52|5|2|1|53|32|0|0|0|0|0|2|0|1|3|5|158|59|38|53|2024|4|25|15|21|6|4|N
10|1|392|E|1|0|R|702|5|3|71|E1001|55|0|0|0|0|0|0|0|0|0|0|0|0|0|0|0|0|0|0|0|0|0||||||||
10|1|397|C|1|0|R|549|5|4|71|E1001|42|41|22|32|16|55|99|87|0|0|0|0|31|4|0|9|4|4|404|95|202|99|2024|4|25|15|38|4|4|N
10|1|400|B|1|0|U|614|5|4|71|E1001|57|82|70|52|36|72|133|27|0|0|15|0|1|2|0|0|1|4|495|219|138|133|2024|4|25|15|19|13|4|N
10|1|401|C|1|0|R|591|5|4|71|E1001|99|0|0|0|0|0|0|0|0|0|0|0|0|0|0|0|0|0|0|0|0|0|2024|4|25|16|0|35|4|N
10|1|411|C|1|0|M|637|5|4|71|E1001|59|8|45|69|44|13|97|116|0|0|0|0|56|0|0|20|3|8|479|122|249|97|2024|4|25|15|24|7|4|N
10|1|415|B|1|0|R|111|5|4|71|E1001|60|10|15|0|8|14|18|20|0|0|0|0|0|0|0|0|4|4|93|25|42|18|2024|4|25|15|16|38|4|N
10|1|417|B|1|0|R|267|5|4|71|E1001|107|26|47|14|4|11|75|4|0|0|0|0|1|8|0|0|1|10|201|87|28|75|2024|4|25|15|20|36|4|N
10|1|818|B|1|0|R|580|14|15|71|E1001|85|0|0|0|0|0|0|0|0|0|0|0|0|0|0|0|0|0|0|0|0|0|2024|4|25|15|52|57|1|N
10|1|821|E|1|1|R|493|14|15|71|E1001|87|0|0|0|0|0|0|0|0|0|0|0|0|0|0|0|0|0|0|0|0|0||||||||
10|1|1018|B|1|0|U|700|24|15|71|E1001|105|7|53|6|15|22|332|21|0|0|0|0|0|4|0|18|0|0|478|66|80|332|2024|4|25|14|8|10|1|N
10|1|1099|C|1|0|M|718|27|7|71|E1001|118|0|0|0|0|0|0|0|0|0|0|0|0|0|0|0|0|0|0|0|0|0||||||||
10|1|1099|C|2|0|M|718|27|7|71|E1001|118|0|0|0|0|0|0|0|0|0|0|0|0|0|0|0|0|0|0|0|0|0||||||||
10|1|1139|B|1|0|R|202|27|7|71|E1001|125|0|0|0|0|0|0|0|0|0|0|0|0|0|0|0|0|0|0|0|0|0||||||||
10|1|1201|B|1|0|U|569|33|7|71|E1001|127|46|4|47|52|97|122|35|0|0|0|0|0|1|0|6|0|4|414|97|191|122|2024|4|25|14|14|9|4|N
10|1|1202|B|1|0|U|646|33|7|71|E1001|128|11|16|57|63|16|159|6|0|0|0|0|0|16|0|47|1|6|398|84|148|159|2024|4|25|15|33|37|4|N
10|1|1212|B|1|0|U|590|33|7|71|E1001|136|10|39|18|82|33|127|83|0|0|0|0|0|0|0|19|4|6|421|67|217|127|2024|4|25|15|50|0|1|N
10|1|1224|B|1|0|R|479|33|7|71|E1001|159|34|1|24|6|4|83|101|0|0|0|0|0|46|0|0|1|6|306|59|157|83|2024|4|25|14|14|52|4|N
10|1|1321|B|1|0|R|469|36|7|71|E1001|167|0|0|0|0|0|0|0|0|0|0|0|0|0|0|0|0|0|0|0|0|0|2024|4|25|16|7|1|1|N
10|1|1454|C|1|0|U|731|5|3|71|E1001|14|62|143|7|27|128|91|59|0|0|0|0|0|2|0|0|1|1|521|212|216|91|2024|4|25|15|3|46|4|N
10|2|438|C|1|0|U|651|7|11|72|E1002|85|4|28|17|39|82|133|147|0|0|0|0|0|0|0|2|2|8|462|49|270|133|2024|4|25|15|49|18|4|N
10|2|439|C|2|0|U|706|7|11|72|E1002|78|36|14|68|1|143|56|156|0|0|0|0|0|0|10|21|0|8|513|118|331|56|2024|4|25|15|39|20|1|N
10|2|439|C|7|0|U|706|7|11|72|E1002|79|1|11|18|29|19|116|296|0|0|0|0|0|0|0|12|5|5|512|30|356|116|2024|4|25|15|36|36|4|N
10|2|445|C|1|0|U|611|7|11|72|E1002|65|29|2|9|0|28|175|63|0|0|0|0|0|14|0|0|2|5|327|40|105|175|2024|4|25|15|32|33|1|N
10|2|446|C|6|0|U|734|7|11|72|E1002|62|20|50|18|53|59|250|26|0|0|0|0|0|0|0|17|3|11|507|88|155|250|2024|4|25|15|34|8|1|N
10|2|458|B|1|0|U|684|7|11|72|E1002|68|0|0|0|0|0|0|0|0|0|0|0|0|0|0|0|0|0|0|0|0|0||||||||
10|2|467|B|1|0|U|629|7|11|72|E1002|84|1|11|40|212|18|91|18|0|0|0|0|0|15|0|1|3|2|412|52|264|91|2024|4|25|15|47|21|1|N
10|2|476|C|1|0|U|544|7|11|72|E1002|12|32|58|56|3|10|156|39|0|0|0|0|14|0|0|0|1|10|379|146|66|156|2024|4|25|15|43|24|1|N
10|2|482|B|1|0|U|670|7|11|72|E1002|13|0|0|0|0|0|0|0|0|0|0|0|0|0|0|0|0|0|0|0|0|0||||||||
10|2|493|C|1|0|U|502|7|12|72|E1002|32|58|16|4|7|9|203|39|0|0|0|0|0|0|4|0|2|5|347|78|59|203|2024|4|25|15|32|9|4|N
10|2|502|B|1|0|U|611|7|11|72|E1002|10|51|95|74|7|113|79|38|0|0|0|0|0|11|0|15|1|0|484|220|184|79|2024|4|25|15|49|45|1|N
10|2|525|C|1|0|U|611|7|12|72|E1002|17|139|47|46|9|14|40|57|48|0|0|0|0|45|0|4|5|11|465|280|129|40|2024|4|25|15|17|16|4|N
10|2|527|C|1|0|U|562|7|12|72|E1002|30|40|18|15|1|72|44|107|0|0|0|0|19|21|0|0|5|0|342|73|220|44|2024|4|25|15|27|54|4|N
10|2|536|C|1|0|U|531|7|11|72|E1002|3|30|38|69|16|11|88|106|0|0|0|0|0|3|0|7|5|3|376|137|143|88|2024|4|25|15|41|27|1|N
10|2|541|C|11|0|U|699|7|12|72|E1002|29|13|33|83|14|19|138|17|0|0|0|0|3|138|0|11|5|2|476|129|202|138|2024|4|25|15|12|38|4|N
10|2|548|C|1|0|U|446|7|12|72|E1002|22|0|0|0|0|0|0|0|0|0|0|0|0|0|0|0|0|0|0|0|0|0|2024|4|25|15|58|23|1|N
10|2|551|C|1|0|U|450|7|12|72|E1002|21|0|0|0|0|0|0|0|0|0|0|0|0|0|0|0|0|0|0|0|0|0|2024|4|25|16|10|36|1|N
10|2|607|C|1|0|M|612|7|10|72|E1002|26|9|95|35|65|14|165|50|0|0|0|0|0|86|11|9|1|4|544|139|235|165|2024|4|25|10|13|38|4|N
10|2|608|C|2|0|M|716|7|10|72|E1002|25|0|0|0|0|0|0|0|0|0|0|0|0|0|0|0|0|0|0|0|0|0|2024|4|25|16|10|38|1|N
10|2|673|B|1|0|M|272|11|9|72|E1002|146|0|0|0|0|0|0|0|0|0|0|0|0|0|0|0|0|0|0|0|0|0||||||||
10|2|683|B|1|0|R|233|11|9|72|E1002|145|0|0|0|0|0|0|0|0|0|0|0|0|0|0|0|0|0|0|0|0|0||||||||
10|2|788|C|1|0|U|566|13|9|72|E1002|124|0|0|0|0|0|0|0|0|0|0|0|0|0|0|0|0|0|0|0|0|0||||||||
10|2|895|B|1|0|M|467|18|9|72|E1002|140|0|0|0|0|0|0|0|0|0|0|0|0|0|0|0|0|0|0|0|0|0||||||||
10|2|898|B|1|0|R|121|18|9|72|E1002|141|0|0|0|0|0|0|0|0|0|0|0|0|0|0|0|0|0|0|0|0|0||||||||
10|2|913|B|1|0|R|299|18|9|72|E1002|137|0|0|0|0|0|0|0|0|0|0|0|0|0|0|0|0|0|0|0|0|0||||||||
10|2|916|B|1|0|U|682|19|9|72|E1002|149|0|0|0|0|0|0|0|0|0|0|0|0|0|0|0|0|0|0|0|0|0||||||||
10|2|1334|B|1|0|U|443|37|9|72|E1002|117|0|0|0|0|0|0|0|0|0|0|0|0|0|0|0|0|0|0|0|0|0||||||||
10|2|1354|B|1|0|R|379|37|9|72|E1002|112|0|0|0|0|0|0|0|0|0|0|0|0|0|0|0|0|0|0|0|0|0||||||||
10|2|1455|C|1|0|U|613|7|12|72|E1002|40|0|35|7|7|6|81|103|0|0|0|0|0|0|0|34|5|4|282|42|150|81|2024|4|25|15|12|8|4|N
10|3|3|B|1|0|U|737|1|8|73|E1003|2|79|19|17|83|58|102|23|0|0|0|0|0|35|0|8|4|3|431|115|207|102|2024|4|25|14|6|17|1|N
10|3|7|B|1|0|U|747|1|8|73|E1003|1|162|2|70|2|1|31|70|0|0|0|0|5|11|23|0|3|2|382|234|112|31|2024|4|25|14|6|59|1|N
10|3|30|C|1|0|R|523|1|8|73|E1003|8|38|21|66|5|2|86|5|0|0|0|0|0|29|0|48|5|0|305|125|89|86|2024|4|25|15|40|17|4|N
10|3|81|B|1|0|R|367|4|14|73|E1003|19|0|0|0|0|0|0|0|0|0|0|0|0|0|0|0|0|0|0|0|0|0||||||||
10|3|621|C|1|0|M|698|8|8|73|E1003|45|5|21|27|12|18|91|49|0|0|0|0|2|0|0|7|3|1|236|53|88|91|2024|4|25|15|9|42|4|N
10|3|633|C|1|0|U|485|8|8|73|E1003|43|0|0|0|0|0|0|0|0|0|0|0|0|0|0|0|0|0|0|0|0|0||||||||
10|3|689|C|9|0|U|745|12|13|73|E1003|57|38|48|90|20|2|126|29|0|0|0|0|0|2|0|21|3|10|389|176|74|126|2024|4|25|15|2|35|4|N
10|3|694|C|3|0|U|609|12|13|73|E1003|62|0|0|0|0|0|0|0|0|0|0|0|0|0|0|0|0|0|0|0|0|0||||||||
10|3|697|C|1|0|U|719|12|13|73|E1003|66|129|180|62|45|53|85|22|0|0|0|0|0|16|0|5|4|1|602|371|141|85|2024|4|25|14|17|45|4|N
10|3|699|C|1|0|U|717|12|13|73|E1003|65|0|0|0|0|0|0|0|0|0|0|0|0|0|0|0|0|0|0|0|0|0||||||||
10|3|707|C|1|0|U|399|12|13|73|E1003|64|84|0|12|10|12|56|44|0|0|0|0|0|4|0|8|0|7|237|96|78|56|2024|4|25|14|4|59|4|N
10|3|739|C|1|0|R|581|12|9|73|E1003|97|0|0|0|0|0|0|0|0|0|0|0|0|0|0|0|0|0|0|0|0|0||||||||
10|3|757|B|1|0|R|550|12|9|73|E1003|94|0|0|0|0|0|0|0|0|0|0|0|0|0|0|0|0|0|0|0|0|0||||||||
10|3|760|B|1|0|U|647|12|13|73|E1003|81|0|0|0|0|0|0|0|0|0|0|0|0|0|0|0|0|0|0|0|0|0|2024|4|25|15|53|53|1|N
10|3|764|B|1|0|R|602|12|13|73|E1003|84|14|14|37|3|58|97|5|0|0|0|0|0|9|0|1|2|4|244|65|76|97|2024|4|25|15|31|23|1|N
10|3|765|B|1|0|R|271|12|13|73|E1003|84|22|0|16|37|11|65|52|0|0|0|0|5|11|1|0|5|5|230|38|117|65|2024|4|25|15|42|18|1|N
10|3|833|B|1|0|R|733|15|9|73|E1003|101|0|0|0|0|0|0|0|0|0|0|0|0|0|0|0|0|0|0|0|0|0|2024|4|25|16|1|11|1|N
10|3|835|B|1|0|M|499|15|9|73|E1003|101|0|0|0|0|0|0|0|0|0|0|0|0|0|0|0|0|0|0|0|0|0||||||||
10|3|841|B|1|0|R|245|15|9|73|E1003|103|0|0|0|0|0|0|0|0|0|0|0|0|0|0|0|0|0|0|0|0|0|2024|4|25|16|10|34|1|N
10|3|850|B|1|0|R|516|16|14|73|E1003|106|0|0|0|0|0|0|0|0|0|0|0|0|0|0|0|0|0|0|0|0|0||||||||
10|3|850|C|1|0|R|516|16|14|73|E1003|106|0|0|0|0|0|0|0|0|0|0|0|0|0|0|0|0|0|0|0|0|0|2024|4|25|16|4|57|1|N
10|3|977|B|1|0|M|472|22|8|73|E1003|129|0|0|0|0|0|0|0|0|0|0|0|0|0|0|0|0|0|0|0|0|0||||||||
10|3|990|C|1|0|U|383|22|8|73|E1003|133|0|0|0|0|0|0|0|0|0|0|0|0|0|0|0|0|0|0|0|0|0||||||||
10|3|1079|B|1|0|R|207|25|9|73|E1003|148|0|0|0|0|0|0|0|0|0|0|0|0|0|0|0|0|0|0|0|0|0||||||||
10|3|1174|B|1|0|R|377|29|8|73|E1003|163|0|0|0|0|0|0|0|0|0|0|0|0|0|0|0|0|0|0|0|0|0||||||||
10|3|1193|B|1|0|M|397|32|14|73|E1003|165|0|0|0|0|0|0|0|0|0|0|0|0|0|0|0|0|0|0|0|0|0||||||||
10|3|1375|C|1|0|U|667|39|14|73|E1003|171|9|3|41|28|84|142|7|0|0|1|0|0|0|0|0|2|9|326|54|119|142|2024|4|25|14|3|48|4|N
10|3|1380|B|1|0|U|596|39|14|73|E1003|174|0|0|0|0|0|0|0|0|0|0|0|0|0|0|0|0|0|0|0|0|0||||||||
10|3|1461|C|2|0|U|689|12|13|73|E1003|51|20|78|79|117|7|146|87|0|0|0|0|7|3|0|6|3|9|562|177|227|146|2024|4|25|15|27|24|2|N
10|3|1463|C|2|0|U|707|12|13|73|E1003|53|2|17|96|55|1|4|72|0|0|0|0|0|48|0|21|3|0|319|115|197|4|2024|4|25|14|5|13|4|N
10|3|1464|C|1|0|U|693|12|13|73|E1003|54|0|0|0|0|0|0|0|0|0|0|0|0|0|0|0|0|0|0|0|0|0||||||||
10|4|118|C|9|0|U|739|5|1|74|E1004|21|95|90|124|0|25|164|28|0|0|0|0|0|0|0|0|2|10|538|309|53|164|2024|4|25|15|22|2|4|N
10|4|130|C|5|0|U|735|5|1|74|E1004|49|0|0|0|0|0|0|0|0|0|0|0|0|0|0|0|0|0|0|0|0|0|2024|4|25|15|54|23|4|N
10|4|132|B|1|0|U|600|5|6|74|E1004|54|0|0|0|0|0|0|0|0|0|0|0|0|0|0|0|0|0|0|0|0|0||||||||
10|4|135|B|1|0|U|573|5|6|74|E1004|51|115|48|31|2|23|63|34|0|0|0|0|13|2|0|0|1|7|339|194|74|63|2024|4|25|15|31|14|4|N
10|4|136|C|1|0|U|651|5|1|74|E1004|43|6|21|5|81|154|141|94|0|0|0|0|0|0|0|46|3|10|561|32|375|141|2024|4|25|15|48|50|1|N
10|4|146|C|1|0|U|676|5|2|74|E1004|15|11|99|3|0|37|288|38|0|0|0|0|0|1|0|2|1|10|490|113|78|288|2024|4|25|15|43|49|4|N
10|4|147|C|3|0|U|638|5|2|74|E1004|16|15|79|22|34|140|116|33|0|0|22|0|12|2|0|25|2|5|507|138|246|116|2024|4|25|15|11|26|4|N
10|4|152|C|1|0|U|734|5|1|74|E1004|29|0|0|0|0|0|0|0|0|0|0|0|0|0|0|0|0|0|0|0|0|0|2024|4|25|16|5|6|1|N
10|4|157|C|2|0|U|557|5|1|74|E1004|45|10|34|20|59|34|176|47|0|0|0|0|0|0|0|17|2|0|399|64|157|176|2024|4|25|14|16|52|4|N
10|4|161|C|2|0|U|551|5|1|74|E1004|52|103|9|52|3|29|148|24|0|0|0|0|0|15|0|0|3|9|395|164|71|148|2024|4|25|15|51|1|4|N
10|4|162|C|2|0|U|595|5|6|74|E1004|66|31|107|43|56|4|177|51|0|0|6|0|0|0|13|0|4|10|502|187|124|177|2024|4|25|15|50|21|4|N
10|4|199|C|1|0|U|684|5|6|74|E1004|73|219|0|45|11|12|146|32|0|0|0|0|2|90|27|1|4|8|597|264|175|146|2024|4|25|14|8|59|4|N
10|4|205|B|1|0|U|687|5|5|74|E1004|70|77|203|24|39|20|96|90|0|0|0|0|0|0|0|6|4|4|563|304|155|96|2024|4|25|15|39|55|4|N
10|4|206|B|1|0|U|637|5|5|74|E1004|93|80|54|13|2|38|171|110|0|0|0|0|0|0|0|8|3|6|485|147|158|171|2024|4|25|15|31|25|1|N
10|4|210|C|1|0|U|498|5|5|74|E1004|90|6|125|53|2|5|204|18|0|0|0|0|0|0|0|3|3|1|420|184|28|204|2024|4|25|15|35|29|1|N
10|4|216|B|1|0|U|425|5|5|74|E1004|84|27|44|7|26|9|140|30|0|0|0|0|0|2|0|4|2|2|293|78|71|140|2024|4|25|14|7|0|4|N
10|4|237|C|2|0|U|579|5|6|74|E1004|97|0|0|0|0|0|0|0|0|0|0|0|0|0|0|0|0|0|0|0|0|0||||||||
10|4|259|C|1|0|U|472|5|5|74|E1004|103|83|83|60|5|21|116|7|0|0|0|0|0|0|0|0|0|11|386|226|33|116|2024|4|25|15|23|0|1|N
10|4|265|B|1|0|U|504|5|5|74|E1004|127|0|0|0|0|0|0|0|0|0|0|0|0|0|0|0|0|0|0|0|0|0||||||||
10|4|269|C|1|0|U|511|5|5|74|E1004|99|40|49|59|4|8|132|70|0|0|0|0|0|0|0|0|3|12|377|148|82|132|2024|4|25|15|35|56|1|N
10|4|281|C|3|0|U|568|5|5|74|E1004|124|1|67|5|1|43|184|41|0|0|1|0|0|13|1|0|3|1|361|74|99|184|2024|4|25|15|43|55|1|N
10|4|286|C|2|0|U|560|5|5|74|E1004|131|0|0|0|0|0|0|0|0|0|0|0|0|0|0|0|0|0|0|0|0|0||||||||
10|4|288|B|1|0|U|477|5|5|74|E1004|107|11|75|15|45|23|161|33|0|0|0|0|0|9|0|19|1|10|402|101|129|161|2024|4|25|15|27|4|4|N
10|4|371|B|1|0|M|648|5|1|74|E1004|41|45|5|8|33|0|300|66|0|0|0|0|0|1|0|11|3|7|479|58|111|300|2024|4|25|15|6|59|4|N
10|4|1406|B|1|0|U|622|5|2|74|E1004|146|0|0|0|0|0|0|0|0|0|0|0|0|0|0|0|0|0|0|0|0|0|2024|4|25|15|57|39|1|N
10|4|1411|C|1|0|U|516|5|2|74|E1004|146|14|63|29|28|2|124|33|0|0|0|0|1|32|0|3|3|8|340|106|99|124|2024|4|25|14|3|33|4|N
11|1|740|B|1|0|U|665|13|2|75|E1101|6|0|0|0|0|0|0|0|0|0|0|0|0|0|0|0|0|0|0|0|0|0||||||||
11|1|748|C|1|0|R|620|13|2|75|E1101|10|0|0|0|0|0|0|0|0|0|0|0|0|0|0|0|0|0|0|0|0|0||||||||
11|1|748|C|3|0|R|619|13|2|75|E1101|10|0|0|0|0|0|0|0|0|0|0|0|0|0|0|0|0|0|0|0|0|0||||||||
11|1|752|C|4|0|M|616|14|1|75|E1101|18|2|55|2|4|45|117|42|0|7|3|32|0|0|0|0|0|5|314|101|91|117|2024|4|25|15|51|12|1|N
11|1|753|C|1|0|U|737|14|1|75|E1101|17|23|5|0|157|0|240|113|0|0|2|7|0|0|0|0|1|7|555|37|270|240|2024|4|25|15|0|57|4|N
11|1|760|B|1|0|U|688|14|1|75|E1101|13|0|0|0|0|0|0|0|0|0|0|0|0|0|0|0|0|0|0|0|0|0||||||||
11|1|784|C|1|0|R|652|14|1|75|E1101|38|0|0|0|0|0|0|0|0|0|0|0|0|0|0|0|0|0|0|0|0|0||||||||
11|1|785|B|1|0|R|688|14|1|75|E1101|39|0|0|0|0|0|0|0|0|0|0|0|0|0|0|0|0|0|0|0|0|0||||||||
11|1|787|B|1|0|R|505|14|1|75|E1101|53|0|0|0|0|0|0|0|0|0|0|0|0|0|0|0|0|0|0|0|0|0||||||||
11|1|787|C|1|0|R|504|14|1|75|E1101|53|0|0|0|0|0|0|0|0|0|0|0|0|0|0|0|0|0|0|0|0|0||||||||
11|1|790|C|3|0|R|575|14|1|75|E1101|36|4|98|13|21|0|79|42|0|90|19|0|0|0|0|5|3|4|378|224|68|79|2024|4|25|15|51|32|1|N
11|1|793|B|1|0|M|707|14|1|75|E1101|50|0|0|0|0|0|0|0|0|0|0|0|0|0|0|0|0|0|0|0|0|0||||||||
11|1|795|B|1|0|R|686|14|1|75|E1101|54|0|0|0|0|0|0|0|0|0|0|0|0|0|0|0|0|0|0|0|0|0||||||||
11|1|803|C|1|0|R|599|14|1|75|E1101|31|0|0|0|0|0|0|0|0|0|0|0|0|0|0|0|0|0|0|0|0|0||||||||
11|1|806|C|1|0|R|494|14|1|75|E1101|55|0|0|0|0|0|0|0|0|0|0|0|0|0|0|0|0|0|0|0|0|0|2024|4|25|15|59|34|1|N
11|1|2543|C|2|0|U|591|33|2|75|E1101|85|0|0|0|0|0|0|0|0|0|0|0|0|0|0|0|0|0|0|0|0|0|2024|4|25|16|6|39|1|N
11|1|2576|B|1|0|R|739|33|2|75|E1101|67|0|0|0|0|0|0|0|0|0|0|0|0|0|0|0|0|0|0|0|0|0||||||||
11|1|2582|B|1|0|R|517|33|2|75|E1101|64|31|48|1|2|22|43|132|0|2|6|23|0|0|0|0|4|11|325|111|156|43|2024|4|25|15|19|22|1|N
11|1|2587|C|7|0|U|722|33|2|75|E1101|74|0|0|0|0|0|0|0|0|0|0|0|0|0|0|0|0|0|0|0|0|0||||||||
11|1|2789|B|1|0|R|167|40|2|75|E1101|100|7|4|5|34|2|23|12|7|29|0|0|0|0|0|0|2|2|127|52|48|23|2024|4|25|15|44|23|1|N
11|1|2891|C|1|0|M|588|43|2|75|E1101|111|0|0|0|0|0|0|0|0|0|0|0|0|0|0|0|0|0|0|0|0|0|2024|4|25|16|11|4|1|N
11|1|2899|B|1|0|R|510|43|2|75|E1101|108|0|0|0|0|0|0|0|0|0|0|0|0|0|0|0|0|0|0|0|0|0||||||||
11|2|144|C|1|0|U|651|3|9|76|E1102|4|18|44|0|7|69|213|30|9|117|2|5|0|0|0|0|4|8|526|195|106|213|2024|4|25|15|9|15|4|N
11|2|154|B|1|0|U|615|3|9|76|E1102|11|14|21|12|16|52|118|139|0|1|10|20|0|0|0|0|1|1|405|78|207|118|2024|4|25|14|11|41|1|N
11|2|171|B|1|0|U|521|3|9|76|E1102|23|0|0|0|0|0|0|0|0|0|0|0|0|0|0|0|0|0|0|0|0|0||||||||
11|2|173|C|2|0|U|635|3|9|76|E1102|26|0|0|0|0|0|0|0|0|0|0|0|0|0|0|0|0|0|0|0|0|0||||||||
11|2|173|C|4|0|U|634|3|9|76|E1102|26|0|0|0|0|0|0|0|0|0|0|0|0|0|0|0|0|0|0|0|0|0||||||||
11|2|177|C|1|0|R|640|3|9|76|E1102|30|0|0|0|0|0|0|0|0|0|0|0|0|0|0|0|0|0|0|0|0|0||||||||
11|2|185|B|1|0|U|535|3|9|76|E1102|35|0|0|0|0|0|0|0|0|0|0|0|0|0|0|0|0|0|0|0|0|0||||||||
11|2|186|C|1|0|U|456|3|9|76|E1102|36|0|0|0|0|0|0|0|0|0|0|0|0|0|0|0|0|0|0|0|0|0||||||||
11|2|188|C|3|0|R|575|3|9|76|E1102|37|0|0|0|0|0|0|0|0|0|0|0|0|0|0|0|0|0|0|0|0|0||||||||
11|2|235|C|1|0|R|537|3|9|76|E1102|60|11|12|0|0|17|61|115|11|1|1|29|0|0|0|0|3|1|262|65|132|61|2024|4|25|15|40|20|2|N
11|2|503|B|1|0|U|645|7|16|76|E1102|73|0|0|0|0|0|0|0|0|0|0|0|0|0|0|0|0|0|0|0|0|0|2024|4|25|15|55|46|4|N
11|2|505|C|3|0|M|730|7|16|76|E1102|74|0|0|0|0|0|0|0|0|0|0|0|0|0|0|0|0|0|0|0|0|0||||||||
11|2|514|C|1|0|M|721|7|16|76|E1102|82|28|99|0|95|45|174|22|65|2|0|9|0|0|0|0|3|8|550|203|162|174|2024|4|25|15|44|35|4|N
11|2|516|B|1|0|M|731|7|16|76|E1102|83|0|0|0|0|0|0|0|0|0|0|0|0|0|0|0|0|0|0|0|0|0||||||||
11|2|520|C|2|0|M|684|7|16|76|E1102|85|0|0|0|0|0|0|0|0|0|0|0|0|0|0|0|0|0|0|0|0|0||||||||
11|2|612|B|1|0|M|582|9|17|76|E1102|91|0|0|0|0|0|0|0|0|0|0|0|0|0|0|0|0|0|0|0|0|0||||||||
11|2|612|C|3|0|M|582|9|17|76|E1102|91|0|0|0|0|0|0|0|0|0|0|0|0|0|0|0|0|0|0|0|0|0||||||||
11|2|616|C|1|0|U|530|9|17|76|E1102|95|0|0|0|0|0|0|0|0|0|0|0|0|0|0|0|0|0|0|0|0|0||||||||
11|2|620|B|1|0|M|655|9|17|76|E1102|97|0|0|0|0|0|0|0|0|0|0|0|0|0|0|0|0|0|0|0|0|0||||||||
11|2|624|C|1|0|R|416|9|17|76|E1102|99|0|0|0|0|0|0|0|0|0|0|0|0|0|0|0|0|0|0|0|0|0||||||||
11|2|641|B|1|0|R|611|9|17|76|E1102|110|0|0|0|0|0|0|0|0|0|0|0|0|0|0|0|0|0|0|0|0|0||||||||
11|2|645|C|1|0|U|662|9|17|76|E1102|111|0|0|0|0|0|0|0|0|0|0|0|0|0|0|0|0|0|0|0|0|0||||||||
11|2|649|C|1|0|U|545|9|17|76|E1102|112|0|0|0|0|0|0|0|0|0|0|0|0|0|0|0|0|0|0|0|0|0||||||||
11|2|2510|B|1|0|U|575|32|9|76|E1102|120|40|64|0|0|156|45|54|5|2|0|0|0|0|0|0|2|8|376|111|210|45|2024|4|25|15|16|51|4|N
11|2|2532|C|2|0|M|620|32|9|76|E1102|136|0|0|0|0|0|0|0|0|0|0|0|0|0|0|0|0|0|0|0|0|0||||||||
11|2|2542|C|1|0|R|606|32|9|76|E1102|142|0|0|0|0|0|0|0|0|0|0|0|0|0|0|0|0|0|0|0|0|0||||||||
11|3|1265|C|4|0|U|689|20|3|77|E1103|4|69|27|0|40|14|113|147|0|0|7|27|0|0|0|0|5|6|455|130|201|113|2024|4|25|15|12|59|4|N
11|3|1267|C|1|0|U|673|20|3|77|E1103|8|0|0|0|0|0|0|0|0|0|0|0|0|0|0|0|0|0|0|0|0|0||||||||
11|3|1270|C|2|0|U|590|20|3|77|E1103|7|0|0|0|0|0|0|0|0|0|0|0|0|0|0|0|0|0|0|0|0|0|2024|4|25|15|53|29|4|N
11|3|1272|C|1|0|U|627|20|3|77|E1103|12|0|0|0|0|0|0|0|0|0|0|0|0|0|0|0|0|0|0|0|0|0||||||||
11|3|1278|C|1|0|U|732|20|3|77|E1103|21|45|17|0|0|58|113|91|0|113|70|3|0|0|0|0|3|0|513|248|149|113|2024|4|25|14|4|25|4|N
11|3|1278|C|4|0|U|731|20|3|77|E1103|19|2|101|17|0|100|64|112|94|4|5|2|0|0|2|0|5|11|519|225|214|64|2024|4|25|15|51|52|4|N
11|3|1282|E|1|2|U|570|20|3|77|E1103|109|13|15|10|0|139|56|34|14|58|2|7|0|0|7|0|3|12|370|119|180|56|2024|4|25|15|11|20|4|N
11|3|1283|C|1|0|U|685|20|3|77|E1103|23|1|34|0|6|97|111|129|11|18|2|7|0|0|0|1|2|2|421|73|233|111|2024|4|25|15|11|10|4|N
11|3|1284|C|3|0|U|745|20|3|77|E1103|25|0|0|0|0|0|0|0|0|0|0|0|0|0|0|0|0|0|0|0|0|0||||||||
11|3|1294|B|1|0|U|543|20|7|77|E1103|112|0|30|0|67|61|88|47|0|7|0|0|0|0|0|0|3|12|315|37|175|88|2024|4|25|15|8|44|4|N
11|3|1303|C|1|0|U|551|20|7|77|E1103|111|4|21|0|2|1|128|51|4|57|0|0|0|0|0|0|5|10|283|86|54|128|2024|4|25|14|7|0|1|N
11|3|1304|C|3|0|U|716|20|7|77|E1103|31|35|11|1|1|11|229|97|1|8|8|8|0|0|0|0|2|1|413|72|109|229|2024|4|25|15|15|14|4|N
11|3|1313|C|1|0|U|448|20|3|77|E1103|35|53|2|1|1|133|70|44|0|1|0|0|0|0|0|0|2|11|318|57|178|70|2024|4|25|14|12|58|4|N
11|3|1314|B|1|0|U|643|20|7|77|E1103|137|1|2|2|0|19|49|150|1|53|48|49|0|0|0|8|5|2|389|156|177|49|2024|4|25|15|28|30|4|N
11|3|1329|C|1|0|U|452|20|7|77|E1103|137|0|0|0|0|0|0|0|0|0|0|0|0|0|0|0|0|0|0|0|0|0||||||||
11|3|1355|B|1|0|U|561|20|7|77|E1103|48|18|15|1|4|8|21|62|0|1|1|143|0|0|0|0|2|2|278|179|74|21|2024|4|25|14|5|6|4|N
11|3|1361|B|1|0|U|490|20|7|77|E1103|41|9|65|9|7|7|193|8|0|1|10|0|0|0|0|0|0|11|320|94|22|193|2024|4|25|15|40|15|4|N
11|3|1362|C|1|0|U|604|20|7|77|E1103|38|0|0|0|0|0|0|0|0|0|0|0|0|0|0|0|0|0|0|0|0|0|2024|4|25|16|0|37|4|N
11|3|1398|C|1|0|U|484|20|7|77|E1103|63|14|14|3|44|39|107|17|1|35|27|7|0|0|0|0|3|0|311|101|100|107|2024|4|25|14|12|29|1|N
11|3|1478|C|1|0|R|500|20|3|77|E1103|135|3|49|2|3|11|164|80|0|4|29|0|0|0|0|0|3|6|354|87|94|164|2024|4|25|15|12|35|4|N
11|3|1701|B|1|0|U|503|20|7|77|E1103|90|14|36|10|31|25|124|78|9|95|1|5|0|0|10|0|5|5|448|170|144|124|2024|4|25|14|10|40|4|N
11|3|1703|B|1|0|U|230|20|3|77|E1103|79|20|3|0|19|6|77|10|0|0|0|1|0|0|0|0|1|8|145|24|35|77|2024|4|25|15|31|39|4|N
11|3|1710|B|1|0|U|440|20|7|77|E1103|87|0|0|0|0|0|0|0|0|0|0|0|0|0|0|0|0|0|0|0|0|0||||||||
11|3|1720|B|1|0|U|496|20|7|77|E1103|89|23|37|6|15|34|119|89|0|3|0|35|0|0|1|0|3|1|366|104|139|119|2024|4|25|15|47|18|4|N
11|3|3189|C|1|0|U|666|20|3|77|E1103|134|79|184|0|1|9|41|31|1|3|0|20|0|0|6|1|0|11|387|287|48|41|2024|4|25|15|17|55|4|N
11|4|824|C|1|0|U|668|15|8|78|E1104|1|4|144|0|0|7|73|26|6|6|14|2|0|0|0|0|1|0|283|176|33|73|2024|4|25|14|15|34|1|N
11|4|855|B|1|0|U|584|15|8|78|E1104|10|0|0|0|0|0|0|0|0|0|0|0|0|0|0|0|0|0|0|0|0|0||||||||
11|4|862|C|1|0|U|529|15|8|78|E1104|22|74|154|3|4|3|35|66|0|19|1|16|0|0|51|0|3|7|436|267|124|35|2024|4|25|15|41|53|4|N
11|4|887|B|1|0|R|689|15|8|78|E1104|46|0|0|0|0|0|0|0|0|0|0|0|0|0|0|0|0|0|0|0|0|0||||||||
11|4|894|C|1|0|R|560|15|8|78|E1104|47|0|0|0|0|0|0|0|0|0|0|0|0|0|0|0|0|0|0|0|0|0||||||||
11|4|914|C|2|0|R|744|15|8|78|E1104|64|0|0|0|0|0|0|0|0|0|0|0|0|0|0|0|0|0|0|0|0|0||||||||
11|4|1907|B|1|0|M|491|22|1|78|E1104|74|12|5|5|0|3|95|103|1|50|26|6|0|0|0|0|0|9|315|105|106|95|2024|4|25|15|34|30|4|N
11|4|2349|C|1|0|U|665|29|2|78|E1104|77|51|29|0|39|103|136|74|1|3|26|52|0|0|0|0|4|5|523|162|216|136|2024|4|25|15|21|37|4|N
11|4|2351|C|1|0|R|425|29|2|78|E1104|79|10|11|0|1|11|47|64|0|8|1|0|0|0|0|0|2|5|160|30|76|47|2024|4|25|15|32|38|1|N
11|4|2379|C|1|0|U|587|30|1|78|E1104|89|17|68|18|11|0|73|59|0|16|6|5|0|0|0|3|1|1|278|130|73|73|2024|4|25|15|29|35|4|N
11|4|2389|B|1|0|U|680|30|1|78|E1104|94|15|36|11|1|16|67|118|3|1|0|9|0|0|0|0|2|11|290|75|135|67|2024|4|25|15|48|49|4|N
11|4|2390|C|2|0|U|736|30|1|78|E1104|100|0|0|0|0|0|0|0|0|0|0|0|0|0|0|0|0|0|0|0|0|0||||||||
11|4|2409|C|2|0|M|750|30|1|78|E1104|112|0|0|0|0|0|0|0|0|0|0|0|0|0|0|0|0|0|0|0|0|0||||||||
11|4|2417|C|2|0|R|563|30|1|78|E1104|115|28|76|0|9|31|180|44|2|33|5|2|0|0|0|0|3|4|417|146|84|180|2024|4|25|15|43|24|1|N
11|4|2423|C|1|0|R|442|30|1|78|E1104|117|0|0|0|0|0|0|0|0|0|0|0|0|0|0|0|0|0|0|0|0|0||||||||
11|4|2434|C|1|0|R|406|30|1|78|E1104|121|0|21|0|1|0|25|112|0|47|2|1|0|0|0|0|1|9|219|71|113|25|2024|4|25|15|49|47|1|N
11|4|2440|C|1|0|R|499|30|1|78|E1104|126|0|0|0|0|0|0|0|0|0|0|0|0|0|0|0|0|0|0|0|0|0|2024|4|25|15|56|56|1|N
11|4|3169|C|2|0|U|590|15|8|78|E1104|33|6|130|1|0|12|126|110|54|29|4|5|0|0|0|2|5|7|491|229|124|126|2024|4|25|15|25|49|4|N
11|4|3172|C|1|0|U|703|15|8|78|E1104|36|0|0|0|0|0|0|0|0|0|0|0|0|0|0|0|0|0|0|0|0|0|2024|4|25|16|1|56|4|N
11|4|3173|B|1|0|U|603|15|8|78|E1104|37|0|0|0|0|0|0|0|0|0|0|0|0|0|0|0|0|0|0|0|0|0||||||||
11|4|3174|C|3|0|U|721|15|8|78|E1104|38|0|0|0|0|0|0|0|0|0|0|0|0|0|0|0|0|0|0|0|0|0||||||||
11|4|3268|C|2|0|U|696|15|8|78|E1104|55|0|0|0|0|0|0|0|0|0|0|0|0|0|0|0|0|0|0|0|0|0||||||||
11|5|1483|C|8|0|U|726|20|5|79|E1105|55|41|11|0|2|92|162|87|4|6|0|48|0|0|0|0|5|6|464|110|181|162|2024|4|25|15|25|18|2|N
11|5|1491|C|3|0|U|723|20|5|79|E1105|65|0|0|0|0|0|0|0|0|0|0|0|0|0|0|0|0|0|0|0|0|0||||||||
11|5|1492|C|3|0|U|720|20|5|79|E1105|67|0|0|0|0|0|0|0|0|0|0|0|0|0|0|0|0|0|0|0|0|0||||||||
11|5|1507|C|1|0|R|520|20|6|79|E1105|6|75|1|15|1|19|76|21|0|20|1|11|0|0|12|0|2|7|261|123|53|76|2024|4|25|14|16|44|1|N
11|5|1742|C|1|0|U|568|20|5|79|E1105|89|0|94|5|2|39|20|7|2|165|1|0|0|0|0|0|1|1|337|267|48|20|2024|4|25|15|15|9|4|N
11|5|1747|C|1|0|U|658|20|5|79|E1105|88|1|12|0|1|34|310|36|3|27|13|0|0|0|0|0|2|9|448|56|71|310|2024|4|25|15|51|8|2|N
11|5|1776|B|1|0|U|683|20|7|79|E1105|49|44|23|8|12|11|134|176|56|0|8|13|0|0|0|0|4|5|494|152|199|134|2024|4|25|15|4|4|4|N
11|5|1779|C|1|0|U|482|20|7|79|E1105|52|17|34|0|1|33|234|73|0|0|10|0|0|0|0|0|2|12|416|61|107|234|2024|4|25|15|5|28|4|N
11|5|1787|C|2|0|U|702|20|5|79|E1105|92|100|31|8|17|4|265|107|2|2|0|0|0|0|28|0|4|2|570|143|156|265|2024|4|25|15|39|17|4|N
11|5|1791|C|1|0|U|575|20|7|79|E1105|47|0|0|0|0|0|0|0|0|0|0|0|0|0|0|0|0|0|0|0|0|0||||||||
11|5|1793|C|1|0|U|483|20|7|79|E1105|46|0|0|0|0|0|0|0|0|0|0|0|0|0|0|0|0|0|0|0|0|0||||||||
11|5|1794|B|1|0|U|719|20|5|79|E1105|114|16|42|6|20|69|171|38|11|8|0|6|0|0|0|0|3|1|391|89|127|171|2024|4|25|14|17|45|4|N
11|5|1829|B|1|0|U|479|20|6|79|E1105|34|17|38|0|0|12|98|49|4|1|106|8|0|0|0|0|1|7|341|174|61|98|2024|4|25|15|34|9|4|N
11|5|1834|B|1|0|U|543|20|6|79|E1105|20|3|96|4|3|2|99|140|2|0|0|28|0|0|0|0|5|1|383|133|145|99|2024|4|25|15|25|36|4|N
11|5|1835|B|1|0|U|561|20|6|79|E1105|20|0|0|0|0|0|0|0|0|0|0|0|0|0|0|0|0|0|0|0|0|0||||||||
11|5|1846|C|1|0|U|672|20|6|79|E1105|18|1|4|22|0|136|133|110|19|14|7|0|0|0|0|0|5|3|454|67|246|133|2024|4|25|15|33|16|4|N
11|5|1857|C|2|0|U|655|20|6|79|E1105|19|0|0|0|0|0|0|0|0|0|0|0|0|0|0|0|0|0|0|0|0|0||||||||
11|5|1858|C|1|0|U|702|20|6|79|E1105|19|0|0|0|0|0|0|0|0|0|0|0|0|0|0|0|0|0|0|0|0|0||||||||
11|5|3015|C|4|0|U|683|20|6|79|E1105|16|0|0|0|0|0|0|0|0|0|0|0|0|0|0|0|0|0|0|0|0|0||||||||
11|5|3195|B|1|0|U|526|20|5|79|E1105|90|9|91|0|2|16|85|59|14|28|0|0|0|0|0|0|0|4|308|142|77|85|2024|4|25|15|46|25|4|N
11|5|3199|C|1|0|U|686|20|5|79|E1105|91|0|0|0|0|0|0|0|0|0|0|0|0|0|0|0|0|0|0|0|0|0||||||||
11|5|3220|B|1|0|U|693|20|5|79|E1105|73|1|55|32|4|35|129|84|5|113|3|0|0|0|0|0|2|10|473|209|123|129|2024|4|25|15|41|33|4|N
11|6|1308|C|3|0|U|733|20|7|80|E1106|27|0|0|0|0|0|0|0|0|0|0|0|0|0|0|0|0|0|0|0|0|0|2024|4|25|16|2|41|4|N
11|6|1344|C|1|0|U|589|20|7|80|E1106|30|0|0|0|0|0|0|0|0|0|0|0|0|0|0|0|0|0|0|0|0|0||||||||
11|6|1396|C|2|0|U|666|20|7|80|E1106|10|0|0|0|0|0|0|0|0|0|0|0|0|0|0|0|0|0|0|0|0|0||||||||
11|6|1416|C|1|0|U|480|20|7|80|E1106|11|0|0|0|0|0|0|0|0|0|0|0|0|0|0|0|0|0|0|0|0|0||||||||
11|6|1431|B|1|0|U|348|20|7|80|E1106|2|28|7|1|4|0|53|78|6|22|0|2|0|0|0|0|4|6|211|66|82|53|2024|4|25|12|47|45|4|N
11|6|1450|C|3|0|U|694|20|21|80|E1106|46|0|0|0|0|0|0|0|0|0|0|0|0|0|0|0|0|0|0|0|0|0||||||||
11|6|1504|C|1|0|M|712|20|4|80|E1106|120|0|0|0|0|0|0|0|0|0|0|0|0|0|0|0|0|0|0|0|0|0||||||||
11|6|1508|C|4|0|M|722|20|4|80|E1106|110|0|0|0|0|0|0|0|0|0|0|0|0|0|0|0|0|0|0|0|0|0||||||||
11|6|1510|B|1|0|R|698|20|4|80|E1106|103|0|0|0|0|0|0|0|0|0|0|0|0|0|0|0|0|0|0|0|0|0||||||||
11|6|1510|C|3|0|R|697|20|4|80|E1106|103|0|0|0|0|0|0|0|0|0|0|0|0|0|0|0|0|0|0|0|0|0||||||||
11|6|1510|C|10|0|R|697|20|4|80|E1106|106|0|0|0|0|0|0|0|0|0|0|0|0|0|0|0|0|0|0|0|0|0||||||||
11|6|1661|C|1|0|M|624|20|4|80|E1106|114|0|0|0|0|0|0|0|0|0|0|0|0|0|0|0|0|0|0|0|0|0||||||||
11|6|3065|B|1|0|U|410|20|21|80|E1106|64|0|0|0|0|0|0|0|0|0|0|0|0|0|0|0|0|0|0|0|0|0||||||||
11|6|3131|C|2|0|U|625|20|4|80|E1106|84|60|48|4|23|60|55|60|77|3|0|0|0|0|0|0|5|7|402|192|143|55|2024|4|25|10|43|0|4|N
11|6|3132|C|1|0|R|552|20|21|80|E1106|60|0|0|0|0|0|0|0|0|0|0|0|0|0|0|0|0|0|0|0|0|0|2024|4|25|16|3|46|1|N
11|6|3139|C|1|0|R|498|20|4|80|E1106|92|0|0|0|0|0|0|0|0|0|0|0|0|0|0|0|0|0|0|0|0|0||||||||
11|6|3141|B|1|0|U|624|20|4|80|E1106|108|0|0|0|0|0|0|0|0|0|0|0|0|0|0|0|0|0|0|0|0|0||||||||
11|6|3141|C|1|0|U|624|20|4|80|E1106|108|0|0|0|0|0|0|0|0|0|0|0|0|0|0|0|0|0|0|0|0|0||||||||
11|6|3142|B|1|0|R|634|20|4|80|E1106|107|0|0|0|0|0|0|0|0|0|0|0|0|0|0|0|0|0|0|0|0|0||||||||
11|6|3148|C|3|0|M|670|20|21|80|E1106|67|0|0|0|0|0|0|0|0|0|0|0|0|0|0|0|0|0|0|0|0|0|2024|4|25|15|58|16|1|N
11|6|3149|B|1|0|U|679|20|4|80|E1106|87|0|0|0|0|0|0|0|0|0|0|0|0|0|0|0|0|0|0|0|0|0||||||||
11|6|3150|C|2|0|U|680|20|4|80|E1106|100|101|118|0|0|8|136|14|0|1|14|0|0|0|10|0|3|6|411|234|32|136|2024|4|25|14|17|59|4|N
11|7|568|C|1|0|M|610|8|18|81|E1107|2|0|0|0|0|0|0|0|0|0|0|0|0|0|0|0|0|0|0|0|0|0||||||||
11|7|738|C|2|0|M|565|12|19|81|E1107|29|0|0|0|0|0|0|0|0|0|0|0|0|0|0|0|0|0|0|0|0|0||||||||
11|7|738|C|3|0|M|564|12|19|81|E1107|29|0|0|0|0|0|0|0|0|0|0|0|0|0|0|0|0|0|0|0|0|0||||||||
11|7|739|C|1|0|R|516|12|19|81|E1107|30|0|0|0|0|0|0|0|0|0|0|0|0|0|0|0|0|0|0|0|0|0||||||||
11|7|2036|C|6|0|U|722|25|18|81|E1107|40|0|0|0|0|0|0|0|0|0|0|0|0|0|0|0|0|0|0|0|0|0||||||||
11|7|2041|S|1|0|U|0|25|18|81|E1107|34|0|0|0|0|0|0|0|0|0|0|0|0|0|0|0|0|0|0|0|0|0||||||||
11|7|2042|C|11|0|U|695|25|18|81|E1107|46|0|0|0|0|0|0|0|0|0|0|0|0|0|0|0|0|0|0|0|0|0|2024|4|25|16|7|6|1|N
11|7|2075|B|1|0|R|522|26|10|81|E1107|66|0|0|0|0|0|0|0|0|0|0|0|0|0|0|0|0|0|0|0|0|0||||||||
11|7|2100|B|1|0|R|440|26|10|81|E1107|74|0|0|0|0|0|0|0|0|0|0|0|0|0|0|0|0|0|0|0|0|0||||||||
11|7|2106|B|1|0|R|423|26|10|81|E1107|76|0|0|0|0|0|0|0|0|0|0|0|0|0|0|0|0|0|0|0|0|0||||||||
11|7|2461|C|1|0|U|398|31|10|81|E1107|87|0|0|0|0|0|0|0|0|0|0|0|0|0|0|0|0|0|0|0|0|0||||||||
11|7|2467|B|1|0|U|417|31|10|81|E1107|87|0|0|0|0|0|0|0|0|0|0|0|0|0|0|0|0|0|0|0|0|0||||||||
11|7|2469|B|1|0|U|625|31|10|81|E1107|89|0|0|0|0|0|0|0|0|0|0|0|0|0|0|0|0|0|0|0|0|0||||||||
11|7|2470|B|1|0|U|706|31|10|81|E1107|90|0|0|0|0|0|0|0|0|0|0|0|0|0|0|0|0|0|0|0|0|0||||||||
11|7|2471|C|1|0|U|737|31|10|81|E1107|91|0|0|0|0|0|0|0|0|0|0|0|0|0|0|0|0|0|0|0|0|0||||||||
11|7|2478|C|3|0|U|599|31|10|81|E1107|98|0|0|0|0|0|0|0|0|0|0|0|0|0|0|0|0|0|0|0|0|0||||||||
11|7|2482|B|1|0|M|665|31|10|81|E1107|104|0|0|0|0|0|0|0|0|0|0|0|0|0|0|0|0|0|0|0|0|0||||||||
11|7|2497|C|1|0|R|568|31|10|81|E1107|114|0|0|0|0|0|0|0|0|0|0|0|0|0|0|0|0|0|0|0|0|0||||||||
11|7|2501|B|1|0|R|499|31|10|81|E1107|117|0|0|0|0|0|0|0|0|0|0|0|0|0|0|0|0|0|0|0|0|0||||||||
11|7|2502|C|1|0|R|599|31|10|81|E1107|114|0|0|0|0|0|0|0|0|0|0|0|0|0|0|0|0|0|0|0|0|0||||||||
11|7|3233|C|1|0|U|678|31|10|81|E1107|99|0|0|0|0|0|0|0|0|0|0|0|0|0|0|0|0|0|0|0|0|0||||||||
11|8|2109|C|3|0|M|684|27|14|82|E1108|1|0|0|0|0|0|0|0|0|0|0|0|0|0|0|0|0|0|0|0|0|0||||||||
11|8|2121|C|5|0|U|707|27|14|82|E1108|12|0|0|0|0|0|0|0|0|0|0|0|0|0|0|0|0|0|0|0|0|0||||||||
11|8|2163|C|2|0|M|735|27|14|82|E1108|20|0|0|0|0|0|0|0|0|0|0|0|0|0|0|0|0|0|0|0|0|0||||||||
11|8|2169|B|1|0|U|576|27|14|82|E1108|17|0|0|0|0|0|0|0|0|0|0|0|0|0|0|0|0|0|0|0|0|0||||||||
11|8|2172|B|1|0|U|489|27|14|82|E1108|24|0|0|0|0|0|0|0|0|0|0|0|0|0|0|0|0|0|0|0|0|0||||||||
11|8|2177|C|1|0|U|738|27|14|82|E1108|39|0|0|0|0|0|0|0|0|0|0|0|0|0|0|0|0|0|0|0|0|0||||||||
11|8|2178|C|3|0|U|697|27|14|82|E1108|35|0|0|0|0|0|0|0|0|0|0|0|0|0|0|0|0|0|0|0|0|0||||||||
11|8|2179|C|3|0|U|694|27|14|82|E1108|36|0|0|0|0|0|0|0|0|0|0|0|0|0|0|0|0|0|0|0|0|0||||||||
11|8|2185|B|1|0|U|659|27|14|82|E1108|45|0|0|0|0|0|0|0|0|0|0|0|0|0|0|0|0|0|0|0|0|0||||||||
11|8|2203|B|1|0|U|721|27|14|82|E1108|71|0|0|0|0|0|0|0|0|0|0|0|0|0|0|0|0|0|0|0|0|0||||||||
11|8|2204|C|3|0|U|620|27|14|82|E1108|72|0|0|0|0|0|0|0|0|0|0|0|0|0|0|0|0|0|0|0|0|0||||||||
11|8|2208|C|1|0|R|711|27|14|82|E1108|76|0|0|0|0|0|0|0|0|0|0|0|0|0|0|0|0|0|0|0|0|0||||||||
11|8|2209|B|1|0|R|692|27|14|82|E1108|77|0|0|0|0|0|0|0|0|0|0|0|0|0|0|0|0|0|0|0|0|0||||||||
11|8|2231|C|2|0|M|693|27|14|82|E1108|62|25|59|0|20|6|186|193|44|49|4|17|0|0|0|0|0|10|613|198|219|186|2024|4|25|15|28|12|1|N
11|8|2231|C|4|0|M|692|27|14|82|E1108|63|0|0|0|0|0|0|0|0|0|0|0|0|0|0|0|0|0|0|0|0|0||||||||
11|8|2250|C|1|0|R|413|27|14|82|E1108|88|0|0|0|0|0|0|0|0|0|0|0|0|0|0|0|0|0|0|0|0|0||||||||
11|8|2255|C|1|0|R|411|27|14|82|E1108|94|0|0|0|0|0|0|0|0|0|0|0|0|0|0|0|0|0|0|0|0|0|2024|4|25|16|12|23|4|N
11|8|2257|B|1|0|R|635|27|14|82|E1108|96|184|34|1|1|28|121|14|14|7|2|24|0|0|0|0|1|7|438|266|43|121|2024|4|25|15|33|36|4|N
11|8|2261|C|1|0|R|539|27|14|82|E1108|86|0|0|0|0|0|0|0|0|0|0|0|0|0|0|0|0|0|0|0|0|0||||||||
11|8|2626|C|8|0|U|668|35|17|82|E1108|114|0|0|0|0|0|0|0|0|0|0|0|0|0|0|0|0|0|0|0|0|0||||||||
11|8|2917|B|1|0|U|703|44|13|82|E1108|133|0|0|0|0|0|0|0|0|0|0|0|0|0|0|0|0|0|0|0|0|0||||||||
11|8|2919|S|1|0|U|0|44|13|82|E1108|127|0|0|0|0|0|0|0|0|0|0|0|0|0|0|0|0|0|0|0|0|0||||||||
11|8|2931|B|1|0|U|503|44|13|82|E1108|139|0|0|0|0|0|0|0|0|0|0|0|0|0|0|0|0|0|0|0|0|0||||||||
11|8|3200|B|1|0|U|701|27|14|82|E1108|52|0|0|0|0|0|0|0|0|0|0|0|0|0|0|0|0|0|0|0|0|0||||||||
11|8|3235|C|2|0|U|696|27|14|82|E1108|55|0|0|0|0|0|0|0|0|0|0|0|0|0|0|0|0|0|0|0|0|0||||||||
11|8|3235|C|3|0|U|696|27|14|82|E1108|55|0|0|0|0|0|0|0|0|0|0|0|0|0|0|0|0|0|0|0|0|0||||||||
11|9|930|C|1|0|U|735|17|11|83|E1109|6|0|0|0|0|0|0|0|0|0|0|0|0|0|0|0|0|0|0|0|0|0||||||||
11|9|949|B|1|0|U|526|17|11|83|E1109|23|12|9|0|2|38|96|147|0|10|20|6|0|0|0|0|0|9|349|57|187|96|2024|4|25|15|7|4|4|N
11|9|1117|C|1|0|M|736|17|11|83|E1109|42|0|0|0|0|0|0|0|0|0|0|0|0|0|0|0|0|0|0|0|0|0||||||||
11|9|1118|C|1|0|M|658|17|11|83|E1109|41|67|15|56|0|10|189|30|0|0|22|5|0|0|0|41|1|6|442|165|81|189|2024|4|25|15|30|46|4|N
11|9|1122|B|1|0|R|727|17|11|83|E1109|54|0|0|0|0|0|0|0|0|0|0|0|0|0|0|0|0|0|0|0|0|0||||||||
11|9|1137|C|2|0|M|735|17|11|83|E1109|47|0|0|0|0|0|0|0|0|0|0|0|0|0|0|0|0|0|0|0|0|0||||||||
11|9|1142|C|1|0|M|502|17|11|83|E1109|58|0|0|0|0|0|0|0|0|0|0|0|0|0|0|0|0|0|0|0|0|0||||||||
11|9|1150|C|3|0|U|616|17|11|83|E1109|59|0|0|0|0|0|0|0|0|0|0|0|0|0|0|0|0|0|0|0|0|0||||||||
11|9|2657|S|1|0|U|0|37|8|83|E1109|65|0|0|0|0|0|0|0|0|0|0|0|0|0|0|0|0|0|0|0|0|0|2024|4|25|16|3|27|4|N
11|9|2666|C|1|0|U|486|37|10|83|E1109|81|0|0|0|0|0|0|0|0|0|0|0|0|0|0|0|0|0|0|0|0|0||||||||
11|9|2672|B|1|0|U|587|37|8|83|E1109|78|1|24|1|73|0|222|73|0|2|3|15|0|0|0|0|1|2|417|46|146|222|2024|4|25|15|8|9|4|N
11|9|2673|B|1|0|U|678|37|8|83|E1109|79|0|0|0|0|0|0|0|0|0|0|0|0|0|0|0|0|0|0|0|0|0|2024|4|25|15|57|18|4|N
11|9|2675|C|1|0|U|472|37|10|83|E1109|83|13|4|0|0|15|231|33|6|0|13|2|0|0|0|0|4|6|327|38|48|231|2024|4|25|15|35|0|4|N
11|9|2684|C|1|0|U|680|37|10|83|E1109|89|1|73|0|9|4|190|124|128|51|18|0|0|0|0|5|5|0|608|271|142|190|2024|4|25|15|42|28|1|N
11|9|2693|B|1|0|R|730|37|8|83|E1109|101|0|0|0|0|0|0|0|0|0|0|0|0|0|0|0|0|0|0|0|0|0||||||||
11|9|2695|B|1|0|R|615|37|10|83|E1109|123|53|116|6|0|31|71|72|1|34|0|3|0|0|4|0|5|10|406|213|107|71|2024|4|25|15|50|42|4|N
11|9|2695|C|1|0|R|615|37|10|83|E1109|123|0|0|0|0|0|0|0|0|0|0|0|0|0|0|0|0|0|0|0|0|0|2024|4|25|15|56|29|4|N
11|9|2698|B|1|0|M|486|37|8|83|E1109|103|0|0|0|0|0|0|0|0|0|0|0|0|0|0|0|0|0|0|0|0|0||||||||
11|9|2703|C|2|0|U|748|37|8|83|E1109|99|0|0|0|0|0|0|0|0|0|0|0|0|0|0|0|0|0|0|0|0|0||||||||
11|9|2704|B|1|0|M|642|37|8|83|E1109|98|0|0|0|0|0|0|0|0|0|0|0|0|0|0|0|0|0|0|0|0|0||||||||
11|9|2704|C|1|0|M|641|37|8|83|E1109|98|0|0|0|0|0|0|0|0|0|0|0|0|0|0|0|0|0|0|0|0|0||||||||
11|9|2710|C|6|0|M|730|37|10|83|E1109|121|3|102|0|2|10|184|52|1|107|3|1|0|0|0|0|0|7|472|217|64|184|2024|4|25|15|21|0|4|N
11|10|665|B|1|0|U|459|11|13|84|E1110|4|0|0|0|0|0|0|0|0|0|0|0|0|0|0|0|0|0|0|0|0|0||||||||
11|10|683|B|1|0|U|608|11|13|84|E1110|11|0|0|0|0|0|0|0|0|0|0|0|0|0|0|0|0|0|0|0|0|0||||||||
11|10|694|B|1|0|R|600|11|13|84|E1110|23|0|0|0|0|0|0|0|0|0|0|0|0|0|0|0|0|0|0|0|0|0||||||||
11|10|697|C|3|0|U|561|11|13|84|E1110|26|0|0|0|0|0|0|0|0|0|0|0|0|0|0|0|0|0|0|0|0|0|2024|4|25|16|3|57|4|N
11|10|1188|B|1|0|U|706|18|20|84|E1110|37|0|0|0|0|0|0|0|0|0|0|0|0|0|0|0|0|0|0|0|0|0||||||||
11|10|1188|C|1|0|U|706|18|20|84|E1110|37|14|2|18|0|18|98|344|0|1|33|1|0|0|0|0|5|4|538|69|362|98|2024|4|25|14|14|26|4|N
11|10|1863|B|1|0|U|454|21|20|84|E1110|49|87|22|0|68|0|63|18|43|12|1|1|0|0|0|0|4|11|330|166|86|63|2024|4|25|15|16|35|4|N
11|10|1877|B|1|0|U|513|21|20|84|E1110|50|9|53|35|0|49|227|26|11|3|0|0|0|0|1|0|5|12|431|111|76|227|2024|4|25|15|49|45|4|N
11|10|2265|B|1|0|U|696|28|13|84|E1110|68|0|0|0|0|0|0|0|0|0|0|0|0|0|0|0|0|0|0|0|0|0||||||||
11|10|2265|C|3|0|U|695|28|13|84|E1110|68|0|0|0|0|0|0|0|0|0|0|0|0|0|0|0|0|0|0|0|0|0|2024|4|25|16|5|20|4|N
11|10|2269|C|1|0|U|405|28|13|84|E1110|71|8|39|0|1|1|71|36|3|49|18|0|0|0|0|0|3|5|234|117|38|71|2024|4|25|15|39|20|4|N
11|10|2276|B|1|0|U|609|28|13|84|E1110|75|6|41|2|28|20|277|3|0|30|2|0|0|0|5|0|2|5|421|81|56|277|2024|4|25|15|27|26|4|N
11|10|2287|C|1|0|U|560|28|13|84|E1110|76|0|0|0|0|0|0|0|0|0|0|0|0|0|0|0|0|0|0|0|0|0||||||||
11|10|2298|C|1|0|U|400|28|13|84|E1110|85|61|5|47|34|7|84|21|0|15|0|0|0|0|0|0|4|11|289|128|62|84|2024|4|25|14|14|18|4|N
11|10|2299|B|1|0|U|437|28|13|84|E1110|85|20|22|0|2|9|35|25|3|21|0|34|0|0|0|0|4|7|182|100|36|35|2024|4|25|14|12|10|4|N
11|10|2306|C|1|0|R|495|28|13|84|E1110|81|0|0|0|0|0|0|0|0|0|0|0|0|0|0|0|0|0|0|0|0|0||||||||
11|10|2311|B|1|0|M|557|28|13|84|E1110|90|23|4|8|1|1|81|81|83|4|5|0|0|0|0|0|5|10|306|127|83|81|2024|4|25|15|47|18|4|N
11|10|2320|C|2|0|U|645|28|13|84|E1110|94|0|0|0|0|0|0|0|0|0|0|0|0|0|0|0|0|0|0|0|0|0|2024|4|25|15|57|9|4|N
11|10|2325|C|1|0|U|514|28|13|84|E1110|96|10|10|0|0|10|197|80|3|13|0|40|0|0|1|0|1|10|375|76|91|197|2024|4|25|15|44|9|4|N
11|10|2335|B|1|0|R|437|28|13|84|E1110|102|0|0|0|0|0|0|0|0|0|0|0|0|0|0|0|0|0|0|0|0|0||||||||
11|10|2341|C|1|0|R|407|28|13|84|E1110|103|56|60|4|30|39|84|18|0|0|1|0|0|0|9|0|3|0|304|121|96|84|2024|4|25|15|38|33|1|N
11|10|2799|C|2|0|U|732|41|20|84|E1110|121|19|5|5|9|5|370|25|0|24|22|0|0|0|0|0|3|2|489|75|39|370|2024|4|25|15|19|4|4|N
11|10|2956|B|1|0|U|690|46|20|84|E1110|136|0|0|0|0|0|0|0|0|0|0|0|0|0|0|0|0|0|0|0|0|0|2024|4|25|16|12|37|1|N
11|10|2963|C|1|0|U|739|46|20|84|E1110|139|0|0|0|0|0|0|0|0|0|0|0|0|0|0|0|0|0|0|0|0|0||||||||
11|10|2978|B|1|0|U|584|46|20|84|E1110|147|0|0|0|0|0|0|0|0|0|0|0|0|0|0|0|0|0|0|0|0|0||||||||
11|10|2984|C|2|0|M|578|46|20|84|E1110|151|0|0|0|0|0|0|0|0|0|0|0|0|0|0|0|0|0|0|0|0|0||||||||
11|10|2990|C|1|0|R|487|46|20|84|E1110|153|0|0|0|0|0|0|0|0|0|0|0|0|0|0|0|0|0|0|0|0|0||||||||
11|10|2997|C|1|0|R|544|46|20|84|E1110|157|0|0|0|0|0|0|0|0|0|0|0|0|0|0|0|0|0|0|0|0|0||||||||
11|10|3004|C|1|0|R|402|46|20|84|E1110|160|0|0|0|0|0|0|0|0|0|0|0|0|0|0|0|0|0|0|0|0|0||||||||
11|11|1515|B|1|0|U|606|20|7|85|E1111|111|5|66|12|78|14|157|3|25|2|7|16|0|0|0|0|2|8|395|133|95|157|2024|4|25|15|44|42|4|N
11|11|1542|B|1|0|U|451|20|6|85|E1111|122|0|0|0|0|0|0|0|0|0|0|0|0|0|0|0|0|0|0|0|0|0||||||||
11|11|1556|C|1|0|U|539|20|6|85|E1111|105|0|0|0|0|0|0|0|0|0|0|0|0|0|0|0|0|0|0|0|0|0||||||||
11|11|1569|C|1|0|U|492|20|6|85|E1111|106|0|0|0|0|0|0|0|0|0|0|0|0|0|0|0|0|0|0|0|0|0||||||||
11|11|1585|C|3|0|U|718|20|21|85|E1111|76|4|88|8|0|50|119|123|0|23|22|29|0|0|27|0|3|11|507|174|200|119|2024|4|25|14|3|17|4|N
11|11|1588|C|2|0|U|580|20|21|85|E1111|92|0|0|0|0|0|0|0|0|0|0|0|0|0|0|0|0|0|0|0|0|0||||||||
11|11|1592|C|1|0|U|651|20|6|85|E1111|102|0|0|0|0|0|0|0|0|0|0|0|0|0|0|0|0|0|0|0|0|0||||||||
11|11|1597|B|1|0|U|615|20|6|85|E1111|121|0|0|0|0|0|0|0|0|0|0|0|0|0|0|0|0|0|0|0|0|0||||||||
11|11|1598|C|1|0|U|474|20|6|85|E1111|129|0|0|0|0|0|0|0|0|0|0|0|0|0|0|0|0|0|0|0|0|0||||||||
11|11|1603|C|1|0|U|637|20|6|85|E1111|131|13|160|1|1|30|56|15|9|5|1|40|0|0|0|0|3|9|343|229|46|56|2024|4|25|14|9|59|4|N
11|11|1611|C|1|0|U|666|20|6|85|E1111|99|0|0|0|0|0|0|0|0|0|0|0|0|0|0|0|0|0|0|0|0|0||||||||
11|11|1617|C|2|0|U|508|20|21|85|E1111|80|0|0|0|0|0|0|0|0|0|0|0|0|0|0|0|0|0|0|0|0|0||||||||
11|11|1625|C|2|0|U|611|20|6|85|E1111|115|0|0|0|0|0|0|0|0|0|0|0|0|0|0|0|0|0|0|0|0|0||||||||
11|11|1633|C|6|0|U|690|20|21|85|E1111|45|66|28|0|27|112|89|51|1|1|0|10|0|0|36|0|3|0|424|106|226|89|2024|4|25|15|7|6|4|N
11|11|1633|C|8|0|U|689|20|21|85|E1111|46|0|0|0|0|0|0|0|0|0|0|0|0|0|0|0|0|0|0|0|0|0||||||||
11|11|1634|B|1|0|U|716|20|21|85|E1111|70|19|146|8|1|15|264|19|0|2|4|10|0|0|0|0|4|7|499|189|35|264|2024|4|25|15|40|23|2|N
11|11|1634|C|4|0|U|716|20|21|85|E1111|71|0|0|0|0|0|0|0|0|0|0|0|0|0|0|0|0|0|0|0|0|0||||||||
11|11|1647|C|8|0|U|725|20|21|85|E1111|53|14|64|2|0|143|114|43|63|54|14|13|0|0|1|0|0|3|528|224|187|114|2024|4|25|15|16|15|4|N
11|11|1652|C|3|0|R|688|20|6|85|E1111|22|0|0|0|0|0|0|0|0|0|0|0|0|0|0|0|0|0|0|0|0|0||||||||
11|11|1653|C|1|0|R|705|20|4|85|E1111|18|0|0|0|0|0|0|0|0|0|0|0|0|0|0|0|0|0|0|0|0|0||||||||
11|11|1664|B|1|0|R|627|20|6|85|E1111|7|0|0|0|0|0|0|0|0|0|0|0|0|0|0|0|0|0|0|0|0|0||||||||
11|11|3243|C|2|0|U|582|20|21|85|E1111|30|0|0|0|0|0|0|0|0|0|0|0|0|0|0|0|0|0|0|0|0|0||||||||
11|11|3245|B|1|0|U|650|20|21|85|E1111|28|10|77|0|0|0|261|43|2|100|28|19|0|0|0|0|3|4|547|236|43|261|2024|4|25|14|12|15|4|N
11|12|343|C|4|0|U|739|7|16|86|E1112|26|34|113|1|0|33|156|125|3|20|5|8|0|0|15|0|1|7|521|184|173|156|2024|4|25|13|38|4|4|N
11|12|346|C|1|0|U|522|7|16|86|E1112|14|0|0|0|0|0|0|0|0|0|0|0|0|0|0|0|0|0|0|0|0|0|2024|4|25|15|53|17|1|N
11|12|352|C|2|0|U|674|7|16|86|E1112|51|16|36|69|25|10|124|21|0|3|7|4|0|0|55|47|4|1|422|135|158|124|2024|4|25|14|5|51|4|N
11|12|363|B|1|0|U|484|7|15|86|E1112|35|18|101|0|0|15|40|34|3|47|3|2|0|0|0|0|1|5|269|174|49|40|2024|4|25|15|34|44|1|N
11|12|367|B|1|0|U|400|7|15|86|E1112|39|0|0|0|0|0|0|0|0|0|0|0|0|0|0|0|0|0|0|0|0|0||||||||
11|12|392|C|1|0|U|560|7|15|86|E1112|66|24|62|0|0|2|74|80|1|17|19|10|0|0|0|1|2|2|294|133|83|74|2024|4|25|15|15|35|1|N
11|12|445|C|1|0|U|407|7|15|86|E1112|112|1|71|56|1|29|79|41|0|1|17|0|0|0|0|0|4|5|305|146|71|79|2024|4|25|15|29|21|4|N
11|12|460|C|2|0|U|693|7|15|86|E1112|105|0|19|0|136|14|283|77|2|8|5|0|0|0|0|0|2|7|553|34|227|283|2024|4|25|15|47|35|4|N
11|12|471|B|1|0|U|719|7|15|86|E1112|103|9|122|0|12|20|128|84|35|5|10|2|0|0|5|0|0|2|434|183|121|128|2024|4|25|13|17|22|4|N
11|12|477|C|1|0|U|642|7|15|86|E1112|75|0|0|0|0|0|0|0|0|0|0|0|0|0|0|0|0|0|0|0|0|0||||||||
11|12|478|C|3|0|U|615|7|15|86|E1112|74|50|137|1|1|42|60|81|6|60|1|4|0|0|0|0|0|5|448|259|124|60|2024|4|25|15|23|20|1|N
11|12|484|B|1|0|U|445|7|15|86|E1112|83|0|0|0|0|0|0|0|0|0|0|0|0|0|0|0|0|0|0|0|0|0||||||||
11|12|487|C|3|0|U|737|7|15|86|E1112|77|0|0|0|0|0|0|0|0|0|0|0|0|0|0|0|0|0|0|0|0|0||||||||
11|12|490|B|1|0|U|720|7|15|86|E1112|98|21|21|5|8|30|336|125|0|16|33|4|0|0|0|5|0|11|615|100|168|336|2024|4|25|14|4|54|4|N
11|12|529|C|3|0|M|727|7|15|86|E1112|121|0|0|0|0|0|0|0|0|0|0|0|0|0|0|0|0|0|0|0|0|0||||||||
11|12|538|C|2|0|R|579|7|15|86|E1112|128|0|0|0|0|0|0|0|0|0|0|0|0|0|0|0|0|0|0|0|0|0||||||||
11|12|541|C|1|0|R|737|7|15|86|E1112|129|0|0|0|0|0|0|0|0|0|0|0|0|0|0|0|0|0|0|0|0|0||||||||
11|12|554|B|1|0|U|526|7|15|86|E1112|138|1|39|0|0|46|21|14|2|20|66|0|0|0|0|0|3|9|221|128|60|21|2024|4|25|15|19|31|1|N
11|12|563|C|1|0|M|611|7|15|86|E1112|143|0|0|0|0|0|0|0|0|0|0|0|0|0|0|0|0|0|0|0|0|0||||||||
11|12|564|B|1|0|M|405|7|15|86|E1112|144|0|0|0|0|0|0|0|0|0|0|0|0|0|0|0|0|0|0|0|0|0||||||||
11|12|3106|C|1|0|U|731|7|16|86|E1112|3|0|0|0|0|0|0|0|0|0|0|0|0|0|0|0|0|0|0|0|0|0||||||||
11|12|3110|C|1|0|U|416|7|16|86|E1112|5|0|0|0|0|0|0|0|0|0|0|0|0|0|0|0|0|0|0|0|0|0||||||||
11|12|3251|C|1|0|U|708|7|16|86|E1112|7|26|0|6|4|5|163|16|0|115|1|93|0|0|0|18|2|8|457|241|43|163|2024|4|25|14|13|2|4|N
11|12|3253|B|1|0|U|648|7|16|86|E1112|8|0|0|0|0|0|0|0|0|0|0|0|0|0|0|0|0|0|0|0|0|0||||||||
11|12|3256|C|2|0|U|600|7|16|86|E1112|12|0|0|0|0|0|0|0|0|0|0|0|0|0|0|0|0|0|0|0|0|0||||||||
11|13|11|C|4|0|U|654|1|19|87|E1113|8|0|0|0|0|0|0|0|0|0|0|0|0|0|0|0|0|0|0|0|0|0||||||||
11|13|21|C|1|0|R|645|1|19|87|E1113|15|5|32|0|4|25|296|45|44|2|5|0|0|0|0|0|5|1|464|88|74|296|2024|4|25|14|17|21|1|N
11|13|26|C|1|0|R|586|1|19|87|E1113|18|0|0|0|0|0|0|0|0|0|0|0|0|0|0|0|0|0|0|0|0|0||||||||
11|13|35|B|1|0|R|563|1|19|87|E1113|22|0|0|0|0|0|0|0|0|0|0|0|0|0|0|0|0|0|0|0|0|0||||||||
11|13|37|B|1|0|R|581|1|19|87|E1113|24|2|70|0|7|10|202|12|2|1|64|0|0|0|0|0|3|9|382|139|29|202|2024|4|25|14|14|23|1|N
11|13|43|B|1|0|R|505|1|19|87|E1113|28|0|0|0|0|0|0|0|0|0|0|0|0|0|0|0|0|0|0|0|0|0||||||||
11|13|1924|B|1|0|U|540|23|18|87|E1113|43|0|0|0|0|0|0|0|0|0|0|0|0|0|0|0|0|0|0|0|0|0||||||||
11|13|1928|B|1|0|U|635|23|18|87|E1113|47|0|0|0|0|0|0|0|0|0|0|0|0|0|0|0|0|0|0|0|0|0||||||||
11|13|1932|B|1|0|U|714|23|18|87|E1113|49|0|0|0|0|0|0|0|0|0|0|0|0|0|0|0|0|0|0|0|0|0||||||||
11|13|1936|B|1|0|R|158|23|18|87|E1113|51|0|0|0|0|0|0|0|0|0|0|0|0|0|0|0|0|0|0|0|0|0||||||||
11|13|1939|B|1|0|R|352|23|18|87|E1113|53|0|0|0|0|0|0|0|0|0|0|0|0|0|0|0|0|0|0|0|0|0||||||||
11|13|1956|C|1|0|R|701|23|18|87|E1113|98|0|0|0|0|0|0|0|0|0|0|0|0|0|0|0|0|0|0|0|0|0||||||||
11|13|1958|B|1|0|R|536|23|18|87|E1113|60|0|0|0|0|0|0|0|0|0|0|0|0|0|0|0|0|0|0|0|0|0||||||||
11|13|1967|B|1|0|R|538|23|18|87|E1113|80|0|0|0|0|0|0|0|0|0|0|0|0|0|0|0|0|0|0|0|0|0||||||||
11|13|1980|B|1|0|R|701|23|18|87|E1113|82|0|0|0|0|0|0|0|0|0|0|0|0|0|0|0|0|0|0|0|0|0||||||||
11|13|1986|C|2|0|R|517|23|18|87|E1113|89|0|0|0|0|0|0|0|0|0|0|0|0|0|0|0|0|0|0|0|0|0||||||||
11|13|1997|C|1|0|R|407|23|18|87|E1113|67|7|52|8|30|9|69|15|17|11|1|0|0|0|0|0|1|2|222|96|54|69|2024|4|25|15|22|35|1|N
11|13|2016|B|1|0|U|433|23|18|87|E1113|69|37|5|0|1|47|146|20|1|27|2|18|0|0|0|36|5|12|357|90|104|146|2024|4|25|14|14|56|4|N
11|13|2024|C|1|0|R|381|23|18|87|E1113|95|0|0|0|0|0|0|0|0|0|0|0|0|0|0|0|0|0|0|0|0|0||||||||
11|13|2028|C|1|0|M|633|24|19|87|E1113|100|0|0|0|0|0|0|0|0|0|0|0|0|0|0|0|0|0|0|0|0|0||||||||
11|13|2817|C|1|0|M|703|42|20|87|E1113|107|0|0|0|0|0|0|0|0|0|0|0|0|0|0|0|0|0|0|0|0|0||||||||
11|13|2819|C|1|0|M|508|42|20|87|E1113|109|0|0|0|0|0|0|0|0|0|0|0|0|0|0|0|0|0|0|0|0|0||||||||
11|13|2841|B|1|0|U|745|42|19|87|E1113|126|0|0|0|0|0|0|0|0|0|0|0|0|0|0|0|0|0|0|0|0|0||||||||
11|13|2850|C|1|0|R|394|42|19|87|E1113|129|0|0|0|0|0|0|0|0|0|0|0|0|0|0|0|0|0|0|0|0|0||||||||
11|13|2867|C|2|0|M|623|42|19|87|E1113|139|0|0|0|0|0|0|0|0|0|0|0|0|0|0|0|0|0|0|0|0|0||||||||
11|13|2877|E|1|1|R|440|42|20|87|E1113|155|0|0|0|0|0|0|0|0|0|0|0|0|0|0|0|0|0|0|0|0|0||||||||
11|13|2883|C|1|0|U|735|42|20|87|E1113|153|0|0|0|0|0|0|0|0|0|0|0|0|0|0|0|0|0|0|0|0|0||||||||
11|13|2885|B|1|0|R|502|42|19|87|E1113|149|0|0|0|0|0|0|0|0|0|0|0|0|0|0|0|0|0|0|0|0|0||||||||
11|14|84|C|1|0|U|746|2|22|88|E1114|18|16|59|0|0|2|379|47|0|5|59|0|0|0|0|0|0|9|576|139|49|379|2024|4|25|14|14|20|4|N
11|14|90|B|1|0|R|422|2|22|88|E1114|21|0|0|0|0|0|0|0|0|0|0|0|0|0|0|0|0|0|0|0|0|0||||||||
11|14|108|B|1|0|M|474|2|22|88|E1114|26|4|23|0|1|1|122|147|0|8|13|0|0|0|23|2|3|5|352|48|174|122|2024|4|25|15|21|17|1|N
11|14|110|B|1|0|U|659|2|22|88|E1114|28|0|62|2|8|49|109|166|2|1|0|4|0|0|0|0|4|9|416|71|223|109|2024|4|25|14|15|23|4|N
11|14|113|B|1|0|R|734|2|22|88|E1114|29|0|0|0|0|0|0|0|0|0|0|0|0|0|0|0|0|0|0|0|0|0||||||||
11|14|120|B|1|0|R|737|2|22|88|E1114|39|5|107|16|5|44|189|36|15|32|5|3|0|0|1|0|4|5|467|183|86|189|2024|4|25|15|19|22|2|N
11|14|121|B|1|0|M|690|2|22|88|E1114|38|0|0|0|0|0|0|0|0|0|0|0|0|0|0|0|0|0|0|0|0|0||||||||
11|14|254|B|1|0|U|453|4|22|88|E1114|64|0|0|0|0|0|0|0|0|0|0|0|0|0|0|0|0|0|0|0|0|0||||||||
11|14|259|B|1|0|U|674|4|22|88|E1114|65|13|55|22|0|50|157|102|9|0|12|0|0|0|9|0|5|5|439|111|161|157|2024|4|25|10|43|4|4|N
11|14|277|B|1|0|R|693|4|22|88|E1114|53|32|83|0|2|54|111|25|0|49|1|1|0|0|0|0|0|11|369|166|81|111|2024|4|25|15|29|41|1|N
11|14|281|B|1|0|R|625|4|22|88|E1114|57|0|0|0|0|0|0|0|0|0|0|0|0|0|0|0|0|0|0|0|0|0||||||||
11|14|292|B|1|0|U|703|5|17|88|E1114|71|0|0|0|0|0|0|0|0|0|0|0|0|0|0|0|0|0|0|0|0|0||||||||
11|14|295|C|1|0|U|558|5|17|88|E1114|79|12|66|0|0|74|69|69|0|22|39|11|0|0|0|7|1|2|372|150|150|69|2024|4|25|15|18|45|4|N
11|14|317|C|1|0|R|559|5|17|88|E1114|74|13|20|0|59|40|9|64|0|19|1|0|0|0|0|0|0|5|230|53|163|9|2024|4|25|15|18|15|1|N
11|14|325|C|1|0|R|394|5|17|88|E1114|95|0|0|0|0|0|0|0|0|0|0|0|0|0|0|0|0|0|0|0|0|0||||||||
11|14|653|C|1|0|M|430|10|22|88|E1114|100|0|5|0|94|14|101|33|0|16|4|34|0|0|0|0|3|6|310|59|141|101|2024|4|25|15|36|48|1|N
11|14|1205|C|3|0|U|584|19|22|88|E1114|105|0|0|0|0|0|0|0|0|0|0|0|0|0|0|0|0|0|0|0|0|0||||||||
11|14|1220|C|1|0|R|412|19|22|88|E1114|117|0|0|0|0|0|0|0|0|0|0|0|0|0|0|0|0|0|0|0|0|0|2024|4|25|16|14|30|1|N
11|14|1221|B|1|0|R|430|19|22|88|E1114|124|0|0|0|0|0|0|0|0|0|0|0|0|0|0|0|0|0|0|0|0|0||||||||
11|14|1222|B|1|0|U|595|19|22|88|E1114|123|72|63|0|0|9|226|30|0|1|1|20|0|0|0|0|1|1|424|157|39|226|2024|4|25|12|20|18|4|N
11|14|1247|B|1|0|R|657|19|22|88|E1114|109|0|0|0|0|0|0|0|0|0|0|0|0|0|0|0|0|0|0|0|0|0|2024|4|25|15|55|55|1|N
11|14|2734|B|1|0|U|652|38|22|88|E1114|127|0|0|0|0|0|0|0|0|0|0|0|0|0|0|0|0|0|0|0|0|0||||||||
11|14|2743|B|1|0|R|733|38|22|88|E1114|132|0|0|0|0|0|0|0|0|0|0|0|0|0|0|0|0|0|0|0|0|0||||||||
11|14|2745|C|2|0|U|522|39|22|88|E1114|138|0|0|0|0|0|0|0|0|0|0|0|0|0|0|0|0|0|0|0|0|0||||||||
11|14|2761|B|1|0|R|672|39|22|88|E1114|143|0|0|0|0|0|0|0|0|0|0|0|0|0|0|0|0|0|0|0|0|0||||||||
11|14|2762|C|1|0|R|413|39|22|88|E1114|144|0|0|0|0|0|0|0|0|0|0|0|0|0|0|0|0|0|0|0|0|0||||||||
11|15|977|B|1|0|U|461|17|11|89|E1115|12|0|0|0|0|0|0|0|0|0|0|0|0|0|0|0|0|0|0|0|0|0|2024|4|25|15|59|31|4|N
11|15|979|B|1|0|U|506|17|11|89|E1115|15|40|31|0|3|74|24|2|25|2|4|0|0|0|0|0|2|11|218|102|79|24|2024|4|25|15|27|39|4|N
11|15|980|C|1|0|U|739|17|11|89|E1115|19|35|6|0|7|3|133|105|0|4|2|20|0|0|0|0|5|9|329|67|115|133|2024|4|25|15|5|36|4|N
11|15|980|C|2|0|U|739|17|11|89|E1115|19|90|15|0|0|9|71|59|1|75|66|1|0|0|0|0|4|11|402|248|68|71|2024|4|25|15|8|55|4|N
11|15|1019|B|1|0|U|448|17|11|89|E1115|5|0|0|0|0|0|0|0|0|0|0|0|0|0|0|0|0|0|0|0|0|0||||||||
11|15|1069|C|1|0|U|513|17|12|89|E1115|104|3|52|4|90|9|124|49|0|7|7|1|0|0|0|0|5|11|362|74|148|124|2024|4|25|15|17|59|4|N
11|15|1070|C|1|0|U|553|17|12|89|E1115|70|84|49|0|13|2|47|165|0|26|15|0|0|0|0|0|1|8|410|174|180|47|2024|4|25|15|48|20|1|N
11|15|1072|B|1|0|U|524|17|12|89|E1115|74|4|85|50|66|2|27|71|23|15|0|17|0|0|0|0|3|2|365|194|139|27|2024|4|25|15|39|57|4|N
11|15|1086|B|1|0|U|457|17|12|89|E1115|88|3|37|1|26|39|58|38|16|42|1|1|0|0|0|1|4|2|269|101|104|58|2024|4|25|15|19|47|4|N
11|15|1089|B|1|0|U|621|17|12|89|E1115|96|54|84|15|2|67|102|61|0|2|0|38|0|0|5|0|5|1|436|193|135|102|2024|4|25|15|14|20|4|N
11|15|1093|B|1|0|U|657|17|12|89|E1115|71|0|0|0|0|0|0|0|0|0|0|0|0|0|0|0|0|0|0|0|0|0||||||||
11|15|1094|C|1|0|U|694|17|12|89|E1115|73|44|90|1|34|0|192|89|4|0|6|0|0|0|1|1|2|10|474|145|125|192|2024|4|25|15|44|25|4|N
11|15|1104|C|1|0|U|676|17|12|89|E1115|86|6|199|0|21|47|110|59|0|4|0|2|0|0|3|0|2|6|459|211|130|110|2024|4|25|15|20|1|4|N
11|15|1165|C|1|0|R|737|17|12|89|E1115|32|0|0|0|0|0|0|0|0|0|0|0|0|0|0|0|0|0|0|0|0|0||||||||
11|15|1170|B|1|0|M|565|17|12|89|E1115|38|0|0|0|0|0|0|0|0|0|0|0|0|0|0|0|0|0|0|0|0|0||||||||
11|15|1172|C|2|0|R|566|17|12|89|E1115|33|0|0|0|0|0|0|0|0|0|0|0|0|0|0|0|0|0|0|0|0|0|2024|4|25|16|14|0|1|N
11|15|1176|C|2|0|U|675|17|12|89|E1115|45|0|0|0|0|0|0|0|0|0|0|0|0|0|0|0|0|0|0|0|0|0||||||||
11|15|1176|C|5|0|U|675|17|12|89|E1115|46|45|43|9|3|29|210|70|2|28|0|0|0|0|9|0|2|2|452|127|111|210|2024|4|25|15|12|23|4|N
11|15|3242|B|1|0|U|653|17|11|89|E1115|22|22|113|6|2|9|99|39|88|2|32|0|0|0|4|0|5|11|432|263|54|99|2024|4|25|15|8|13|4|N
11|15|3258|C|1|0|U|709|17|12|89|E1115|113|23|34|0|35|4|244|16|14|27|0|18|0|0|0|66|3|10|494|116|121|244|2024|4|25|15|1|12|4|N
11|15|3259|B|1|0|U|573|17|12|89|E1115|114|7|41|0|7|19|71|11|13|222|9|2|0|0|0|2|1|8|413|294|39|71|2024|4|25|15|8|9|4|N
11|15|3265|C|1|0|U|578|17|12|89|E1115|123|8|84|0|0|1|89|39|48|159|1|3|0|0|0|5|5|0|442|303|45|89|2024|4|25|15|16|22|4|N
12|1|425|B|1|0|R|542|3|17|90|E1201|11|0|0|0|0|0|0|0|0|0|0|0|0|0|0|0|0|0|0|0|0|0|2024|4|25|15|58|1|1|N
12|1|446|B|1|0|R|342|3|17|90|E1201|4|0|0|0|0|0|0|0|0|0|0|0|0|0|0|0|0|0|0|0|0|0|2024|4|25|16|11|14|1|N
12|1|496|B|1|0|R|385|6|20|90|E1201|18|0|0|0|0|0|0|0|0|0|0|0|0|0|0|0|0|0|0|0|0|0||||||||
12|1|501|C|2|0|U|609|7|18|90|E1201|22|0|0|0|0|0|0|0|0|0|0|0|0|0|0|0|0|0|0|0|0|0||||||||
12|1|514|B|1|0|R|237|7|18|90|E1201|28|0|0|0|0|0|0|0|0|0|0|0|0|0|0|0|0|0|0|0|0|0||||||||
12|1|518|B|1|0|R|602|7|18|90|E1201|29|0|0|0|0|0|0|0|0|0|0|0|0|0|0|0|0|0|0|0|0|0||||||||
12|1|783|C|1|0|R|396|15|23|90|E1201|35|0|0|0|0|0|0|0|0|0|0|0|0|0|0|0|0|0|0|0|0|0||||||||
12|1|785|B|1|0|R|627|15|23|90|E1201|36|0|0|0|0|0|0|0|0|0|0|0|0|0|0|0|0|0|0|0|0|0|2024|4|25|16|14|53|4|N
12|1|954|C|1|0|R|387|22|17|90|E1201|44|0|0|0|0|0|0|0|0|0|0|0|0|0|0|0|0|0|0|0|0|0||||||||
12|1|955|B|1|0|R|585|22|17|90|E1201|39|0|0|0|0|0|0|0|0|0|0|0|0|0|0|0|0|0|0|0|0|0||||||||
12|1|971|C|1|0|U|484|22|17|90|E1201|56|0|0|0|0|0|0|0|0|0|0|0|0|0|0|0|0|0|0|0|0|0|2024|4|25|16|12|41|1|N
12|1|975|B|1|0|R|499|22|17|90|E1201|57|75|19|100|0|0|115|9|53|0|0|0|1|0|0|31|4|2|409|247|41|115|2024|4|25|14|13|48|4|N
12|1|1000|E|1|0|R|169|22|17|90|E1201|52|13|1|9|11|2|98|1|2|5|0|0|2|0|0|3|3|0|150|30|19|98|2024|4|25|15|12|4|1|N
12|1|1071|B|1|0|U|376|27|18|90|E1201|66|2|2|25|4|0|104|28|0|0|0|0|5|0|0|0|5|11|186|29|37|104|2024|4|25|14|16|22|4|N
12|1|1107|B|1|0|R|218|27|18|90|E1201|63|0|0|0|0|0|0|0|0|0|0|0|0|0|0|0|0|0|0|0|0|0||||||||
12|1|1380|B|1|0|R|211|32|20|90|E1201|78|0|0|0|0|0|0|0|0|0|0|0|0|0|0|0|0|0|0|0|0|0|2024|4|25|15|58|21|1|N
12|1|1587|B|1|0|U|441|38|20|90|E1201|84|98|35|19|8|0|111|11|0|0|4|0|0|0|0|0|3|1|290|156|19|111|2024|4|25|15|38|26|4|N
12|1|1870|B|1|0|R|119|48|20|90|E1201|86|15|8|6|4|3|50|3|5|0|4|0|2|0|0|2|3|12|117|38|14|50|2024|4|25|15|49|24|1|N
12|1|1950|C|2|0|U|636|51|18|90|E1201|95|0|0|0|0|0|0|0|0|0|0|0|0|0|0|0|0|0|0|0|0|0|2024|4|25|16|10|52|1|N
12|1|1951|C|3|0|U|590|51|18|90|E1201|96|28|7|15|77|6|48|123|0|0|0|0|8|0|0|12|0|12|336|50|226|48|2024|4|25|15|45|16|4|N
12|1|1954|C|2|0|U|624|51|18|90|E1201|97|0|0|0|0|0|0|0|0|0|0|0|0|0|0|0|0|0|0|0|0|0||||||||
12|1|1955|C|1|0|M|612|51|18|90|E1201|97|0|0|0|0|0|0|0|0|0|0|0|0|0|0|0|0|0|0|0|0|0||||||||
12|1|1961|C|1|0|U|563|51|18|90|E1201|99|0|0|0|0|0|0|0|0|0|0|0|0|0|0|0|0|0|0|0|0|0|2024|4|25|16|3|13|1|N
12|1|2094|B|1|0|M|523|55|17|90|E1201|108|0|0|0|0|0|0|0|0|0|0|0|0|0|0|0|0|0|0|0|0|0|2024|4|25|15|56|54|4|N
12|1|2132|E|1|0|R|271|55|17|90|E1201|119|33|82|9|5|0|17|12|0|1|0|0|2|0|0|6|0|3|170|125|25|17|2024|4|25|15|12|37|4|N
12|1|2133|C|1|0|R|390|55|17|90|E1201|118|61|18|18|103|1|94|20|0|0|0|0|1|0|0|0|1|12|329|97|125|94|2024|4|25|15|47|20|1|N
12|1|2137|B|1|0|U|656|56|21|90|E1201|123|28|46|61|14|0|145|247|0|0|0|0|2|2|0|2|4|7|558|135|267|145|2024|4|25|14|6|4|4|N
12|1|2158|B|1|0|U|670|56|21|90|E1201|121|94|51|97|32|0|209|29|0|0|0|0|0|0|0|53|0|8|573|242|114|209|2024|4|25|15|26|23|4|N
12|1|2161|C|1|0|U|708|56|21|90|E1201|120|99|77|66|2|8|185|48|0|0|0|0|29|4|0|2|5|6|531|242|93|185|2024|4|25|15|29|19|4|N
12|1|2183|B|1|0|R|379|56|21|90|E1201|152|0|0|0|0|0|0|0|0|0|0|0|0|0|0|0|0|0|0|0|0|0||||||||
12|1|2352|B|1|0|R|224|59|20|90|E1201|161|0|0|0|0|0|0|0|0|0|0|0|0|0|0|0|0|0|0|0|0|0||||||||
12|1|2363|B|1|0|R|164|59|20|90|E1201|167|0|0|0|0|0|0|0|0|0|0|0|0|0|0|0|0|0|0|0|0|0||||||||
12|1|2369|B|1|0|R|153|59|20|90|E1201|165|0|0|0|0|0|0|0|0|0|0|0|0|0|0|0|0|0|0|0|0|0|2024|4|25|16|10|39|4|N
12|1|2388|B|1|0|U|440|59|20|90|E1201|182|0|0|0|0|0|0|0|0|0|0|0|0|0|0|0|0|0|0|0|0|0||||||||
12|1|2418|B|1|0|U|646|59|20|90|E1201|180|0|0|0|0|0|0|0|0|0|0|0|0|0|0|0|0|0|0|0|0|0||||||||
12|1|2535|C|1|0|U|627|65|18|90|E1201|192|0|0|0|0|0|0|0|0|0|0|0|0|0|0|0|0|0|0|0|0|0||||||||
12|1|2731|E|1|0|R|287|74|17|90|E1201|209|11|0|17|0|0|50|1|0|1|0|0|2|0|0|10|1|8|101|29|13|50|2024|4|25|15|39|44|4|N
12|2|115|B|1|0|M|570|1|9|91|E1202|1|74|0|0|2|0|3|83|12|0|0|3|0|0|0|0|0|0|177|89|85|3|2024|4|25|14|12|7|1|N
12|2|118|B|1|0|U|568|1|9|91|E1202|5|107|7|17|0|0|221|31|0|0|0|0|0|0|0|0|5|1|389|131|31|221|2024|4|25|14|2|26|4|N
12|2|135|C|3|0|M|617|1|9|91|E1202|8|29|26|81|41|1|164|7|0|0|0|0|1|0|0|112|4|0|466|136|162|164|2024|4|25|14|16|17|1|N
12|2|172|C|1|0|U|586|1|6|91|E1202|32|0|0|0|0|0|0|0|0|0|0|0|0|0|0|0|0|0|0|0|0|0||||||||
12|2|178|C|1|0|U|670|1|6|91|E1202|21|62|7|31|0|0|166|139|0|0|0|0|0|7|0|6|0|2|420|100|152|166|2024|4|25|15|9|43|4|N
12|2|208|C|3|0|U|630|1|6|91|E1202|42|0|0|0|0|0|0|0|0|0|0|0|0|0|0|0|0|0|0|0|0|0||||||||
12|2|212|C|1|0|U|664|1|6|91|E1202|40|66|59|18|0|0|205|107|0|0|0|0|17|0|0|7|2|2|483|143|131|205|2024|4|25|13|38|6|4|N
12|2|215|C|2|0|U|519|1|6|91|E1202|37|0|0|0|0|0|0|0|0|0|0|0|0|0|0|0|0|0|0|0|0|0||||||||
12|2|247|B|1|0|U|665|1|6|91|E1202|47|60|28|14|2|90|171|101|34|0|0|0|0|0|0|24|0|10|534|136|217|171|2024|4|25|15|10|4|4|N
12|2|282|B|1|0|U|533|1|6|91|E1202|55|52|20|3|46|0|182|38|0|0|0|0|0|0|0|6|2|6|355|75|90|182|2024|4|25|14|12|10|4|N
12|2|288|C|1|0|U|505|1|3|91|E1202|112|0|0|0|0|0|0|0|0|0|0|0|0|0|0|0|0|0|0|0|0|0||||||||
12|2|301|C|5|0|U|697|1|7|91|E1202|61|5|45|35|2|1|252|40|0|0|0|0|0|0|0|0|2|3|385|85|43|252|2024|4|25|15|11|14|1|N
12|2|304|B|1|0|U|647|1|3|91|E1202|118|22|17|29|11|0|191|126|0|0|0|0|4|0|0|4|5|9|418|68|145|191|2024|4|25|14|10|4|4|N
12|2|307|C|3|0|U|698|1|7|91|E1202|68|0|0|0|0|0|0|0|0|0|0|0|0|0|0|0|0|0|0|0|0|0||||||||
12|2|349|B|1|0|R|578|1|9|91|E1202|88|58|7|183|0|0|107|76|1|0|0|0|0|0|0|3|2|6|443|249|79|107|2024|4|25|15|46|39|1|N
12|2|360|B|1|0|R|182|1|9|91|E1202|88|17|4|17|0|0|78|32|1|0|0|0|0|5|0|0|2|6|162|39|37|78|2024|4|25|15|52|12|1|N
12|2|370|C|1|0|U|632|1|7|91|E1202|97|0|0|0|0|0|0|0|0|0|0|0|0|0|0|0|0|0|0|0|0|0||||||||
12|2|376|C|1|0|R|402|1|7|91|E1202|84|0|0|0|0|0|0|0|0|0|0|0|0|0|0|0|0|0|0|0|0|0|2024|4|25|16|8|49|1|N
12|2|379|B|1|0|R|584|1|7|91|E1202|79|0|0|0|0|0|0|0|0|0|0|0|0|0|0|0|0|0|0|0|0|0|2024|4|25|15|54|50|1|N
12|2|2797|C|1|0|R|742|1|7|91|E1202|85|187|27|28|103|0|131|47|0|0|0|0|5|0|0|11|4|8|551|242|166|131|2024|4|25|15|50|51|1|N
12|2|2838|C|1|0|U|568|1|6|91|E1202|19|0|48|88|0|0|79|99|0|0|0|0|1|0|0|1|3|0|319|136|101|79|2024|4|25|15|7|27|4|N
12|3|607|C|1|0|U|466|11|10|92|E1203|13|0|0|0|0|0|0|0|0|0|0|0|0|0|0|0|0|0|0|0|0|0||||||||
12|3|610|C|1|0|U|621|11|10|92|E1203|11|13|79|30|13|0|214|51|0|0|0|0|0|7|0|3|2|9|421|122|74|214|2024|4|25|14|7|39|4|N
12|3|650|C|1|0|R|442|11|10|92|E1203|3|0|0|0|0|0|0|0|0|0|0|0|0|0|0|0|0|0|0|0|0|0||||||||
12|3|670|C|1|0|U|601|11|10|92|E1203|18|0|0|0|0|0|0|0|0|0|0|0|0|0|0|0|0|0|0|0|0|0||||||||
12|3|805|B|1|0|R|244|16|12|92|E1203|38|0|0|0|0|0|0|0|0|0|0|0|0|0|0|0|0|0|0|0|0|0||||||||
12|3|883|B|1|0|U|683|21|8|92|E1203|55|0|0|0|0|0|0|0|0|0|0|0|0|0|0|0|0|0|0|0|0|0||||||||
12|3|890|B|1|0|M|589|21|8|92|E1203|49|0|0|0|0|0|0|0|0|0|0|0|0|0|0|0|0|0|0|0|0|0||||||||
12|3|894|B|1|0|R|467|21|8|92|E1203|52|0|0|0|0|0|0|0|0|0|0|0|0|0|0|0|0|0|0|0|0|0||||||||
12|3|894|C|1|0|R|466|21|8|92|E1203|52|0|0|0|0|0|0|0|0|0|0|0|0|0|0|0|0|0|0|0|0|0||||||||
12|3|917|C|2|0|M|541|21|8|92|E1203|45|6|56|13|3|2|182|31|0|0|0|0|1|1|0|12|3|2|312|75|50|182|2024|4|25|15|18|22|4|N
12|3|928|B|1|0|R|467|21|8|92|E1203|48|0|0|0|0|0|0|0|0|0|0|0|0|0|0|0|0|0|0|0|0|0|2024|4|25|16|5|2|4|N
12|3|931|C|2|0|U|729|21|8|92|E1203|68|24|54|46|30|0|446|52|1|0|0|0|0|0|0|8|0|12|673|125|90|446|2024|4|25|15|35|40|4|N
12|3|1589|C|3|0|U|652|39|12|92|E1203|82|0|0|0|0|0|0|0|0|0|0|0|0|0|0|0|0|0|0|0|0|0||||||||
12|3|1616|C|3|0|U|722|39|11|92|E1203|73|63|8|135|0|0|137|133|0|0|0|0|4|0|0|11|0|12|503|206|148|137|2024|4|25|15|33|42|1|N
12|3|1622|B|1|0|U|324|39|12|92|E1203|70|0|0|0|0|0|0|0|0|0|0|0|0|0|0|0|0|0|0|0|0|0||||||||
12|3|1625|B|1|0|U|390|39|12|92|E1203|69|0|0|0|0|0|0|0|0|0|0|0|0|0|0|0|0|0|0|0|0|0||||||||
12|3|1648|B|1|0|U|622|39|11|92|E1203|102|0|0|0|0|0|0|0|0|0|0|0|0|0|0|0|0|0|0|0|0|0||||||||
12|3|1653|C|1|0|R|613|39|11|92|E1203|104|74|30|60|0|0|248|94|5|0|0|0|8|36|0|0|1|11|567|169|138|248|2024|4|25|15|8|9|4|N
12|3|1875|B|1|0|M|578|49|11|92|E1203|112|21|35|24|36|9|168|9|0|0|0|0|3|0|0|11|3|12|331|80|68|168|2024|4|25|14|14|14|4|N
12|3|1875|C|2|0|M|578|49|11|92|E1203|112|41|10|26|6|133|124|81|0|0|0|0|3|0|0|3|0|10|437|77|226|124|2024|4|25|14|11|45|4|N
12|3|1887|C|1|0|M|634|49|11|92|E1203|121|0|0|0|0|0|0|0|0|0|0|0|0|0|0|0|0|0|0|0|0|0|2024|4|25|16|1|24|4|N
12|3|1897|B|1|0|R|238|49|11|92|E1203|109|0|0|0|0|0|0|0|0|0|0|0|0|0|0|0|0|0|0|0|0|0||||||||
12|3|1902|B|1|0|R|275|49|11|92|E1203|116|0|0|0|0|0|0|0|0|0|0|0|0|0|0|0|0|0|0|0|0|0||||||||
12|3|1910|B|1|0|U|648|49|11|92|E1203|111|46|24|95|20|16|235|67|0|0|0|0|1|26|0|40|4|12|586|165|170|235|2024|4|25|15|0|58|4|N
12|3|1911|C|1|0|M|633|49|11|92|E1203|110|37|70|78|4|0|138|77|0|0|0|0|1|0|0|0|2|5|412|185|82|138|2024|4|25|15|49|43|4|N
12|3|1932|B|1|0|R|132|49|11|92|E1203|116|0|0|0|0|0|0|0|0|0|0|0|0|0|0|0|0|0|0|0|0|0||||||||
12|3|2269|C|1|0|U|692|58|10|92|E1203|152|0|0|0|0|0|0|0|0|0|0|0|0|0|0|0|0|0|0|0|0|0||||||||
12|3|2311|B|1|0|R|241|58|11|92|E1203|139|0|0|0|0|0|0|0|0|0|0|0|0|0|0|0|0|0|0|0|0|0||||||||
12|3|2808|B|1|0|M|680|39|11|92|E1203|98|0|0|0|0|0|0|0|0|0|0|0|0|0|0|0|0|0|0|0|0|0||||||||
12|4|10|B|1|0|U|446|1|8|93|E1204|13|0|0|0|0|0|0|0|0|0|0|0|0|0|0|0|0|0|0|0|0|0||||||||
12|4|29|C|2|0|U|557|1|4|93|E1204|31|0|0|0|0|0|0|0|0|0|0|0|0|0|0|0|0|0|0|0|0|0||||||||
12|4|36|B|1|0|U|517|1|4|93|E1204|30|0|0|0|0|0|0|0|0|0|0|0|0|0|0|0|0|0|0|0|0|0||||||||
12|4|38|B|1|0|U|569|1|4|93|E1204|28|34|15|58|13|2|163|44|0|0|0|0|13|0|0|0|3|8|353|107|72|163|2024|4|25|15|21|41|4|N
12|4|48|C|2|0|U|561|1|4|93|E1204|19|0|0|0|0|0|0|0|0|0|0|0|0|0|0|0|0|0|0|0|0|0|2024|4|25|15|54|43|4|N
12|4|50|C|1|0|U|503|1|4|93|E1204|36|0|0|0|0|0|0|0|0|0|0|0|0|0|0|0|0|0|0|0|0|0||||||||
12|4|54|C|1|0|U|598|1|4|93|E1204|38|0|0|0|0|0|0|0|0|0|0|0|0|0|0|0|0|0|0|0|0|0||||||||
12|4|68|C|1|0|U|432|1|4|93|E1204|40|0|0|0|0|0|0|0|0|0|0|0|0|0|0|0|0|0|0|0|0|0||||||||
12|4|111|C|2|0|U|607|1|5|93|E1204|106|3|23|45|22|5|79|50|0|0|0|0|4|0|0|2|3|4|240|71|83|79|2024|4|25|14|7|49|4|N
12|4|111|C|3|0|U|607|1|5|93|E1204|106|19|9|72|4|0|144|64|0|0|0|0|0|6|0|1|3|12|334|100|75|144|2024|4|25|13|56|7|4|N
12|4|122|C|1|0|U|627|1|5|93|E1204|109|9|7|30|3|0|163|127|111|0|50|0|0|0|0|1|1|11|513|207|131|163|2024|4|25|15|13|20|4|N
12|4|132|B|1|0|U|556|1|9|93|E1204|116|0|0|0|0|0|0|0|0|0|0|0|0|0|0|0|0|0|0|0|0|0||||||||
12|4|141|B|1|0|U|528|1|5|93|E1204|100|12|0|121|39|0|69|22|0|0|0|0|3|0|0|16|3|12|297|133|80|69|2024|4|25|10|23|53|4|N
12|4|142|C|1|0|U|644|1|5|93|E1204|104|0|0|0|0|0|0|0|0|0|0|0|0|0|0|0|0|0|0|0|0|0||||||||
12|4|146|C|1|0|U|616|1|5|93|E1204|97|0|0|0|0|0|0|0|0|0|0|0|0|0|0|0|0|0|0|0|0|0||||||||
12|4|227|C|1|0|U|474|1|5|93|E1204|89|0|0|0|0|0|0|0|0|0|0|0|0|0|0|0|0|0|0|0|0|0||||||||
12|4|232|B|1|0|U|507|1|4|93|E1204|26|0|0|0|0|0|0|0|0|0|0|0|0|0|0|0|0|0|0|0|0|0||||||||
12|4|256|C|4|0|U|687|1|3|93|E1204|67|62|64|42|14|44|267|123|0|0|0|0|0|0|0|0|0|1|617|168|181|267|2024|4|25|15|38|7|1|N
12|4|316|C|1|0|R|408|1|9|93|E1204|138|0|0|0|0|0|0|0|0|0|0|0|0|0|0|0|0|0|0|0|0|0||||||||
12|4|319|C|2|0|M|549|1|9|93|E1204|136|0|0|0|0|0|0|0|0|0|0|0|0|0|0|0|0|0|0|0|0|0||||||||
12|4|333|B|1|0|R|622|1|5|93|E1204|126|0|0|0|0|0|0|0|0|0|0|0|0|0|0|0|0|0|0|0|0|0|2024|4|25|16|10|55|1|N
12|4|334|C|1|0|R|722|1|5|93|E1204|127|0|0|0|0|0|0|0|0|0|0|0|0|0|0|0|0|0|0|0|0|0|2024|4|25|16|9|32|1|N
12|4|336|C|1|0|M|606|1|9|93|E1204|129|0|0|0|0|0|0|0|0|0|0|0|0|0|0|0|0|0|0|0|0|0||||||||
12|4|343|B|1|0|R|697|1|5|93|E1204|125|0|0|0|0|0|0|0|0|0|0|0|0|0|0|0|0|0|0|0|0|0||||||||
12|4|346|B|1|0|R|608|1|5|93|E1204|103|127|10|13|7|0|193|16|0|0|0|0|1|3|0|24|4|10|408|150|51|193|2024|4|25|15|43|26|1|N
12|5|391|B|1|0|R|496|2|26|94|E1205|25|58|0|75|1|0|119|31|0|0|0|0|0|0|0|23|3|10|320|133|55|119|2024|4|25|11|17|14|4|N
12|5|400|C|1|0|R|572|2|26|94|E1205|29|0|0|0|0|0|0|0|0|0|0|0|0|0|0|0|0|0|0|0|0|0||||||||
12|5|403|B|1|0|R|619|2|26|94|E1205|27|0|0|0|0|0|0|0|0|0|0|0|0|0|0|0|0|0|0|0|0|0||||||||
12|5|473|C|1|0|R|624|4|27|94|E1205|32|0|0|0|0|0|0|0|0|0|0|0|0|0|0|0|0|0|0|0|0|0||||||||
12|5|874|B|1|0|R|446|20|26|94|E1205|84|17|1|83|0|4|70|13|2|4|0|0|61|0|0|18|2|11|286|107|96|70|2024|4|25|15|38|38|1|N
12|5|882|B|1|0|R|407|20|26|94|E1205|56|0|0|0|0|0|0|0|0|0|0|0|0|0|0|0|0|0|0|0|0|0||||||||
12|5|1030|B|1|0|M|607|24|26|94|E1205|126|0|0|0|0|0|0|0|0|0|0|0|0|0|0|0|0|0|0|0|0|0||||||||
12|5|1032|B|1|0|R|150|24|26|94|E1205|127|0|0|0|0|0|0|0|0|0|0|0|0|0|0|0|0|0|0|0|0|0||||||||
12|5|1034|B|1|0|R|562|24|26|94|E1205|125|0|0|0|0|0|0|0|0|0|0|0|0|0|0|0|0|0|0|0|0|0||||||||
12|5|1436|B|1|0|R|332|34|26|94|E1205|51|0|0|0|0|0|0|0|0|0|0|0|0|0|0|0|0|0|0|0|0|0||||||||
12|5|1700|C|1|0|M|478|42|28|94|E1205|94|63|31|32|1|0|145|95|0|0|0|0|1|0|0|19|2|7|396|126|116|145|2024|4|25|15|45|45|4|N
12|5|1709|B|1|0|R|671|78|28|94|E1205|102|0|0|0|0|0|0|0|0|0|0|0|0|0|0|0|0|0|0|0|0|0||||||||
12|5|1710|C|1|0|R|686|42|28|94|E1205|101|0|0|0|0|0|0|0|0|0|0|0|0|0|0|0|0|0|0|0|0|0||||||||
12|5|1738|B|1|0|R|515|44|28|94|E1205|113|0|0|0|0|0|0|0|0|0|0|0|0|0|0|0|0|0|0|0|0|0||||||||
12|5|1761|B|1|0|R|405|79|28|94|E1205|73|0|0|0|0|0|0|0|0|0|0|0|0|0|0|0|0|0|0|0|0|0||||||||
12|5|1791|B|1|0|R|527|46|26|94|E1205|117|0|0|0|0|0|0|0|0|0|0|0|0|0|0|0|0|0|0|0|0|0||||||||
12|5|2532|B|1|0|R|207|64|14|94|E1205|19|0|0|0|0|0|0|0|0|0|0|0|0|0|0|0|0|0|0|0|0|0|2024|4|25|15|52|44|1|N
12|5|2562|C|1|0|U|731|67|27|94|E1205|164|0|0|0|0|0|0|0|0|0|0|0|0|0|0|0|0|0|0|0|0|0||||||||
12|5|2564|C|8|0|U|674|67|27|94|E1205|155|0|0|0|0|0|0|0|0|0|0|0|0|0|0|0|0|0|0|0|0|0|2024|4|25|15|56|14|1|N
12|5|2565|B|1|0|U|690|67|27|94|E1205|151|0|0|0|0|0|0|0|0|0|0|0|0|0|0|0|0|0|0|0|0|0||||||||
12|5|2570|C|3|0|U|689|67|27|94|E1205|158|0|0|0|0|0|0|0|0|0|0|0|0|0|0|0|0|0|0|0|0|0||||||||
12|5|2571|C|2|0|U|638|67|27|94|E1205|161|0|0|0|0|0|0|0|0|0|0|0|0|0|0|0|0|0|0|0|0|0||||||||
12|5|2576|B|1|0|R|387|67|27|94|E1205|145|27|0|16|10|0|110|32|0|0|0|0|0|0|0|0|4|7|206|43|42|110|2024|4|25|15|35|50|1|N
12|5|2582|C|1|0|R|536|67|27|94|E1205|146|0|0|0|0|0|0|0|0|0|0|0|0|0|0|0|0|0|0|0|0|0||||||||
12|5|2671|B|1|0|U|741|71|26|94|E1205|52|0|0|0|0|0|0|0|0|0|0|0|0|0|0|0|0|0|0|0|0|0||||||||
12|5|2675|B|1|0|R|105|71|26|94|E1205|49|0|0|0|0|0|0|0|0|0|0|0|0|0|0|0|0|0|0|0|0|0||||||||
12|5|2694|C|2|0|M|584|73|14|94|E1205|132|0|0|0|0|0|0|0|0|0|0|0|0|0|0|0|0|0|0|0|0|0||||||||
12|5|2772|C|3|0|M|584|76|14|94|E1205|9|0|0|0|0|0|0|0|0|0|0|0|0|0|0|0|0|0|0|0|0|0||||||||
12|5|2774|C|1|0|R|528|76|14|94|E1205|14|0|0|0|0|0|0|0|0|0|0|0|0|0|0|0|0|0|0|0|0|0|2024|4|25|16|7|22|1|N
12|6|841|B|1|0|R|299|17|20|95|E1206|12|0|0|0|0|0|0|0|0|0|0|0|0|0|0|0|0|0|0|0|0|0||||||||
12|6|1112|C|3|0|U|706|28|25|95|E1206|18|0|0|0|0|0|0|0|0|0|0|0|0|0|0|0|0|0|0|0|0|0||||||||
12|6|1113|C|4|0|M|680|28|25|95|E1206|26|0|0|0|0|0|0|0|0|0|0|0|0|0|0|0|0|0|0|0|0|0||||||||
12|6|1152|B|1|0|R|520|28|25|95|E1206|44|0|0|0|0|0|0|0|0|0|0|0|0|0|0|0|0|0|0|0|0|0||||||||
12|6|1155|B|1|0|R|458|28|25|95|E1206|41|0|0|0|0|0|0|0|0|0|0|0|0|0|0|0|0|0|0|0|0|0||||||||
12|6|1157|B|1|0|U|635|28|25|95|E1206|36|158|17|13|9|7|117|87|0|0|0|0|0|0|0|65|0|10|483|188|168|117|2024|4|25|14|14|10|4|N
12|6|1164|B|1|0|R|531|28|25|95|E1206|46|0|0|0|0|0|0|0|0|0|0|0|0|0|0|0|0|0|0|0|0|0||||||||
12|6|1173|C|1|0|R|512|28|25|95|E1206|52|39|27|5|65|5|182|23|0|0|0|0|3|5|0|0|5|2|361|71|101|182|2024|4|25|15|25|50|1|N
12|6|1184|E|1|0|R|336|28|25|95|E1206|54|2|2|10|4|0|140|1|0|0|0|0|0|0|0|14|1|10|184|14|19|140|2024|4|25|15|21|50|1|N
12|6|1197|B|1|0|R|248|28|25|95|E1206|54|7|20|25|40|0|33|64|0|0|0|0|0|3|0|0|0|10|202|52|107|33|2024|4|25|15|28|56|1|N
12|6|1484|B|1|0|U|631|36|22|95|E1206|92|3|25|55|49|0|402|11|0|0|0|0|35|0|0|14|5|3|602|83|109|402|2024|4|25|15|32|24|1|N
12|6|1485|B|1|0|U|663|36|22|95|E1206|89|35|21|13|23|1|232|15|0|0|0|0|6|16|0|32|2|11|407|69|93|232|2024|4|25|15|30|34|1|N
12|6|1487|C|1|0|U|688|36|22|95|E1206|109|0|0|0|0|0|0|0|0|0|0|0|0|0|0|0|0|0|0|0|0|0|2024|4|25|15|59|52|2|N
12|6|1491|C|2|0|U|516|36|22|95|E1206|110|0|47|0|3|0|181|49|0|0|0|0|8|5|0|4|3|6|306|47|69|181|2024|4|25|15|19|9|4|N
12|6|1495|C|2|0|U|634|36|22|95|E1206|86|21|15|12|41|0|133|206|0|3|0|0|1|0|0|4|3|7|446|51|252|133|2024|4|25|14|7|7|4|N
12|6|1497|B|1|0|U|396|36|22|95|E1206|85|0|0|0|0|0|0|0|0|0|0|0|0|0|0|0|0|0|0|0|0|0||||||||
12|6|1510|B|1|0|U|601|36|22|95|E1206|104|3|93|13|16|0|280|82|0|0|0|0|3|6|0|17|2|8|523|109|124|280|2024|4|25|15|3|55|4|N
12|6|1517|C|1|0|U|691|36|22|95|E1206|76|110|19|43|2|5|175|89|0|0|0|0|11|0|0|1|0|7|462|172|108|175|2024|4|25|15|41|59|1|N
12|6|1517|C|2|0|U|691|36|22|95|E1206|76|51|4|142|43|0|107|47|20|0|0|0|0|0|0|63|2|11|490|217|153|107|2024|4|25|15|30|58|1|N
12|6|1538|C|1|0|U|645|36|22|95|E1206|107|25|0|61|27|2|146|40|0|1|0|0|8|32|0|0|0|10|352|87|109|146|2024|4|25|15|42|30|1|N
12|6|1563|B|1|0|U|662|36|23|95|E1206|124|63|10|55|6|0|160|49|0|0|0|0|32|0|0|124|0|8|507|128|211|160|2024|4|25|15|50|2|1|N
12|6|1719|C|1|0|U|664|43|24|95|E1206|127|0|0|0|0|0|0|0|0|0|0|0|0|0|0|0|0|0|0|0|0|0||||||||
12|6|1999|B|1|0|R|307|52|24|95|E1206|145|0|0|0|0|0|0|0|0|0|0|0|0|0|0|0|0|0|0|0|0|0|2024|4|25|16|9|32|1|N
12|6|2000|B|1|0|R|355|52|24|95|E1206|134|0|0|0|0|0|0|0|0|0|0|0|0|0|0|0|0|0|0|0|0|0||||||||
12|6|2428|B|1|0|R|372|60|23|95|E1206|151|0|0|0|0|0|0|0|0|0|0|0|0|0|0|0|0|0|0|0|0|0|2024|4|25|16|12|19|1|N
12|6|2430|C|1|0|R|382|60|23|95|E1206|152|0|0|0|0|0|0|0|0|0|0|0|0|0|0|0|0|0|0|0|0|0||||||||
12|6|2434|B|1|0|U|586|60|23|95|E1206|153|5|18|17|0|8|242|14|0|0|0|0|6|2|0|0|3|4|319|40|30|242|2024|4|25|15|31|21|4|N
12|6|2450|B|1|0|R|654|60|23|95|E1206|158|0|0|0|0|0|0|0|0|0|0|0|0|0|0|0|0|0|0|0|0|0||||||||
12|6|2759|B|1|0|R|637|75|24|95|E1206|164|0|0|0|0|0|0|0|0|0|0|0|0|0|0|0|0|0|0|0|0|0||||||||
12|7|1204|C|10|0|U|713|29|1|96|E1207|3|79|7|23|6|7|300|8|0|0|0|0|0|0|0|82|1|9|522|109|103|300|2024|4|25|14|8|12|1|N
12|7|1204|C|11|0|U|713|29|1|96|E1207|3|31|0|66|0|0|310|130|0|0|0|0|0|0|0|26|5|7|575|97|156|310|2024|4|25|15|51|11|1|N
12|7|1205|B|1|0|M|640|29|1|96|E1207|34|0|0|0|0|0|0|0|0|0|0|0|0|0|0|0|0|0|0|0|0|0|2024|4|25|16|13|18|1|N
12|7|1206|C|1|0|U|565|29|1|96|E1207|35|0|0|0|0|0|0|0|0|0|0|0|0|0|0|0|0|0|0|0|0|0|2024|4|25|15|54|59|1|N
12|7|1207|C|3|0|M|697|29|2|96|E1207|36|0|0|0|0|0|0|0|0|0|0|0|0|0|0|0|0|0|0|0|0|0|2024|4|25|15|57|25|1|N
12|7|1212|C|2|0|U|601|29|1|96|E1207|4|0|0|0|0|0|0|0|0|0|0|0|0|0|0|0|0|0|0|0|0|0||||||||
12|7|1238|C|2|0|U|559|29|1|96|E1207|47|124|1|38|40|2|144|97|0|0|0|0|1|0|0|1|1|6|455|163|141|144|2024|4|25|14|6|0|4|N
12|7|1257|B|1|0|U|727|29|2|96|E1207|57|0|0|0|0|0|0|0|0|0|0|0|0|0|0|0|0|0|0|0|0|0||||||||
12|7|1257|C|5|0|U|726|29|2|96|E1207|57|0|0|0|0|0|0|0|0|0|0|0|0|0|0|0|0|0|0|0|0|0||||||||
12|7|1263|C|3|0|U|726|29|2|96|E1207|59|0|0|0|0|0|0|0|0|0|0|0|0|0|0|0|0|0|0|0|0|0||||||||
12|7|1267|C|1|0|U|736|29|2|96|E1207|28|0|0|0|0|0|0|0|0|0|0|0|0|0|0|0|0|0|0|0|0|0||||||||
12|7|1268|C|1|0|U|642|29|2|96|E1207|60|0|0|0|0|0|0|0|0|0|0|0|0|0|0|0|0|0|0|0|0|0||||||||
12|7|1293|B|1|0|R|459|29|1|96|E1207|82|0|0|0|0|0|0|0|0|0|0|0|0|0|0|0|0|0|0|0|0|0||||||||
12|7|1308|E|1|0|R|325|29|2|96|E1207|81|118|7|16|3|9|64|7|40|0|2|0|35|2|0|0|2|11|316|183|56|64|2024|4|25|15|23|15|4|N
12|7|1314|B|1|0|U|633|30|19|96|E1207|86|0|0|0|0|0|0|0|0|0|0|0|0|0|0|0|0|0|0|0|0|0|2024|4|25|16|5|51|1|N
12|7|1330|B|1|0|U|655|30|19|96|E1207|92|0|0|0|0|0|0|0|0|0|0|0|0|0|0|0|0|0|0|0|0|0||||||||
12|7|1383|C|2|0|M|507|33|19|96|E1207|109|14|0|29|23|0|70|64|0|0|0|0|5|20|3|0|4|11|243|43|115|70|2024|4|25|15|34|51|1|N
12|7|1387|B|1|0|R|162|33|19|96|E1207|102|13|2|13|2|0|44|16|0|0|0|0|0|0|0|0|5|12|107|28|18|44|2024|4|25|15|46|8|1|N
12|7|1389|B|1|0|R|116|33|19|96|E1207|103|14|1|4|4|0|30|2|0|0|0|0|7|0|0|2|5|9|78|19|15|30|2024|4|25|15|37|8|1|N
12|7|1419|B|1|0|R|518|33|19|96|E1207|115|0|44|100|1|4|90|23|0|0|0|0|2|55|0|22|5|11|357|144|107|90|2024|4|25|15|33|30|1|N
12|7|1697|E|1|0|R|179|41|19|96|E1207|129|13|1|8|9|0|30|30|0|0|14|0|1|0|0|21|1|2|130|36|61|30|2024|4|25|15|50|41|1|N
12|7|1766|C|1|0|U|552|45|24|96|E1207|132|92|1|8|37|0|109|6|0|0|0|0|1|0|0|13|0|8|275|101|57|109|2024|4|25|15|16|19|4|N
12|7|2486|B|1|0|U|532|62|24|96|E1207|140|0|0|0|0|0|0|0|0|0|0|0|0|0|0|0|0|0|0|0|0|0|2024|4|25|15|57|11|4|N
12|7|2502|B|1|0|R|322|62|24|96|E1207|145|0|0|0|0|0|0|0|0|0|0|0|0|0|0|0|0|0|0|0|0|0||||||||
12|7|2822|B|1|0|U|638|29|1|96|E1207|8|0|0|0|0|0|0|0|0|0|0|0|0|0|0|0|0|0|0|0|0|0|2024|4|25|15|54|49|1|N
12|7|2823|C|2|0|U|690|29|1|96|E1207|9|101|37|55|11|48|248|33|0|0|0|0|9|1|0|0|1|7|551|193|102|248|2024|4|25|14|29|18|1|N
12|8|675|C|1|0|U|642|12|14|97|E1208|53|14|3|3|2|1|320|38|0|0|0|0|13|0|0|19|2|6|421|20|73|320|2024|4|25|15|23|44|4|N
12|8|677|B|1|0|R|654|12|14|97|E1208|46|0|0|0|0|0|0|0|0|0|0|0|0|0|0|0|0|0|0|0|0|0||||||||
12|8|677|E|1|0|R|383|12|14|97|E1208|46|0|0|0|0|0|0|0|0|0|0|0|0|0|0|0|0|0|0|0|0|0||||||||
12|8|692|C|2|0|R|541|12|14|97|E1208|49|22|36|72|20|0|89|20|0|0|2|0|0|0|0|2|1|0|264|132|42|89|2024|4|25|15|6|22|4|N
12|8|700|E|1|0|R|74|82|14|97|E1208|56|0|0|0|0|0|0|0|0|0|0|0|0|0|0|0|0|0|0|0|0|0||||||||
12|8|713|B|1|0|R|333|12|14|97|E1208|60|0|0|0|0|0|0|0|0|0|0|0|0|0|0|0|0|0|0|0|0|0||||||||
12|8|735|B|1|0|R|433|80|15|97|E1208|89|0|0|0|0|0|0|0|0|0|0|0|0|0|0|0|0|0|0|0|0|0||||||||
12|8|743|C|1|0|M|463|81|15|97|E1208|96|40|5|33|0|0|238|21|0|0|0|0|0|1|0|17|2|2|359|78|39|238|2024|4|25|15|23|22|4|N
12|8|844|B|1|0|U|650|18|15|97|E1208|84|0|0|0|0|0|0|0|0|0|0|0|0|0|0|0|0|0|0|0|0|0||||||||
12|8|1037|C|1|0|U|646|25|15|97|E1208|79|0|0|0|0|0|0|0|0|0|0|0|0|0|0|0|0|0|0|0|0|0||||||||
12|8|1044|B|1|0|R|615|25|15|97|E1208|81|0|0|0|0|0|0|0|0|0|0|0|0|0|0|0|0|0|0|0|0|0||||||||
12|8|1341|C|2|0|U|624|31|15|97|E1208|70|0|0|0|0|0|0|0|0|0|0|0|0|0|0|0|0|0|0|0|0|0||||||||
12|8|1566|B|1|0|U|657|37|16|97|E1208|137|132|28|19|2|1|101|80|0|0|0|0|6|0|0|23|4|3|399|179|112|101|2024|4|25|15|8|16|4|N
12|8|1654|C|1|0|M|609|40|13|97|E1208|1|0|0|0|0|0|0|0|0|0|0|0|0|0|0|0|0|0|0|0|0|0||||||||
12|8|1657|C|1|0|M|476|40|13|97|E1208|3|0|0|0|0|0|0|0|0|0|0|0|0|0|0|0|0|0|0|0|0|0||||||||
12|8|1658|B|1|0|U|646|40|13|97|E1208|2|0|0|0|0|0|0|0|0|0|0|0|0|0|0|0|0|0|0|0|0|0||||||||
12|8|1812|C|2|0|U|652|47|16|97|E1208|106|0|0|0|0|0|0|0|0|0|0|0|0|0|0|0|0|0|0|0|0|0||||||||
12|8|1818|B|1|0|M|649|47|16|97|E1208|119|23|5|80|13|0|163|14|179|0|0|0|1|0|0|50|0|2|530|287|78|163|2024|4|25|14|8|55|1|N
12|8|1837|B|1|0|R|410|47|16|97|E1208|107|0|0|0|0|0|0|0|0|0|0|0|0|0|0|0|0|0|0|0|0|0||||||||
12|8|1844|B|1|0|R|143|47|16|97|E1208|123|0|0|0|0|0|0|0|0|0|0|0|0|0|0|0|0|0|0|0|0|0||||||||
12|8|2017|C|1|0|U|604|53|28|97|E1208|145|0|0|0|0|0|0|0|0|0|0|0|0|0|0|0|0|0|0|0|0|0||||||||
12|8|2069|B|1|0|R|581|83|13|97|E1208|39|0|0|0|0|0|0|0|0|0|0|0|0|0|0|0|0|0|0|0|0|0||||||||
12|8|2074|B|1|0|U|549|83|13|97|E1208|42|0|0|0|0|0|0|0|0|0|0|0|0|0|0|0|0|0|0|0|0|0||||||||
12|8|2227|B|1|0|R|589|57|13|97|E1208|13|0|0|0|0|0|0|0|0|0|0|0|0|0|0|0|0|0|0|0|0|0||||||||
12|8|2232|C|1|0|U|502|57|13|97|E1208|14|0|0|0|0|0|0|0|0|0|0|0|0|0|0|0|0|0|0|0|0|0||||||||
12|8|2253|B|1|0|R|263|57|13|97|E1208|18|0|0|0|0|0|0|0|0|0|0|0|0|0|0|0|0|0|0|0|0|0||||||||
12|8|2511|B|1|0|R|471|63|16|97|E1208|157|56|2|9|1|1|117|137|0|0|1|0|0|0|0|3|3|12|342|68|142|117|2024|4|25|14|14|57|1|N
12|8|2512|C|1|0|R|539|63|16|97|E1208|158|0|0|0|0|0|0|0|0|0|0|0|0|0|0|0|0|0|0|0|0|0||||||||
12|8|2520|B|1|0|R|331|63|16|97|E1208|162|0|0|0|0|0|0|0|0|0|0|0|0|0|0|0|0|0|0|0|0|0||||||||
12|8|2691|C|3|0|M|660|72|16|97|E1208|172|0|0|0|0|0|0|0|0|0|0|0|0|0|0|0|0|0|0|0|0|0||||||||
13|1|162|C|3|0|M|641|10|3|98|E1301|1|109|6|31|2|0|171|28|0|0|0|0|0|0|0|0|1|1|349|146|30|171|2024|4|25|14|15|51|1|N
13|1|169|B|1|0|R|633|10|3|98|E1301|5|0|0|0|0|0|0|0|0|0|0|0|0|0|0|0|0|0|0|0|0|0||||||||
13|1|171|B|1|0|R|725|10|3|98|E1301|6|11|10|11|0|0|184|80|0|0|25|0|11|0|0|0|3|0|335|57|91|184|2024|4|25|15|42|22|1|N
13|1|171|C|1|0|R|725|10|3|98|E1301|6|9|2|9|3|36|200|4|0|0|0|0|80|0|0|0|5|12|360|20|123|200|2024|4|25|15|45|25|1|N
13|1|224|C|1|0|M|623|13|3|98|E1301|8|0|0|0|0|0|0|0|0|0|0|0|0|0|0|0|0|0|0|0|0|0||||||||
13|1|226|B|1|0|R|221|13|3|98|E1301|10|0|0|0|0|0|0|0|0|0|0|0|0|0|0|0|0|0|0|0|0|0||||||||
13|1|342|B|1|0|M|436|20|2|98|E1301|14|31|55|13|0|29|126|18|0|0|0|0|0|0|0|0|0|2|274|99|47|126|2024|4|25|15|33|25|1|N
13|1|405|B|1|0|U|608|25|3|98|E1301|16|0|0|0|0|0|0|0|0|0|0|0|0|0|0|0|0|0|0|0|0|0||||||||
13|1|408|B|1|0|R|413|25|3|98|E1301|19|0|0|0|0|0|0|0|0|0|0|0|0|0|0|0|0|0|0|0|0|0||||||||
13|1|424|B|1|0|R|471|25|3|98|E1301|17|0|0|0|0|0|0|0|0|0|0|0|0|0|0|0|0|0|0|0|0|0||||||||
13|1|431|B|1|0|M|699|26|3|98|E1301|24|0|0|0|0|0|0|0|0|0|0|0|0|0|0|0|0|0|0|0|0|0||||||||
13|1|467|C|1|0|U|637|28|4|98|E1301|39|111|7|24|15|0|68|10|0|13|58|0|3|0|0|0|2|8|319|213|28|68|2024|4|25|14|7|8|4|N
13|1|470|C|1|0|M|730|28|4|98|E1301|41|0|0|0|0|0|0|0|0|0|0|0|0|0|0|0|0|0|0|0|0|0||||||||
13|1|477|B|1|0|M|587|28|4|98|E1301|31|0|0|0|0|0|0|0|0|0|0|0|0|0|0|0|0|0|0|0|0|0||||||||
13|1|484|C|1|0|R|650|28|4|98|E1301|52|47|0|5|1|94|149|1|0|0|0|0|0|0|0|0|3|6|306|52|96|149|2024|4|25|15|37|47|1|N
13|1|499|B|1|0|R|727|28|4|98|E1301|61|0|0|0|0|0|0|0|0|0|0|0|0|0|0|0|0|0|0|0|0|0||||||||
13|1|660|E|2|0|R|267|35|3|98|E1301|80|0|0|0|0|0|0|0|0|0|0|0|0|0|0|0|0|0|0|0|0|0||||||||
13|1|765|C|1|0|M|603|42|2|98|E1301|82|116|9|2|3|0|183|66|0|0|0|0|18|0|0|0|3|4|404|127|87|183|2024|4|25|15|41|18|1|N
13|1|765|C|2|0|M|603|42|2|98|E1301|82|0|0|0|0|0|0|0|0|0|0|0|0|0|0|0|0|0|0|0|0|0||||||||
13|1|774|B|1|0|R|144|42|2|98|E1301|85|0|0|0|0|0|0|0|0|0|0|0|0|0|0|0|0|0|0|0|0|0||||||||
13|1|1048|B|1|0|R|724|53|4|98|E1301|90|0|0|0|0|0|0|0|0|0|0|0|0|0|0|0|0|0|0|0|0|0|2024|4|25|15|59|44|1|N
13|1|1058|B|1|0|R|325|53|4|98|E1301|95|0|0|0|0|0|0|0|0|0|0|0|0|0|0|0|0|0|0|0|0|0||||||||
13|1|1060|C|2|0|U|602|53|4|98|E1301|96|0|0|0|0|0|0|0|0|0|0|0|0|0|0|0|0|0|0|0|0|0|2024|4|25|15|54|59|1|N
13|1|1407|B|1|0|R|433|72|3|98|E1301|120|0|0|0|0|0|0|0|0|0|0|0|0|0|0|0|0|0|0|0|0|0||||||||
13|1|1415|B|1|0|R|677|72|3|98|E1301|125|0|0|0|0|0|0|0|0|0|0|0|0|0|0|0|0|0|0|0|0|0||||||||
13|1|1566|B|1|0|R|453|78|3|98|E1301|132|0|0|0|0|0|0|0|0|0|0|0|0|0|0|0|0|0|0|0|0|0||||||||
13|1|1596|E|1|0|R|237|80|3|98|E1301|145|0|0|0|0|0|0|0|0|0|0|0|0|0|0|0|0|0|0|0|0|0||||||||
13|1|1603|C|2|0|U|528|81|2|98|E1301|153|0|0|0|0|0|0|0|0|0|0|0|0|0|0|0|0|0|0|0|0|0||||||||
13|1|1608|C|3|0|U|698|81|2|98|E1301|158|0|0|0|0|0|0|0|0|0|0|0|0|0|0|0|0|0|0|0|0|0||||||||
13|2|96|B|1|0|R|509|6|1|99|E1302|7|0|0|0|0|0|0|0|0|0|0|0|0|0|0|0|0|0|0|0|0|0||||||||
13|2|101|C|1|0|R|528|6|1|99|E1302|4|0|0|0|0|0|0|0|0|0|0|0|0|0|0|0|0|0|0|0|0|0||||||||
13|2|241|B|1|0|R|481|14|5|99|E1302|13|0|0|0|0|0|0|0|0|0|0|0|0|0|0|0|0|0|0|0|0|0||||||||
13|2|256|B|1|0|R|439|14|5|99|E1302|8|0|0|0|0|0|0|0|0|0|0|0|0|0|0|0|0|0|0|0|0|0||||||||
13|2|292|B|1|0|M|579|17|1|99|E1302|20|0|0|0|0|0|0|0|0|0|0|0|0|0|0|0|0|0|0|0|0|0||||||||
13|2|300|B|1|0|R|378|17|1|99|E1302|19|0|0|0|0|0|0|0|0|0|0|0|0|0|0|0|0|0|0|0|0|0||||||||
13|2|320|C|1|0|R|585|18|5|99|E1302|26|0|0|0|0|0|0|0|0|0|0|0|0|0|0|0|0|0|0|0|0|0||||||||
13|2|329|C|2|0|U|658|18|5|99|E1302|24|12|6|1|1|0|82|27|0|0|1|0|15|18|0|0|4|10|177|20|61|82|2024|4|25|15|27|5|4|N
13|2|554|B|1|0|U|683|30|5|99|E1302|58|63|2|15|0|0|118|69|0|3|19|0|16|0|0|0|0|7|312|102|85|118|2024|4|25|12|25|20|4|N
13|2|586|E|1|0|R|365|30|5|99|E1302|50|0|0|0|0|0|0|0|0|0|0|0|0|0|0|0|0|0|0|0|0|0||||||||
13|2|587|B|1|0|R|679|30|5|99|E1302|50|0|0|0|0|0|0|0|0|0|0|0|0|0|0|0|0|0|0|0|0|0||||||||
13|2|593|E|1|0|R|437|30|5|99|E1302|51|0|0|0|0|0|0|0|0|0|0|0|0|0|0|0|0|0|0|0|0|0||||||||
13|2|596|C|2|0|R|552|30|5|99|E1302|48|0|0|0|0|0|0|0|0|0|0|0|0|0|0|0|0|0|0|0|0|0||||||||
13|2|604|B|1|0|R|116|30|5|99|E1302|57|0|0|0|0|0|0|0|0|0|0|0|0|0|0|0|0|0|0|0|0|0||||||||
13|2|650|B|1|0|R|654|34|1|99|E1302|70|0|0|0|0|0|0|0|0|0|0|0|0|0|0|0|0|0|0|0|0|0||||||||
13|2|656|B|1|0|R|420|34|1|99|E1302|68|0|0|0|0|0|0|0|0|0|0|0|0|0|0|0|0|0|0|0|0|0||||||||
13|2|747|B|1|0|U|654|41|7|99|E1302|74|0|0|0|0|0|0|0|0|0|0|0|0|0|0|0|0|0|0|0|0|0|2024|4|25|16|9|40|1|N
13|2|747|C|1|0|U|653|41|7|99|E1302|74|0|0|0|0|0|0|0|0|0|0|0|0|0|0|0|0|0|0|0|0|0||||||||
13|2|756|B|1|0|R|602|41|7|99|E1302|82|0|0|0|0|0|0|0|0|0|0|0|0|0|0|0|0|0|0|0|0|0||||||||
13|2|783|B|1|0|R|145|43|1|99|E1302|157|0|0|0|0|0|0|0|0|0|0|0|0|0|0|0|0|0|0|0|0|0|2024|4|25|16|10|40|1|N
13|2|976|B|1|0|R|471|48|1|99|E1302|101|23|6|6|1|9|185|4|0|2|0|0|0|0|0|0|1|7|244|37|14|185|2024|4|25|15|29|33|1|N
13|2|991|C|1|0|M|715|49|7|99|E1302|108|119|5|3|17|0|196|1|0|0|1|0|10|0|0|0|0|1|353|128|28|196|2024|4|25|15|32|53|1|N
13|2|1079|B|1|0|R|617|54|5|99|E1302|116|0|0|0|0|0|0|0|0|0|0|0|0|0|0|0|0|0|0|0|0|0||||||||
13|2|1087|C|1|0|M|627|54|5|99|E1302|121|10|0|9|0|0|196|10|0|0|0|0|0|0|0|0|2|8|235|19|10|196|2024|4|25|15|42|7|1|N
13|2|1088|E|1|1|R|412|54|5|99|E1302|119|9|10|8|28|0|195|5|0|0|2|0|5|6|0|0|5|1|274|29|44|195|2024|4|25|15|42|41|1|N
13|2|1096|B|1|0|R|418|55|5|99|E1302|124|29|31|1|0|0|33|26|0|5|0|0|0|0|0|0|1|3|129|66|26|33|2024|4|25|15|45|29|1|N
13|2|1145|B|1|0|R|443|58|1|99|E1302|134|0|0|0|0|0|0|0|0|0|0|0|0|0|0|0|0|0|0|0|0|0||||||||
13|2|1147|B|1|0|R|412|58|1|99|E1302|135|0|0|0|0|0|0|0|0|0|0|0|0|0|0|0|0|0|0|0|0|0|2024|4|25|15|56|12|1|N
13|2|1174|C|1|0|R|693|59|6|99|E1302|142|0|0|0|0|0|0|0|0|0|0|0|0|0|0|0|0|0|0|0|0|0|2024|4|25|15|59|45|1|N
13|2|1673|B|1|0|R|162|84|1|99|E1302|162|0|0|0|0|0|0|0|0|0|0|0|0|0|0|0|0|0|0|0|0|0||||||||
13|2|1864|C|1|0|R|581|30|5|99|E1302|49|0|0|0|0|0|0|0|0|0|0|0|0|0|0|0|0|0|0|0|0|0||||||||
13|3|44|B|1|0|U|564|3|8|100|E1303|16|0|0|0|0|0|0|0|0|0|0|0|0|0|0|0|0|0|0|0|0|0||||||||
13|3|201|C|1|0|R|705|11|2|100|E1303|36|0|0|0|0|0|0|0|0|0|0|0|0|0|0|0|0|0|0|0|0|0||||||||
13|3|332|C|1|0|M|684|19|8|100|E1303|39|16|5|0|35|10|287|52|0|0|0|0|1|3|0|0|1|8|418|21|101|287|2024|4|25|15|38|9|4|N
13|3|337|B|1|0|R|502|19|8|100|E1303|37|0|0|0|0|0|0|0|0|0|0|0|0|0|0|0|0|0|0|0|0|0||||||||
13|3|364|B|1|0|R|644|22|10|100|E1303|46|0|0|0|0|0|0|0|0|0|0|0|0|0|0|0|0|0|0|0|0|0||||||||
13|3|367|B|1|0|R|512|22|10|100|E1303|46|0|0|0|0|0|0|0|0|0|0|0|0|0|0|0|0|0|0|0|0|0||||||||
13|3|394|B|1|0|R|275|24|9|100|E1303|48|0|0|0|0|0|0|0|0|0|0|0|0|0|0|0|0|0|0|0|0|0||||||||
13|3|396|C|1|0|R|383|24|9|100|E1303|51|0|0|0|0|0|0|0|0|0|0|0|0|0|0|0|0|0|0|0|0|0||||||||
13|3|676|B|1|0|R|551|37|2|100|E1303|61|0|0|0|0|0|0|0|0|0|0|0|0|0|0|0|0|0|0|0|0|0||||||||
13|3|681|C|1|0|R|500|37|2|100|E1303|56|0|0|0|0|0|0|0|0|0|0|0|0|0|0|0|0|0|0|0|0|0||||||||
13|3|710|B|1|0|R|605|38|8|100|E1303|66|0|0|0|0|0|0|0|0|0|0|0|0|0|0|0|0|0|0|0|0|0||||||||
13|3|716|C|1|0|M|544|39|10|100|E1303|69|0|0|0|0|0|0|0|0|0|0|0|0|0|0|0|0|0|0|0|0|0||||||||
13|3|731|E|3|3|M|691|40|17|100|E1303|85|0|0|0|0|0|0|0|0|0|0|0|0|0|0|0|0|0|0|0|0|0||||||||
13|3|737|E|2|2|M|738|40|17|100|E1303|96|0|0|0|0|0|0|0|0|0|0|0|0|0|0|0|0|0|0|0|0|0||||||||
13|3|741|C|1|0|R|694|40|17|100|E1303|100|0|0|0|0|0|0|0|0|0|0|0|0|0|0|0|0|0|0|0|0|0||||||||
13|3|741|E|1|0|R|658|40|17|100|E1303|101|0|0|0|0|0|0|0|0|0|0|0|0|0|0|0|0|0|0|0|0|0||||||||
13|3|994|B|1|0|M|575|50|2|100|E1303|141|0|0|0|0|0|0|0|0|0|0|0|0|0|0|0|0|0|0|0|0|0||||||||
13|3|1124|B|1|0|R|423|57|10|100|E1303|146|0|0|0|0|0|0|0|0|0|0|0|0|0|0|0|0|0|0|0|0|0||||||||
13|3|1711|C|1|0|U|399|40|17|100|E1303|90|0|0|0|0|0|0|0|0|0|0|0|0|0|0|0|0|0|0|0|0|0||||||||
13|3|1725|B|1|0|U|741|40|12|100|E1303|109|0|0|0|0|0|0|0|0|0|0|0|0|0|0|0|0|0|0|0|0|0||||||||
13|3|1733|B|1|0|U|379|40|12|100|E1303|110|0|0|0|0|0|0|0|0|0|0|0|0|0|0|0|0|0|0|0|0|0||||||||
13|3|1736|B|1|0|U|393|40|12|100|E1303|108|0|0|0|0|0|0|0|0|0|0|0|0|0|0|0|0|0|0|0|0|0||||||||
13|3|1740|B|1|0|U|717|40|12|100|E1303|104|0|40|7|36|15|282|9|0|0|29|0|18|0|0|0|3|8|447|76|78|282|2024|4|25|15|33|24|4|N
13|3|1748|B|1|0|U|464|40|17|100|E1303|105|52|6|7|1|1|218|56|0|0|0|0|12|0|0|0|4|0|357|65|70|218|2024|4|25|14|23|51|4|N
13|3|1752|B|1|0|U|712|40|17|100|E1303|122|0|0|0|0|0|0|0|0|0|0|0|0|0|0|0|0|0|0|0|0|0||||||||
13|3|1854|C|2|0|M|638|40|17|100|E1303|133|0|0|0|0|0|0|0|0|0|0|0|0|0|0|0|0|0|0|0|0|0||||||||
13|3|1869|C|4|0|M|620|40|17|100|E1303|79|0|0|0|0|0|0|0|0|0|0|0|0|0|0|0|0|0|0|0|0|0||||||||
13|4|10|B|1|0|R|662|1|9|101|E1304|1|65|5|52|0|32|188|14|0|33|2|0|3|0|0|0|3|7|404|157|49|188|2024|4|25|14|9|18|1|N
13|4|13|B|1|0|U|585|2|9|101|E1304|12|0|0|0|0|0|0|0|0|0|0|0|0|0|0|0|0|0|0|0|0|0||||||||
13|4|13|C|2|0|U|584|2|9|101|E1304|12|0|0|0|0|0|0|0|0|0|0|0|0|0|0|0|0|0|0|0|0|0||||||||
13|4|262|C|2|0|M|697|15|18|101|E1304|33|0|0|0|0|0|0|0|0|0|0|0|0|0|0|0|0|0|0|0|0|0||||||||
13|4|264|B|1|0|R|627|15|18|101|E1304|31|0|0|0|0|0|0|0|0|0|0|0|0|0|0|0|0|0|0|0|0|0||||||||
13|4|266|B|1|0|R|668|15|18|101|E1304|30|0|0|0|0|0|0|0|0|0|0|0|0|0|0|0|0|0|0|0|0|0||||||||
13|4|446|B|1|0|R|616|27|9|101|E1304|44|0|0|0|0|0|0|0|0|0|0|0|0|0|0|0|0|0|0|0|0|0||||||||
13|4|670|C|1|0|R|454|36|9|101|E1304|50|0|0|0|0|0|0|0|0|0|0|0|0|0|0|0|0|0|0|0|0|0||||||||
13|4|1036|E|1|0|R|193|52|9|101|E1304|59|0|0|0|0|0|0|0|0|0|0|0|0|0|0|0|0|0|0|0|0|0||||||||
13|4|1039|B|1|0|R|624|52|9|101|E1304|63|0|0|0|0|0|0|0|0|0|0|0|0|0|0|0|0|0|0|0|0|0||||||||
13|4|1110|C|4|0|M|744|56|10|101|E1304|72|84|0|5|17|0|345|0|0|0|0|0|3|2|0|0|0|11|467|89|22|345|2024|4|25|15|47|55|1|N
13|4|1116|E|2|4|M|648|56|10|101|E1304|68|0|0|0|0|0|0|0|0|0|0|0|0|0|0|0|0|0|0|0|0|0||||||||
13|4|1503|C|1|0|U|648|76|11|101|E1304|88|8|20|1|12|22|297|96|0|12|7|0|0|0|0|0|5|5|485|48|130|297|2024|4|25|15|50|45|4|N
13|4|1505|B|1|0|U|744|76|11|101|E1304|121|0|0|0|0|0|0|0|0|0|0|0|0|0|0|0|0|0|0|0|0|0||||||||
13|4|1505|C|2|0|U|743|76|11|101|E1304|121|0|0|0|0|0|0|0|0|0|0|0|0|0|0|0|0|0|0|0|0|0||||||||
13|4|1508|C|1|0|U|682|76|11|101|E1304|124|0|0|0|0|0|0|0|0|0|0|0|0|0|0|0|0|0|0|0|0|0||||||||
13|4|1515|C|2|0|U|588|76|11|101|E1304|109|0|0|0|0|0|0|0|0|0|0|0|0|0|0|0|0|0|0|0|0|0||||||||
13|4|1519|B|1|0|U|406|76|11|101|E1304|125|0|0|0|0|0|0|0|0|0|0|0|0|0|0|0|0|0|0|0|0|0||||||||
13|4|1520|B|1|0|U|593|76|11|101|E1304|126|8|0|17|2|0|261|67|0|0|6|0|4|22|0|0|4|11|402|31|95|261|2024|4|25|14|8|33|4|N
13|4|1528|C|1|0|M|727|76|11|101|E1304|97|0|0|0|0|0|0|0|0|0|0|0|0|0|0|0|0|0|0|0|0|0||||||||
13|4|1539|C|3|0|M|659|76|11|101|E1304|99|0|0|0|0|0|0|0|0|0|0|0|0|0|0|0|0|0|0|0|0|0||||||||
13|4|1548|B|1|0|U|726|76|11|101|E1304|132|0|0|0|0|0|0|0|0|0|0|0|0|0|0|0|0|0|0|0|0|0||||||||
13|4|1554|C|8|0|M|681|76|11|101|E1304|137|0|0|0|0|0|0|0|0|0|0|0|0|0|0|0|0|0|0|0|0|0||||||||
13|4|1867|B|1|0|U|474|76|11|101|E1304|128|58|17|1|3|0|91|57|0|1|2|0|4|0|0|0|3|0|237|79|64|91|2024|4|25|14|9|22|4|N
13|5|154|B|1|0|U|724|9|7|102|E1305|3|53|2|12|57|0|120|15|0|10|19|0|0|0|0|0|4|12|304|96|72|120|2024|4|25|15|33|47|1|N
13|5|154|C|1|0|U|724|9|7|102|E1305|3|44|0|22|0|0|263|6|0|0|0|0|1|46|0|0|5|0|387|66|53|263|2024|4|25|15|36|31|1|N
13|5|211|C|2|0|R|518|12|15|102|E1305|14|32|52|1|0|0|99|71|0|0|14|0|0|0|0|0|5|11|285|99|71|99|2024|4|25|15|14|3|1|N
13|5|510|C|3|0|M|572|29|6|102|E1305|32|0|0|0|0|0|0|0|0|0|0|0|0|0|0|0|0|0|0|0|0|0||||||||
13|5|531|C|1|0|M|687|29|6|102|E1305|43|0|0|0|0|0|0|0|0|0|0|0|0|0|0|0|0|0|0|0|0|0||||||||
13|5|544|C|1|0|M|612|29|6|102|E1305|47|0|0|0|0|0|0|0|0|0|0|0|0|0|0|0|0|0|0|0|0|0||||||||
13|5|811|C|1|0|R|388|44|6|102|E1305|50|12|0|16|0|7|104|16|0|1|7|0|2|0|0|0|4|2|171|36|25|104|2024|4|25|15|49|4|1|N
13|5|1267|C|2|0|U|658|63|15|102|E1305|69|0|0|0|0|0|0|0|0|0|0|0|0|0|0|0|0|0|0|0|0|0||||||||
13|5|1271|B|1|0|U|528|63|15|102|E1305|73|0|0|0|0|0|0|0|0|0|0|0|0|0|0|0|0|0|0|0|0|0||||||||
13|5|1289|C|2|0|R|549|63|15|102|E1305|77|0|0|0|0|0|0|0|0|0|0|0|0|0|0|0|0|0|0|0|0|0||||||||
13|5|1302|C|1|0|R|740|64|6|102|E1305|85|0|0|0|0|0|0|0|0|0|0|0|0|0|0|0|0|0|0|0|0|0||||||||
13|5|1316|C|1|0|U|657|66|6|102|E1305|98|115|36|9|22|0|126|138|0|0|5|0|3|0|0|0|2|4|460|165|163|126|2024|4|25|14|17|14|1|N
13|5|1327|B|1|0|U|604|66|6|102|E1305|88|0|0|0|0|0|0|0|0|0|0|0|0|0|0|0|0|0|0|0|0|0||||||||
13|5|1429|C|1|0|U|652|73|14|102|E1305|109|0|0|0|0|0|0|0|0|0|0|0|0|0|0|0|0|0|0|0|0|0||||||||
13|5|1431|C|2|0|M|690|73|14|102|E1305|104|27|3|51|8|0|212|17|0|0|0|0|127|42|0|0|5|5|497|81|194|212|2024|4|25|15|46|42|1|N
13|5|1435|C|2|0|U|556|73|14|102|E1305|107|0|0|0|0|0|0|0|0|0|0|0|0|0|0|0|0|0|0|0|0|0|2024|4|25|16|9|6|1|N
13|5|1436|C|1|0|U|686|73|14|102|E1305|108|0|0|0|0|0|0|0|0|0|0|0|0|0|0|0|0|0|0|0|0|0||||||||
13|5|1459|B|1|0|U|732|75|14|102|E1305|120|46|0|6|6|6|457|35|0|76|0|0|0|0|0|0|2|5|639|128|47|457|2024|4|25|15|14|33|4|N
13|5|1460|C|1|0|U|673|75|14|102|E1305|121|0|0|0|0|0|0|0|0|0|0|0|0|0|0|0|0|0|0|0|0|0|2024|4|25|15|57|53|1|N
13|5|1470|B|1|0|R|307|75|14|102|E1305|128|0|0|0|0|0|0|0|0|0|0|0|0|0|0|0|0|0|0|0|0|0||||||||
13|5|1477|C|3|0|U|629|75|14|102|E1305|136|0|0|0|0|0|0|0|0|0|0|0|0|0|0|0|0|0|0|0|0|0||||||||
13|5|1484|C|2|0|M|502|75|14|102|E1305|122|0|0|0|0|0|0|0|0|0|0|0|0|0|0|0|0|0|0|0|0|0|2024|4|25|16|11|42|1|N
13|5|1488|C|1|0|U|664|75|14|102|E1305|125|0|0|0|0|0|0|0|0|0|0|0|0|0|0|0|0|0|0|0|0|0||||||||
13|5|1490|B|1|0|M|216|75|14|102|E1305|138|0|0|0|0|0|0|0|0|0|0|0|0|0|0|0|0|0|0|0|0|0||||||||
13|5|1499|B|1|0|R|381|75|14|102|E1305|146|0|0|0|0|0|0|0|0|0|0|0|0|0|0|0|0|0|0|0|0|0||||||||
13|5|1824|C|1|0|U|623|12|15|102|E1305|23|0|0|0|0|0|0|0|0|0|0|0|0|0|0|0|0|0|0|0|0|0||||||||
13|6|381|C|1|0|R|715|23|7|103|E1306|132|131|1|167|8|0|135|98|0|0|3|0|8|0|0|0|4|1|556|302|114|135|2024|4|25|15|13|29|4|N
13|6|383|B|1|0|R|635|23|7|103|E1306|137|26|0|0|0|0|309|34|0|11|0|0|0|0|0|0|4|2|386|37|34|309|2024|4|25|15|10|30|1|N
13|6|385|C|3|0|M|723|23|7|103|E1306|135|11|3|12|27|0|363|1|0|0|5|0|0|0|0|0|5|7|434|31|28|363|2024|4|25|15|10|14|1|N
13|6|852|C|5|0|M|720|47|13|103|E1306|36|0|0|0|0|0|0|0|0|0|0|0|0|0|0|0|0|0|0|0|0|0|2024|4|25|16|2|13|4|N
13|6|852|E|2|3|M|620|47|13|103|E1306|39|0|0|0|0|0|0|0|0|0|0|0|0|0|0|0|0|0|0|0|0|0||||||||
13|6|872|B|1|0|U|462|47|13|103|E1306|14|15|0|78|2|1|112|28|0|0|0|0|0|0|1|0|1|0|238|93|32|112|2024|4|25|15|9|22|4|N
13|6|875|B|1|0|U|698|47|13|103|E1306|33|0|0|0|0|0|0|0|0|0|0|0|0|0|0|0|0|0|0|0|0|0||||||||
13|6|879|B|1|0|U|648|47|13|103|E1306|44|21|14|1|3|1|202|38|0|0|0|0|1|0|0|0|0|1|282|36|43|202|2024|4|25|15|46|56|4|N
13|6|885|C|1|0|U|532|47|13|103|E1306|49|0|0|0|0|0|0|0|0|0|0|0|0|0|0|0|0|0|0|0|0|0|2024|4|25|16|11|10|1|N
13|6|905|B|1|0|U|537|47|13|103|E1306|24|25|1|18|16|0|133|27|0|0|54|0|4|22|0|0|0|7|307|98|69|133|2024|4|25|14|6|3|4|N
13|6|915|C|1|0|U|702|47|12|103|E1306|46|153|6|6|0|0|92|54|0|0|0|0|24|0|0|0|1|1|337|165|78|92|2024|4|25|15|12|53|4|N
13|6|933|C|1|0|U|616|47|13|103|E1306|67|0|0|0|0|0|0|0|0|0|0|0|0|0|0|0|0|0|0|0|0|0||||||||
13|6|944|B|1|0|U|654|47|12|103|E1306|82|0|0|0|0|0|0|0|0|0|0|0|0|0|0|0|0|0|0|0|0|0||||||||
13|6|951|C|1|0|U|641|47|12|103|E1306|80|8|135|56|22|2|184|30|0|1|0|1|0|0|0|0|0|9|448|201|54|184|2024|4|25|15|19|47|4|N
13|6|951|C|4|0|U|640|47|12|103|E1306|80|2|0|30|13|39|142|52|0|0|19|0|13|0|0|0|3|12|325|51|117|142|2024|4|25|15|19|48|4|N
13|6|1016|C|1|0|M|596|51|8|103|E1306|100|0|0|0|0|0|0|0|0|0|0|0|0|0|0|0|0|0|0|0|0|0||||||||
13|6|1016|C|2|0|M|596|51|8|103|E1306|100|65|0|9|1|0|136|21|0|0|4|0|0|0|0|0|5|3|244|78|22|136|2024|4|25|15|36|9|1|N
13|6|1019|B|1|0|R|442|51|8|103|E1306|110|0|0|0|0|0|0|0|0|0|0|0|0|0|0|0|0|0|0|0|0|0||||||||
13|6|1021|C|1|0|U|680|51|8|103|E1306|108|29|0|0|2|0|98|163|0|0|3|0|10|0|0|0|0|5|310|32|175|98|2024|4|25|15|17|30|4|N
13|6|1307|B|1|0|U|504|65|7|103|E1306|112|48|2|26|0|10|153|31|0|0|0|0|10|12|0|0|5|0|297|76|63|153|2024|4|25|15|35|40|1|N
13|6|1308|B|1|0|R|600|65|7|103|E1306|115|44|2|6|0|0|117|9|0|0|0|0|7|81|0|0|5|0|271|52|97|117|2024|4|25|15|24|15|4|N
13|6|1371|B|1|0|U|735|69|14|103|E1306|119|90|1|64|0|3|365|3|0|0|0|0|0|0|0|0|4|2|532|155|6|365|2024|4|25|15|46|59|4|N
13|6|1377|B|1|0|R|584|69|14|103|E1306|118|0|0|0|0|0|0|0|0|0|0|0|0|0|0|0|0|0|0|0|0|0|2024|4|25|16|0|30|1|N
13|6|1795|C|1|0|U|720|47|13|103|E1306|69|0|0|0|0|0|0|0|0|0|0|0|0|0|0|0|0|0|0|0|0|0||||||||
13|6|1800|C|1|0|R|592|47|12|103|E1306|58|65|0|4|9|2|157|91|0|2|0|0|0|0|0|0|4|8|342|71|102|157|2024|4|25|15|49|50|4|N
13|7|127|C|3|0|M|637|8|18|104|E1307|7|0|0|0|0|0|0|0|0|0|0|0|0|0|0|0|0|0|0|0|0|0||||||||
13|7|127|C|4|0|M|637|8|18|104|E1307|7|0|0|0|0|0|0|0|0|0|0|0|0|0|0|0|0|0|0|0|0|0||||||||
13|7|137|B|1|0|M|594|8|18|104|E1307|14|0|0|0|0|0|0|0|0|0|0|0|0|0|0|0|0|0|0|0|0|0||||||||
13|7|140|B|1|0|R|260|8|18|104|E1307|15|0|0|0|0|0|0|0|0|0|0|0|0|0|0|0|0|0|0|0|0|0|2024|4|25|15|55|57|1|N
13|7|354|B|1|0|M|534|21|18|104|E1307|24|0|0|0|0|0|0|0|0|0|0|0|0|0|0|0|0|0|0|0|0|0||||||||
13|7|357|C|1|0|R|507|21|18|104|E1307|21|0|0|0|0|0|0|0|0|0|0|0|0|0|0|0|0|0|0|0|0|0||||||||
13|7|1191|B|1|0|M|575|61|18|104|E1307|26|0|0|0|0|0|0|0|0|0|0|0|0|0|0|0|0|0|0|0|0|0|2024|4|25|16|1|7|1|N
13|7|1212|C|1|0|U|624|61|18|104|E1307|37|0|0|0|0|0|0|0|0|0|0|0|0|0|0|0|0|0|0|0|0|0||||||||
13|7|1356|B|1|0|U|680|68|16|104|E1307|54|0|0|0|0|0|0|0|0|0|0|0|0|0|0|0|0|0|0|0|0|0||||||||
13|7|1357|C|1|0|M|675|68|16|104|E1307|55|0|0|0|0|0|0|0|0|0|0|0|0|0|0|0|0|0|0|0|0|0||||||||
13|7|1359|B|1|0|U|474|68|16|104|E1307|59|64|0|8|2|0|72|0|0|0|0|0|8|0|0|0|2|10|166|72|10|72|2024|4|25|15|33|24|4|N
13|7|1366|C|3|0|M|680|68|16|104|E1307|72|119|1|1|0|102|100|93|0|0|1|0|2|35|0|0|5|3|462|122|232|100|2024|4|25|15|45|30|1|N
13|7|1396|B|1|0|U|593|71|10|104|E1307|96|43|0|0|0|0|146|42|0|0|2|0|0|29|0|0|1|11|274|45|71|146|2024|4|25|15|35|22|4|N
13|7|1399|B|1|0|U|591|71|10|104|E1307|98|0|0|0|0|0|0|0|0|0|0|0|0|0|0|0|0|0|0|0|0|0||||||||
13|7|1556|C|1|0|M|636|77|10|104|E1307|106|0|0|0|0|0|0|0|0|0|0|0|0|0|0|0|0|0|0|0|0|0||||||||
13|7|1561|C|1|0|R|571|77|10|104|E1307|109|37|1|57|1|0|108|75|0|0|0|0|3|0|0|0|0|11|293|95|79|108|2024|4|25|15|39|27|4|N
13|7|1622|C|2|0|U|567|82|8|104|E1307|113|0|0|0|0|0|0|0|0|0|0|0|0|0|0|0|0|0|0|0|0|0||||||||
13|7|1630|E|1|1|M|582|83|10|104|E1307|125|63|1|16|4|9|104|3|0|0|0|0|13|0|0|0|5|8|226|80|29|104|2024|4|25|15|48|50|4|N
13|7|1630|E|2|2|M|661|83|10|104|E1307|126|87|14|4|0|7|226|35|0|20|20|0|0|0|0|0|4|7|424|145|42|226|2024|4|25|15|40|12|4|N
13|7|1773|B|1|0|U|663|68|16|104|E1307|79|0|0|0|0|0|0|0|0|0|0|0|0|0|0|0|0|0|0|0|0|0||||||||
13|7|1787|B|1|0|U|533|68|16|104|E1307|86|66|0|18|2|0|138|32|0|0|0|0|5|30|0|0|4|0|295|84|69|138|2024|4|25|15|23|57|2|N
13|7|1811|B|1|0|R|590|68|16|104|E1307|93|0|0|0|0|0|0|0|0|0|0|0|0|0|0|0|0|0|0|0|0|0|2024|4|25|16|0|53|1|N
13|7|1814|C|1|0|R|660|68|16|104|E1307|94|0|0|0|0|0|0|0|0|0|0|0|0|0|0|0|0|0|0|0|0|0||||||||
13|7|1817|C|1|0|R|545|68|16|104|E1307|95|0|0|0|0|0|0|0|0|0|0|0|0|0|0|0|0|0|0|0|0|0||||||||
14|1|24|C|3|0|M|593|3|1|105|E1401|121|0|0|0|0|0|0|0|0|0|0|0|0|0|0|0|0|0|0|0|0|0||||||||
14|1|43|C|3|0|U|722|5|1|105|E1401|66|0|0|0|0|0|0|0|0|0|0|0|0|0|0|0|0|0|0|0|0|0||||||||
14|1|48|C|2|0|U|718|6|1|105|E1401|106|0|0|0|0|0|0|0|0|0|0|0|0|0|0|0|0|0|0|0|0|0||||||||
14|1|76|B|1|0|R|554|6|1|105|E1401|94|183|4|12|0|0|37|23|0|0|0|0|0|4|0|2|4|6|275|199|29|37|2024|4|25|15|42|16|1|N
14|1|77|B|1|0|R|516|6|1|105|E1401|105|0|0|0|0|0|0|0|0|0|0|0|0|0|0|0|0|0|0|0|0|0|2024|4|25|16|14|17|1|N
14|1|139|B|1|0|M|659|9|1|105|E1401|69|0|0|0|0|0|0|0|0|0|0|0|0|0|0|0|0|0|0|0|0|0||||||||
14|1|418|B|1|0|U|544|26|1|105|E1401|27|0|0|0|0|0|0|0|0|0|0|0|0|0|0|0|0|0|0|0|0|0||||||||
14|1|1563|B|1|0|M|529|43|1|105|E1401|19|0|0|0|0|0|0|0|0|0|0|0|0|0|0|0|0|0|0|0|0|0||||||||
14|1|1567|B|1|0|M|615|44|1|105|E1401|3|0|0|0|0|0|0|0|0|0|0|0|0|0|0|0|0|0|0|0|0|0||||||||
14|1|1784|C|2|0|U|701|57|1|105|E1401|80|0|0|0|0|0|0|0|0|0|0|0|0|0|0|0|0|0|0|0|0|0||||||||
14|1|1837|E|1|0|R|734|63|1|105|E1401|14|0|0|0|0|0|0|0|0|0|0|0|0|0|0|0|0|0|0|0|0|0||||||||
14|1|2108|C|1|0|M|588|77|1|105|E1401|82|0|0|0|0|0|0|0|0|0|0|0|0|0|0|0|0|0|0|0|0|0||||||||
14|1|2194|C|1|0|U|631|84|1|105|E1401|155|0|0|0|0|0|0|0|0|0|0|0|0|0|0|0|0|0|0|0|0|0||||||||
14|1|2201|B|1|0|U|535|84|1|105|E1401|134|0|0|0|0|0|0|0|0|0|0|0|0|0|0|0|0|0|0|0|0|0||||||||
14|1|2210|B|1|0|M|709|84|1|105|E1401|131|0|0|0|0|0|0|0|0|0|0|0|0|0|0|0|0|0|0|0|0|0||||||||
14|1|2401|C|1|0|U|600|95|1|105|E1401|62|0|0|0|0|0|0|0|0|0|0|0|0|0|0|0|0|0|0|0|0|0||||||||
14|1|2412|B|1|0|M|513|95|1|105|E1401|50|0|0|0|0|0|0|0|0|0|0|0|0|0|0|0|0|0|0|0|0|0||||||||
14|1|2415|C|1|0|R|457|95|1|105|E1401|52|0|0|0|0|0|0|0|0|0|0|0|0|0|0|0|0|0|0|0|0|0||||||||
14|1|2746|E|1|0|R|80|105|1|105|E1401|31|0|0|0|0|0|0|0|0|0|0|0|0|0|0|0|0|0|0|0|0|0||||||||
14|1|2747|C|2|0|R|531|105|1|105|E1401|30|0|0|0|0|0|0|0|0|0|0|0|0|0|0|0|0|0|0|0|0|0||||||||
14|1|3746|C|3|0|U|676|84|1|105|E1401|142|0|0|0|0|0|0|0|0|0|0|0|0|0|0|0|0|0|0|0|0|0||||||||
14|1|3747|C|2|0|U|698|84|1|105|E1401|141|0|0|0|0|0|0|0|0|0|0|0|0|0|0|0|0|0|0|0|0|0||||||||
14|1|3750|B|1|0|R|525|84|1|105|E1401|140|0|0|0|0|0|0|0|0|0|0|0|0|0|0|0|0|0|0|0|0|0||||||||
14|1|3878|C|1|0|R|634|63|1|105|E1401|8|0|0|0|0|0|0|0|0|0|0|0|0|0|0|0|0|0|0|0|0|0||||||||
14|2|508|C|1|0|M|659|36|2|106|E1402|2|37|0|126|9|1|179|30|0|1|0|0|0|70|0|51|1|4|509|164|161|179|2024|4|25|14|14|8|1|N
14|2|1703|C|2|0|U|716|55|2|106|E1402|20|0|0|0|0|0|0|0|0|0|0|0|0|0|0|0|0|0|0|0|0|0||||||||
14|2|1712|C|1|0|U|445|55|2|106|E1402|28|47|10|40|1|0|130|43|0|0|0|0|0|5|3|15|2|2|298|97|67|130|2024|4|25|14|10|52|4|N
14|2|1737|C|4|0|M|698|55|2|106|E1402|41|0|0|0|0|0|0|0|0|0|0|0|0|0|0|0|0|0|0|0|0|0||||||||
14|2|1745|B|1|0|R|531|55|2|106|E1402|50|0|0|0|0|0|0|0|0|0|0|0|0|0|0|0|0|0|0|0|0|0||||||||
14|2|1754|C|1|0|R|656|55|2|106|E1402|53|0|0|0|0|0|0|0|0|0|0|0|0|0|0|0|0|0|0|0|0|0||||||||
14|2|1767|B|1|0|R|679|55|2|106|E1402|60|163|41|6|14|0|97|12|0|0|0|0|0|19|0|6|1|9|368|210|51|97|2024|4|25|15|28|27|1|N
14|2|1772|C|1|0|M|600|55|2|106|E1402|65|0|0|0|0|0|0|0|0|0|0|0|0|0|0|0|0|0|0|0|0|0||||||||
14|2|1892|B|1|0|U|730|66|2|106|E1402|75|0|0|0|0|0|0|0|0|0|0|0|0|0|0|0|0|0|0|0|0|0|2024|4|25|15|56|21|1|N
14|2|1896|C|1|0|R|437|66|2|106|E1402|74|0|0|0|0|0|0|0|0|0|0|0|0|0|0|0|0|0|0|0|0|0||||||||
14|2|1900|B|1|0|R|615|66|2|106|E1402|81|0|0|0|0|0|0|0|0|0|0|0|0|0|0|0|0|0|0|0|0|0|2024|4|25|16|6|50|1|N
14|2|2074|C|1|0|M|580|75|2|106|E1402|89|0|0|0|0|0|0|0|0|0|0|0|0|0|0|0|0|0|0|0|0|0||||||||
14|2|2074|C|3|0|M|579|75|2|106|E1402|89|0|0|0|0|0|0|0|0|0|0|0|0|0|0|0|0|0|0|0|0|0||||||||
14|2|2076|B|1|0|M|689|75|2|106|E1402|90|0|0|0|0|0|0|0|0|0|0|0|0|0|0|0|0|0|0|0|0|0||||||||
14|2|2094|C|1|0|R|622|75|2|106|E1402|86|0|0|0|0|0|0|0|0|0|0|0|0|0|0|0|0|0|0|0|0|0||||||||
14|2|2309|C|1|0|U|505|92|2|106|E1402|109|0|0|0|0|0|0|0|0|0|0|0|0|0|0|0|0|0|0|0|0|0||||||||
14|2|2319|C|2|0|M|657|92|2|106|E1402|117|0|0|0|0|0|0|0|0|0|0|0|0|0|0|0|0|0|0|0|0|0||||||||
14|2|2794|C|3|0|M|640|110|2|106|E1402|121|0|0|0|0|0|0|0|0|0|0|0|0|0|0|0|0|0|0|0|0|0||||||||
14|2|2795|B|1|0|M|726|110|2|106|E1402|123|0|0|0|0|0|0|0|0|0|0|0|0|0|0|0|0|0|0|0|0|0||||||||
14|2|2796|C|2|0|M|616|110|2|106|E1402|124|0|0|0|0|0|0|0|0|0|0|0|0|0|0|0|0|0|0|0|0|0||||||||
14|2|3650|C|4|0|U|653|75|2|106|E1402|92|0|0|0|0|0|0|0|0|0|0|0|0|0|0|0|0|0|0|0|0|0||||||||
14|2|3651|B|1|0|U|601|75|2|106|E1402|93|0|0|0|0|0|0|0|0|0|0|0|0|0|0|0|0|0|0|0|0|0||||||||
14|2|3667|B|1|0|U|317|75|2|106|E1402|103|0|0|0|0|0|0|0|0|0|0|0|0|0|0|0|0|0|0|0|0|0||||||||
14|2|3696|C|2|0|U|747|55|2|106|E1402|68|0|0|0|0|0|0|0|0|0|0|0|0|0|0|0|0|0|0|0|0|0||||||||
14|3|1612|B|1|0|M|447|47|3|107|E1403|8|0|0|0|0|0|0|0|0|0|0|0|0|0|0|0|0|0|0|0|0|0||||||||
14|3|1824|C|1|0|M|725|62|3|107|E1403|126|0|0|0|0|0|0|0|0|0|0|0|0|0|0|0|0|0|0|0|0|0||||||||
14|3|2346|C|2|0|U|567|94|3|107|E1403|66|57|3|69|0|0|134|52|0|0|0|0|0|15|15|23|2|10|380|129|105|134|2024|4|25|14|17|11|4|N
14|3|2351|C|3|0|M|623|94|3|107|E1403|84|55|3|38|2|0|150|41|0|0|0|0|0|28|0|75|2|2|396|96|146|150|2024|4|25|15|17|27|4|N
14|3|2353|C|3|0|U|615|94|3|107|E1403|93|39|64|70|13|0|127|13|0|16|0|0|0|5|7|89|4|2|449|189|127|127|2024|4|25|15|8|11|4|N
14|3|2354|B|1|0|U|604|94|3|107|E1403|94|9|19|49|0|12|199|52|0|5|0|0|0|40|0|84|4|0|473|82|188|199|2024|4|25|15|2|54|4|N
14|3|2356|C|1|0|U|683|94|3|107|E1403|67|0|0|0|0|0|0|0|0|0|0|0|0|0|0|0|0|0|0|0|0|0||||||||
14|3|2364|C|2|0|M|687|94|3|107|E1403|75|41|0|8|6|0|169|165|0|0|0|0|0|3|0|65|4|0|461|49|239|169|2024|4|25|15|17|10|4|N
14|3|2371|C|1|0|U|728|94|3|107|E1403|112|0|0|0|0|0|0|0|0|0|0|0|0|0|0|0|0|0|0|0|0|0||||||||
14|3|2383|B|1|0|R|736|94|3|107|E1403|95|0|0|0|0|0|0|0|0|0|0|0|0|0|0|0|0|0|0|0|0|0||||||||
14|3|2748|C|2|0|M|702|106|3|107|E1403|46|0|0|0|0|0|0|0|0|0|0|0|0|0|0|0|0|0|0|0|0|0||||||||
14|3|2820|B|1|0|R|456|112|3|107|E1403|117|19|20|9|6|0|193|45|0|0|0|0|21|55|21|6|3|5|403|48|154|193|2024|4|25|15|30|14|1|N
14|3|2856|C|1|0|M|660|117|3|107|E1403|124|4|5|2|2|2|81|3|0|0|3|6|0|6|0|0|0|0|114|20|13|81|2024|4|25|14|15|1|4|N
14|3|2870|B|1|0|U|681|118|3|107|E1403|131|92|11|55|20|0|79|0|0|0|76|0|0|0|7|8|2|4|354|234|35|79|2024|4|25|14|13|53|4|N
14|3|2876|B|1|0|R|365|118|3|107|E1403|129|69|9|27|0|0|135|22|0|2|0|0|0|6|0|23|2|11|306|107|51|135|2024|4|25|15|18|11|1|N
14|3|2878|C|1|0|R|598|118|3|107|E1403|138|28|49|6|21|0|161|91|0|0|0|0|0|14|45|49|4|9|477|83|220|161|2024|4|25|15|36|53|4|N
14|3|2878|C|2|0|R|597|118|3|107|E1403|138|43|1|108|26|0|198|7|0|0|0|0|24|11|3|6|3|11|441|152|77|198|2024|4|25|15|39|20|4|N
14|3|3266|C|2|0|M|567|123|3|107|E1403|54|39|1|86|33|0|171|111|0|10|0|0|0|0|8|19|2|12|492|136|171|171|2024|4|25|14|9|17|4|N
14|3|3269|E|1|0|R|173|123|3|107|E1403|46|0|0|0|0|0|0|0|0|0|0|0|0|0|0|0|0|0|0|0|0|0||||||||
14|3|3278|C|5|0|U|644|124|3|107|E1403|21|0|0|0|0|0|0|0|0|0|0|0|0|0|0|0|0|0|0|0|0|0||||||||
14|3|3289|C|4|0|M|646|124|3|107|E1403|38|111|63|36|3|0|261|62|0|27|1|0|0|0|0|1|4|11|580|238|66|261|2024|4|25|11|11|52|4|N
14|3|3289|C|6|0|M|645|124|3|107|E1403|38|168|0|17|0|8|221|56|0|0|0|0|0|7|0|19|4|7|507|185|90|221|2024|4|25|11|17|30|4|N
14|3|3303|B|1|0|M|721|124|3|107|E1403|31|111|0|5|90|2|258|47|0|32|0|0|0|27|0|38|3|1|614|148|204|258|2024|4|25|15|4|23|4|N
14|3|3303|C|1|0|M|720|124|3|107|E1403|31|94|0|123|38|3|81|56|0|0|0|0|0|34|2|3|2|0|436|217|136|81|2024|4|25|15|4|23|4|N
14|3|3357|B|1|0|R|531|125|3|107|E1403|140|95|29|23|13|0|46|21|0|0|0|0|0|23|10|51|2|2|315|147|118|46|2024|4|25|13|27|54|4|N
14|3|3766|B|1|0|U|633|94|3|107|E1403|102|0|0|0|0|0|0|0|0|0|0|0|0|0|0|0|0|0|0|0|0|0||||||||
14|4|2917|B|1|0|U|654|120|4|108|E1404|120|12|1|83|14|0|91|38|0|5|0|0|0|0|3|52|0|5|304|101|107|91|2024|4|25|15|9|1|4|N
14|4|2919|B|1|0|U|575|120|4|108|E1404|125|48|9|29|8|0|35|11|0|5|0|0|0|14|0|58|0|3|220|91|91|35|2024|4|25|14|17|23|4|N
14|4|2926|C|1|0|U|499|120|4|108|E1404|119|158|20|82|23|0|74|32|0|4|0|0|0|0|3|14|4|10|424|264|72|74|2024|4|25|15|35|0|4|N
14|4|2933|B|1|0|U|618|120|4|108|E1404|110|0|0|0|0|0|0|0|0|0|0|0|0|0|0|0|0|0|0|0|0|0||||||||
14|4|2949|C|5|0|U|649|120|4|108|E1404|99|61|43|56|0|0|98|38|0|0|0|0|0|32|16|22|3|1|370|160|108|98|2024|4|25|14|2|1|4|N
14|4|2951|C|1|0|U|530|120|4|108|E1404|93|0|0|0|0|0|0|0|0|0|0|0|0|0|0|0|0|0|0|0|0|0||||||||
14|4|2962|C|2|0|U|585|120|4|108|E1404|124|0|0|0|0|0|0|0|0|0|0|0|0|0|0|0|0|0|0|0|0|0||||||||
14|4|2973|B|1|0|U|526|120|4|108|E1404|64|58|8|45|0|0|75|2|0|0|0|0|0|42|0|16|1|2|249|111|60|75|2024|4|25|15|49|48|4|N
14|4|2974|C|2|0|U|552|120|4|108|E1404|70|0|0|0|0|0|0|0|0|0|0|0|0|0|0|0|0|0|0|0|0|0||||||||
14|4|2986|C|4|0|U|621|120|4|108|E1404|90|0|0|0|0|0|0|0|0|0|0|0|0|0|0|0|0|0|0|0|0|0||||||||
14|4|2989|C|6|0|U|701|120|4|108|E1404|87|0|0|0|0|0|0|0|0|0|0|0|0|0|0|0|0|0|0|0|0|0||||||||
14|4|2993|B|1|0|U|723|120|4|108|E1404|14|0|0|0|0|0|0|0|0|0|0|0|0|0|0|0|0|0|0|0|0|0||||||||
14|4|2993|C|5|0|U|722|120|4|108|E1404|15|159|23|62|75|2|106|29|0|0|0|0|0|95|9|15|2|8|585|244|225|106|2024|4|25|14|15|52|4|N
14|4|2996|C|1|0|U|623|120|4|108|E1404|91|93|15|25|11|1|57|4|0|2|17|0|0|6|57|49|0|3|340|152|128|57|2024|4|25|15|38|43|4|N
14|4|3005|B|1|0|U|690|120|4|108|E1404|74|0|0|0|0|0|0|0|0|0|0|0|0|0|0|0|0|0|0|0|0|0|2024|4|25|16|9|26|4|N
14|4|3009|C|3|0|U|686|120|4|108|E1404|25|87|12|37|64|0|70|27|0|40|1|0|0|6|24|104|2|10|484|177|225|70|2024|4|25|13|56|25|4|N
14|4|3012|C|6|0|U|680|120|4|108|E1404|7|0|0|0|0|0|0|0|0|0|0|0|0|0|0|0|0|0|0|0|0|0||||||||
14|4|3013|C|6|0|U|727|120|4|108|E1404|4|144|8|14|31|0|187|91|0|0|0|0|0|26|1|21|3|3|529|166|170|187|2024|4|25|15|48|33|1|N
14|4|3014|C|2|0|U|710|120|4|108|E1404|20|28|10|216|0|13|132|3|0|21|0|0|0|7|148|0|5|0|583|275|171|132|2024|4|25|14|13|27|1|N
14|4|3073|C|1|0|U|697|120|4|108|E1404|129|45|0|281|53|0|68|107|0|4|0|0|14|18|2|19|0|6|617|330|213|68|2024|4|25|15|15|1|4|N
14|4|3076|B|1|0|U|583|120|4|108|E1404|127|0|0|0|0|0|0|0|0|0|0|0|0|0|0|0|0|0|0|0|0|0||||||||
14|4|3479|B|1|0|U|458|120|4|108|E1404|51|19|82|1|1|2|99|67|0|2|0|0|0|6|1|15|2|4|301|104|92|99|2024|4|25|15|14|50|4|N
14|4|3489|C|1|0|U|428|120|4|108|E1404|54|25|1|59|0|0|115|1|0|0|0|0|0|5|0|32|3|10|251|85|38|115|2024|4|25|15|9|50|4|N
14|4|3699|C|3|0|U|615|120|4|108|E1404|66|77|0|110|0|1|158|112|0|0|0|0|0|15|4|8|1|1|487|187|140|158|2024|4|25|15|32|34|4|N
14|4|3776|C|2|0|U|605|120|4|108|E1404|45|0|0|0|0|0|0|0|0|0|0|0|0|0|0|0|0|0|0|0|0|0||||||||
14|5|153|C|1|0|M|643|11|5|109|E1405|3|0|0|0|0|0|0|0|0|0|0|0|0|0|0|0|0|0|0|0|0|0||||||||
14|5|1803|B|1|0|M|678|60|5|109|E1405|19|0|0|0|0|0|0|0|0|0|0|0|0|0|0|0|0|0|0|0|0|0||||||||
14|5|1806|B|1|0|M|613|60|5|109|E1405|19|0|0|0|0|0|0|0|0|0|0|0|0|0|0|0|0|0|0|0|0|0||||||||
14|5|1806|C|1|0|M|613|60|5|109|E1405|19|0|0|0|0|0|0|0|0|0|0|0|0|0|0|0|0|0|0|0|0|0||||||||
14|5|1809|B|1|0|R|397|60|5|109|E1405|23|0|0|0|0|0|0|0|0|0|0|0|0|0|0|0|0|0|0|0|0|0||||||||
14|5|1934|C|2|0|U|605|69|5|109|E1405|30|0|0|0|0|0|0|0|0|0|0|0|0|0|0|0|0|0|0|0|0|0||||||||
14|5|1935|C|3|0|U|730|69|5|109|E1405|25|0|0|0|0|0|0|0|0|0|0|0|0|0|0|0|0|0|0|0|0|0||||||||
14|5|1935|C|21|0|U|729|69|5|109|E1405|29|0|0|0|0|0|0|0|0|0|0|0|0|0|0|0|0|0|0|0|0|0||||||||
14|5|1945|C|3|0|U|695|69|5|109|E1405|52|0|0|0|0|0|0|0|0|0|0|0|0|0|0|0|0|0|0|0|0|0||||||||
14|5|1950|C|5|0|U|738|69|5|109|E1405|64|0|0|0|0|0|0|0|0|0|0|0|0|0|0|0|0|0|0|0|0|0||||||||
14|5|1960|C|2|0|U|730|69|5|109|E1405|73|0|0|0|0|0|0|0|0|0|0|0|0|0|0|0|0|0|0|0|0|0||||||||
14|5|1971|C|2|0|U|572|69|5|109|E1405|83|0|0|0|0|0|0|0|0|0|0|0|0|0|0|0|0|0|0|0|0|0||||||||
14|5|1971|C|3|0|U|572|69|5|109|E1405|83|77|6|6|14|3|243|49|0|1|0|0|0|50|5|31|0|12|497|90|152|243|2024|4|25|15|16|52|4|N
14|5|1973|S|1|0|U|0|69|5|109|E1405|86|0|0|0|0|0|0|0|0|0|0|0|0|0|0|0|0|0|0|0|0|0||||||||
14|5|1993|C|1|0|M|650|69|5|109|E1405|106|0|0|0|0|0|0|0|0|0|0|0|0|0|0|0|0|0|0|0|0|0||||||||
14|5|1996|C|8|0|U|725|69|5|109|E1405|110|255|3|60|2|0|128|25|0|3|0|0|0|14|18|45|5|1|559|321|104|128|2024|4|25|15|36|30|4|N
14|5|1996|C|10|0|U|725|69|5|109|E1405|110|213|22|6|5|94|99|41|0|9|2|0|0|4|28|6|2|3|534|252|178|99|2024|4|25|15|42|40|4|N
14|5|1997|C|2|0|U|712|69|5|109|E1405|111|0|0|0|0|0|0|0|0|0|0|0|0|0|0|0|0|0|0|0|0|0||||||||
14|5|2212|B|1|0|M|600|85|5|109|E1405|123|0|0|0|0|0|0|0|0|0|0|0|0|0|0|0|0|0|0|0|0|0||||||||
14|5|2212|C|3|0|M|599|85|5|109|E1405|123|0|0|0|0|0|0|0|0|0|0|0|0|0|0|0|0|0|0|0|0|0||||||||
14|5|2217|B|1|0|R|362|85|5|109|E1405|124|0|0|0|0|0|0|0|0|0|0|0|0|0|0|0|0|0|0|0|0|0||||||||
14|5|2633|C|2|0|M|503|101|5|109|E1405|126|0|0|0|0|0|0|0|0|0|0|0|0|0|0|0|0|0|0|0|0|0||||||||
14|5|2640|C|1|0|R|555|101|5|109|E1405|130|0|0|0|0|0|0|0|0|0|0|0|0|0|0|0|0|0|0|0|0|0||||||||
14|5|3788|C|2|0|U|738|69|5|109|E1405|42|0|0|0|0|0|0|0|0|0|0|0|0|0|0|0|0|0|0|0|0|0||||||||
14|6|3019|C|12|0|M|717|120|6|110|E1406|108|0|0|0|0|0|0|0|0|0|0|0|0|0|0|0|0|0|0|0|0|0||||||||
14|6|3020|C|7|0|U|713|120|6|110|E1406|80|0|0|0|0|0|0|0|0|0|0|0|0|0|0|0|0|0|0|0|0|0||||||||
14|6|3020|C|9|0|U|713|120|6|110|E1406|81|0|0|0|0|0|0|0|0|0|0|0|0|0|0|0|0|0|0|0|0|0||||||||
14|6|3031|C|1|0|U|611|120|6|110|E1406|19|208|5|25|0|24|125|53|0|4|0|0|0|64|0|36|2|3|549|242|177|125|2024|4|25|15|42|12|4|N
14|6|3047|C|1|0|U|432|120|6|110|E1406|23|24|61|16|34|4|44|15|0|0|0|0|0|0|39|2|4|3|246|101|94|44|2024|4|25|15|43|25|4|N
14|6|3066|B|1|0|U|650|120|6|110|E1406|14|141|125|29|1|0|123|22|0|0|5|0|0|33|5|28|2|1|515|300|89|123|2024|4|25|15|23|44|4|N
14|6|3118|C|3|0|U|668|120|6|110|E1406|2|0|0|0|0|0|0|0|0|0|0|0|0|0|0|0|0|0|0|0|0|0||||||||
14|6|3226|C|4|0|M|731|120|6|110|E1406|66|157|22|0|5|0|135|1|0|0|0|0|0|46|35|11|0|10|422|179|98|135|2024|4|25|15|51|22|1|N
14|6|3226|C|14|0|M|731|120|6|110|E1406|68|0|0|0|0|0|0|0|0|0|0|0|0|0|0|0|0|0|0|0|0|0|2024|4|25|15|59|33|4|N
14|6|3227|C|1|0|U|657|120|6|110|E1406|60|32|122|76|0|1|128|101|0|0|26|0|0|2|0|37|5|6|536|256|141|128|2024|4|25|15|30|18|4|N
14|6|3374|C|1|0|U|596|120|6|110|E1406|36|21|18|83|0|0|97|69|0|0|0|0|0|12|43|45|5|9|402|122|169|97|2024|4|25|15|23|49|4|N
14|6|3382|B|1|0|U|603|120|6|110|E1406|41|188|22|58|3|12|135|3|0|1|5|0|0|1|1|23|2|8|462|274|43|135|2024|4|25|15|42|14|4|N
14|6|3517|B|1|0|U|669|120|6|110|E1406|54|0|0|0|0|0|0|0|0|0|0|0|0|0|0|0|0|0|0|0|0|0|2024|4|25|15|53|31|4|N
14|6|3523|C|1|0|U|420|120|6|110|E1406|51|0|0|0|0|0|0|0|0|0|0|0|0|0|0|0|0|0|0|0|0|0||||||||
14|6|3526|B|1|0|U|579|120|6|110|E1406|49|128|0|28|20|0|125|24|0|0|3|0|0|80|0|30|5|9|452|159|154|125|2024|4|25|15|6|53|4|N
14|6|3574|C|1|0|U|542|120|6|110|E1406|4|27|0|19|1|0|123|31|0|11|0|0|0|8|1|85|3|11|320|57|126|123|2024|4|25|15|9|33|4|N
14|6|3630|C|3|0|M|715|120|6|110|E1406|83|0|0|0|0|0|0|0|0|0|0|0|0|0|0|0|0|0|0|0|0|0||||||||
14|6|3632|B|1|0|U|564|120|6|110|E1406|62|24|40|5|188|0|28|36|0|0|0|0|0|7|0|31|4|6|369|69|262|28|2024|4|25|15|6|59|4|N
14|6|3632|C|2|0|U|564|120|6|110|E1406|62|35|17|30|5|0|119|83|0|0|0|0|0|2|3|79|0|5|378|82|172|119|2024|4|25|15|10|14|4|N
14|6|3793|B|1|0|U|606|120|6|110|E1406|100|150|2|7|20|52|142|9|0|2|2|0|2|24|58|39|4|11|524|163|204|142|2024|4|25|13|55|17|4|N
14|6|3794|C|1|0|U|661|120|6|110|E1406|102|0|0|0|0|0|0|0|0|0|0|0|0|0|0|0|0|0|0|0|0|0||||||||
14|6|3799|B|1|0|M|611|120|6|110|E1406|96|0|0|0|0|0|0|0|0|0|0|0|0|0|0|0|0|0|0|0|0|0||||||||
14|7|2652|C|2|0|U|614|102|7|111|E1407|28|0|0|0|0|0|0|0|0|0|0|0|0|0|0|0|0|0|0|0|0|0||||||||
14|7|2661|C|5|0|U|725|102|7|111|E1407|40|0|0|0|0|0|0|0|0|0|0|0|0|0|0|0|0|0|0|0|0|0||||||||
14|7|2666|C|2|0|U|723|102|7|111|E1407|2|0|0|0|0|0|0|0|0|0|0|0|0|0|0|0|0|0|0|0|0|0||||||||
14|7|2675|C|7|0|M|703|102|7|111|E1407|93|0|0|0|0|0|0|0|0|0|0|0|0|0|0|0|0|0|0|0|0|0||||||||
14|7|2697|C|1|0|U|702|102|7|111|E1407|58|0|0|0|0|0|0|0|0|0|0|0|0|0|0|0|0|0|0|0|0|0||||||||
14|7|2700|C|1|0|U|696|102|7|111|E1407|52|0|0|0|0|0|0|0|0|0|0|0|0|0|0|0|0|0|0|0|0|0||||||||
14|7|2706|C|1|0|U|604|102|7|111|E1407|52|0|0|0|0|0|0|0|0|0|0|0|0|0|0|0|0|0|0|0|0|0||||||||
14|7|2707|C|3|0|U|697|102|7|111|E1407|43|0|0|0|0|0|0|0|0|0|0|0|0|0|0|0|0|0|0|0|0|0||||||||
14|7|2707|C|4|0|U|697|102|7|111|E1407|45|0|0|0|0|0|0|0|0|0|0|0|0|0|0|0|0|0|0|0|0|0||||||||
14|7|2707|C|9|0|U|696|102|7|111|E1407|46|0|0|0|0|0|0|0|0|0|0|0|0|0|0|0|0|0|0|0|0|0||||||||
14|7|2710|C|2|0|U|684|102|7|111|E1407|61|136|0|18|112|0|139|115|0|1|0|0|0|1|1|2|4|12|541|155|231|139|2024|4|25|15|24|33|4|N
14|7|2727|C|4|0|U|710|102|7|111|E1407|91|0|0|0|0|0|0|0|0|0|0|0|0|0|0|0|0|0|0|0|0|0||||||||
14|7|2727|C|6|0|U|710|102|7|111|E1407|91|0|0|0|0|0|0|0|0|0|0|0|0|0|0|0|0|0|0|0|0|0||||||||
14|7|3710|B|1|0|U|657|102|7|111|E1407|47|0|0|0|0|0|0|0|0|0|0|0|0|0|0|0|0|0|0|0|0|0||||||||
14|7|3711|B|1|0|U|706|102|7|111|E1407|64|0|0|0|0|0|0|0|0|0|0|0|0|0|0|0|0|0|0|0|0|0|2024|4|25|16|12|21|4|N
14|7|3712|C|3|0|U|637|102|7|111|E1407|65|11|30|55|5|0|155|55|0|0|0|0|0|7|0|77|2|6|403|96|144|155|2024|4|25|14|10|4|1|N
14|7|3806|C|2|0|U|702|102|7|111|E1407|97|0|0|0|0|0|0|0|0|0|0|0|0|0|0|0|0|0|0|0|0|0||||||||
14|7|3872|B|1|0|U|642|102|7|111|E1407|84|0|0|0|0|0|0|0|0|0|0|0|0|0|0|0|0|0|0|0|0|0||||||||
14|8|581|C|1|0|U|386|41|8|112|E1408|39|0|0|0|0|0|0|0|0|0|0|0|0|0|0|0|0|0|0|0|0|0||||||||
14|8|762|B|1|0|U|541|41|8|112|E1408|89|0|0|0|0|0|0|0|0|0|0|0|0|0|0|0|0|0|0|0|0|0||||||||
14|8|774|B|1|0|U|465|41|8|112|E1408|103|0|0|0|0|0|0|0|0|0|0|0|0|0|0|0|0|0|0|0|0|0||||||||
14|8|779|C|1|0|U|669|41|8|112|E1408|99|0|0|0|0|0|0|0|0|0|0|0|0|0|0|0|0|0|0|0|0|0||||||||
14|8|784|B|1|0|U|521|41|8|112|E1408|106|0|0|0|0|0|0|0|0|0|0|0|0|0|0|0|0|0|0|0|0|0|2024|4|25|16|6|36|4|N
14|8|784|C|1|0|U|520|41|8|112|E1408|106|0|0|0|0|0|0|0|0|0|0|0|0|0|0|0|0|0|0|0|0|0|2024|4|25|15|56|34|4|N
14|8|793|B|1|0|U|722|41|8|112|E1408|144|96|13|157|0|0|102|15|0|12|55|0|0|16|1|3|2|0|472|333|35|102|2024|4|25|14|17|37|4|N
14|8|803|C|1|0|U|700|41|8|112|E1408|91|0|0|0|0|0|0|0|0|0|0|0|0|0|0|0|0|0|0|0|0|0||||||||
14|8|804|C|1|0|U|619|41|8|112|E1408|92|21|24|1|11|2|164|39|0|0|0|0|0|36|0|62|2|6|368|46|150|164|2024|4|25|10|6|57|4|N
14|8|809|B|1|0|U|551|41|8|112|E1408|167|0|0|0|0|0|0|0|0|0|0|0|0|0|0|0|0|0|0|0|0|0||||||||
14|8|812|C|1|0|U|570|41|8|112|E1408|163|0|0|0|0|0|0|0|0|0|0|0|0|0|0|0|0|0|0|0|0|0||||||||
14|8|816|B|1|0|U|699|41|8|112|E1408|160|0|0|0|0|0|0|0|0|0|0|0|0|0|0|0|0|0|0|0|0|0||||||||
14|8|830|C|1|0|U|605|41|8|112|E1408|169|0|0|0|0|0|0|0|0|0|0|0|0|0|0|0|0|0|0|0|0|0||||||||
14|8|837|C|1|0|U|737|41|8|112|E1408|175|0|0|0|0|0|0|0|0|0|0|0|0|0|0|0|0|0|0|0|0|0||||||||
14|8|839|B|1|0|U|514|41|8|112|E1408|173|0|0|0|0|0|0|0|0|0|0|0|0|0|0|0|0|0|0|0|0|0||||||||
14|8|844|C|2|0|U|576|41|8|112|E1408|148|149|11|112|8|0|98|54|0|1|2|0|0|4|0|24|4|4|471|275|90|98|2024|4|25|15|32|48|4|N
14|8|850|C|1|0|U|529|41|8|112|E1408|142|7|9|4|6|7|13|9|1|1|5|2|0|2|0|1|1|1|69|29|25|13|2024|4|25|15|16|12|4|N
14|8|851|C|1|0|U|624|41|8|112|E1408|147|92|3|23|0|0|268|5|0|0|0|0|0|8|29|35|0|10|473|118|77|268|2024|4|25|15|15|30|4|N
14|8|980|C|1|0|U|411|41|8|112|E1408|134|0|0|0|0|0|0|0|0|0|0|0|0|0|0|0|0|0|0|0|0|0||||||||
14|8|1004|C|1|0|U|655|41|8|112|E1408|116|0|0|0|0|0|0|0|0|0|0|0|0|0|0|0|0|0|0|0|0|0||||||||
14|8|1007|B|1|0|U|705|41|8|112|E1408|115|0|0|0|0|0|0|0|0|0|0|0|0|0|0|0|0|0|0|0|0|0||||||||
14|8|1008|B|1|0|U|602|41|8|112|E1408|136|0|0|0|0|0|0|0|0|0|0|0|0|0|0|0|0|0|0|0|0|0||||||||
14|8|1051|B|1|0|U|578|41|8|112|E1408|74|34|1|22|61|1|72|36|0|0|0|0|0|24|0|35|1|7|294|57|157|72|2024|4|25|15|37|18|4|N
14|8|1066|C|1|0|U|571|41|8|112|E1408|76|0|0|0|0|0|0|0|0|0|0|0|0|0|0|0|0|0|0|0|0|0|2024|4|25|15|57|13|4|N
14|8|1073|B|1|0|U|515|41|8|112|E1408|76|0|0|0|0|0|0|0|0|0|0|0|0|0|0|0|0|0|0|0|0|0||||||||
14|8|1124|C|1|0|U|577|41|8|112|E1408|6|0|0|0|0|0|0|0|0|0|0|0|0|0|0|0|0|0|0|0|0|0||||||||
14|8|1129|C|2|0|U|525|41|8|112|E1408|12|0|0|0|0|0|0|0|0|0|0|0|0|0|0|0|0|0|0|0|0|0||||||||
14|8|1140|B|1|0|U|597|41|8|112|E1408|24|0|0|0|0|0|0|0|0|0|0|0|0|0|0|0|0|0|0|0|0|0||||||||
14|8|1151|B|1|0|U|634|41|8|112|E1408|44|0|0|0|0|0|0|0|0|0|0|0|0|0|0|0|0|0|0|0|0|0||||||||
14|8|1156|C|1|0|U|488|41|8|112|E1408|46|0|0|0|0|0|0|0|0|0|0|0|0|0|0|0|0|0|0|0|0|0||||||||
14|8|1162|C|1|0|U|567|41|8|112|E1408|54|0|0|0|0|0|0|0|0|0|0|0|0|0|0|0|0|0|0|0|0|0||||||||
14|8|1545|C|2|0|U|501|41|8|112|E1408|118|0|0|0|0|0|0|0|0|0|0|0|0|0|0|0|0|0|0|0|0|0||||||||
14|9|634|B|1|0|U|494|41|9|113|E1409|116|117|14|32|12|0|143|23|0|0|0|0|7|3|0|103|5|0|459|163|148|143|2024|4|25|12|48|19|4|N
14|9|651|B|1|0|U|697|41|9|113|E1409|143|0|0|0|0|0|0|0|0|0|0|0|0|0|0|0|0|0|0|0|0|0||||||||
14|9|653|C|1|0|U|703|41|9|113|E1409|129|0|0|0|0|0|0|0|0|0|0|0|0|0|0|0|0|0|0|0|0|0|2024|4|25|16|11|55|4|N
14|9|709|B|1|0|U|470|41|9|113|E1409|126|0|0|0|0|0|0|0|0|0|0|0|0|0|0|0|0|0|0|0|0|0||||||||
14|9|712|C|2|0|U|723|41|9|113|E1409|144|0|0|0|0|0|0|0|0|0|0|0|0|0|0|0|0|0|0|0|0|0||||||||
14|9|1197|B|1|0|U|654|41|9|113|E1409|63|0|0|0|0|0|0|0|0|0|0|0|0|0|0|0|0|0|0|0|0|0||||||||
14|9|1207|C|1|0|U|663|41|9|113|E1409|16|0|0|0|0|0|0|0|0|0|0|0|0|0|0|0|0|0|0|0|0|0||||||||
14|9|1209|C|3|0|U|615|41|9|113|E1409|17|0|0|0|0|0|0|0|0|0|0|0|0|0|0|0|0|0|0|0|0|0||||||||
14|9|1222|B|1|0|U|476|41|9|113|E1409|55|23|5|22|19|0|79|98|0|8|0|0|0|1|10|34|5|9|313|58|162|79|2024|4|25|12|38|34|4|N
14|9|1233|C|2|0|U|624|41|9|113|E1409|72|0|0|0|0|0|0|0|0|0|0|0|0|0|0|0|0|0|0|0|0|0|2024|4|25|16|12|12|1|N
14|9|1236|B|1|0|U|584|41|9|113|E1409|105|35|0|34|17|0|125|62|0|0|0|0|0|124|0|25|5|2|429|69|228|125|2024|4|25|15|15|16|4|N
14|9|1238|B|1|0|U|587|41|9|113|E1409|96|0|0|0|0|0|0|0|0|0|0|0|0|0|0|0|0|0|0|0|0|0||||||||
14|9|1240|C|1|0|U|648|41|9|113|E1409|73|110|0|58|11|0|111|84|0|1|0|0|15|0|0|12|0|6|408|169|122|111|2024|4|25|15|41|38|4|N
14|9|1259|B|1|0|U|406|41|9|113|E1409|33|0|0|0|0|0|0|0|0|0|0|0|0|0|0|0|0|0|0|0|0|0||||||||
14|9|1268|C|2|0|U|543|41|9|113|E1409|99|0|0|0|0|0|0|0|0|0|0|0|0|0|0|0|0|0|0|0|0|0||||||||
14|9|1270|C|2|0|U|596|41|9|113|E1409|104|0|0|0|0|0|0|0|0|0|0|0|0|0|0|0|0|0|0|0|0|0||||||||
14|9|1273|C|2|0|U|627|41|9|113|E1409|101|0|0|0|0|0|0|0|0|0|0|0|0|0|0|0|0|0|0|0|0|0||||||||
14|9|1283|C|1|0|U|565|41|9|113|E1409|78|0|0|0|0|0|0|0|0|0|0|0|0|0|0|0|0|0|0|0|0|0||||||||
14|9|1292|C|2|0|U|562|41|9|113|E1409|52|65|4|7|0|2|236|11|0|8|0|0|0|83|38|20|5|3|482|84|154|236|2024|4|25|15|38|58|4|N
14|9|1300|B|1|0|U|516|41|9|113|E1409|39|0|0|0|0|0|0|0|0|0|0|0|0|0|0|0|0|0|0|0|0|0|2024|4|25|16|7|30|4|N
14|9|1310|C|2|0|U|552|41|9|113|E1409|48|0|0|0|0|0|0|0|0|0|0|0|0|0|0|0|0|0|0|0|0|0||||||||
14|9|1326|C|1|0|U|647|41|9|113|E1409|110|102|0|59|1|0|91|27|0|0|0|0|1|58|1|19|4|5|368|161|107|91|2024|4|25|14|17|38|4|N
14|9|1329|C|2|0|U|535|41|9|113|E1409|113|0|0|0|0|0|0|0|0|0|0|0|0|0|0|0|0|0|0|0|0|0||||||||
14|9|1334|C|2|0|U|519|41|9|113|E1409|134|0|0|0|0|0|0|0|0|0|0|0|0|0|0|0|0|0|0|0|0|0||||||||
14|9|1339|C|1|0|U|689|41|9|113|E1409|114|0|0|0|0|0|0|0|0|0|0|0|0|0|0|0|0|0|0|0|0|0||||||||
14|9|1350|C|1|0|U|567|41|9|113|E1409|44|0|0|0|0|0|0|0|0|0|0|0|0|0|0|0|0|0|0|0|0|0||||||||
14|9|1373|B|1|0|U|562|41|9|113|E1409|95|0|0|0|0|0|0|0|0|0|0|0|0|0|0|0|0|0|0|0|0|0||||||||
14|10|3068|C|3|0|U|704|120|10|114|E1410|11|0|0|0|0|0|0|0|0|0|0|0|0|0|0|0|0|0|0|0|0|0||||||||
14|10|3068|C|4|0|U|704|120|10|114|E1410|15|84|9|44|2|0|203|90|0|0|0|0|0|0|0|0|1|7|440|137|92|203|2024|4|25|15|26|6|1|N
14|10|3085|C|2|0|U|555|120|10|114|E1410|27|0|0|0|0|0|0|0|0|0|0|0|0|0|0|0|0|0|0|0|0|0||||||||
14|10|3089|C|1|0|U|489|120|10|114|E1410|42|46|8|23|22|0|81|118|0|37|0|0|1|11|0|19|3|11|380|114|171|81|2024|4|25|15|29|6|1|N
14|10|3110|C|2|0|U|739|120|10|114|E1410|58|0|0|0|0|0|0|0|0|0|0|0|0|0|0|0|0|0|0|0|0|0||||||||
14|10|3111|C|10|0|U|707|120|10|114|E1410|48|0|0|0|0|0|0|0|0|0|0|0|0|0|0|0|0|0|0|0|0|0||||||||
14|10|3113|C|5|0|U|739|120|10|114|E1410|61|0|0|0|0|0|0|0|0|0|0|0|0|0|0|0|0|0|0|0|0|0|2024|4|25|16|9|44|1|N
14|10|3114|C|2|0|U|736|120|10|114|E1410|54|0|0|0|0|0|0|0|0|0|0|0|0|0|0|0|0|0|0|0|0|0||||||||
14|10|3120|C|6|0|U|692|120|10|114|E1410|115|0|0|0|0|0|0|0|0|0|0|0|0|0|0|0|0|0|0|0|0|0||||||||
14|10|3124|B|1|0|U|670|120|10|114|E1410|108|0|0|0|0|0|0|0|0|0|0|0|0|0|0|0|0|0|0|0|0|0||||||||
14|10|3126|C|5|0|U|675|120|10|114|E1410|57|27|16|2|7|0|245|85|0|0|0|0|0|99|0|18|2|12|513|45|209|245|2024|4|25|15|7|12|4|N
14|10|3133|C|3|0|U|577|120|10|114|E1410|68|111|38|33|37|3|200|4|0|0|0|0|0|4|0|15|1|10|456|182|63|200|2024|4|25|15|0|54|4|N
14|10|3136|C|1|0|U|576|120|10|114|E1410|70|73|13|81|0|0|38|21|0|36|2|0|0|2|80|13|4|1|364|205|116|38|2024|4|25|15|15|39|4|N
14|10|3144|C|1|0|U|591|120|10|114|E1410|75|13|0|0|0|4|0|10|0|0|0|0|0|3|10|4|5|2|51|13|31|0|2024|4|25|15|18|52|4|N
14|10|3148|C|2|0|U|655|120|10|114|E1410|105|72|0|0|123|0|81|56|0|0|0|0|3|1|45|75|2|3|461|72|303|81|2024|4|25|15|45|53|4|N
14|10|3155|B|1|0|U|669|120|10|114|E1410|124|99|28|1|20|2|30|32|0|61|0|0|0|11|8|103|4|2|401|189|176|30|2024|4|25|15|1|49|4|N
14|10|3157|C|1|0|U|717|120|10|114|E1410|126|106|19|76|2|0|85|122|0|0|1|0|0|73|0|64|4|7|559|202|261|85|2024|4|25|15|5|58|4|N
14|10|3158|C|4|0|U|740|120|10|114|E1410|134|234|1|1|0|0|88|5|0|0|0|0|0|14|11|30|1|3|388|236|60|88|2024|4|25|15|12|18|4|N
14|10|3159|B|1|0|U|729|120|10|114|E1410|135|198|0|43|0|0|167|14|0|0|0|5|0|81|2|13|0|3|526|246|110|167|2024|4|25|15|0|57|4|N
14|10|3161|B|1|0|U|630|120|10|114|E1410|106|0|0|0|0|0|0|0|0|0|0|0|0|0|0|0|0|0|0|0|0|0||||||||
14|10|3177|C|2|0|U|548|120|10|114|E1410|83|119|20|4|20|0|58|68|0|16|17|0|0|27|0|43|3|11|406|176|158|58|2024|4|25|15|24|3|4|N
14|10|3182|B|1|0|U|600|120|10|114|E1410|97|12|28|38|7|0|32|99|0|3|0|0|0|2|52|35|0|7|315|81|195|32|2024|4|25|15|5|55|4|N
14|10|3188|B|1|0|U|671|120|10|114|E1410|93|80|3|26|1|0|48|93|0|0|1|37|0|4|17|4|2|1|317|147|119|48|2024|4|25|15|9|51|4|N
14|10|3194|C|1|0|U|745|120|10|114|E1410|88|0|0|0|0|0|0|0|0|0|0|0|0|0|0|0|0|0|0|0|0|0|2024|4|25|16|5|17|4|N
14|10|3210|C|3|0|U|608|120|10|114|E1410|141|0|0|0|0|0|0|0|0|0|0|0|0|0|0|0|0|0|0|0|0|0|2024|4|25|16|8|38|1|N
14|11|674|C|2|0|U|575|41|11|115|E1411|10|0|0|0|0|0|0|0|0|0|0|0|0|0|0|0|0|0|0|0|0|0||||||||
14|11|678|C|1|0|U|545|41|11|115|E1411|36|0|0|0|0|0|0|0|0|0|0|0|0|0|0|0|0|0|0|0|0|0||||||||
14|11|687|C|1|0|U|608|41|11|115|E1411|42|0|0|0|0|0|0|0|0|0|0|0|0|0|0|0|0|0|0|0|0|0||||||||
14|11|692|B|1|0|U|705|41|11|115|E1411|43|0|0|0|0|0|0|0|0|0|0|0|0|0|0|0|0|0|0|0|0|0||||||||
14|11|705|B|1|0|U|653|41|11|115|E1411|21|0|0|0|0|0|0|0|0|0|0|0|0|0|0|0|0|0|0|0|0|0||||||||
14|11|707|C|1|0|U|480|41|11|115|E1411|30|0|0|0|0|0|0|0|0|0|0|0|0|0|0|0|0|0|0|0|0|0||||||||
14|11|738|C|1|0|U|454|41|11|115|E1411|41|26|27|97|0|0|57|12|0|0|0|0|0|24|0|18|5|10|276|150|54|57|2024|4|25|15|5|7|4|N
14|11|740|C|1|0|U|457|41|11|115|E1411|44|32|7|15|50|0|94|46|0|1|0|0|0|3|0|20|4|9|281|55|119|94|2024|4|25|14|10|11|4|N
14|11|745|C|1|0|U|479|41|11|115|E1411|47|0|0|0|0|0|0|0|0|0|0|0|0|0|0|0|0|0|0|0|0|0||||||||
14|11|751|C|2|0|U|546|41|11|115|E1411|85|0|0|0|0|0|0|0|0|0|0|0|0|0|0|0|0|0|0|0|0|0||||||||
14|11|931|B|1|0|U|607|41|11|115|E1411|75|0|0|0|0|0|0|0|0|0|0|0|0|0|0|0|0|0|0|0|0|0||||||||
14|11|944|B|1|0|U|629|41|11|115|E1411|89|0|0|0|0|0|0|0|0|0|0|0|0|0|0|0|0|0|0|0|0|0||||||||
14|11|957|C|1|0|U|378|41|11|115|E1411|83|57|17|6|4|16|72|24|0|0|0|0|0|25|0|10|5|0|236|80|79|72|2024|4|25|15|4|44|4|N
14|11|963|C|1|0|U|389|41|11|115|E1411|82|0|0|0|0|0|0|0|0|0|0|0|0|0|0|0|0|0|0|0|0|0||||||||
14|11|1011|C|1|0|U|642|41|11|115|E1411|7|0|0|0|0|0|0|0|0|0|0|0|0|0|0|0|0|0|0|0|0|0||||||||
14|11|1044|B|1|0|U|649|41|11|115|E1411|79|0|0|0|0|0|0|0|0|0|0|0|0|0|0|0|0|0|0|0|0|0||||||||
14|11|1395|C|2|0|U|505|41|11|115|E1411|57|40|7|12|0|0|169|91|0|0|0|0|0|24|13|28|1|11|396|59|156|169|2024|4|25|14|3|26|4|N
14|11|1396|C|1|0|U|610|41|11|115|E1411|58|0|0|0|0|0|0|0|0|0|0|0|0|0|0|0|0|0|0|0|0|0||||||||
14|11|1402|B|1|0|U|512|41|11|115|E1411|54|0|0|0|0|0|0|0|0|0|0|0|0|0|0|0|0|0|0|0|0|0||||||||
14|11|1413|B|1|0|U|581|41|11|115|E1411|63|65|0|57|30|0|48|145|0|0|0|0|0|10|7|93|1|12|468|122|285|48|2024|4|25|15|9|3|4|N
14|11|1426|C|1|0|U|587|41|11|115|E1411|120|0|0|0|0|0|0|0|0|0|0|0|0|0|0|0|0|0|0|0|0|0|2024|4|25|15|54|39|4|N
14|11|1427|C|2|0|U|510|41|11|115|E1411|122|0|0|0|0|0|0|0|0|0|0|0|0|0|0|0|0|0|0|0|0|0||||||||
14|11|1451|B|1|0|U|683|41|11|115|E1411|139|208|7|9|45|0|32|25|0|0|0|0|0|29|0|26|1|10|392|224|125|32|2024|4|25|14|4|55|4|N
14|11|1460|C|1|0|U|656|41|11|115|E1411|117|0|0|0|0|0|0|0|0|0|0|0|0|0|0|0|0|0|0|0|0|0||||||||
14|11|1467|B|1|0|U|532|41|11|115|E1411|147|0|0|0|0|0|0|0|0|0|0|0|0|0|0|0|0|0|0|0|0|0||||||||
14|11|1478|B|1|0|U|660|41|11|115|E1411|155|15|147|73|0|17|53|13|0|3|0|0|0|37|21|3|5|10|397|238|91|53|2024|4|25|15|6|45|4|N
14|11|1484|C|4|0|U|736|41|11|115|E1411|167|34|46|34|4|0|226|124|0|0|0|0|1|3|4|56|4|1|537|114|192|226|2024|4|25|14|10|12|4|N
14|11|1502|B|1|0|U|601|41|11|115|E1411|162|33|1|45|53|0|108|62|0|0|0|0|0|1|0|10|2|7|322|79|126|108|2024|4|25|14|3|0|4|N
14|11|1506|B|1|0|U|612|41|11|115|E1411|162|52|10|5|1|0|139|42|0|13|0|0|0|63|14|91|2|0|432|80|211|139|2024|4|25|14|5|38|4|N
14|11|1506|C|1|0|U|611|41|11|115|E1411|162|0|0|0|0|0|0|0|0|0|0|0|0|0|0|0|0|0|0|0|0|0||||||||
14|12|2453|C|6|0|U|702|98|12|116|E1412|66|0|0|0|0|0|0|0|0|0|0|0|0|0|0|0|0|0|0|0|0|0||||||||
14|12|2455|E|1|3|M|681|98|12|116|E1412|71|47|0|59|3|0|245|33|0|10|1|0|65|2|0|70|5|12|552|117|173|245|2024|4|25|15|38|32|1|N
14|12|2458|B|1|0|U|649|98|12|116|E1412|117|0|0|0|0|0|0|0|0|0|0|0|0|0|0|0|0|0|0|0|0|0||||||||
14|12|2466|C|1|0|M|594|98|12|116|E1412|54|0|0|0|0|0|0|0|0|0|0|0|0|0|0|0|0|0|0|0|0|0||||||||
14|12|3208|C|2|0|U|690|120|12|116|E1412|36|0|0|0|0|0|0|0|0|0|0|0|0|0|0|0|0|0|0|0|0|0||||||||
14|12|3209|B|1|0|U|562|120|12|116|E1412|32|0|0|0|0|0|0|0|0|0|0|0|0|0|0|0|0|0|0|0|0|0||||||||
14|12|3217|C|2|0|U|737|120|12|116|E1412|31|118|91|41|35|2|233|33|0|7|0|0|0|1|18|3|1|11|594|257|92|233|2024|4|25|15|30|10|4|N
14|12|3219|C|9|0|U|691|120|12|116|E1412|35|0|0|0|0|0|0|0|0|0|0|0|0|0|0|0|0|0|0|0|0|0||||||||
14|12|3235|C|8|0|M|743|120|12|116|E1412|3|0|0|0|0|0|0|0|0|0|0|0|0|0|0|0|0|0|0|0|0|0||||||||
14|12|3388|C|1|0|U|506|98|12|116|E1412|87|185|1|23|0|0|37|50|0|0|0|0|0|25|2|12|2|7|344|209|89|37|2024|4|25|12|9|51|4|N
14|12|3394|C|2|0|U|705|98|12|116|E1412|86|69|5|46|85|0|247|31|0|4|0|0|0|1|21|2|5|5|521|124|140|247|2024|4|25|15|26|57|4|N
14|12|3470|C|3|0|R|645|98|12|116|E1412|95|0|0|0|0|0|0|0|0|0|0|0|0|0|0|0|0|0|0|0|0|0||||||||
14|12|3535|C|1|0|U|589|120|12|116|E1412|10|0|0|0|0|0|0|0|0|0|0|0|0|0|0|0|0|0|0|0|0|0||||||||
14|12|3548|C|1|0|U|489|120|12|116|E1412|14|0|0|0|0|0|0|0|0|0|0|0|0|0|0|0|0|0|0|0|0|0||||||||
14|12|3578|C|1|0|R|633|98|12|116|E1412|55|0|0|0|0|0|0|0|0|0|0|0|0|0|0|0|0|0|0|0|0|0||||||||
14|12|3605|B|1|0|U|731|98|12|116|E1412|49|0|0|0|0|0|0|0|0|0|0|0|0|0|0|0|0|0|0|0|0|0||||||||
14|12|3607|C|1|0|U|648|98|12|116|E1412|49|0|0|0|0|0|0|0|0|0|0|0|0|0|0|0|0|0|0|0|0|0||||||||
14|12|3643|B|1|0|U|724|120|12|116|E1412|25|101|11|3|7|0|117|110|0|0|0|0|0|5|3|174|1|2|534|115|299|117|2024|4|25|14|2|38|4|N
14|12|3644|B|1|0|U|444|120|12|116|E1412|25|0|0|0|0|0|0|0|0|0|0|0|0|0|0|0|0|0|0|0|0|0||||||||
14|12|3733|C|1|0|U|659|98|12|116|E1412|60|62|8|33|33|0|165|30|0|0|1|0|0|2|2|39|3|4|382|104|106|165|2024|4|25|15|7|37|1|N
14|12|3813|B|1|0|R|691|98|12|116|E1412|103|0|0|0|0|0|0|0|0|0|0|0|0|0|0|0|0|0|0|0|0|0||||||||
14|13|859|C|1|0|U|567|41|13|117|E1413|5|22|66|20|5|0|175|42|0|5|0|0|0|5|4|47|3|12|406|113|103|175|2024|4|25|15|30|3|4|N
14|13|869|B|1|0|U|555|41|13|117|E1413|5|71|39|12|6|1|41|46|0|24|0|0|6|24|0|22|2|8|302|146|105|41|2024|4|25|15|30|41|4|N
14|13|871|C|1|0|U|630|41|13|117|E1413|7|41|70|68|3|0|56|5|0|0|0|0|0|2|3|70|2|12|332|179|83|56|2024|4|25|15|15|0|4|N
14|13|872|C|1|0|U|594|41|13|117|E1413|8|0|0|0|0|0|0|0|0|0|0|0|0|0|0|0|0|0|0|0|0|0||||||||
14|13|880|C|1|0|U|576|41|13|117|E1413|17|0|0|0|0|0|0|0|0|0|0|0|0|0|0|0|0|0|0|0|0|0||||||||
14|13|926|B|1|0|U|711|41|13|117|E1413|33|0|0|0|0|0|0|0|0|0|0|0|0|0|0|0|0|0|0|0|0|0||||||||
14|13|926|C|1|0|U|711|41|13|117|E1413|33|0|0|0|0|0|0|0|0|0|0|0|0|0|0|0|0|0|0|0|0|0||||||||
14|13|2596|C|2|0|U|728|99|13|117|E1413|92|58|12|153|16|5|96|144|0|31|0|0|0|0|8|57|1|3|584|254|230|96|2024|4|25|14|10|45|4|N
14|13|2603|C|4|0|U|608|99|13|117|E1413|87|0|0|0|0|0|0|0|0|0|0|0|0|0|0|0|0|0|0|0|0|0||||||||
14|13|2605|C|1|0|U|660|99|13|117|E1413|81|0|0|0|0|0|0|0|0|0|0|0|0|0|0|0|0|0|0|0|0|0|2024|4|25|15|54|42|4|N
14|13|2606|C|6|0|U|688|99|13|117|E1413|106|0|0|0|0|0|0|0|0|0|0|0|0|0|0|0|0|0|0|0|0|0||||||||
14|13|2614|B|1|0|U|706|99|13|117|E1413|113|75|106|20|22|1|67|66|0|58|0|0|0|2|1|70|0|6|494|259|162|67|2024|4|25|14|9|59|4|N
14|13|2620|C|5|0|U|659|99|13|117|E1413|121|121|0|6|0|0|44|207|0|0|0|0|0|33|10|22|4|8|455|127|272|44|2024|4|25|15|23|4|4|N
14|13|2624|C|4|0|U|698|99|13|117|E1413|123|0|0|0|0|0|0|0|0|0|0|0|0|0|0|0|0|0|0|0|0|0||||||||
14|13|3172|C|2|0|U|566|99|13|117|E1413|53|123|13|58|38|0|35|39|0|0|0|0|0|13|0|24|5|1|349|194|114|35|2024|4|25|15|2|25|4|N
14|13|3204|C|3|0|U|591|99|13|117|E1413|59|0|0|0|0|0|0|0|0|0|0|0|0|0|0|0|0|0|0|0|0|0||||||||
14|13|3323|B|1|0|U|553|99|13|117|E1413|55|155|4|28|30|0|21|13|0|0|1|0|0|7|40|20|4|6|329|188|110|21|2024|4|25|14|17|42|4|N
14|13|3331|B|1|0|U|426|99|13|117|E1413|62|20|22|20|10|15|28|16|28|22|25|19|18|10|25|10|0|15|303|156|104|28|2024|4|25|15|0|54|4|N
14|13|3341|B|1|0|U|608|99|13|117|E1413|76|0|0|0|0|0|0|0|0|0|0|0|0|0|0|0|0|0|0|0|0|0||||||||
14|13|3343|C|1|0|U|497|99|13|117|E1413|74|0|0|0|0|0|0|0|0|0|0|0|0|0|0|0|0|0|0|0|0|0||||||||
14|13|3352|B|1|0|U|606|99|13|117|E1413|78|56|10|62|0|0|136|56|0|0|0|0|0|2|7|11|3|6|349|128|76|136|2024|4|25|15|38|53|4|N
14|13|3353|C|1|0|U|506|99|13|117|E1413|78|32|33|8|0|0|228|35|0|0|0|0|0|11|0|22|3|7|379|73|68|228|2024|4|25|15|41|40|4|N
14|13|3355|B|1|0|U|397|99|13|117|E1413|70|0|0|0|0|0|0|0|0|0|0|0|0|0|0|0|0|0|0|0|0|0||||||||
14|14|2452|C|4|0|U|700|98|14|118|E1414|4|0|0|0|0|0|0|0|0|0|0|0|0|0|0|0|0|0|0|0|0|0||||||||
14|14|2468|C|2|0|M|721|98|14|118|E1414|14|229|18|44|1|2|56|52|0|0|0|0|0|11|0|86|4|9|512|291|152|56|2024|4|25|15|25|4|4|N
14|14|3406|B|1|0|U|683|98|14|118|E1414|24|0|0|0|0|0|0|0|0|0|0|0|0|0|0|0|0|0|0|0|0|0||||||||
14|14|3407|C|4|0|U|713|98|14|118|E1414|25|0|0|0|0|0|0|0|0|0|0|0|0|0|0|0|0|0|0|0|0|0||||||||
14|14|3407|C|9|0|U|712|98|14|118|E1414|26|0|0|0|0|0|0|0|0|0|0|0|0|0|0|0|0|0|0|0|0|0||||||||
14|14|3412|C|2|0|U|641|98|14|118|E1414|31|0|0|0|0|0|0|0|0|0|0|0|0|0|0|0|0|0|0|0|0|0||||||||
14|14|3415|C|3|0|U|748|98|14|118|E1414|38|0|0|0|0|0|0|0|0|0|0|0|0|0|0|0|0|0|0|0|0|0||||||||
14|14|3417|B|1|0|M|507|98|14|118|E1414|44|0|0|0|0|0|0|0|0|0|0|0|0|0|0|0|0|0|0|0|0|0||||||||
14|14|3421|C|8|0|M|743|98|14|118|E1414|49|0|0|0|0|0|0|0|0|0|0|0|0|0|0|0|0|0|0|0|0|0||||||||
14|14|3428|C|3|0|R|625|98|14|118|E1414|57|35|0|38|5|0|208|47|0|1|1|0|0|19|0|52|0|11|417|75|123|208|2024|4|25|15|16|6|1|N
14|14|3435|C|3|0|U|562|98|14|118|E1414|62|0|0|0|0|0|0|0|0|0|0|0|0|0|0|0|0|0|0|0|0|0||||||||
14|14|3437|B|1|0|M|707|98|14|118|E1414|64|0|0|0|0|0|0|0|0|0|0|0|0|0|0|0|0|0|0|0|0|0||||||||
14|14|3595|S|1|0|M|0|98|14|118|E1414|83|0|0|0|0|0|0|0|0|0|0|0|0|0|0|0|0|0|0|0|0|0||||||||
14|14|3597|C|2|0|M|645|98|14|118|E1414|84|0|0|0|0|0|0|0|0|0|0|0|0|0|0|0|0|0|0|0|0|0|2024|4|25|16|13|51|1|N
14|14|3599|B|1|0|M|734|98|14|118|E1414|86|0|0|0|0|0|0|0|0|0|0|0|0|0|0|0|0|0|0|0|0|0||||||||
14|14|3659|C|2|0|U|622|98|14|118|E1414|90|0|0|0|0|0|0|0|0|0|0|0|0|0|0|0|0|0|0|0|0|0||||||||
14|14|3816|C|1|0|R|704|98|14|118|E1414|91|0|0|0|0|0|0|0|0|0|0|0|0|0|0|0|0|0|0|0|0|0||||||||
14|15|104|C|1|0|U|602|8|15|119|E1415|14|0|0|0|0|0|0|0|0|0|0|0|0|0|0|0|0|0|0|0|0|0||||||||
14|15|106|C|1|0|U|664|8|15|119|E1415|19|66|1|8|24|0|97|36|0|0|0|0|0|6|0|65|2|9|314|75|131|97|2024|4|25|15|29|8|4|N
14|15|108|B|1|0|U|738|8|15|119|E1415|15|0|0|0|0|0|0|0|0|0|0|0|0|0|0|0|0|0|0|0|0|0||||||||
14|15|113|B|1|0|U|716|8|15|119|E1415|6|0|0|0|0|0|0|0|0|0|0|0|0|0|0|0|0|0|0|0|0|0||||||||
14|15|162|B|1|0|U|390|13|15|119|E1415|78|76|0|30|1|0|49|87|0|0|0|0|0|5|0|35|3|4|290|106|128|49|2024|4|25|15|8|30|4|N
14|15|169|B|1|0|U|589|13|15|119|E1415|72|0|0|0|0|0|0|0|0|0|0|0|0|0|0|0|0|0|0|0|0|0||||||||
14|15|177|B|1|0|U|660|13|15|119|E1415|88|0|0|0|0|0|0|0|0|0|0|0|0|0|0|0|0|0|0|0|0|0|2024|4|25|16|6|20|1|N
14|15|184|C|1|0|R|633|13|15|119|E1415|83|99|15|21|3|0|93|103|0|0|5|0|0|4|0|11|4|11|369|140|121|93|2024|4|25|14|20|40|4|N
14|15|184|C|3|0|R|633|13|15|119|E1415|83|138|2|45|0|0|163|68|0|0|0|0|0|6|17|30|5|12|486|185|121|163|2024|4|25|15|20|29|4|N
14|15|240|B|1|0|R|380|16|15|119|E1415|100|85|28|2|0|1|34|72|0|0|0|0|0|15|0|0|4|11|252|115|88|34|2024|4|25|15|52|35|4|N
14|15|263|B|1|0|U|608|18|15|119|E1415|109|115|5|34|2|14|131|53|0|2|0|0|0|10|0|56|2|1|425|156|135|131|2024|4|25|15|8|53|4|N
14|15|267|C|1|0|U|523|18|15|119|E1415|112|72|53|27|40|0|104|51|0|4|0|0|0|17|1|23|5|7|404|156|132|104|2024|4|25|15|15|26|4|N
14|15|273|C|1|0|M|543|18|15|119|E1415|121|0|0|0|0|0|0|0|0|0|0|0|0|0|0|0|0|0|0|0|0|0||||||||
14|15|288|B|1|0|R|598|18|15|119|E1415|119|216|14|35|0|0|109|28|0|0|21|0|0|7|1|0|0|5|436|286|36|109|2024|4|25|15|28|22|4|N
14|15|483|C|5|0|M|647|34|15|119|E1415|127|136|116|29|15|0|184|18|0|34|0|0|0|12|0|0|1|6|551|315|45|184|2024|4|25|15|17|52|4|N
14|15|1633|B|1|0|R|590|48|15|119|E1415|38|0|0|0|0|0|0|0|0|0|0|0|0|0|0|0|0|0|0|0|0|0|2024|4|25|16|7|57|4|N
14|15|1643|C|1|0|U|637|49|15|119|E1415|139|3|9|11|9|0|9|7|0|13|9|0|0|3|0|12|1|8|94|45|31|9|2024|4|25|13|35|47|4|N
14|15|1655|C|1|0|R|651|50|15|119|E1415|45|84|67|9|1|1|138|19|0|0|5|0|3|5|99|3|4|9|447|165|131|138|2024|4|25|15|26|50|4|N
14|15|1658|E|1|0|R|543|50|15|119|E1415|42|0|0|0|0|0|0|0|0|0|0|0|0|0|0|0|0|0|0|0|0|0|2024|4|25|16|0|41|4|N
14|15|2097|B|1|0|U|677|76|15|119|E1415|64|0|0|0|0|0|0|0|0|0|0|0|0|0|0|0|0|0|0|0|0|0||||||||
14|15|2098|C|4|0|U|622|76|15|119|E1415|65|0|0|0|0|0|0|0|0|0|0|0|0|0|0|0|0|0|0|0|0|0||||||||
14|15|2102|B|1|0|U|502|76|15|119|E1415|66|0|0|0|0|0|0|0|0|0|0|0|0|0|0|0|0|0|0|0|0|0||||||||
14|15|2104|B|1|0|R|151|76|15|119|E1415|67|0|0|0|0|0|0|0|0|0|0|0|0|0|0|0|0|0|0|0|0|0||||||||
14|15|2133|C|1|0|M|658|80|15|119|E1415|47|0|0|0|0|0|0|0|0|0|0|0|0|0|0|0|0|0|0|0|0|0||||||||
14|15|2146|B|1|0|R|180|80|15|119|E1415|51|42|3|2|0|0|53|2|0|0|0|0|0|4|0|14|4|9|133|47|20|53|2024|4|25|14|15|28|4|N
14|15|2147|C|1|0|R|395|80|15|119|E1415|57|86|1|10|7|0|161|17|0|5|0|0|0|19|18|9|1|10|344|102|70|161|2024|4|25|15|8|40|4|N
14|16|2477|B|1|0|U|725|99|16|120|E1416|4|186|5|10|6|3|138|78|0|2|0|0|0|23|2|5|5|6|469|203|117|138|2024|4|25|15|14|58|4|N
14|16|2482|B|1|0|U|642|99|16|120|E1416|8|61|3|27|4|8|153|18|0|0|0|0|0|6|0|19|4|12|315|91|55|153|2024|4|25|14|11|22|4|N
14|16|2483|C|1|0|U|745|99|16|120|E1416|7|137|1|91|0|0|110|15|0|4|0|0|0|66|85|89|5|0|603|233|255|110|2024|4|25|14|16|0|4|N
14|16|2489|B|1|0|U|519|99|16|120|E1416|16|123|3|32|3|7|116|61|0|4|0|0|18|4|9|44|5|9|438|162|146|116|2024|4|25|14|6|24|4|N
14|16|2496|C|1|0|U|489|99|16|120|E1416|31|0|0|0|0|0|0|0|0|0|0|0|0|0|0|0|0|0|0|0|0|0|2024|4|25|16|7|11|2|N
14|16|2504|C|1|0|U|648|99|16|120|E1416|35|0|0|0|0|0|0|0|0|0|0|0|0|0|0|0|0|0|0|0|0|0||||||||
14|16|2519|C|1|0|U|707|99|16|120|E1416|28|0|0|0|0|0|0|0|0|0|0|0|0|0|0|0|0|0|0|0|0|0||||||||
14|16|2519|C|2|0|U|707|99|16|120|E1416|28|0|0|0|0|0|0|0|0|0|0|0|0|0|0|0|0|0|0|0|0|0||||||||
14|16|2539|C|2|0|U|704|99|16|120|E1416|46|0|0|0|0|0|0|0|0|0|0|0|0|0|0|0|0|0|0|0|0|0|2024|4|25|15|56|26|1|N
14|16|2552|B|1|0|U|657|99|16|120|E1416|98|26|17|15|39|0|22|4|0|51|0|0|0|23|0|17|4|2|220|109|83|22|2024|4|25|15|44|29|1|N
14|16|2552|C|2|0|U|656|99|16|120|E1416|98|0|0|0|0|0|0|0|0|0|0|0|0|0|0|0|0|0|0|0|0|0|2024|4|25|15|55|41|1|N
14|16|2557|C|4|0|U|679|99|16|120|E1416|58|0|0|0|0|0|0|0|0|0|0|0|0|0|0|0|0|0|0|0|0|0||||||||
14|16|2562|C|4|0|U|738|99|16|120|E1416|62|0|0|0|0|0|0|0|0|0|0|0|0|0|0|0|0|0|0|0|0|0||||||||
14|16|2563|C|6|0|M|743|99|16|120|E1416|67|0|0|0|0|0|0|0|0|0|0|0|0|0|0|0|0|0|0|0|0|0||||||||
14|16|2566|C|1|0|U|674|99|16|120|E1416|76|33|69|38|94|0|238|35|0|0|0|0|0|31|2|4|2|11|557|140|166|238|2024|4|25|14|4|26|4|N
14|16|2567|C|10|0|U|733|99|16|120|E1416|80|155|0|59|2|1|166|6|0|9|0|0|0|111|0|53|2|5|569|223|173|166|2024|4|25|14|6|54|4|N
14|16|2568|C|1|0|U|681|99|16|120|E1416|102|0|0|0|0|0|0|0|0|0|0|0|0|0|0|0|0|0|0|0|0|0||||||||
14|16|2586|C|4|0|U|697|99|16|120|E1416|105|118|35|60|32|0|127|20|0|0|0|0|1|9|1|28|4|2|437|213|91|127|2024|4|25|15|36|32|4|N
14|16|2592|C|2|0|U|736|99|16|120|E1416|101|19|49|51|0|0|209|62|0|42|3|0|0|1|0|65|4|3|508|164|128|209|2024|4|25|15|42|16|4|N
14|16|2593|C|1|0|U|672|99|16|120|E1416|109|0|0|0|0|0|0|0|0|0|0|0|0|0|0|0|0|0|0|0|0|0||||||||
14|16|3737|C|1|0|U|687|99|16|120|E1416|107|56|82|39|0|0|101|68|0|0|0|0|0|13|16|18|3|4|400|177|115|101|2024|4|25|15|5|23|4|N
14|16|3844|C|3|0|M|635|99|16|120|E1416|70|132|4|38|0|0|243|5|0|0|0|0|0|78|0|3|3|5|511|174|86|243|2024|4|25|15|35|23|4|N
14|17|14|C|1|0|U|563|2|17|121|E1417|104|0|0|0|0|0|0|0|0|0|0|0|0|0|0|0|0|0|0|0|0|0||||||||
14|17|18|C|1|0|M|636|2|17|121|E1417|105|0|0|0|0|0|0|0|0|0|0|0|0|0|0|0|0|0|0|0|0|0||||||||
14|17|458|C|4|0|U|641|31|17|121|E1417|74|0|0|0|0|0|0|0|0|0|0|0|0|0|0|0|0|0|0|0|0|0||||||||
14|17|461|B|1|0|U|723|31|17|121|E1417|76|0|0|0|0|0|0|0|0|0|0|0|0|0|0|0|0|0|0|0|0|0||||||||
14|17|466|C|3|0|M|720|31|17|121|E1417|82|172|57|63|5|20|206|23|0|0|0|0|0|47|11|14|5|12|635|292|120|206|2024|4|25|15|28|48|1|N
14|17|473|B|1|0|R|515|31|17|121|E1417|72|42|18|5|18|4|102|7|0|0|0|0|91|19|4|43|3|0|356|65|186|102|2024|4|25|15|20|0|1|N
14|17|1592|C|1|0|U|634|46|17|121|E1417|69|0|0|0|0|0|0|0|0|0|0|0|0|0|0|0|0|0|0|0|0|0||||||||
14|17|1595|E|1|7|M|738|46|17|121|E1417|58|55|97|2|1|2|195|29|0|0|0|0|0|37|0|184|2|6|610|154|253|195|2024|4|25|15|48|27|4|N
14|17|1595|E|1|9|M|738|46|17|121|E1417|59|39|8|47|0|0|241|11|0|3|91|0|0|0|0|38|4|5|487|188|49|241|2024|4|25|15|41|34|1|N
14|17|1674|C|2|0|U|655|52|17|121|E1417|89|0|0|0|0|0|0|0|0|0|0|0|0|0|0|0|0|0|0|0|0|0||||||||
14|17|1681|C|1|0|U|704|52|17|121|E1417|86|0|0|0|0|0|0|0|0|0|0|0|0|0|0|0|0|0|0|0|0|0||||||||
14|17|1681|C|3|0|U|703|52|17|121|E1417|86|0|0|0|0|0|0|0|0|0|0|0|0|0|0|0|0|0|0|0|0|0||||||||
14|17|1684|C|1|0|U|622|52|17|121|E1417|99|0|0|0|0|0|0|0|0|0|0|0|0|0|0|0|0|0|0|0|0|0|2024|4|25|16|3|10|1|N
14|17|1850|C|2|0|U|517|65|17|121|E1417|6|0|0|0|0|0|0|0|0|0|0|0|0|0|0|0|0|0|0|0|0|0||||||||
14|17|1875|C|1|0|U|724|65|17|121|E1417|26|0|0|0|0|0|0|0|0|0|0|0|0|0|0|0|0|0|0|0|0|0||||||||
14|17|1879|C|2|0|M|717|65|17|121|E1417|36|0|0|0|0|0|0|0|0|0|0|0|0|0|0|0|0|0|0|0|0|0||||||||
14|17|1881|C|1|0|R|509|65|17|121|E1417|9|0|0|0|0|0|0|0|0|0|0|0|0|0|0|0|0|0|0|0|0|0||||||||
14|17|1923|B|1|0|R|596|68|17|121|E1417|39|0|0|0|0|0|0|0|0|0|0|0|0|0|0|0|0|0|0|0|0|0||||||||
14|17|1925|C|4|0|U|608|68|17|121|E1417|48|0|0|0|0|0|0|0|0|0|0|0|0|0|0|0|0|0|0|0|0|0||||||||
14|17|1927|C|1|0|R|684|68|17|121|E1417|52|0|0|0|0|0|0|0|0|0|0|0|0|0|0|0|0|0|0|0|0|0||||||||
14|17|2888|B|1|0|U|729|119|17|121|E1417|118|247|25|33|2|0|38|43|0|21|1|0|0|19|0|2|3|1|435|327|66|38|2024|4|25|15|37|32|4|N
14|17|2890|C|3|0|U|693|119|17|121|E1417|122|0|0|0|0|0|0|0|0|0|0|0|0|0|0|0|0|0|0|0|0|0||||||||
14|18|37|B|1|0|M|598|4|18|122|E1418|51|66|11|10|16|6|266|37|0|1|0|0|18|1|19|45|5|2|503|88|142|266|2024|4|25|15|41|11|4|N
14|18|37|C|2|0|M|597|4|18|122|E1418|51|88|2|5|21|0|130|71|0|35|0|0|3|14|0|50|0|11|430|130|159|130|2024|4|25|15|43|18|4|N
14|18|209|B|1|0|U|638|15|18|122|E1418|107|0|0|0|0|0|0|0|0|0|0|0|0|0|0|0|0|0|0|0|0|0||||||||
14|18|223|C|1|0|R|602|15|18|122|E1418|99|0|0|0|0|0|0|0|0|0|0|0|0|0|0|0|0|0|0|0|0|0||||||||
14|18|246|C|1|0|M|590|17|18|122|E1418|37|0|0|0|0|0|0|0|0|0|0|0|0|0|0|0|0|0|0|0|0|0||||||||
14|18|307|B|1|0|U|455|21|18|122|E1418|112|0|0|0|0|0|0|0|0|0|0|0|0|0|0|0|0|0|0|0|0|0||||||||
14|18|325|C|1|0|M|641|22|18|122|E1418|147|0|0|0|0|0|0|0|0|0|0|0|0|0|0|0|0|0|0|0|0|0||||||||
14|18|328|C|2|0|U|667|22|18|122|E1418|148|0|0|0|0|0|0|0|0|0|0|0|0|0|0|0|0|0|0|0|0|0||||||||
14|18|388|B|1|0|M|513|24|18|122|E1418|61|0|0|0|0|0|0|0|0|0|0|0|0|0|0|0|0|0|0|0|0|0||||||||
14|18|389|B|1|0|R|585|24|18|122|E1418|61|0|0|0|0|0|0|0|0|0|0|0|0|0|0|0|0|0|0|0|0|0||||||||
14|18|405|C|1|0|R|553|25|18|122|E1418|11|0|0|0|0|0|0|0|0|0|0|0|0|0|0|0|0|0|0|0|0|0||||||||
14|18|408|C|2|0|U|565|25|18|122|E1418|15|0|0|0|0|0|0|0|0|0|0|0|0|0|0|0|0|0|0|0|0|0||||||||
14|18|435|C|1|0|R|654|28|18|122|E1418|127|0|0|0|0|0|0|0|0|0|0|0|0|0|0|0|0|0|0|0|0|0||||||||
14|18|437|C|1|0|R|696|28|18|122|E1418|129|0|0|0|0|0|0|0|0|0|0|0|0|0|0|0|0|0|0|0|0|0||||||||
14|18|553|C|1|0|M|637|39|18|122|E1418|81|0|0|0|0|0|0|0|0|0|0|0|0|0|0|0|0|0|0|0|0|0||||||||
14|18|1583|B|1|0|R|250|45|18|122|E1418|140|0|0|0|0|0|0|0|0|0|0|0|0|0|0|0|0|0|0|0|0|0||||||||
14|18|1588|B|1|0|R|684|45|18|122|E1418|133|0|0|0|0|0|0|0|0|0|0|0|0|0|0|0|0|0|0|0|0|0||||||||
14|18|2118|C|3|0|U|574|79|18|122|E1418|3|33|5|34|13|0|76|75|0|8|0|0|0|108|7|47|2|9|417|80|250|76|2024|4|25|15|19|22|4|N
14|18|2124|C|4|0|U|681|79|18|122|E1418|7|0|0|0|0|0|0|0|0|0|0|0|0|0|0|0|0|0|0|0|0|0||||||||
14|18|2125|B|1|0|M|563|79|18|122|E1418|8|0|0|0|0|0|0|0|0|0|0|0|0|0|0|0|0|0|0|0|0|0||||||||
14|18|2126|B|1|0|U|655|79|18|122|E1418|9|0|0|0|0|0|0|0|0|0|0|0|0|0|0|0|0|0|0|0|0|0||||||||
14|18|2291|B|1|0|U|326|89|18|122|E1418|19|0|0|0|0|0|0|0|0|0|0|0|0|0|0|0|0|0|0|0|0|0||||||||
14|18|2304|C|1|0|R|454|91|18|122|E1418|28|0|0|0|0|0|0|0|0|0|0|0|0|0|0|0|0|0|0|0|0|0||||||||
14|18|2626|E|1|0|M|349|100|18|122|E1418|66|0|0|0|0|0|0|0|0|0|0|0|0|0|0|0|0|0|0|0|0|0||||||||
14|18|2627|E|1|0|R|159|100|18|122|E1418|65|0|0|0|0|0|0|0|0|0|0|0|0|0|0|0|0|0|0|0|0|0||||||||
14|18|2631|C|1|0|U|610|100|18|122|E1418|67|0|0|0|0|0|0|0|0|0|0|0|0|0|0|0|0|0|0|0|0|0||||||||
14|18|2763|B|1|0|R|260|107|18|122|E1418|76|0|0|0|0|0|0|0|0|0|0|0|0|0|0|0|0|0|0|0|0|0||||||||
14|19|340|B|1|0|U|555|23|19|123|E1419|12|0|0|0|0|0|0|0|0|0|0|0|0|0|0|0|0|0|0|0|0|0||||||||
14|19|348|C|1|0|U|618|23|19|123|E1419|17|0|0|0|0|0|0|0|0|0|0|0|0|0|0|0|0|0|0|0|0|0||||||||
14|19|351|B|1|0|U|543|23|19|123|E1419|18|70|5|65|4|0|24|68|0|0|0|0|0|34|0|28|3|0|301|140|134|24|2024|4|25|14|8|6|4|N
14|19|355|C|1|0|U|637|23|19|123|E1419|16|117|45|9|1|0|118|90|0|0|9|0|0|55|0|16|2|1|463|180|162|118|2024|4|25|14|4|40|2|N
14|19|362|B|1|0|U|695|23|19|123|E1419|28|0|0|0|0|0|0|0|0|0|0|0|0|0|0|0|0|0|0|0|0|0||||||||
14|19|545|C|1|0|U|638|38|19|123|E1419|50|0|0|0|0|0|0|0|0|0|0|0|0|0|0|0|0|0|0|0|0|0||||||||
14|19|1905|E|1|0|M|265|67|19|123|E1419|76|0|0|0|0|0|0|0|0|0|0|0|0|0|0|0|0|0|0|0|0|0||||||||
14|19|2018|C|2|0|M|549|71|19|123|E1419|80|0|0|0|0|0|0|0|0|0|0|0|0|0|0|0|0|0|0|0|0|0||||||||
14|19|2224|C|1|0|U|678|86|19|123|E1419|97|175|7|111|16|0|50|22|0|0|0|0|0|18|0|21|3|12|435|293|77|50|2024|4|25|15|24|5|4|N
14|19|2232|B|1|0|U|486|86|19|123|E1419|100|0|0|0|0|0|0|0|0|0|0|0|0|0|0|0|0|0|0|0|0|0||||||||
14|19|2246|B|1|0|R|297|86|19|123|E1419|108|0|0|0|0|0|0|0|0|0|0|0|0|0|0|0|0|0|0|0|0|0|2024|4|25|16|4|45|1|N
14|19|2279|B|1|0|R|577|88|19|123|E1419|114|0|0|0|0|0|0|0|0|0|0|0|0|0|0|0|0|0|0|0|0|0||||||||
14|19|2330|B|1|0|M|502|93|19|123|E1419|5|0|0|0|0|0|0|0|0|0|0|0|0|0|0|0|0|0|0|0|0|0||||||||
14|19|2337|B|1|0|R|505|93|19|123|E1419|126|89|61|68|65|11|77|4|0|0|0|0|0|1|1|10|3|0|390|218|92|77|2024|4|25|14|12|22|1|N
14|19|2424|C|3|0|U|702|97|19|123|E1419|127|0|0|0|0|0|0|0|0|0|0|0|0|0|0|0|0|0|0|0|0|0||||||||
14|19|2437|E|1|0|R|363|97|19|123|E1419|123|0|0|0|0|0|0|0|0|0|0|0|0|0|0|0|0|0|0|0|0|0||||||||
14|19|2739|B|1|0|U|539|104|19|123|E1419|135|0|0|0|0|0|0|0|0|0|0|0|0|0|0|0|0|0|0|0|0|0||||||||
14|19|2781|C|1|0|U|538|109|19|123|E1419|147|0|0|0|0|0|0|0|0|0|0|0|0|0|0|0|0|0|0|0|0|0||||||||
14|19|2783|B|1|0|U|571|109|19|123|E1419|144|88|3|20|63|9|55|60|0|6|0|0|0|11|45|27|5|4|396|117|215|55|2024|4|25|15|13|20|4|N
14|19|2786|C|1|0|M|716|109|19|123|E1419|146|0|0|0|0|0|0|0|0|0|0|0|0|0|0|0|0|0|0|0|0|0||||||||
14|19|2824|C|1|0|U|382|113|19|123|E1419|57|0|0|0|0|0|0|0|0|0|0|0|0|0|0|0|0|0|0|0|0|0||||||||
14|19|3244|C|1|0|U|507|121|19|123|E1419|152|61|7|3|25|0|72|28|0|0|39|0|0|4|0|0|8|8|255|110|57|72|2024|4|25|15|35|52|4|N
14|19|3245|C|2|0|U|644|121|19|123|E1419|153|0|0|0|0|0|0|0|0|0|0|0|0|0|0|0|0|0|0|0|0|0|2024|4|25|16|10|44|1|N
14|19|3256|E|2|0|R|323|121|19|123|E1419|158|0|0|0|0|0|0|0|0|0|0|0|0|0|0|0|0|0|0|0|0|0||||||||
14|19|3257|B|1|0|R|534|121|19|123|E1419|154|0|0|0|0|0|0|0|0|0|0|0|0|0|0|0|0|0|0|0|0|0||||||||
14|19|3857|B|1|0|U|657|23|19|123|E1419|39|41|20|14|11|33|305|65|0|0|0|0|0|0|0|7|4|6|506|75|116|305|2024|4|25|15|48|40|1|N
14|19|3859|C|2|0|U|677|23|19|123|E1419|38|0|0|0|0|0|0|0|0|0|0|0|0|0|0|0|0|0|0|0|0|0||||||||
14|19|3859|C|3|0|U|677|23|19|123|E1419|38|0|0|0|0|0|0|0|0|0|0|0|0|0|0|0|0|0|0|0|0|0||||||||
14|20|2030|C|9|0|U|709|72|20|124|E1420|55|0|0|0|0|0|0|0|0|0|0|0|0|0|0|0|0|0|0|0|0|0||||||||
14|20|2030|C|10|0|U|709|72|20|124|E1420|55|0|0|0|0|0|0|0|0|0|0|0|0|0|0|0|0|0|0|0|0|0||||||||
14|20|2030|C|18|0|U|709|72|20|124|E1420|57|286|21|34|0|0|142|66|0|1|0|0|0|13|0|2|4|1|570|342|81|142|2024|4|25|15|28|20|4|N
14|20|2035|E|1|4|U|678|72|20|124|E1420|82|0|0|0|0|0|0|0|0|0|0|0|0|0|0|0|0|0|0|0|0|0||||||||
14|20|2695|B|1|0|M|698|102|20|124|E1420|14|172|3|42|3|0|165|64|0|0|0|0|0|28|0|32|0|4|513|217|127|165|2024|4|25|15|24|24|1|N
14|20|2717|C|2|0|U|687|102|20|124|E1420|6|0|0|0|0|0|0|0|0|0|0|0|0|0|0|0|0|0|0|0|0|0||||||||
14|20|2717|C|4|0|U|687|102|20|124|E1420|6|0|0|0|0|0|0|0|0|0|0|0|0|0|0|0|0|0|0|0|0|0||||||||
14|20|2721|C|5|0|U|722|102|20|124|E1420|29|0|0|0|0|0|0|0|0|0|0|0|0|0|0|0|0|0|0|0|0|0||||||||
14|20|2721|E|2|4|U|656|102|20|124|E1420|31|0|0|0|0|0|0|0|0|0|0|0|0|0|0|0|0|0|0|0|0|0||||||||
14|20|2721|E|3|5|U|678|102|20|124|E1420|32|0|0|0|0|0|0|0|0|0|0|0|0|0|0|0|0|0|0|0|0|0||||||||
14|20|2723|C|4|0|U|742|102|20|124|E1420|41|37|70|137|13|0|167|22|0|1|0|0|0|39|10|96|5|11|608|245|180|167|2024|4|25|15|21|3|4|N
14|20|3743|C|1|0|U|686|102|20|124|E1420|35|0|0|0|0|0|0|0|0|0|0|0|0|0|0|0|0|0|0|0|0|0||||||||
15|1|1|C|1|0|M|628|1|14|125|E1501|1|8|58|40|82|0|43|66|54|0|0|0|0|0|0|0|0|6|357|160|148|43|2024|4|25|15|34|25|1|N
15|1|7|E|1|0|R|404|1|14|125|E1501|7|3|28|4|2|6|62|47|181|0|0|0|0|12|1|0|2|12|360|216|68|62|2024|4|25|15|32|31|4|N
15|1|8|B|1|0|U|650|1|14|125|E1501|6|5|123|0|136|12|103|46|18|0|0|0|0|0|2|0|5|3|453|146|196|103|2024|4|25|15|32|44|1|N
15|1|11|E|1|0|R|237|1|14|125|E1501|9|0|0|0|0|0|0|0|0|0|0|0|0|0|0|0|0|0|0|0|0|0|2024|4|25|16|4|49|4|N
15|1|12|E|1|0|R|353|1|14|125|E1501|10|43|44|18|27|0|99|26|13|0|0|1|0|0|1|0|5|10|287|119|54|99|2024|4|25|15|31|37|1|N
15|1|18|C|1|0|R|471|1|14|125|E1501|1|20|26|11|4|0|7|8|7|0|0|0|0|0|0|0|2|2|87|64|12|7|2024|4|25|15|39|42|4|N
15|1|20|C|2|0|R|635|1|14|125|E1501|17|2|7|24|38|25|186|53|5|0|0|3|0|0|22|0|4|4|373|41|138|186|2024|4|25|15|3|4|4|N
15|1|20|C|3|0|R|635|1|14|125|E1501|17|112|21|2|79|0|47|63|100|3|0|0|0|0|0|0|0|9|436|238|142|47|2024|4|25|15|4|40|4|N
15|1|28|B|1|0|U|578|1|14|125|E1501|23|2|30|0|83|0|157|11|48|1|0|3|0|0|0|0|1|0|336|84|94|157|2024|4|25|15|11|30|4|N
15|1|31|C|1|0|R|697|1|14|125|E1501|24|1|46|1|100|1|127|148|11|0|0|0|0|0|2|0|2|7|446|59|251|127|2024|4|25|15|33|16|4|N
15|1|74|C|1|0|R|380|3|14|125|E1501|26|36|47|0|31|25|25|34|47|0|0|2|0|0|1|0|3|2|253|132|91|25|2024|4|25|15|46|36|4|N
15|1|75|E|1|0|R|577|3|14|125|E1501|36|9|2|0|43|11|45|83|66|0|0|21|0|0|4|0|5|8|297|98|141|45|2024|4|25|15|29|57|4|N
15|1|1085|B|1|0|R|749|27|14|125|E1501|45|17|54|0|55|27|119|183|113|0|0|0|0|0|0|0|1|11|580|184|265|119|2024|4|25|15|8|33|4|N
15|1|1092|E|1|0|R|488|27|14|125|E1501|50|53|37|3|28|2|54|11|83|0|0|3|0|0|37|0|5|11|327|179|78|54|2024|4|25|15|5|16|4|N
15|1|2278|B|1|0|R|406|46|14|125|E1501|63|100|7|4|42|35|34|29|0|0|0|0|0|0|1|0|1|0|253|111|107|34|2024|4|25|15|0|54|4|N
15|1|2285|C|1|0|R|576|46|14|125|E1501|70|47|61|16|43|78|44|45|27|3|0|0|0|0|0|0|4|3|371|154|166|44|2024|4|25|15|12|34|4|N
15|1|2289|E|1|1|M|558|46|14|125|E1501|73|9|68|4|106|13|18|80|36|0|0|2|0|0|67|0|0|4|407|119|266|18|2024|4|25|15|17|9|4|N
15|1|2295|B|1|0|R|566|46|14|125|E1501|78|0|39|0|5|30|126|29|166|0|0|7|0|0|0|0|3|3|408|212|64|126|2024|4|25|15|11|1|4|N
15|1|2297|E|1|0|R|438|46|14|125|E1501|80|25|41|0|36|11|87|99|6|0|0|0|0|0|4|0|1|8|318|72|150|87|2024|4|25|15|3|32|4|N
15|1|3864|B|1|0|U|642|65|13|125|E1501|96|12|62|20|297|0|53|74|25|0|0|0|2|0|0|0|3|12|560|119|373|53|2024|4|25|15|42|56|2|N
15|1|3870|C|1|0|R|645|65|13|125|E1501|101|1|79|0|43|1|89|123|76|0|0|0|0|0|6|0|2|0|420|156|173|89|2024|4|25|15|37|8|4|N
15|1|4008|B|1|0|M|574|72|14|125|E1501|110|24|14|0|20|1|157|37|31|17|0|0|0|8|0|0|1|0|310|86|66|157|2024|4|25|15|46|33|4|N
15|1|4158|B|1|0|U|657|80|14|125|E1501|116|8|142|6|56|5|19|94|78|1|0|0|0|0|0|0|3|1|413|235|155|19|2024|4|25|15|47|59|4|N
15|1|4349|C|1|0|U|677|86|13|125|E1501|123|0|0|0|0|0|0|0|0|0|0|0|0|0|0|0|0|0|0|0|0|0|2024|4|25|16|0|4|4|N
15|1|4354|B|1|0|R|705|86|13|125|E1501|126|0|0|0|0|0|0|0|0|0|0|0|0|0|0|0|0|0|0|0|0|0|2024|4|25|15|55|2|4|N
15|1|4732|C|1|0|R|497|103|14|125|E1501|145|0|0|0|0|0|0|0|0|0|0|0|0|0|0|0|0|0|0|0|0|0|2024|4|25|16|6|27|1|N
15|2|668|C|1|0|U|588|24|19|126|E1502|4|4|68|0|29|13|134|104|11|0|0|0|0|0|0|0|5|4|372|83|146|134|2024|4|25|15|24|23|4|N
15|2|672|C|2|0|U|723|24|19|126|E1502|19|0|0|0|0|0|0|0|0|0|0|0|0|0|0|0|0|0|0|0|0|0||||||||
15|2|676|C|1|0|U|590|24|19|126|E1502|7|20|50|1|78|2|170|32|25|0|0|59|0|0|0|0|2|6|445|155|112|170|2024|4|25|14|18|29|1|N
15|2|689|C|8|0|M|733|24|19|126|E1502|40|0|0|0|0|0|0|0|0|0|0|0|0|0|0|0|0|0|0|0|0|0||||||||
15|2|2450|C|1|0|U|714|54|19|126|E1502|43|9|69|6|92|3|179|63|88|0|0|0|0|0|0|0|5|3|517|172|158|179|2024|4|25|15|50|2|1|N
15|2|2453|C|3|0|U|717|54|19|126|E1502|53|36|102|0|9|3|73|163|81|0|0|9|0|0|0|0|4|5|485|228|175|73|2024|4|25|15|9|49|4|N
15|2|2454|C|4|0|M|654|54|19|126|E1502|44|0|0|0|0|0|0|0|0|0|0|0|0|0|0|0|0|0|0|0|0|0|2024|4|25|16|4|17|1|N
15|2|2457|C|2|0|U|669|54|19|126|E1502|51|0|0|0|0|0|0|0|0|0|0|0|0|0|0|0|0|0|0|0|0|0||||||||
15|2|2462|C|2|0|U|678|54|19|126|E1502|57|58|38|4|57|0|55|157|36|0|0|0|0|0|0|0|1|6|412|136|214|55|2024|4|25|15|34|52|1|N
15|2|5453|B|1|0|U|637|109|19|126|E1502|70|0|0|0|0|0|0|0|0|0|0|0|0|0|0|0|0|0|0|0|0|0|2024|4|25|16|9|2|1|N
15|2|5453|C|1|0|U|636|109|19|126|E1502|70|0|0|0|0|0|0|0|0|0|0|0|0|0|0|0|0|0|0|0|0|0|2024|4|25|16|12|33|1|N
15|2|5468|C|1|0|U|683|109|19|126|E1502|66|0|0|0|0|0|0|0|0|0|0|0|0|0|0|0|0|0|0|0|0|0|2024|4|25|16|8|5|1|N
15|2|5470|B|1|0|R|477|109|19|126|E1502|81|28|27|0|0|20|98|88|67|0|0|0|0|0|0|0|5|2|335|122|108|98|2024|4|25|15|21|59|4|N
15|2|5473|C|10|0|U|682|109|19|126|E1502|96|16|70|0|88|1|135|140|79|0|0|1|0|0|1|0|1|5|537|166|230|135|2024|4|25|15|21|4|4|N
15|2|5475|C|3|0|U|733|109|19|126|E1502|100|2|50|26|24|26|69|143|71|0|0|0|0|6|2|0|1|9|429|149|201|69|2024|4|25|15|51|56|1|N
15|2|5478|C|1|0|U|621|109|19|126|E1502|105|0|0|0|0|0|0|0|0|0|0|0|0|0|0|0|0|0|0|0|0|0|2024|4|25|15|59|13|1|N
15|2|6534|C|1|0|U|601|24|19|126|E1502|24|12|4|7|42|38|59|133|12|2|0|6|0|0|0|0|1|8|324|43|213|59|2024|4|25|15|36|36|1|N
15|2|6638|B|1|0|U|615|109|19|126|E1502|77|13|36|6|41|9|129|102|16|0|0|1|0|0|30|0|3|9|395|72|182|129|2024|4|25|15|6|47|4|N
15|2|6684|C|1|0|U|603|109|19|126|E1502|89|0|0|0|0|0|0|0|0|0|0|0|0|0|0|0|0|0|0|0|0|0|2024|4|25|15|53|25|1|N
15|3|420|C|1|0|U|661|14|13|127|E1503|20|0|0|0|0|0|0|0|0|0|0|0|0|0|0|0|0|0|0|0|0|0|2024|4|25|16|9|54|1|N
15|3|435|B|1|0|R|706|14|13|127|E1503|26|0|0|0|0|0|0|0|0|0|0|0|0|0|0|0|0|0|0|0|0|0|2024|4|25|15|57|25|1|N
15|3|446|C|1|0|R|615|14|13|127|E1503|29|6|35|1|195|1|41|71|15|2|0|3|0|0|3|0|4|11|388|62|270|41|2024|4|25|15|2|5|4|N
15|3|2200|E|1|0|R|542|43|15|127|E1503|39|10|30|0|6|0|134|39|28|0|0|0|0|0|0|0|1|11|259|68|45|134|2024|4|25|15|50|18|1|N
15|3|2208|B|1|0|U|681|43|15|127|E1503|55|0|0|0|0|0|0|0|0|0|0|0|0|0|0|0|0|0|0|0|0|0|2024|4|25|15|53|30|1|N
15|3|2212|C|1|0|U|730|43|15|127|E1503|73|0|0|0|0|0|0|0|0|0|0|0|0|0|0|0|0|0|0|0|0|0|2024|4|25|16|10|7|1|N
15|3|2221|C|1|0|R|718|43|15|127|E1503|62|0|0|0|0|0|0|0|0|0|0|0|0|0|0|0|0|0|0|0|0|0||||||||
15|3|2225|C|1|0|R|463|43|15|127|E1503|64|0|0|0|0|0|0|0|0|0|0|0|0|0|0|0|0|0|0|0|0|0||||||||
15|3|2327|B|1|0|R|632|48|15|127|E1503|94|1|87|0|10|97|46|83|20|0|0|0|0|0|0|0|4|9|357|108|190|46|2024|4|25|15|9|4|1|N
15|3|2328|B|1|0|M|612|48|15|127|E1503|102|0|0|0|0|0|0|0|0|0|0|0|0|0|0|0|0|0|0|0|0|0|2024|4|25|15|59|34|1|N
15|3|2329|C|3|0|U|677|48|15|127|E1503|103|0|0|0|0|0|0|0|0|0|0|0|0|0|0|0|0|0|0|0|0|0|2024|4|25|16|2|27|1|N
15|3|2331|C|1|0|R|422|48|15|127|E1503|93|0|0|0|0|0|0|0|0|0|0|0|0|0|0|0|0|0|0|0|0|0|2024|4|25|16|4|28|1|N
15|3|2337|E|3|0|R|745|48|15|127|E1503|106|0|0|0|0|0|0|0|0|0|0|0|0|0|0|0|0|0|0|0|0|0|2024|4|25|16|5|29|1|N
15|3|2339|C|3|0|R|582|48|15|127|E1503|97|20|90|16|13|8|92|61|19|0|0|124|0|0|2|0|4|1|450|269|84|92|2024|4|25|15|11|42|4|N
15|3|2343|B|1|0|R|588|48|15|127|E1503|93|0|0|0|0|0|0|0|0|0|0|0|0|0|0|0|0|0|0|0|0|0|2024|4|25|16|7|14|1|N
15|3|2344|C|1|0|M|581|49|13|127|E1503|116|2|17|1|33|38|51|66|96|10|0|0|0|0|0|0|2|10|326|126|137|51|2024|4|25|15|17|17|1|N
15|3|2345|C|1|0|U|406|49|13|127|E1503|116|5|79|0|35|105|31|7|11|0|0|13|0|0|0|0|0|5|291|108|147|31|2024|4|25|15|19|35|1|N
15|3|2348|C|1|0|M|718|49|13|127|E1503|117|0|0|0|0|0|0|0|0|0|0|0|0|0|0|0|0|0|0|0|0|0|2024|4|25|16|10|2|1|N
15|3|2349|C|1|0|R|736|49|13|127|E1503|128|0|0|0|0|0|0|0|0|0|0|0|0|0|0|0|0|0|0|0|0|0|2024|4|25|16|11|39|1|N
15|3|2361|E|1|0|R|402|49|13|127|E1503|108|0|0|0|0|0|0|0|0|0|0|0|0|0|0|0|0|0|0|0|0|0|2024|4|25|16|14|21|1|N
15|3|6585|C|1|0|U|514|43|15|127|E1503|46|0|0|0|0|0|0|0|0|0|0|0|0|0|0|0|0|0|0|0|0|0|2024|4|25|15|59|44|1|N
15|3|6586|B|1|0|R|680|43|15|127|E1503|63|0|0|0|0|0|0|0|0|0|0|0|0|0|0|0|0|0|0|0|0|0|2024|4|25|16|4|31|1|N
15|3|6691|C|1|0|U|660|14|13|127|E1503|16|0|0|0|0|0|0|0|0|0|0|0|0|0|0|0|0|0|0|0|0|0|2024|4|25|16|5|39|1|N
15|4|3723|C|2|0|U|706|61|44|128|E1504|20|128|29|0|37|4|90|107|12|21|0|4|1|0|0|0|3|8|444|194|149|90|2024|4|25|15|31|10|1|N
15|4|3729|C|2|0|U|617|61|44|128|E1504|39|1|26|2|20|7|96|102|4|0|0|0|0|0|45|0|3|1|307|33|174|96|2024|4|25|15|50|58|1|N
15|4|3729|C|3|0|U|617|61|44|128|E1504|39|2|36|13|71|6|83|134|105|0|0|0|0|0|0|1|0|10|461|156|212|83|2024|4|25|15|52|20|1|N
15|4|3733|C|4|0|U|733|61|44|128|E1504|50|33|29|11|76|63|137|51|71|0|0|5|0|0|0|0|4|7|487|149|190|137|2024|4|25|15|47|7|1|N
15|4|3742|C|3|0|U|679|61|44|128|E1504|29|21|12|0|40|23|85|99|24|0|0|5|0|0|0|0|4|8|321|62|162|85|2024|4|25|15|5|48|4|N
15|4|3749|C|1|0|U|617|61|44|128|E1504|64|0|0|0|0|0|0|0|0|0|0|0|0|0|0|0|0|0|0|0|0|0|2024|4|25|16|2|53|1|N
15|4|3751|C|5|0|U|695|61|44|128|E1504|68|28|49|0|74|52|146|53|62|0|0|2|0|0|0|0|4|6|476|141|179|146|2024|4|25|14|7|5|1|N
15|4|3751|E|1|3|U|615|61|44|128|E1504|69|1|65|2|77|17|181|111|4|0|0|0|0|11|23|0|3|4|499|72|239|181|2024|4|25|15|45|40|1|N
15|4|3757|B|1|0|U|618|61|44|128|E1504|78|0|0|0|0|0|0|0|0|0|0|0|0|0|0|0|0|0|0|0|0|0|2024|4|25|16|8|18|1|N
15|4|3758|B|1|0|U|572|61|44|128|E1504|77|1|100|0|31|7|32|166|74|0|0|0|0|0|4|0|0|4|419|175|208|32|2024|4|25|15|8|14|4|N
15|4|3772|C|1|0|U|731|61|44|128|E1504|95|76|41|0|9|74|151|70|31|0|0|12|0|0|0|0|4|0|468|160|153|151|2024|4|25|15|16|16|4|N
15|4|3773|C|1|0|U|621|61|44|128|E1504|95|0|34|0|30|33|123|87|57|0|0|5|0|4|10|0|3|7|393|96|164|123|2024|4|25|15|23|12|4|N
15|4|3781|B|1|0|U|670|61|44|128|E1504|105|44|32|3|26|34|37|26|62|0|0|26|0|0|0|0|3|2|295|167|86|37|2024|4|25|14|14|1|4|N
15|4|3787|B|1|0|U|685|61|44|128|E1504|92|0|0|0|0|0|0|0|0|0|0|0|0|0|0|0|0|0|0|0|0|0|2024|4|25|16|12|17|1|N
15|4|3787|C|3|0|U|684|61|44|128|E1504|93|0|0|0|0|0|0|0|0|0|0|0|0|0|0|0|0|0|0|0|0|0|2024|4|25|16|12|17|1|N
15|4|3789|C|1|0|U|598|61|44|128|E1504|110|0|0|0|0|0|0|0|0|0|0|0|0|0|0|0|0|0|0|0|0|0|2024|4|25|15|56|41|1|N
15|4|3807|C|1|0|M|628|61|44|128|E1504|19|0|0|0|0|0|0|0|0|0|0|0|0|0|0|0|0|0|0|0|0|0|2024|4|25|16|10|6|1|N
15|4|3808|C|1|0|U|692|61|44|128|E1504|16|0|0|0|0|0|0|0|0|0|0|0|0|0|0|0|0|0|0|0|0|0|2024|4|25|15|56|13|4|N
15|4|3810|B|1|0|R|646|61|44|128|E1504|9|0|65|6|16|3|54|120|93|2|0|1|0|0|0|0|0|0|360|167|139|54|2024|4|25|15|6|37|4|N
15|4|6659|C|1|0|U|596|61|44|128|E1504|90|0|0|0|0|0|0|0|0|0|0|0|0|0|0|0|0|0|0|0|0|0|2024|4|25|16|11|25|1|N
15|4|6694|C|1|0|U|578|61|44|128|E1504|114|16|47|0|12|122|76|48|14|0|0|0|0|0|0|0|3|11|349|77|182|76|2024|4|25|15|28|53|4|N
15|5|4191|E|1|4|M|731|82|33|129|E1505|2|0|172|0|36|1|125|77|48|0|0|10|0|0|17|0|3|8|497|230|131|125|2024|4|25|15|30|50|1|N
15|5|4192|C|2|0|U|642|82|33|129|E1505|5|0|27|0|120|11|91|63|102|0|0|1|0|0|0|1|0|8|424|130|195|91|2024|4|25|15|0|54|4|N
15|5|4213|C|6|0|U|715|82|33|129|E1505|51|1|35|0|7|7|133|72|117|0|0|73|0|0|22|0|4|8|479|226|108|133|2024|4|25|15|17|26|4|N
15|5|4218|B|1|0|U|718|82|33|129|E1505|60|20|6|0|32|87|335|70|22|0|0|0|0|0|1|0|5|0|578|48|190|335|2024|4|25|15|48|54|1|N
15|5|4218|C|1|0|U|717|82|33|129|E1505|60|11|101|0|98|44|114|79|95|0|0|0|0|0|5|0|3|7|557|207|226|114|2024|4|25|15|21|50|4|N
15|5|4222|B|1|0|U|586|82|33|129|E1505|20|0|113|0|64|0|138|131|5|0|0|0|0|0|12|0|3|9|475|118|207|138|2024|4|25|15|6|11|4|N
15|5|4228|C|11|0|U|740|82|33|129|E1505|23|0|0|0|0|0|0|0|0|0|0|0|0|0|0|0|0|0|0|0|0|0|2024|4|25|16|5|30|1|N
15|5|4230|C|2|0|U|721|82|22|129|E1505|43|12|90|0|88|20|144|61|5|18|0|0|0|0|15|0|4|6|463|125|184|144|2024|4|25|15|37|3|1|N
15|5|4233|B|1|0|U|680|82|22|129|E1505|41|89|24|0|30|1|158|147|67|0|0|11|0|0|15|0|4|8|554|191|193|158|2024|4|25|15|14|27|4|N
15|5|4247|C|3|0|M|694|82|33|129|E1505|48|0|0|0|0|0|0|0|0|0|0|0|0|0|0|0|0|0|0|0|0|0|2024|4|25|15|56|51|2|N
15|5|4523|C|1|0|U|672|93|33|129|E1505|104|0|0|0|0|0|0|0|0|0|0|0|0|0|0|0|0|0|0|0|0|0|2024|4|25|16|8|53|1|N
15|5|4527|C|3|0|U|695|93|33|129|E1505|105|2|35|0|2|35|161|88|11|0|0|13|0|0|0|0|4|2|353|61|125|161|2024|4|25|15|46|57|1|N
15|5|4531|B|1|0|R|502|93|33|129|E1505|108|15|94|0|46|11|91|37|26|8|0|0|0|0|0|0|5|11|344|143|94|91|2024|4|25|15|28|44|4|N
15|5|4538|C|1|0|U|689|93|33|129|E1505|95|0|0|0|0|0|0|0|0|0|0|0|0|0|0|0|0|0|0|0|0|0|2024|4|25|16|0|58|1|N
15|5|4541|B|1|0|R|621|93|33|129|E1505|111|28|135|0|24|1|58|129|10|0|0|9|0|0|0|0|4|10|408|182|154|58|2024|4|25|15|13|14|4|N
15|5|4541|C|1|0|R|621|93|33|129|E1505|111|197|9|39|114|14|54|42|92|0|0|0|0|0|1|0|0|8|570|337|171|54|2024|4|25|15|14|47|4|N
15|5|4543|C|1|0|M|732|93|33|129|E1505|100|0|0|0|0|0|0|0|0|0|0|0|0|0|0|0|0|0|0|0|0|0|2024|4|25|16|11|21|1|N
15|5|6862|C|1|0|U|699|82|33|129|E1505|30|0|6|1|9|3|174|146|66|0|0|3|0|1|3|0|0|12|424|76|162|174|2024|4|25|15|45|46|1|N
15|5|6866|C|2|0|U|706|82|33|129|E1505|29|2|58|0|7|7|161|140|16|0|0|0|0|0|3|0|3|11|408|76|157|161|2024|4|25|15|19|39|4|N
15|6|523|B|1|0|U|644|20|38|130|E1506|122|47|26|65|36|5|198|35|30|0|0|0|0|0|0|0|3|10|455|168|76|198|2024|4|25|15|26|51|4|N
15|6|534|C|1|0|U|538|20|38|130|E1506|69|0|7|0|42|9|91|114|64|1|0|0|0|0|70|0|0|11|409|72|235|91|2024|4|25|15|3|52|4|N
15|6|557|C|5|0|U|742|20|38|130|E1506|106|75|322|69|3|60|2|250|0|0|0|0|0|4|10|0|1|8|804|466|327|2|2024|4|25|15|34|25|1|N
15|6|586|B|1|0|U|703|20|38|130|E1506|51|6|211|1|22|2|76|146|65|0|0|3|0|8|0|0|2|4|546|286|178|76|2024|4|25|15|31|21|4|N
15|6|604|C|2|0|U|676|20|38|130|E1506|115|15|67|0|80|0|126|130|8|0|0|0|0|0|5|0|3|8|442|90|215|126|2024|4|25|15|37|8|1|N
15|6|604|S|1|0|U|0|20|38|130|E1506|116|0|27|0|26|83|91|227|22|0|0|0|0|0|0|0|4|7|487|49|336|91|2024|4|25|15|34|9|1|N
15|6|607|C|1|0|U|645|20|38|130|E1506|126|0|0|0|0|0|0|0|0|0|0|0|0|0|0|0|0|0|0|0|0|0|2024|4|25|16|0|40|1|N
15|6|609|C|1|0|U|542|20|38|130|E1506|133|43|44|0|10|2|93|56|50|0|0|62|0|0|16|0|4|7|387|199|84|93|2024|4|25|15|19|47|4|N
15|6|612|C|6|0|U|731|20|38|130|E1506|125|14|48|0|10|34|230|155|16|0|0|0|0|0|1|0|1|0|509|78|200|230|2024|4|25|15|26|18|4|N
15|6|622|C|3|0|U|668|20|38|130|E1506|131|68|97|0|3|9|86|48|26|0|0|0|0|0|2|0|2|0|341|191|62|86|2024|4|25|15|44|13|1|N
15|6|5569|B|1|0|U|507|110|38|130|E1506|13|1|0|0|70|3|56|19|32|0|0|0|0|0|1|0|0|7|189|33|93|56|2024|4|25|15|23|58|1|N
15|6|5569|C|1|0|U|506|110|38|130|E1506|13|0|0|0|0|0|0|0|0|0|0|0|0|0|0|0|0|0|0|0|0|0||||||||
15|6|5576|C|4|0|U|708|110|38|130|E1506|9|28|53|0|50|14|132|166|26|0|0|0|5|0|0|0|0|3|477|107|235|132|2024|4|25|15|18|14|1|N
15|6|5576|C|7|0|U|708|110|38|130|E1506|9|4|14|0|25|204|66|48|85|0|0|0|0|0|5|0|1|2|454|103|282|66|2024|4|25|15|19|19|4|N
15|6|5590|B|1|0|U|668|110|38|130|E1506|27|0|0|0|0|0|0|0|0|0|0|0|0|0|0|0|0|0|0|0|0|0|2024|4|25|15|53|44|1|N
15|6|5590|C|2|0|U|667|110|38|130|E1506|27|0|0|0|0|0|0|0|0|0|0|0|0|0|0|0|0|0|0|0|0|0|2024|4|25|15|56|26|1|N
15|6|5596|B|1|0|U|514|110|38|130|E1506|33|0|0|0|0|0|0|0|0|0|0|0|0|0|0|0|0|0|0|0|0|0|2024|4|25|15|57|33|1|N
15|6|5597|C|2|0|U|620|110|38|130|E1506|30|9|0|0|21|159|66|116|35|0|0|2|0|0|0|0|1|1|410|46|296|66|2024|4|25|15|5|36|4|N
15|6|5598|C|4|0|U|708|110|38|130|E1506|20|21|200|0|37|3|125|106|32|0|0|0|0|0|0|0|1|4|529|253|146|125|2024|4|25|15|22|51|4|N
15|6|5601|B|1|0|U|593|110|38|130|E1506|34|0|0|0|0|0|0|0|0|0|0|0|0|0|0|0|0|0|0|0|0|0||||||||
15|6|5622|C|1|0|U|518|110|38|130|E1506|40|0|0|0|0|0|0|0|0|0|0|0|0|0|0|0|0|0|0|0|0|0|2024|4|25|16|6|14|4|N
15|6|5623|C|1|0|U|652|110|38|130|E1506|40|0|0|0|0|0|0|0|0|0|0|0|0|0|0|0|0|0|0|0|0|0||||||||
15|6|5624|C|2|0|U|528|110|38|130|E1506|36|0|0|0|0|0|0|0|0|0|0|0|0|0|0|0|0|0|0|0|0|0|2024|4|25|16|2|42|4|N
15|6|6708|B|1|0|U|637|20|38|130|E1506|101|14|50|0|19|6|182|12|106|0|0|39|0|0|0|0|4|6|438|209|37|182|2024|4|25|15|42|47|4|N
15|7|695|B|1|0|U|632|25|43|131|E1507|87|0|77|2|12|8|122|147|27|0|0|0|0|0|0|0|1|7|403|106|167|122|2024|4|25|15|9|27|4|N
15|7|695|C|2|0|U|631|25|43|131|E1507|87|3|9|0|112|24|76|24|89|0|0|0|0|0|4|0|1|5|347|101|164|76|2024|4|25|15|9|27|4|N
15|7|720|B|1|0|U|670|25|43|131|E1507|102|44|58|0|11|13|79|80|29|0|0|0|0|0|0|0|1|10|325|131|104|79|2024|4|25|15|40|51|4|N
15|7|720|C|1|0|U|670|25|43|131|E1507|102|2|19|4|49|14|67|204|52|0|0|0|0|0|1|0|0|3|415|77|268|67|2024|4|25|15|43|23|4|N
15|7|721|C|1|0|U|709|25|43|131|E1507|104|21|54|0|6|0|30|63|35|0|0|0|0|0|0|0|2|3|214|110|69|30|2024|4|25|15|32|19|1|N
15|7|724|C|1|0|U|655|25|43|131|E1507|75|11|65|0|1|1|173|35|3|0|0|0|0|0|0|0|0|2|291|79|37|173|2024|4|25|15|31|6|4|N
15|7|743|S|1|0|U|0|25|43|131|E1507|72|1|82|36|0|24|88|111|145|0|0|0|0|0|0|0|1|5|493|264|135|88|2024|4|25|15|6|18|4|N
15|7|745|C|1|0|U|524|25|43|131|E1507|62|3|41|7|23|46|106|59|7|0|0|0|0|0|0|0|5|5|302|58|128|106|2024|4|25|15|0|54|4|N
15|7|756|C|1|0|U|484|25|43|131|E1507|63|0|70|0|24|33|47|70|22|0|0|0|0|0|0|0|4|2|272|92|127|47|2024|4|25|15|18|34|4|N
15|7|761|C|1|0|U|732|25|43|131|E1507|57|17|16|0|125|5|214|83|100|0|1|0|0|0|5|0|1|4|571|134|218|214|2024|4|25|14|4|2|4|N
15|7|779|B|1|0|U|729|25|43|131|E1507|52|14|228|2|5|2|60|95|82|1|0|21|0|0|0|0|4|4|518|348|102|60|2024|4|25|15|35|50|4|N
15|7|779|C|1|0|U|729|25|43|131|E1507|52|11|28|0|14|14|98|177|36|0|0|1|0|0|0|0|5|7|391|76|205|98|2024|4|25|15|38|36|4|N
15|7|798|C|1|0|U|563|25|26|131|E1507|35|6|51|0|91|3|136|111|27|0|0|3|0|0|1|0|1|10|440|87|206|136|2024|4|25|15|36|3|1|N
15|7|804|B|1|0|U|636|25|43|131|E1507|39|20|38|19|106|5|34|153|60|2|0|0|0|0|7|0|1|4|449|139|271|34|2024|4|25|14|2|17|4|N
15|7|820|C|1|0|U|429|25|43|131|E1507|16|0|0|0|0|0|0|0|0|0|0|0|0|0|0|0|0|0|0|0|0|0|2024|4|25|16|13|45|4|N
15|7|824|B|1|0|U|728|25|43|131|E1507|55|75|36|1|177|40|186|13|40|0|0|3|0|0|0|0|1|6|578|155|230|186|2024|4|25|15|21|16|4|N
15|7|841|C|1|0|U|737|25|26|131|E1507|25|0|0|0|0|0|0|0|0|0|0|0|0|0|0|0|0|0|0|0|0|0|2024|4|25|15|59|54|4|N
15|7|846|B|1|0|U|551|25|43|131|E1507|18|17|60|4|32|0|124|84|52|0|0|0|0|0|2|0|3|2|380|133|118|124|2024|4|25|15|23|20|4|N
15|7|877|C|3|0|U|679|25|43|131|E1507|1|18|32|0|63|3|111|30|63|0|0|0|0|0|0|0|2|12|334|113|96|111|2024|4|25|15|29|37|4|N
15|7|908|C|1|0|M|716|25|43|131|E1507|145|0|0|0|0|0|0|0|0|0|0|0|0|0|0|0|0|0|0|0|0|0|2024|4|25|16|6|31|4|N
15|7|6185|C|1|0|U|402|25|43|131|E1507|91|0|0|0|0|0|0|0|0|0|0|0|0|0|0|0|0|0|0|0|0|0||||||||
15|7|6195|C|2|0|U|682|25|43|131|E1507|96|0|0|0|0|0|0|0|0|0|0|0|0|0|0|0|0|0|0|0|0|0|2024|4|25|16|1|54|4|N
15|7|6204|C|1|0|U|724|25|43|131|E1507|113|0|0|0|0|0|0|0|0|0|0|0|0|0|0|0|0|0|0|0|0|0||||||||
15|7|6205|B|1|0|U|517|25|43|131|E1507|113|12|21|4|13|31|98|80|90|0|0|0|0|0|4|0|3|4|360|127|128|98|2024|4|25|15|51|39|1|N
15|7|6470|B|1|0|U|690|25|43|131|E1507|134|46|21|12|48|0|92|29|73|0|0|0|0|0|6|0|5|12|344|152|83|92|2024|4|25|15|41|31|4|N
15|7|6478|C|1|0|U|684|25|43|131|E1507|138|11|29|0|42|6|218|62|27|0|0|0|0|0|3|0|2|2|402|67|113|218|2024|4|25|15|48|7|4|N
15|8|837|C|3|0|U|711|25|26|132|E1508|5|0|0|0|0|0|0|0|0|0|0|0|0|0|0|0|0|0|0|0|0|0||||||||
15|8|837|C|4|0|U|711|25|26|132|E1508|4|0|0|0|0|0|0|0|0|0|0|0|0|0|0|0|0|0|0|0|0|0||||||||
15|8|889|C|1|0|U|631|25|26|132|E1508|20|0|34|5|52|2|164|98|18|0|0|0|0|0|12|0|1|8|394|57|164|164|2024|4|25|15|26|18|4|N
15|8|896|C|1|0|U|404|25|26|132|E1508|28|0|0|0|0|0|0|0|0|0|0|0|0|0|0|0|0|0|0|0|0|0|2024|4|25|16|13|11|1|N
15|8|5483|C|4|0|U|603|110|11|132|E1508|38|16|33|0|91|3|61|23|93|0|0|0|0|0|0|0|2|9|331|142|117|61|2024|4|25|15|29|10|1|N
15|8|5488|C|2|0|U|607|110|11|132|E1508|35|36|12|0|26|27|107|63|160|0|0|0|0|0|0|0|3|3|437|208|116|107|2024|4|25|15|0|58|4|N
15|8|5494|C|2|0|U|539|110|11|132|E1508|43|0|0|0|0|0|0|0|0|0|0|0|0|0|0|0|0|0|0|0|0|0|2024|4|25|16|7|18|1|N
15|8|5501|C|2|0|U|631|110|11|132|E1508|51|0|0|0|0|0|0|0|0|0|0|0|0|0|0|0|0|0|0|0|0|0|2024|4|25|16|9|38|1|N
15|8|5508|C|2|0|U|553|110|11|132|E1508|48|3|91|0|11|0|155|101|76|0|0|0|0|0|0|0|2|6|445|170|112|155|2024|4|25|15|37|0|4|N
15|8|5520|C|2|0|U|658|110|11|132|E1508|63|59|160|0|7|0|56|64|66|0|0|2|0|0|0|0|1|3|418|287|71|56|2024|4|25|15|34|59|4|N
15|8|5529|C|3|0|U|729|110|11|132|E1508|78|119|40|11|160|22|252|53|19|2|0|0|0|8|0|0|1|4|691|191|243|252|2024|4|25|15|8|8|4|N
15|8|5539|C|5|0|U|692|110|11|132|E1508|87|8|23|0|94|39|72|22|137|0|0|0|0|0|1|0|0|4|400|168|156|72|2024|4|25|15|51|23|1|N
15|8|5539|C|11|0|U|692|110|11|132|E1508|88|0|0|0|0|0|0|0|0|0|0|0|0|0|0|0|0|0|0|0|0|0||||||||
15|8|5543|C|3|0|U|697|110|11|132|E1508|80|0|0|0|0|0|0|0|0|0|0|0|0|0|0|0|0|0|0|0|0|0|2024|4|25|15|55|10|4|N
15|8|5548|C|7|0|U|728|110|11|132|E1508|90|0|0|0|0|0|0|0|0|0|0|0|0|0|0|0|0|0|0|0|0|0||||||||
15|8|5550|C|4|0|U|741|110|11|132|E1508|91|0|0|0|0|0|0|0|0|0|0|0|0|0|0|0|0|0|0|0|0|0||||||||
15|8|5628|C|2|0|U|625|110|11|132|E1508|107|0|179|0|20|1|176|22|13|0|0|0|0|2|0|0|3|7|423|192|45|176|2024|4|25|15|49|50|4|N
15|8|5631|C|1|0|U|560|110|11|132|E1508|110|0|0|0|0|0|0|0|0|0|0|0|0|0|0|0|0|0|0|0|0|0||||||||
15|8|5640|B|1|0|U|624|110|11|132|E1508|112|1|180|0|14|4|146|8|135|1|0|0|0|0|0|0|3|11|503|317|26|146|2024|4|25|15|45|16|4|N
15|8|6171|B|1|0|U|672|110|11|132|E1508|114|0|56|0|32|5|143|104|49|0|0|50|0|0|0|22|0|8|469|155|163|143|2024|4|25|15|33|30|4|N
15|8|6174|C|1|0|U|651|110|11|132|E1508|116|0|0|0|0|0|0|0|0|0|0|0|0|0|0|0|0|0|0|0|0|0||||||||
15|8|6175|C|2|0|U|553|110|11|132|E1508|117|10|44|0|30|3|134|62|13|0|0|4|0|0|0|0|2|1|303|71|95|134|2024|4|25|15|42|29|4|N
15|8|6660|C|1|0|U|656|110|11|132|E1508|49|0|0|0|0|0|0|0|0|0|0|0|0|0|0|0|0|0|0|0|0|0||||||||
15|8|6716|C|1|0|U|727|110|11|132|E1508|134|0|0|0|0|0|0|0|0|0|0|0|0|0|0|0|0|0|0|0|0|0|2024|4|25|16|3|33|4|N
15|9|1298|C|1|0|R|658|33|10|133|E1509|10|2|94|0|15|2|182|38|54|9|0|0|0|0|0|0|5|5|406|159|55|182|2024|4|25|15|34|36|1|N
15|9|4031|C|2|0|R|646|124|13|133|E1509|56|12|21|0|55|8|38|105|34|137|0|0|0|0|33|0|5|3|451|204|201|38|2024|4|25|15|47|20|1|N
15|9|4033|E|1|0|R|569|124|13|133|E1509|55|5|82|9|155|8|35|61|23|0|0|1|2|0|0|0|1|11|393|120|226|35|2024|4|25|15|52|21|1|N
15|9|4035|C|1|0|R|382|75|15|133|E1509|15|5|46|0|17|0|52|103|31|0|0|0|0|0|0|0|4|8|266|82|120|52|2024|4|25|15|12|10|4|N
15|9|4035|E|1|1|R|507|75|15|133|E1509|15|24|21|21|6|12|66|135|15|0|0|0|0|0|19|0|2|12|333|81|172|66|2024|4|25|15|14|17|4|N
15|9|4051|B|1|0|R|653|75|15|133|E1509|28|4|96|0|70|7|203|77|79|4|0|0|0|0|0|0|5|6|551|183|154|203|2024|4|25|15|43|8|1|N
15|9|4063|C|1|0|R|731|124|13|133|E1509|69|1|48|0|46|12|82|46|35|5|0|0|0|0|0|0|5|3|283|89|104|82|2024|4|25|15|17|56|4|N
15|9|4063|C|3|0|R|730|124|13|133|E1509|69|60|63|19|14|1|122|133|57|0|0|0|1|0|9|0|3|2|484|199|158|122|2024|4|25|15|20|41|4|N
15|9|4064|C|2|0|R|563|124|13|133|E1509|71|6|73|64|49|29|48|126|33|4|0|0|0|0|0|0|0|10|442|180|204|48|2024|4|25|15|4|47|4|N
15|9|4067|C|2|0|R|722|124|13|133|E1509|68|5|183|2|123|0|46|60|104|2|0|0|27|0|0|12|1|8|573|296|222|46|2024|4|25|15|9|48|4|N
15|9|4069|C|5|0|R|735|75|15|133|E1509|33|0|0|0|0|0|0|0|0|0|0|0|0|0|0|0|0|0|0|0|0|0|2024|4|25|16|7|14|1|N
15|9|4075|C|6|0|M|677|75|15|133|E1509|46|0|9|1|20|4|189|77|17|0|0|1|0|0|0|0|0|11|329|28|101|189|2024|4|25|15|21|56|4|N
15|9|4100|B|1|0|R|331|75|15|133|E1509|14|3|15|0|10|0|46|15|28|0|0|2|0|0|0|0|4|4|127|48|25|46|2024|4|25|15|9|2|4|N
15|9|5691|C|3|0|R|565|112|10|133|E1509|97|9|73|6|118|0|94|87|14|4|0|11|0|0|1|0|2|4|423|117|206|94|2024|4|25|15|7|4|4|N
15|9|5693|B|1|0|R|492|112|10|133|E1509|97|26|70|0|8|5|26|51|103|11|0|79|0|0|0|0|3|3|385|289|64|26|2024|4|25|15|11|11|4|N
15|9|5752|B|1|0|R|693|115|10|133|E1509|110|18|232|0|1|23|99|29|54|38|0|0|0|0|14|29|5|5|547|342|96|99|2024|4|25|15|18|54|4|N
15|9|5762|B|1|0|R|520|115|10|133|E1509|115|1|16|78|43|1|24|72|36|0|0|1|0|0|0|0|3|10|285|132|116|24|2024|4|25|15|31|28|4|N
15|9|5774|B|1|0|R|607|115|10|133|E1509|130|13|12|13|3|8|130|103|9|0|0|3|0|0|11|0|3|11|319|50|125|130|2024|4|25|15|40|2|4|N
15|9|5783|S|1|0|R|0|115|10|133|E1509|126|5|58|0|31|50|105|34|141|0|0|16|0|0|0|0|5|8|453|220|115|105|2024|4|25|15|43|11|4|N
15|9|6600|C|2|0|R|653|115|10|133|E1509|107|0|54|0|11|6|50|230|25|0|0|0|0|0|0|0|0|4|380|79|247|50|2024|4|25|15|19|30|4|N
15|9|6604|C|1|0|R|671|115|10|133|E1509|113|38|99|0|69|21|32|45|31|0|0|0|0|0|0|0|1|12|348|168|135|32|2024|4|25|15|33|1|4|N
15|9|6606|B|1|0|R|696|115|10|133|E1509|118|22|31|0|29|15|177|135|83|7|0|0|0|0|3|0|3|0|505|143|182|177|2024|4|25|15|45|48|1|N
15|9|6883|C|1|0|R|623|75|15|133|E1509|38|131|30|0|22|6|107|64|9|18|0|36|13|0|10|0|3|10|459|224|115|107|2024|4|25|15|40|41|1|N
15|9|6885|B|1|0|R|555|115|10|133|E1509|109|6|34|7|22|27|25|8|253|0|0|0|0|0|1|0|1|12|396|300|58|25|2024|4|25|15|19|32|4|N
15|10|1743|B|1|0|U|592|34|6|134|E1510|120|0|0|0|0|0|0|0|0|0|0|0|0|0|0|0|0|0|0|0|0|0||||||||
15|10|1744|B|1|0|U|599|34|6|134|E1510|121|40|69|0|27|91|44|58|25|0|0|0|0|0|0|0|0|12|366|134|176|44|2024|4|25|15|52|26|4|N
15|10|1748|B|1|0|U|731|34|6|134|E1510|102|24|45|0|95|76|48|188|43|1|0|19|1|1|0|0|5|1|547|132|361|48|2024|4|25|15|38|6|1|N
15|10|1751|C|2|0|U|533|34|6|134|E1510|101|0|0|0|0|0|0|0|0|0|0|0|0|0|0|0|0|0|0|0|0|0||||||||
15|10|1757|C|3|0|U|657|34|6|134|E1510|119|0|0|0|0|0|0|0|0|0|0|0|0|0|0|0|0|0|0|0|0|0||||||||
15|10|1763|C|1|0|U|611|34|6|134|E1510|108|25|23|3|1|23|266|3|43|0|0|0|0|0|0|0|4|2|393|94|27|266|2024|4|25|15|42|53|4|N
15|10|1776|B|1|0|U|732|34|6|134|E1510|88|0|0|0|0|0|0|0|0|0|0|0|0|0|0|0|0|0|0|0|0|0||||||||
15|10|1792|C|2|0|U|620|34|6|134|E1510|26|0|0|0|0|0|0|0|0|0|0|0|0|0|0|0|0|0|0|0|0|0||||||||
15|10|1801|B|1|0|U|519|34|6|134|E1510|55|0|0|0|0|0|0|0|0|0|0|0|0|0|0|0|0|0|0|0|0|0||||||||
15|10|1805|B|1|0|U|655|34|6|134|E1510|54|0|0|0|0|0|0|0|0|0|0|0|0|0|0|0|0|0|0|0|0|0|2024|4|25|15|53|15|1|N
15|10|1810|C|2|0|U|624|34|6|134|E1510|42|0|0|0|0|0|0|0|0|0|0|0|0|0|0|0|0|0|0|0|0|0|2024|4|25|16|9|0|1|N
15|10|1814|C|1|0|U|427|34|6|134|E1510|31|18|13|4|110|9|39|103|14|0|0|1|14|0|14|0|0|9|348|50|250|39|2024|4|25|15|37|17|1|N
15|10|1819|B|1|0|U|674|34|6|134|E1510|28|0|0|0|0|0|0|0|0|0|0|0|0|0|0|0|0|0|0|0|0|0|2024|4|25|16|0|19|1|N
15|10|1830|C|3|0|U|682|34|6|134|E1510|46|0|0|0|0|0|0|0|0|0|0|0|0|0|0|0|0|0|0|0|0|0||||||||
15|10|1834|C|2|0|U|649|34|6|134|E1510|14|0|165|0|28|76|58|107|48|0|0|0|0|0|1|0|1|3|487|213|212|58|2024|4|25|15|36|24|1|N
15|10|6032|C|1|0|U|667|34|6|134|E1510|86|19|28|0|3|20|139|56|62|0|0|11|0|0|39|0|5|12|394|120|118|139|2024|4|25|15|21|16|4|N
15|10|6041|B|1|0|U|496|34|6|134|E1510|33|0|0|0|0|0|0|0|0|0|0|0|0|0|0|0|0|0|0|0|0|0|2024|4|25|16|1|47|1|N
15|10|6048|B|1|0|U|570|34|6|134|E1510|66|0|141|0|17|8|148|89|32|0|0|0|0|0|0|0|4|4|443|173|114|148|2024|4|25|15|30|30|1|N
15|10|6484|C|1|0|U|624|34|6|134|E1510|4|0|18|0|10|9|140|74|40|0|0|0|0|0|0|0|4|11|306|58|93|140|2024|4|25|15|23|29|1|N
15|10|6491|C|1|0|U|599|34|6|134|E1510|13|0|0|0|0|0|0|0|0|0|0|0|0|0|0|0|0|0|0|0|0|0||||||||
15|10|6721|B|1|0|U|639|34|6|134|E1510|80|23|38|0|50|3|170|28|20|0|0|0|37|0|0|0|2|6|377|81|118|170|2024|4|25|15|29|6|4|N
15|11|1307|C|3|0|U|627|34|21|135|E1511|39|42|4|15|16|3|76|45|62|39|0|0|0|0|7|0|1|3|313|162|71|76|2024|4|25|15|47|56|1|N
15|11|1309|B|1|0|U|459|34|21|135|E1511|41|10|19|2|11|0|168|157|14|0|0|7|0|0|1|0|4|8|401|52|169|168|2024|4|25|15|22|10|4|N
15|11|1309|C|1|0|U|459|34|21|135|E1511|41|4|35|0|15|1|91|94|52|0|0|7|0|0|0|0|0|5|304|98|110|91|2024|4|25|15|40|54|1|N
15|11|1311|C|1|0|U|745|34|21|135|E1511|40|33|86|0|21|9|111|176|12|0|0|0|0|0|0|0|3|9|460|131|206|111|2024|4|25|15|31|7|4|N
15|11|1315|B|1|0|U|426|34|21|135|E1511|43|0|0|0|0|0|0|0|0|0|0|0|0|0|0|0|0|0|0|0|0|0|2024|4|25|16|0|53|4|N
15|11|1331|C|2|0|U|575|34|21|135|E1511|61|30|8|0|11|5|131|0|54|0|0|19|0|0|0|0|0|10|268|111|16|131|2024|4|25|15|18|2|1|N
15|11|1332|B|1|0|U|487|34|21|135|E1511|62|10|163|0|2|48|22|9|10|0|0|6|0|0|0|0|0|10|280|189|59|22|2024|4|25|15|21|30|1|N
15|11|1340|C|2|0|U|568|34|21|135|E1511|59|8|142|1|15|16|85|40|38|0|0|52|0|0|12|0|0|1|410|241|83|85|2024|4|25|15|25|14|4|N
15|11|1357|C|4|0|U|720|34|21|135|E1511|79|0|107|0|5|24|332|50|10|0|0|0|0|0|0|0|4|12|544|117|79|332|2024|4|25|15|20|7|4|N
15|11|1360|B|1|0|U|624|34|21|135|E1511|82|10|71|70|6|44|165|25|110|0|0|1|0|0|7|0|1|2|512|262|82|165|2024|4|25|15|18|38|4|N
15|11|1361|C|1|0|U|714|34|21|135|E1511|120|0|0|0|0|0|0|0|0|0|0|0|0|0|0|0|0|0|0|0|0|0||||||||
15|11|1362|C|10|0|U|701|34|21|135|E1511|129|0|0|0|0|0|0|0|0|0|0|0|0|0|0|0|0|0|0|0|0|0|2024|4|25|15|54|52|1|N
15|11|1367|B|1|0|U|703|34|37|135|E1511|113|5|15|0|4|34|174|93|35|0|0|3|0|0|0|0|1|3|367|58|131|174|2024|4|25|15|42|31|4|N
15|11|1503|C|1|0|U|685|34|21|135|E1511|86|0|111|0|29|0|74|67|210|1|0|0|0|0|0|0|1|6|499|322|96|74|2024|4|25|15|33|38|4|N
15|11|1508|B|1|0|U|511|34|21|135|E1511|88|31|20|2|100|2|85|81|69|4|0|0|0|0|14|0|1|2|411|126|197|85|2024|4|25|15|33|22|4|N
15|11|1511|B|1|0|U|554|34|8|135|E1511|89|12|12|0|7|45|19|74|24|0|0|0|0|0|0|0|5|3|201|48|126|19|2024|4|25|15|26|32|4|N
15|11|1515|B|1|0|U|719|34|21|135|E1511|98|96|57|9|82|5|58|246|4|0|0|0|0|0|80|0|1|0|638|166|413|58|2024|4|25|15|31|41|4|N
15|11|1521|B|1|0|U|418|34|8|135|E1511|93|9|3|27|10|22|81|52|23|0|0|3|0|0|1|0|4|3|238|65|85|81|2024|4|25|15|25|41|4|N
15|11|1523|C|2|0|U|680|34|21|135|E1511|108|4|9|2|53|45|72|98|86|0|0|36|0|0|0|0|3|4|412|137|196|72|2024|4|25|15|49|47|4|N
15|11|1524|C|1|0|U|566|34|21|135|E1511|109|10|83|0|4|61|35|50|19|0|0|21|0|13|0|0|3|8|307|133|128|35|2024|4|25|15|40|35|4|N
15|11|1525|C|1|0|U|694|34|21|135|E1511|110|0|0|0|0|0|0|0|0|0|0|0|0|0|0|0|0|0|0|0|0|0||||||||
15|11|1856|C|1|0|U|543|34|8|135|E1511|94|47|23|0|4|4|210|67|120|0|0|0|0|0|15|0|5|7|502|190|90|210|2024|4|25|15|29|47|4|N
15|11|6005|B|1|0|U|666|34|21|135|E1511|22|114|2|11|9|76|90|21|3|0|0|0|0|0|1|0|0|12|339|130|107|90|2024|4|25|15|37|5|4|N
15|11|6023|B|1|0|U|426|34|21|135|E1511|65|0|7|0|10|17|119|43|38|0|0|0|0|0|0|1|2|10|247|45|71|119|2024|4|25|15|46|45|1|N
15|12|2089|C|2|0|U|731|40|40|136|E1512|57|7|162|0|13|131|132|88|33|0|0|0|0|0|0|0|0|11|577|202|232|132|2024|4|25|15|34|21|1|N
15|12|2095|C|2|0|U|746|40|40|136|E1512|25|3|24|0|36|0|39|158|101|1|0|0|0|1|0|0|3|1|367|129|195|39|2024|4|25|15|1|53|4|N
15|12|2099|B|1|0|U|673|40|40|136|E1512|27|33|63|0|150|62|81|101|7|0|0|17|0|0|0|0|1|10|525|120|313|81|2024|4|25|14|16|50|1|N
15|12|2144|C|1|0|U|725|40|40|136|E1512|96|57|1|12|61|23|117|192|116|1|0|0|0|0|2|0|5|9|596|187|278|117|2024|4|25|14|3|39|4|N
15|12|2163|C|1|0|U|716|40|40|136|E1512|75|0|0|0|0|0|0|0|0|0|0|0|0|0|0|0|0|0|0|0|0|0|2024|4|25|16|1|34|1|N
15|12|6051|C|3|0|U|720|40|40|136|E1512|33|0|0|0|0|0|0|0|0|0|0|0|0|0|0|0|0|0|0|0|0|0|2024|4|25|16|5|59|1|N
15|12|6063|C|1|0|U|517|40|40|136|E1512|50|60|4|0|50|7|129|17|138|21|0|0|0|0|0|0|1|6|433|223|74|129|2024|4|25|14|16|32|4|N
15|12|6064|C|1|0|U|521|40|40|136|E1512|49|0|12|0|63|0|64|12|10|0|0|0|0|0|0|0|2|12|175|22|75|64|2024|4|25|14|3|7|4|N
15|12|6065|B|1|0|U|462|40|40|136|E1512|7|0|0|0|0|0|0|0|0|0|0|0|0|0|0|0|0|0|0|0|0|0|2024|4|25|15|52|49|4|N
15|12|6090|B|1|0|U|674|40|40|136|E1512|20|0|0|0|0|0|0|0|0|0|0|0|0|0|0|0|0|0|0|0|0|0||||||||
15|12|6093|C|1|0|U|648|40|40|136|E1512|22|31|74|0|55|30|116|72|13|10|0|1|0|0|9|0|3|8|422|129|166|116|2024|4|25|15|32|19|4|N
15|12|6107|B|1|0|U|624|40|40|136|E1512|29|29|125|0|15|10|49|78|8|0|0|6|0|0|0|0|0|10|330|168|103|49|2024|4|25|15|15|6|4|N
15|12|6107|C|1|0|U|623|40|40|136|E1512|29|31|15|0|120|23|109|46|16|0|0|0|0|0|79|0|2|2|443|62|268|109|2024|4|25|15|15|9|4|N
15|12|6120|C|1|0|U|466|40|40|136|E1512|114|0|0|0|0|0|0|0|0|0|0|0|0|0|0|0|0|0|0|0|0|0||||||||
15|12|6126|C|2|0|U|620|40|40|136|E1512|116|85|61|0|36|19|170|6|59|0|0|0|0|0|12|0|1|8|457|205|73|170|2024|4|25|14|5|57|4|N
15|12|6239|B|1|0|U|714|40|40|136|E1512|108|0|0|0|0|0|0|0|0|0|0|0|0|0|0|0|0|0|0|0|0|0||||||||
15|12|6240|B|1|0|U|296|40|40|136|E1512|107|0|0|0|0|0|0|0|0|0|0|0|0|0|0|0|0|0|0|0|0|0||||||||
15|12|6243|B|1|0|U|541|40|40|136|E1512|99|10|42|0|25|9|135|59|61|0|0|0|0|0|3|0|0|12|356|113|96|135|2024|4|25|15|21|24|1|N
15|12|6245|C|1|0|U|702|40|40|136|E1512|100|0|0|0|0|0|0|0|0|0|0|0|0|0|0|0|0|0|0|0|0|0|2024|4|25|16|11|52|1|N
15|12|6245|C|2|0|U|701|40|40|136|E1512|100|0|0|0|0|0|0|0|0|0|0|0|0|0|0|0|0|0|0|0|0|0|2024|4|25|16|13|16|1|N
15|12|6261|C|1|0|U|610|40|40|136|E1512|102|18|37|0|35|8|166|181|6|0|0|0|0|0|10|0|4|6|471|61|234|166|2024|4|25|15|23|53|1|N
15|13|1530|C|1|0|U|416|34|8|137|E1513|46|0|0|0|0|0|0|0|0|0|0|0|0|0|0|0|0|0|0|0|0|0|2024|4|25|16|6|55|1|N
15|13|1536|C|2|0|U|639|34|8|137|E1513|92|0|0|0|0|0|0|0|0|0|0|0|0|0|0|0|0|0|0|0|0|0|2024|4|25|16|10|22|1|N
15|13|1536|C|3|0|U|639|34|8|137|E1513|92|0|0|0|0|0|0|0|0|0|0|0|0|0|0|0|0|0|0|0|0|0|2024|4|25|16|11|58|1|N
15|13|1540|C|1|0|U|519|34|8|137|E1513|78|92|28|0|44|74|68|52|61|1|0|0|0|0|0|0|1|8|429|182|170|68|2024|4|25|15|15|8|4|N
15|13|1548|B|1|0|U|679|34|8|137|E1513|76|0|0|0|0|0|0|0|0|0|0|0|0|0|0|0|0|0|0|0|0|0||||||||
15|13|1557|C|2|0|U|575|34|8|137|E1513|95|0|0|0|0|0|0|0|0|0|0|0|0|0|0|0|0|0|0|0|0|0|2024|4|25|16|6|42|1|N
15|13|1570|B|1|0|U|600|34|8|137|E1513|80|0|142|8|45|76|20|61|61|0|0|5|0|0|0|0|0|0|418|216|182|20|2024|4|25|15|35|29|4|N
15|13|1579|B|1|0|U|678|34|8|137|E1513|81|7|166|0|17|20|98|66|86|0|0|0|0|0|0|0|5|6|471|259|103|98|2024|4|25|15|23|34|4|N
15|13|1597|C|1|0|U|594|34|8|137|E1513|98|76|30|0|15|15|52|38|38|2|0|0|0|0|10|0|0|11|287|146|78|52|2024|4|25|11|54|40|4|N
15|13|1602|B|1|0|U|490|34|42|137|E1513|105|5|42|0|5|20|98|54|26|0|0|0|0|0|50|0|4|12|316|73|129|98|2024|4|25|15|4|32|4|N
15|13|1618|B|1|0|U|609|34|42|137|E1513|112|0|0|0|0|0|0|0|0|0|0|0|0|0|0|0|0|0|0|0|0|0||||||||
15|13|1644|C|1|0|U|736|34|42|137|E1513|113|27|134|0|71|88|103|113|94|0|0|4|0|0|0|0|5|3|642|259|272|103|2024|4|25|15|26|12|4|N
15|13|1661|B|1|0|U|597|34|42|137|E1513|139|60|49|56|3|70|127|72|37|0|0|10|0|0|0|0|1|12|497|212|145|127|2024|4|25|14|17|23|4|N
15|13|1672|B|1|0|U|456|34|42|137|E1513|153|8|84|2|56|1|64|46|4|0|0|0|0|0|0|0|5|12|282|98|103|64|2024|4|25|15|4|56|4|N
15|13|1673|B|1|0|U|638|34|42|137|E1513|152|31|34|18|27|12|78|138|197|0|0|3|0|0|0|0|3|9|550|283|177|78|2024|4|25|15|1|37|4|N
15|13|1673|C|1|0|U|637|34|42|137|E1513|152|18|56|3|4|3|149|14|52|0|0|0|0|0|30|0|0|6|335|129|51|149|2024|4|25|15|2|25|4|N
15|13|1682|C|2|0|U|535|34|42|137|E1513|152|0|64|0|84|0|22|88|5|46|0|0|0|0|0|0|3|9|321|115|172|22|2024|4|25|15|0|55|4|N
15|13|1698|B|1|0|U|580|34|42|137|E1513|142|0|0|0|0|0|0|0|0|0|0|0|0|0|0|0|0|0|0|0|0|0||||||||
15|13|1862|C|7|0|U|701|34|8|137|E1513|32|181|61|21|11|0|106|29|53|0|0|2|0|0|1|0|1|8|474|318|41|106|2024|4|25|14|17|19|4|N
15|13|1865|C|1|0|U|581|34|8|137|E1513|17|74|53|0|51|7|64|72|104|0|0|4|0|0|7|0|0|6|442|235|137|64|2024|4|25|14|8|24|4|N
15|13|1872|C|2|0|U|596|34|8|137|E1513|38|9|49|0|34|5|192|8|8|0|0|0|0|0|11|0|5|1|322|66|58|192|2024|4|25|15|8|36|4|N
15|13|1881|C|1|0|U|665|34|8|137|E1513|29|182|54|41|11|1|83|40|35|0|0|0|0|0|2|0|2|11|462|312|54|83|2024|4|25|14|7|38|4|N
15|13|1908|C|1|0|U|607|34|8|137|E1513|71|17|17|0|66|11|132|68|84|10|0|0|0|0|0|0|1|4|410|128|145|132|2024|4|25|15|8|9|4|N
15|13|1920|B|1|0|U|713|34|8|137|E1513|57|0|0|0|0|0|0|0|0|0|0|0|0|0|0|0|0|0|0|0|0|0||||||||
15|13|1921|C|1|0|U|506|34|8|137|E1513|55|0|0|0|0|0|0|0|0|0|0|0|0|0|0|0|0|0|0|0|0|0|2024|4|25|16|8|46|1|N
15|13|1932|C|1|0|U|703|34|8|137|E1513|70|38|41|5|74|16|93|163|7|8|0|11|0|0|19|0|3|1|479|110|272|93|2024|4|25|15|20|3|4|N
15|13|1936|C|1|0|U|440|34|8|137|E1513|73|5|53|1|15|4|23|26|23|0|0|0|0|0|0|18|1|11|180|82|63|23|2024|4|25|15|9|11|4|N
15|13|1948|C|1|0|U|523|34|8|137|E1513|91|22|58|0|65|0|61|64|60|0|0|6|0|0|0|0|5|10|351|146|129|61|2024|4|25|15|8|36|4|N
15|14|35|C|6|0|U|699|2|39|138|E1514|35|31|28|0|7|7|93|299|90|0|0|13|0|0|0|0|3|1|572|162|313|93|2024|4|25|15|50|40|1|N
15|14|40|B|1|0|R|539|2|39|138|E1514|31|0|58|0|37|0|191|53|109|0|0|0|0|0|0|0|1|3|452|167|90|191|2024|4|25|15|31|25|1|N
15|14|41|C|2|0|U|614|2|39|138|E1514|30|3|27|5|18|70|52|64|27|0|0|7|0|0|1|0|4|10|288|69|153|52|2024|4|25|15|4|27|4|N
15|14|47|C|3|0|U|728|2|39|138|E1514|26|27|14|0|154|24|169|162|44|5|0|7|0|0|0|0|3|9|618|97|340|169|2024|4|25|14|11|15|4|N
15|14|49|C|2|0|U|672|2|39|138|E1514|24|39|49|0|83|8|142|92|3|0|0|0|0|0|0|0|4|1|421|91|183|142|2024|4|25|14|11|37|4|N
15|14|487|C|2|0|U|617|16|33|138|E1514|88|0|0|0|0|0|0|0|0|0|0|0|0|0|0|0|0|0|0|0|0|0|2024|4|25|15|59|41|1|N
15|14|1098|C|2|0|U|678|29|23|138|E1514|103|80|22|0|110|1|175|15|9|0|0|0|0|0|0|0|4|9|425|111|126|175|2024|4|25|15|36|44|1|N
15|14|1101|B|1|0|R|684|29|23|138|E1514|95|41|65|0|77|28|74|110|61|1|0|10|0|0|24|7|3|2|503|178|246|74|2024|4|25|15|14|32|4|N
15|14|1106|C|1|0|R|653|29|23|138|E1514|97|27|182|19|8|0|157|46|8|0|0|1|0|0|73|0|4|6|531|237|127|157|2024|4|25|15|9|33|4|N
15|14|3823|C|1|0|U|564|62|33|138|E1514|90|23|9|1|12|21|92|154|77|0|0|7|0|0|0|0|1|7|404|117|187|92|2024|4|25|14|5|9|4|N
15|14|3940|C|3|0|U|606|70|23|138|E1514|104|62|46|0|4|47|65|53|129|0|0|0|0|0|0|0|1|6|413|237|104|65|2024|4|25|14|17|34|4|N
15|14|4113|C|1|0|R|556|76|33|138|E1514|78|45|103|0|26|0|90|96|37|0|0|0|0|0|0|0|2|6|405|185|122|90|2024|4|25|15|6|47|4|N
15|14|4119|B|1|0|R|719|76|33|138|E1514|73|0|0|0|0|0|0|0|0|0|0|0|0|0|0|0|0|0|0|0|0|0|2024|4|25|16|2|19|1|N
15|14|4546|C|1|0|M|644|94|39|138|E1514|69|26|12|4|28|29|66|27|6|0|0|0|0|0|19|0|3|7|227|48|103|66|2024|4|25|15|23|32|1|N
15|14|4693|B|1|0|U|730|101|39|138|E1514|58|0|0|0|0|0|0|0|0|0|0|0|0|0|0|0|0|0|0|0|0|0|2024|4|25|16|10|35|1|N
15|14|4700|B|1|0|R|648|101|39|138|E1514|57|3|54|0|7|6|75|45|16|0|0|0|0|0|0|0|1|4|211|73|58|75|2024|4|25|15|35|18|1|N
15|14|6703|C|1|0|U|711|2|39|138|E1514|9|7|8|0|23|68|234|119|88|0|0|0|0|0|0|0|0|4|551|103|210|234|2024|4|25|14|1|39|4|N
15|14|6703|C|3|0|U|710|2|39|138|E1514|9|24|71|0|12|17|220|113|92|0|0|0|0|0|0|0|3|5|557|187|142|220|2024|4|25|14|4|7|4|N
15|15|255|C|3|0|U|632|13|26|139|E1515|1|8|15|5|28|4|72|180|11|0|0|5|0|20|1|0|5|0|354|44|233|72|2024|4|25|14|17|13|4|N
15|15|255|C|4|0|U|632|13|26|139|E1515|1|18|14|0|19|7|50|208|19|0|0|0|0|0|18|0|2|10|365|51|252|50|2024|4|25|14|34|12|4|N
15|15|263|C|1|0|U|692|13|26|139|E1515|21|16|18|0|20|4|185|217|31|0|0|6|0|0|0|0|1|9|507|71|241|185|2024|4|25|15|45|0|1|N
15|15|271|C|6|0|U|671|13|26|139|E1515|8|0|0|0|0|0|0|0|0|0|0|0|0|0|0|0|0|0|0|0|0|0|2024|4|25|15|54|49|1|N
15|15|273|C|2|0|U|665|13|16|139|E1515|51|1|23|24|17|8|178|186|50|0|0|0|0|0|2|0|4|4|497|98|213|178|2024|4|25|14|16|43|4|N
15|15|274|C|4|0|U|647|13|16|139|E1515|49|18|29|5|41|17|91|44|180|0|0|0|0|0|0|0|1|2|428|232|102|91|2024|4|25|15|25|19|1|N
15|15|280|C|5|0|U|725|13|16|139|E1515|139|7|143|0|44|7|259|58|41|0|0|1|0|0|0|0|3|6|569|192|109|259|2024|4|25|15|46|45|1|N
15|15|287|C|2|0|U|721|13|16|139|E1515|62|6|0|12|73|6|221|92|95|0|0|0|0|0|16|0|2|10|533|113|187|221|2024|4|25|15|16|34|4|N
15|15|317|B|1|0|U|718|13|26|139|E1515|31|4|0|3|8|29|192|196|73|0|0|0|0|0|8|0|4|6|523|80|241|192|2024|4|25|14|47|48|4|N
15|15|317|C|1|0|U|718|13|26|139|E1515|31|7|1|0|53|0|182|36|94|0|0|6|0|0|0|0|0|8|387|108|89|182|2024|4|25|14|16|39|4|N
15|15|324|C|6|0|U|694|13|16|139|E1515|84|0|0|0|0|0|0|0|0|0|0|0|0|0|0|0|0|0|0|0|0|0|2024|4|25|15|59|6|1|N
15|15|329|B|1|0|U|569|13|16|139|E1515|123|0|51|1|43|0|103|28|55|0|0|2|0|0|4|0|0|6|293|109|75|103|2024|4|25|15|5|27|4|N
15|15|342|C|2|0|U|638|13|16|139|E1515|94|65|29|9|30|0|52|101|85|1|0|20|0|0|1|0|3|8|404|209|132|52|2024|4|25|15|1|50|4|N
15|15|344|C|1|0|U|566|13|16|139|E1515|96|9|150|2|2|4|3|63|2|0|0|1|0|0|0|0|1|12|249|164|69|3|2024|4|25|15|4|9|4|N
15|15|348|C|2|0|U|588|13|26|139|E1515|43|121|47|12|42|0|61|60|81|0|0|0|0|0|0|0|5|6|435|261|102|61|2024|4|25|14|16|58|4|N
15|15|351|C|1|0|U|707|13|16|139|E1515|99|65|73|3|11|0|140|51|111|0|0|6|0|0|0|0|5|8|473|258|62|140|2024|4|25|15|40|22|1|N
15|15|353|C|1|0|U|619|13|16|139|E1515|100|0|0|0|0|0|0|0|0|0|0|0|0|0|0|0|0|0|0|0|0|0|2024|4|25|16|0|32|1|N
15|15|362|B|1|0|U|570|13|16|139|E1515|103|55|33|0|24|96|157|11|62|0|0|0|0|0|0|0|1|8|447|150|131|157|2024|4|25|15|32|5|1|N
15|15|364|C|1|0|U|693|13|16|139|E1515|105|52|36|0|192|17|63|18|1|0|0|3|0|0|0|0|2|6|390|92|227|63|2024|4|25|14|16|58|1|N
15|15|366|C|2|0|U|627|13|26|139|E1515|45|118|3|0|36|1|178|119|35|0|0|1|0|0|0|0|4|12|507|157|156|178|2024|4|25|14|17|28|4|N
15|15|386|B|1|0|U|745|13|16|139|E1515|109|7|49|0|18|2|159|92|163|0|0|0|0|0|0|0|3|3|496|219|112|159|2024|4|25|15|35|2|1|N
15|15|389|B|1|0|U|557|13|16|139|E1515|112|2|154|0|10|70|151|60|23|0|0|0|0|0|10|0|3|1|484|179|150|151|2024|4|25|15|16|27|1|N
15|15|392|C|2|0|U|606|13|16|139|E1515|115|19|19|6|65|1|20|88|21|0|0|0|0|0|0|0|3|4|246|65|154|20|2024|4|25|15|43|46|1|N
15|15|6607|C|1|0|U|646|13|16|139|E1515|69|0|6|0|16|0|124|122|86|0|0|0|0|0|0|0|1|12|367|92|138|124|2024|4|25|14|17|22|4|N
15|15|6608|C|1|0|U|695|13|16|139|E1515|67|4|114|1|75|8|59|115|29|0|0|79|0|0|4|0|4|6|498|227|202|59|2024|4|25|15|13|20|4|N
15|16|1372|C|2|0|U|744|34|37|140|E1516|1|18|79|0|2|94|123|1|119|72|0|6|0|0|0|0|0|3|517|294|97|123|2024|4|25|14|17|44|1|N
15|16|1377|C|1|0|U|694|34|37|140|E1516|5|36|16|35|19|1|116|56|87|0|0|0|0|0|12|0|5|12|395|174|88|116|2024|4|25|14|3|16|4|N
15|16|1409|B|1|0|U|588|34|42|140|E1516|35|0|0|0|0|0|0|0|0|0|0|0|0|0|0|0|0|0|0|0|0|0||||||||
15|16|1412|B|1|0|U|684|34|37|140|E1516|54|0|0|0|0|0|0|0|0|0|0|0|0|0|0|0|0|0|0|0|0|0||||||||
15|16|1421|B|1|0|U|693|34|37|140|E1516|48|9|116|0|24|37|142|34|84|0|0|0|0|0|0|0|3|1|450|209|95|142|2024|4|25|15|11|42|4|N
15|16|1438|C|1|0|U|507|34|37|140|E1516|58|12|25|0|35|4|119|37|4|6|0|0|0|0|0|0|5|2|249|47|76|119|2024|4|25|15|33|59|4|N
15|16|1470|B|1|0|U|620|34|37|140|E1516|65|3|42|0|8|2|193|49|28|0|0|0|0|0|0|0|0|7|332|73|59|193|2024|4|25|15|7|15|4|N
15|16|1651|B|1|0|U|496|34|42|140|E1516|40|29|48|5|22|0|146|101|3|0|0|0|0|0|32|0|5|2|393|85|155|146|2024|4|25|14|15|30|4|N
15|16|1659|C|1|0|U|595|34|42|140|E1516|38|0|0|0|0|0|0|0|0|0|0|0|0|0|0|0|0|0|0|0|0|0||||||||
15|16|1689|C|1|0|U|521|34|42|140|E1516|47|2|45|6|49|0|133|76|56|0|0|0|0|0|1|0|4|0|372|109|126|133|2024|4|25|15|36|51|1|N
15|16|1694|C|2|0|U|573|34|42|140|E1516|44|0|0|0|0|0|0|0|0|0|0|0|0|0|0|0|0|0|0|0|0|0|2024|4|25|16|1|50|1|N
15|16|4762|B|1|0|U|534|105|37|140|E1516|84|6|61|0|35|46|14|200|36|40|0|0|0|0|0|0|1|7|446|143|281|14|2024|4|25|15|17|52|4|N
15|16|4764|C|3|0|U|682|105|37|140|E1516|86|55|18|0|111|13|135|25|93|0|0|1|0|0|0|0|1|5|457|167|149|135|2024|4|25|15|40|42|4|N
15|16|4770|B|1|0|U|673|105|37|140|E1516|125|0|95|0|33|6|69|40|53|0|0|0|0|0|0|0|2|12|310|148|79|69|2024|4|25|15|7|11|4|N
15|16|4774|C|1|0|U|513|105|37|140|E1516|127|0|0|0|0|0|0|0|0|0|0|0|0|0|0|0|0|0|0|0|0|0|2024|4|25|15|54|24|1|N
15|16|4785|C|2|0|U|728|105|37|140|E1516|75|5|139|8|8|5|99|192|38|5|0|1|8|0|0|0|4|3|515|196|213|99|2024|4|25|15|6|4|4|N
15|16|4789|C|1|0|U|647|105|37|140|E1516|121|0|0|0|0|0|0|0|0|0|0|0|0|0|0|0|0|0|0|0|0|0||||||||
15|16|4794|C|1|0|U|662|105|37|140|E1516|122|5|9|0|23|10|176|53|23|0|0|0|0|0|1|0|2|4|306|37|87|176|2024|4|25|15|39|57|4|N
15|16|4798|B|1|0|U|583|105|37|140|E1516|94|0|0|0|0|0|0|0|0|0|0|0|0|0|0|0|0|0|0|0|0|0||||||||
15|16|4799|C|2|0|U|703|105|37|140|E1516|114|17|129|1|14|1|108|134|65|0|0|0|0|0|0|0|0|4|473|212|149|108|2024|4|25|15|43|29|1|N
15|16|4805|C|1|0|U|726|105|37|140|E1516|108|44|37|1|9|1|167|99|31|0|0|1|0|0|0|0|3|7|400|114|109|167|2024|4|25|15|41|49|1|N
15|16|6744|C|1|0|U|613|105|37|140|E1516|10|0|0|0|0|0|0|0|0|0|0|0|0|0|0|0|0|0|0|0|0|0|2024|4|25|15|56|7|4|N
15|16|6747|B|1|0|U|614|105|37|140|E1516|12|0|0|0|0|0|0|0|0|0|0|0|0|0|0|0|0|0|0|0|0|0|2024|4|25|16|5|47|1|N
15|17|1429|B|1|0|U|622|34|42|141|E1517|25|13|18|0|139|1|47|27|65|9|0|1|0|0|1|0|2|9|332|106|168|47|2024|4|25|15|18|13|1|N
15|17|1443|B|1|0|U|533|34|42|141|E1517|22|4|43|3|175|2|42|127|4|0|0|0|0|0|5|0|4|8|417|54|309|42|2024|4|25|15|20|9|1|N
15|17|1443|C|2|0|U|532|34|42|141|E1517|22|22|61|0|81|1|84|97|5|0|0|0|0|6|0|0|3|1|361|88|185|84|2024|4|25|15|22|26|1|N
15|17|1481|B|1|0|U|641|34|42|141|E1517|29|82|7|3|35|24|126|74|62|0|0|0|0|0|0|0|4|1|418|154|133|126|2024|4|25|15|28|51|1|N
15|17|1486|B|1|0|U|545|34|42|141|E1517|17|8|16|28|23|14|109|15|73|0|0|13|0|0|1|0|4|2|306|138|53|109|2024|4|25|15|3|57|4|N
15|17|1499|B|1|0|U|529|34|42|141|E1517|25|39|43|0|39|0|86|60|5|1|0|0|0|0|1|0|0|8|282|88|100|86|2024|4|25|15|49|58|1|N
15|17|1719|B|1|0|U|629|34|42|141|E1517|46|59|7|0|70|0|57|82|25|0|0|0|0|0|1|0|2|3|306|91|153|57|2024|4|25|15|25|6|4|N
15|17|1719|C|1|0|U|629|34|42|141|E1517|46|15|94|0|38|1|181|101|24|0|0|0|2|0|2|0|4|3|465|133|144|181|2024|4|25|15|28|14|4|N
15|17|1720|C|3|0|U|604|34|42|141|E1517|45|98|102|0|31|47|18|19|1|7|0|0|0|0|8|0|5|9|345|208|105|18|2024|4|25|15|34|31|1|N
15|17|1725|B|1|0|U|377|34|42|141|E1517|36|0|0|0|0|0|0|0|0|0|0|0|0|0|0|0|0|0|0|0|0|0|2024|4|25|15|53|28|1|N
15|17|1727|B|1|0|U|513|34|42|141|E1517|46|6|118|0|16|1|150|131|5|0|0|6|0|0|1|0|1|10|445|135|149|150|2024|4|25|15|21|53|4|N
15|17|1734|C|2|0|U|625|34|42|141|E1517|35|0|150|0|9|0|163|24|4|0|0|0|0|0|0|0|5|5|360|154|33|163|2024|4|25|15|14|21|4|N
15|17|3125|B|1|0|U|493|60|24|141|E1517|52|0|65|0|23|19|90|28|51|0|0|0|0|0|0|0|2|2|280|116|70|90|2024|4|25|15|6|32|4|N
15|17|3157|C|1|0|U|505|60|24|141|E1517|91|4|50|0|71|6|114|93|45|11|0|1|0|0|2|0|5|6|408|111|172|114|2024|4|25|15|8|30|4|N
15|17|3169|B|1|0|U|588|60|24|141|E1517|71|30|58|26|83|4|52|98|109|4|0|4|0|32|0|0|1|1|502|231|217|52|2024|4|25|15|11|15|4|N
15|17|3169|C|2|0|U|587|60|24|141|E1517|71|6|21|14|78|21|163|97|11|4|0|19|0|0|1|0|0|7|442|75|197|163|2024|4|25|15|14|54|4|N
15|17|3171|C|1|0|U|501|60|24|141|E1517|70|70|54|0|10|1|161|38|0|45|0|0|0|0|1|6|2|0|388|169|56|161|2024|4|25|15|5|48|4|N
15|17|3176|C|1|0|U|507|60|24|141|E1517|96|0|0|0|0|0|0|0|0|0|0|0|0|0|0|0|0|0|0|0|0|0|2024|4|25|15|56|8|1|N
15|17|3184|B|1|0|U|648|60|24|141|E1517|100|13|24|6|28|14|192|49|14|0|0|1|0|0|16|0|5|10|372|58|107|192|2024|4|25|15|11|32|4|N
15|17|3202|C|1|0|U|639|60|24|141|E1517|94|0|15|10|110|1|173|160|33|0|0|1|0|0|2|0|2|9|516|59|273|173|2024|4|25|15|10|34|4|N
15|17|3222|C|2|0|U|585|60|24|141|E1517|112|1|32|0|19|20|148|51|114|0|0|0|0|0|41|0|4|4|434|147|131|148|2024|4|25|15|9|52|4|N
15|18|2000|C|4|0|U|647|38|17|142|E1518|13|4|23|3|68|55|119|141|9|0|0|0|0|0|25|0|4|2|453|39|289|119|2024|4|25|14|1|40|4|N
15|18|2003|B|1|0|U|623|38|17|142|E1518|15|0|0|0|0|0|0|0|0|0|0|0|0|0|0|0|0|0|0|0|0|0||||||||
15|18|2011|B|1|0|U|558|38|17|142|E1518|21|0|0|0|0|0|0|0|0|0|0|0|0|0|0|0|0|0|0|0|0|0||||||||
15|18|2018|C|1|0|U|743|38|17|142|E1518|26|0|0|0|0|0|0|0|0|0|0|0|0|0|0|0|0|0|0|0|0|0||||||||
15|18|2024|E|1|0|U|679|38|17|142|E1518|34|0|0|0|0|0|0|0|0|0|0|0|0|0|0|0|0|0|0|0|0|0||||||||
15|18|2030|C|1|0|R|688|38|17|142|E1518|38|0|0|0|0|0|0|0|0|0|0|0|0|0|0|0|0|0|0|0|0|0||||||||
15|18|2033|C|4|0|U|718|38|17|142|E1518|40|0|0|0|0|0|0|0|0|0|0|0|0|0|0|0|0|0|0|0|0|0|2024|4|25|16|13|14|1|N
15|18|2034|C|2|0|U|686|38|17|142|E1518|41|35|75|0|5|1|90|92|210|2|0|2|0|0|0|1|3|6|522|324|99|90|2024|4|25|14|14|38|4|N
15|18|2049|C|1|0|U|533|38|17|142|E1518|51|66|32|2|113|26|72|14|54|0|0|1|0|0|10|0|3|0|393|155|163|72|2024|4|25|15|6|26|4|N
15|18|2049|C|2|0|U|533|38|17|142|E1518|51|1|53|0|29|22|32|134|9|0|0|0|1|0|4|0|3|7|295|63|190|32|2024|4|25|15|9|45|4|N
15|18|2056|C|1|0|U|682|38|17|142|E1518|55|0|0|0|0|0|0|0|0|0|0|0|0|0|0|0|0|0|0|0|0|0||||||||
15|18|2062|B|1|0|R|673|38|17|142|E1518|2|2|32|0|12|0|156|72|116|0|0|0|0|10|11|0|2|5|418|150|105|156|2024|4|25|14|17|54|1|N
15|18|2066|B|1|0|R|665|38|17|142|E1518|64|39|57|46|90|108|148|49|3|0|0|0|0|11|1|0|5|7|564|145|259|148|2024|4|25|14|17|14|4|N
15|18|2070|B|1|0|R|564|39|4|142|E1518|89|0|0|0|0|0|0|0|0|0|0|0|0|0|0|0|0|0|0|0|0|0||||||||
15|18|2309|B|1|0|R|386|47|4|142|E1518|95|0|0|0|0|0|0|0|0|0|0|0|0|0|0|0|0|0|0|0|0|0||||||||
15|18|2313|C|1|0|R|530|47|4|142|E1518|95|0|0|0|0|0|0|0|0|0|0|0|0|0|0|0|0|0|0|0|0|0||||||||
15|18|3904|C|3|0|U|698|68|45|142|E1518|101|18|105|0|1|0|135|110|41|0|0|0|0|0|0|0|4|3|417|164|111|135|2024|4|25|14|4|1|4|N
15|18|3905|C|4|0|U|734|68|45|142|E1518|103|73|67|33|22|127|49|34|54|0|0|2|0|0|0|0|0|11|472|229|183|49|2024|4|25|15|23|10|1|N
15|18|3910|C|2|0|R|647|68|45|142|E1518|109|0|0|0|0|0|0|0|0|0|0|0|0|0|0|0|0|0|0|0|0|0||||||||
15|18|3913|B|1|0|M|682|68|45|142|E1518|113|0|0|0|0|0|0|0|0|0|0|0|0|0|0|0|0|0|0|0|0|0||||||||
15|18|3921|B|1|0|U|698|68|45|142|E1518|117|38|7|0|2|29|90|61|50|0|0|84|0|0|0|0|2|2|365|179|92|90|2024|4|25|15|34|41|4|N
15|18|5798|C|1|0|R|699|116|4|142|E1518|131|17|19|0|36|22|42|243|54|0|0|0|0|0|0|0|3|10|446|90|301|42|2024|4|25|14|16|33|4|N
15|18|5802|C|2|0|U|689|116|4|142|E1518|135|39|50|0|28|26|78|231|81|0|0|0|0|0|0|0|2|2|537|170|285|78|2024|4|25|15|33|15|1|N
15|18|6751|C|3|0|U|586|38|17|142|E1518|73|0|0|0|0|0|0|0|0|0|0|0|0|0|0|0|0|0|0|0|0|0|2024|4|25|16|8|57|1|N
15|18|6757|C|3|0|U|692|38|17|142|E1518|79|52|21|13|34|18|132|20|123|0|3|0|0|0|23|0|5|5|449|212|95|132|2024|4|25|15|46|57|4|N
15|19|4845|B|1|0|U|583|105|18|143|E1519|150|25|27|0|155|0|117|34|4|0|0|0|0|0|51|0|3|0|416|56|240|117|2024|4|25|15|11|14|4|N
15|19|4859|B|1|0|U|523|105|18|143|E1519|28|16|17|0|24|11|15|227|58|0|0|0|0|0|2|0|4|2|376|91|264|15|2024|4|25|15|16|29|4|N
15|19|4868|C|2|0|U|641|105|18|143|E1519|1|0|51|0|47|8|200|185|6|3|0|9|0|0|8|0|1|6|524|69|248|200|2024|4|25|15|21|9|4|N
15|19|4873|C|1|0|U|630|105|18|143|E1519|58|4|63|53|18|2|66|136|8|0|0|0|0|0|0|0|5|5|360|128|156|66|2024|4|25|15|19|37|4|N
15|19|4874|B|1|0|U|598|105|18|143|E1519|58|7|36|0|50|38|72|66|25|56|0|0|0|0|0|0|2|12|364|124|154|72|2024|4|25|15|22|17|4|N
15|19|4889|B|1|0|U|494|105|18|143|E1519|77|0|31|4|4|155|118|22|36|3|0|6|0|10|3|0|0|5|397|80|194|118|2024|4|25|15|39|46|1|N
15|19|4892|B|1|0|U|432|105|18|143|E1519|79|56|30|4|23|7|67|73|4|0|0|1|0|0|0|0|4|10|279|95|103|67|2024|4|25|15|42|44|1|N
15|19|4896|B|1|0|U|644|105|18|143|E1519|80|2|119|8|53|78|163|43|12|0|0|0|0|0|12|0|0|2|492|141|186|163|2024|4|25|15|30|20|4|N
15|19|4904|B|1|0|U|416|105|18|143|E1519|72|38|12|4|3|23|118|77|29|0|0|1|0|0|0|0|2|11|318|84|103|118|2024|4|25|14|4|17|4|N
15|19|4917|B|1|0|U|510|105|18|143|E1519|53|8|13|0|137|13|143|97|12|0|0|1|0|0|0|0|1|8|433|34|247|143|2024|4|25|14|15|44|4|N
15|19|4923|C|1|0|U|677|105|18|143|E1519|52|15|127|0|30|0|225|33|31|4|0|0|0|0|5|0|0|7|477|177|68|225|2024|4|25|14|2|14|4|N
15|19|4930|C|2|0|U|506|105|18|143|E1519|94|3|30|0|137|17|113|88|7|0|0|0|0|0|24|0|3|3|425|40|266|113|2024|4|25|14|12|13|1|N
15|19|4944|B|1|0|U|685|105|18|143|E1519|91|10|125|0|131|6|69|55|52|2|0|0|0|0|0|0|1|11|462|189|192|69|2024|4|25|15|33|31|4|N
15|19|4953|C|1|0|U|523|105|18|143|E1519|110|21|14|0|131|9|74|63|58|0|0|35|0|0|0|0|1|7|413|128|203|74|2024|4|25|14|4|4|4|N
15|19|4955|C|1|0|U|598|105|18|143|E1519|111|30|18|0|32|16|48|98|103|0|0|0|0|0|0|0|4|12|361|151|146|48|2024|4|25|15|33|33|4|N
15|19|4957|B|1|0|U|597|105|18|143|E1519|90|0|72|0|34|2|152|94|12|0|0|0|0|0|5|0|1|6|378|84|135|152|2024|4|25|15|41|18|1|N
15|19|4987|C|1|0|U|735|105|18|143|E1519|163|18|110|1|109|0|148|46|31|0|0|0|0|0|18|0|3|0|484|160|173|148|2024|4|25|15|7|26|4|N
15|19|5000|B|1|0|U|613|105|18|143|E1519|38|10|43|12|11|24|95|96|85|5|0|33|0|0|0|0|1|7|422|188|131|95|2024|4|25|15|16|48|4|N
15|19|5012|B|1|0|U|740|105|18|143|E1519|41|5|85|2|21|5|169|129|38|0|0|11|0|0|0|0|5|7|477|141|155|169|2024|4|25|14|6|28|4|N
15|19|5023|C|1|0|U|447|105|18|143|E1519|21|5|58|40|39|3|98|9|64|0|0|6|0|0|0|0|1|2|325|173|51|98|2024|4|25|15|38|4|1|N
15|19|5035|C|1|0|U|716|105|18|143|E1519|113|95|123|5|34|3|140|54|6|0|0|0|0|0|2|0|5|5|472|229|93|140|2024|4|25|14|4|31|4|N
15|19|5056|C|1|0|U|640|105|18|143|E1519|4|0|48|0|8|18|121|90|60|0|0|150|0|0|0|0|4|10|509|258|116|121|2024|4|25|14|15|8|4|N
15|19|5059|B|1|0|U|659|105|18|143|E1519|5|24|16|5|12|20|85|10|116|0|0|0|0|0|0|0|4|5|297|161|42|85|2024|4|25|15|21|11|4|N
15|19|5066|C|3|0|U|652|105|18|143|E1519|116|5|100|0|15|4|142|36|13|0|0|0|0|3|0|4|2|5|329|118|62|142|2024|4|25|14|3|51|4|N
15|19|5067|B|1|0|U|540|105|18|143|E1519|117|0|12|0|5|127|95|117|1|12|0|0|0|0|0|3|5|11|388|25|252|95|2024|4|25|15|9|28|4|N
15|19|5070|B|1|0|U|502|105|18|143|E1519|120|24|27|0|0|4|35|187|59|7|0|0|0|0|0|0|0|8|351|117|191|35|2024|4|25|15|10|10|4|N
15|19|5088|B|1|0|U|580|105|18|143|E1519|10|20|12|0|95|23|89|24|11|0|0|13|0|0|0|0|4|9|300|56|142|89|2024|4|25|15|7|8|4|N
15|19|5091|C|1|0|U|627|105|18|143|E1519|12|26|58|0|13|41|223|19|50|0|0|0|0|0|2|0|1|0|433|134|75|223|2024|4|25|14|4|50|4|N
15|19|5095|C|2|0|U|519|105|26|143|E1519|140|0|79|0|13|0|230|35|30|0|0|0|0|2|5|0|1|1|396|109|55|230|2024|4|25|15|23|42|4|N
15|19|5109|B|1|0|U|722|105|26|143|E1519|134|66|29|15|26|8|93|51|59|0|0|26|0|0|1|0|4|12|390|195|86|93|2024|4|25|15|11|55|4|N
15|19|5132|B|1|0|U|634|105|18|143|E1519|62|41|52|0|134|0|77|113|42|0|0|0|0|0|0|0|0|7|466|135|247|77|2024|4|25|15|27|7|1|N
15|20|3039|C|1|0|U|684|59|22|144|E1520|8|2|26|0|85|31|46|206|217|4|0|16|0|0|1|0|0|3|637|265|323|46|2024|4|25|14|7|43|4|N
15|20|3040|C|3|0|U|667|59|22|144|E1520|7|47|32|0|64|24|40|56|191|0|0|0|0|0|12|0|5|1|472|270|156|40|2024|4|25|15|38|45|1|N
15|20|3041|C|2|0|R|725|59|22|144|E1520|10|53|20|0|12|92|87|20|10|0|0|65|0|0|0|0|2|3|364|148|124|87|2024|4|25|15|43|59|1|N
15|20|3042|C|2|0|U|568|59|22|144|E1520|11|3|71|0|101|1|96|130|9|4|0|1|0|0|0|0|5|5|426|88|232|96|2024|4|25|15|37|23|1|N
15|20|3045|C|5|0|R|693|59|22|144|E1520|6|83|44|0|87|0|69|23|101|0|0|0|0|0|7|0|2|1|417|228|117|69|2024|4|25|14|17|46|1|N
15|20|4238|B|1|0|U|574|82|22|144|E1520|22|0|0|0|0|0|0|0|0|0|0|0|0|0|0|0|0|0|0|0|0|0||||||||
15|20|6265|C|2|0|U|709|82|22|144|E1520|52|11|52|10|88|29|57|61|36|1|0|0|0|0|0|0|3|6|354|110|178|57|2024|4|25|14|6|43|4|N
15|20|6277|B|1|0|U|713|82|22|144|E1520|99|1|79|1|30|0|52|153|203|0|0|0|0|7|0|0|2|6|534|284|190|52|2024|4|25|15|34|2|1|N
15|20|6277|C|1|0|U|712|82|22|144|E1520|99|14|64|18|14|25|67|152|10|0|0|2|0|0|1|0|4|6|377|108|192|67|2024|4|25|15|37|33|1|N
15|20|6300|B|1|0|U|644|82|22|144|E1520|94|2|105|3|26|0|83|205|53|0|0|6|0|0|5|0|5|9|502|169|236|83|2024|4|25|15|30|33|1|N
15|20|6307|B|1|0|U|585|82|22|144|E1520|76|2|58|0|5|21|216|44|6|0|0|0|0|0|0|0|4|2|358|66|70|216|2024|4|25|14|6|39|4|N
15|20|6319|B|1|0|U|705|82|22|144|E1520|73|14|35|60|30|0|119|159|93|0|0|40|0|0|0|0|3|12|565|242|189|119|2024|4|25|15|25|52|1|N
15|20|6552|C|2|0|U|734|82|22|144|E1520|35|55|39|52|1|1|199|71|27|0|0|1|0|0|10|0|1|4|461|174|83|199|2024|4|25|14|9|31|4|N
15|20|6559|B|1|0|U|174|82|22|144|E1520|51|0|0|0|0|0|0|0|0|0|0|0|0|0|0|0|0|0|0|0|0|0|2024|4|25|16|2|15|1|N
15|20|6567|C|1|0|U|647|82|22|144|E1520|47|0|0|0|0|0|0|0|0|0|0|0|0|0|0|0|0|0|0|0|0|0|2024|4|25|15|56|14|1|N
15|20|6570|C|1|0|U|745|82|22|144|E1520|50|104|40|0|37|1|49|175|18|72|0|16|0|0|1|0|0|5|518|250|214|49|2024|4|25|15|3|27|4|N
15|20|6572|B|1|0|U|652|82|22|144|E1520|48|15|44|0|24|6|161|71|31|0|0|0|0|0|0|0|1|0|353|90|101|161|2024|4|25|14|5|30|4|N
15|21|200|S|1|0|M|0|9|28|145|E1521|115|9|52|0|151|30|229|28|6|2|0|4|0|0|3|0|5|3|522|73|212|229|2024|4|25|15|12|36|4|N
15|21|210|C|3|0|U|573|9|28|145|E1521|122|0|0|0|0|0|0|0|0|0|0|0|0|0|0|0|0|0|0|0|0|0||||||||
15|21|461|B|1|0|R|507|15|28|145|E1521|95|30|3|0|19|11|88|85|95|0|0|0|0|0|17|0|4|3|355|128|132|88|2024|4|25|15|12|39|4|N
15|21|465|B|1|0|U|556|15|28|145|E1521|101|0|0|0|0|0|0|0|0|0|0|0|0|0|0|0|0|0|0|0|0|0||||||||
15|21|490|C|2|0|M|571|17|28|145|E1521|56|0|6|90|20|1|111|92|12|0|0|0|0|0|0|0|4|6|342|108|113|111|2024|4|25|15|36|16|1|N
15|21|2380|C|4|0|U|650|51|28|145|E1521|74|0|0|0|0|0|0|0|0|0|0|0|0|0|0|0|0|0|0|0|0|0||||||||
15|21|3930|C|1|0|U|683|69|28|145|E1521|89|6|23|0|0|31|120|38|154|0|0|3|0|0|0|0|2|3|380|186|69|120|2024|4|25|14|17|44|4|N
15|21|3932|B|1|0|M|627|69|28|145|E1521|90|7|8|4|7|127|55|84|17|3|0|0|0|0|8|0|2|7|329|39|226|55|2024|4|25|15|23|46|1|N
15|21|4467|C|1|0|M|561|90|28|145|E1521|61|3|95|14|56|4|177|50|18|0|0|0|0|0|0|0|0|12|429|130|110|177|2024|4|25|15|27|21|1|N
15|21|4557|C|1|0|U|747|95|28|145|E1521|82|16|9|2|44|16|237|71|41|0|0|0|0|0|0|0|2|10|448|68|131|237|2024|4|25|15|13|48|1|N
15|21|4558|C|1|0|U|682|95|28|145|E1521|82|8|6|0|7|10|261|21|79|0|0|0|0|0|0|0|4|9|405|93|38|261|2024|4|25|15|16|51|1|N
15|21|4559|C|3|0|M|598|95|28|145|E1521|81|3|116|16|10|93|24|59|106|0|0|0|0|0|9|0|5|7|448|241|171|24|2024|4|25|15|19|59|1|N
15|21|4738|C|3|0|U|608|104|28|145|E1521|46|0|0|0|0|0|0|0|0|0|0|0|0|0|0|0|0|0|0|0|0|0|2024|4|25|15|53|8|1|N
15|21|4739|B|1|0|U|622|104|28|145|E1521|50|1|3|0|11|10|71|125|27|1|0|48|0|0|0|0|3|10|310|80|146|71|2024|4|25|14|17|29|4|N
15|21|4739|C|1|0|U|621|104|28|145|E1521|50|18|32|0|2|0|81|56|43|0|0|12|0|0|2|0|2|12|260|105|60|81|2024|4|25|15|37|23|1|N
15|21|4750|C|2|0|U|628|104|28|145|E1521|38|0|0|0|0|0|0|0|0|0|0|0|0|0|0|0|0|0|0|0|0|0|2024|4|25|15|58|1|1|N
15|21|6131|B|1|0|U|401|40|28|145|E1521|24|0|11|0|23|3|104|49|25|0|0|0|0|0|20|0|1|0|236|36|95|104|2024|4|25|15|27|23|1|N
15|21|6150|B|1|0|U|621|40|28|145|E1521|36|6|74|1|48|53|68|57|74|0|0|0|0|0|55|0|0|12|448|155|213|68|2024|4|25|15|42|36|4|N
15|21|6152|B|1|0|U|625|40|28|145|E1521|37|0|0|0|0|0|0|0|0|0|0|0|0|0|0|0|0|0|0|0|0|0|2024|4|25|16|9|34|1|N
15|21|6154|B|1|0|U|625|40|28|145|E1521|29|0|0|0|0|0|0|0|0|0|0|0|0|0|0|0|0|0|0|0|0|0|2024|4|25|16|7|3|1|N
15|21|6159|B|1|0|U|665|40|28|145|E1521|36|31|63|0|1|1|101|85|0|1|0|9|0|0|4|0|3|9|308|104|91|101|2024|4|25|15|42|42|4|N
15|21|6761|C|1|0|U|635|40|28|145|E1521|12|0|0|0|0|0|0|0|0|0|0|0|0|0|0|0|0|0|0|0|0|0|2024|4|25|15|55|24|1|N
15|22|382|B|1|0|U|684|13|16|146|E1522|6|1|114|0|91|3|140|81|0|1|0|0|0|0|1|0|0|8|440|116|176|140|2024|4|25|14|4|31|1|N
15|22|409|B|1|0|U|599|13|16|146|E1522|15|22|41|4|60|0|121|76|27|0|0|28|0|0|0|0|1|12|392|122|136|121|2024|4|25|14|9|21|4|N
15|22|410|C|1|0|U|645|13|16|146|E1522|11|48|52|12|48|13|152|41|160|0|0|0|2|0|13|0|4|1|546|272|117|152|2024|4|25|14|6|23|1|N
15|22|410|C|3|0|U|644|13|16|146|E1522|11|11|68|2|21|1|116|67|29|0|0|0|0|0|22|0|0|7|344|110|111|116|2024|4|25|14|11|22|1|N
15|22|412|B|1|0|U|644|13|16|146|E1522|19|21|59|0|23|9|89|63|33|0|0|0|0|0|8|0|0|9|314|113|103|89|2024|4|25|14|17|8|4|N
15|22|2595|B|1|0|U|735|58|30|146|E1522|30|0|0|0|0|0|0|0|0|0|0|0|0|0|0|0|0|0|0|0|0|0||||||||
15|22|2767|C|1|0|U|506|58|32|146|E1522|109|0|0|0|0|0|0|0|0|0|0|0|0|0|0|0|0|0|0|0|0|0|2024|4|25|16|4|23|1|N
15|22|2767|C|2|0|U|506|58|32|146|E1522|109|2|39|0|1|21|166|113|24|0|0|7|0|0|39|0|1|6|419|72|174|166|2024|4|25|14|4|46|4|N
15|22|2772|C|2|0|U|667|58|32|146|E1522|55|37|63|0|16|28|181|96|63|0|0|2|0|3|0|0|3|10|502|165|143|181|2024|4|25|15|27|13|1|N
15|22|2773|C|3|0|U|720|58|32|146|E1522|114|4|74|0|3|4|91|135|116|0|0|3|0|0|0|0|4|4|438|197|142|91|2024|4|25|14|4|23|4|N
15|22|2775|C|2|0|U|688|58|32|146|E1522|93|0|0|0|0|0|0|0|0|0|0|0|0|0|0|0|0|0|0|0|0|0|2024|4|25|16|10|32|1|N
15|22|2795|C|1|0|U|437|58|32|146|E1522|84|11|59|0|55|0|50|47|3|1|0|0|0|0|0|0|3|11|240|74|102|50|2024|4|25|14|17|19|4|N
15|22|2801|C|3|0|U|644|58|32|146|E1522|103|0|0|0|0|0|0|0|0|0|0|0|0|0|0|0|0|0|0|0|0|0||||||||
15|22|2804|C|4|0|U|724|58|32|146|E1522|98|0|0|0|0|0|0|0|0|0|0|0|0|0|0|0|0|0|0|0|0|0||||||||
15|22|2810|B|1|0|U|595|58|32|146|E1522|87|3|56|0|33|80|12|15|47|12|0|0|0|0|0|0|3|8|269|118|128|12|2024|4|25|14|3|41|4|N
15|22|2830|B|1|0|U|545|58|32|146|E1522|81|0|35|0|7|3|44|166|1|0|0|0|0|0|0|0|4|10|270|36|176|44|2024|4|25|14|7|20|4|N
15|22|2837|B|1|0|U|669|58|32|146|E1522|149|35|103|0|7|2|87|44|4|0|0|0|0|0|6|0|4|1|293|142|59|87|2024|4|25|14|2|34|4|N
15|22|2839|B|1|0|U|563|58|32|146|E1522|147|36|8|14|54|0|78|117|18|0|0|0|0|0|5|0|4|12|346|76|176|78|2024|4|25|14|11|9|4|N
15|22|2841|B|1|0|U|491|58|32|146|E1522|53|0|0|0|0|0|0|0|0|0|0|0|0|0|0|0|0|0|0|0|0|0||||||||
15|22|2855|C|1|0|U|484|58|30|146|E1522|23|0|0|0|0|0|0|0|0|0|0|0|0|0|0|0|0|0|0|0|0|0||||||||
15|22|2858|B|1|0|U|449|58|30|146|E1522|24|0|2|0|19|13|64|159|35|0|0|0|0|0|17|0|2|10|321|37|208|64|2024|4|25|14|12|33|1|N
15|22|2863|C|1|0|U|470|58|30|146|E1522|26|6|18|0|11|5|127|24|44|1|0|93|0|0|1|0|0|10|340|162|41|127|2024|4|25|15|8|39|4|N
15|22|2892|C|1|0|U|638|58|32|146|E1522|104|36|18|0|63|1|94|134|41|0|18|0|0|0|0|0|4|0|409|113|198|94|2024|4|25|14|7|32|4|N
15|22|2911|C|1|0|U|616|58|32|146|E1522|141|0|0|0|0|0|0|0|0|0|0|0|0|0|0|0|0|0|0|0|0|0||||||||
15|22|3000|C|6|0|U|703|58|32|146|E1522|126|0|0|0|0|0|0|0|0|0|0|0|0|0|0|0|0|0|0|0|0|0||||||||
15|22|6766|B|1|0|R|302|58|32|146|E1522|131|7|75|2|8|0|44|15|8|0|0|0|0|0|0|0|2|3|164|92|23|44|2024|4|25|15|6|25|4|N
15|22|6767|C|3|0|U|726|58|32|146|E1522|135|0|0|0|0|0|0|0|0|0|0|0|0|0|0|0|0|0|0|0|0|0||||||||
15|23|248|B|1|0|U|692|12|29|147|E1523|100|25|12|0|52|0|140|91|90|0|0|0|0|23|34|0|1|11|479|127|200|140|2024|4|25|15|43|50|1|N
15|23|511|B|1|0|U|747|19|29|147|E1523|70|10|21|3|156|1|250|119|22|0|0|0|0|0|5|0|1|7|595|56|281|250|2024|4|25|15|16|22|4|N
15|23|512|B|1|0|U|672|19|29|147|E1523|71|3|40|0|5|27|79|237|27|2|0|0|0|1|3|0|4|2|430|72|273|79|2024|4|25|15|21|5|4|N
15|23|512|C|2|0|U|671|19|29|147|E1523|71|224|66|3|28|10|68|67|125|0|0|0|0|0|0|0|4|10|605|418|105|68|2024|4|25|15|24|10|4|N
15|23|2239|C|4|0|M|724|44|29|147|E1523|116|22|9|0|39|86|80|50|8|8|0|0|0|0|9|0|3|0|314|47|184|80|2024|4|25|15|48|50|1|N
15|23|2388|C|2|0|U|656|52|4|147|E1523|40|14|58|9|5|57|78|103|89|0|0|2|0|0|1|0|4|7|427|172|166|78|2024|4|25|15|5|22|4|N
15|23|2390|B|1|0|U|603|52|4|147|E1523|42|0|73|13|28|0|136|57|47|47|0|0|0|0|2|0|0|12|415|180|87|136|2024|4|25|15|24|28|4|N
15|23|2405|C|2|0|R|701|52|4|147|E1523|10|85|14|0|12|0|192|70|62|0|0|0|0|0|0|0|4|11|450|161|82|192|2024|4|25|15|28|20|4|N
15|23|2417|C|3|0|U|678|52|4|147|E1523|23|0|111|2|9|27|101|95|2|4|0|0|0|0|2|0|2|9|364|119|133|101|2024|4|25|15|17|51|4|N
15|23|2418|B|1|0|M|712|52|4|147|E1523|19|0|227|2|61|3|124|39|66|0|0|0|0|0|1|0|3|10|536|295|104|124|2024|4|25|15|27|59|1|N
15|23|2420|B|1|0|U|632|52|4|147|E1523|18|80|51|0|30|1|231|8|95|0|0|0|0|0|13|0|4|3|516|226|52|231|2024|4|25|15|18|1|4|N
15|23|2425|C|2|0|U|703|52|4|147|E1523|30|0|103|0|45|13|61|318|27|0|0|0|0|0|0|0|1|7|575|130|376|61|2024|4|25|15|42|22|4|N
15|23|2426|C|1|0|U|582|52|4|147|E1523|43|3|66|5|53|11|37|73|16|0|0|0|0|0|0|0|1|7|272|90|137|37|2024|4|25|15|26|58|1|N
15|23|2428|C|1|0|U|715|52|4|147|E1523|46|9|64|0|2|47|82|139|177|0|0|1|0|0|1|0|3|1|526|251|189|82|2024|4|25|15|38|19|1|N
15|23|3833|C|1|0|U|733|63|4|147|E1523|51|1|16|5|24|0|74|273|6|0|0|1|0|0|9|0|0|5|414|29|306|74|2024|4|25|14|3|6|4|N
15|23|3836|B|1|0|U|661|63|4|147|E1523|54|87|28|0|111|4|149|41|38|0|0|0|0|0|0|0|3|3|464|153|156|149|2024|4|25|15|22|36|4|N
15|23|4710|C|3|0|U|603|102|29|147|E1523|97|50|23|0|9|0|69|13|131|0|0|0|0|0|1|0|1|1|298|204|23|69|2024|4|25|15|32|33|4|N
15|23|4719|C|1|0|U|629|102|29|147|E1523|121|21|34|3|80|13|83|27|204|15|0|0|0|0|0|0|5|8|493|277|120|83|2024|4|25|15|40|53|4|N
15|23|4721|B|1|0|R|591|102|29|147|E1523|108|0|111|0|29|27|96|122|26|0|0|0|0|0|0|0|2|5|418|137|178|96|2024|4|25|15|37|49|4|N
15|23|4723|B|1|0|R|672|102|29|147|E1523|110|0|42|0|8|33|87|36|100|0|0|53|0|0|0|0|1|10|370|195|77|87|2024|4|25|15|41|17|4|N
15|23|6776|C|1|0|U|626|52|4|147|E1523|39|0|0|0|0|0|0|0|0|0|0|0|0|0|0|0|0|0|0|0|0|0|2024|4|25|16|10|55|1|N
15|24|2587|B|1|0|U|740|58|30|148|E1524|53|0|0|0|0|0|0|0|0|0|0|0|0|0|0|0|0|0|0|0|0|0||||||||
15|24|2601|B|1|0|U|669|58|30|148|E1524|49|0|0|0|0|0|0|0|0|0|0|0|0|0|0|0|0|0|0|0|0|0||||||||
15|24|2617|C|1|0|U|432|58|30|148|E1524|68|35|8|0|45|5|83|71|44|0|0|0|0|0|0|0|5|2|298|87|121|83|2024|4|25|14|7|17|4|N
15|24|2641|C|1|0|U|632|58|30|148|E1524|134|0|0|0|0|0|0|0|0|0|0|0|0|0|0|0|0|0|0|0|0|0||||||||
15|24|2645|C|2|0|U|721|58|30|148|E1524|105|0|0|0|0|0|0|0|0|0|0|0|0|0|0|0|0|0|0|0|0|0||||||||
15|24|2650|C|2|0|U|721|58|17|148|E1524|144|0|0|0|0|0|0|0|0|0|0|0|0|0|0|0|0|0|0|0|0|0||||||||
15|24|2662|B|1|0|U|594|58|30|148|E1524|101|21|8|0|26|58|95|109|12|0|0|0|40|0|0|0|5|12|386|41|233|95|2024|4|25|15|49|31|1|N
15|24|2663|C|1|0|U|719|58|30|148|E1524|100|2|20|13|36|3|195|51|52|0|0|0|0|0|0|0|4|3|379|87|90|195|2024|4|25|14|17|25|1|N
15|24|2677|C|3|0|U|702|58|17|148|E1524|153|0|0|0|0|0|0|0|0|0|0|0|0|0|0|0|0|0|0|0|0|0|2024|4|25|16|7|18|1|N
15|24|2680|C|2|0|U|654|58|17|148|E1524|156|0|79|0|14|70|120|44|10|3|0|0|0|0|0|0|1|2|343|92|128|120|2024|4|25|15|45|27|1|N
15|24|2704|B|1|0|U|586|58|17|148|E1524|171|29|17|0|110|6|60|36|18|7|0|0|0|0|3|0|2|8|296|71|155|60|2024|4|25|15|30|55|4|N
15|24|2903|B|1|0|U|617|58|30|148|E1524|42|0|0|0|0|0|0|0|0|0|0|0|0|0|0|0|0|0|0|0|0|0|2024|4|25|15|56|1|1|N
15|24|2905|B|1|0|U|556|58|30|148|E1524|43|2|66|0|51|53|62|165|77|0|0|3|0|0|0|0|2|12|493|148|269|62|2024|4|25|15|19|45|4|N
15|24|2913|C|1|0|U|630|58|30|148|E1524|28|9|38|18|75|23|144|57|8|0|0|0|0|0|3|0|3|2|380|73|158|144|2024|4|25|15|52|13|1|N
15|24|2919|C|1|0|U|731|58|30|148|E1524|34|0|0|0|0|0|0|0|0|0|0|0|0|0|0|0|0|0|0|0|0|0||||||||
15|24|2929|C|1|0|U|599|58|30|148|E1524|38|0|144|0|48|30|41|44|11|0|0|4|0|0|0|0|2|0|324|159|122|41|2024|4|25|15|25|21|1|N
15|24|2950|B|1|0|U|671|58|30|148|E1524|135|0|0|0|0|0|0|0|0|0|0|0|0|0|0|0|0|0|0|0|0|0||||||||
15|24|2951|C|2|0|U|556|58|30|148|E1524|135|31|64|0|45|1|68|43|12|0|0|0|0|0|1|0|2|6|273|107|90|68|2024|4|25|15|10|32|4|N
15|24|2970|C|1|0|U|574|58|30|148|E1524|118|0|0|0|0|0|0|0|0|0|0|0|0|0|0|0|0|0|0|0|0|0||||||||
15|24|2984|B|1|0|U|516|58|30|148|E1524|78|0|0|0|0|0|0|0|0|0|0|0|0|0|0|0|0|0|0|0|0|0||||||||
15|24|2987|C|1|0|U|678|58|30|148|E1524|86|37|3|0|21|8|66|58|141|0|0|0|0|0|4|0|1|3|342|181|91|66|2024|4|25|14|10|12|4|N
15|24|2994|C|1|0|U|562|58|30|148|E1524|122|0|0|0|0|0|0|0|0|0|0|0|0|0|0|0|0|0|0|0|0|0|2024|4|25|16|10|47|1|N
15|24|3006|C|2|0|U|565|58|32|148|E1524|10|0|0|0|0|0|0|0|0|0|0|0|0|0|0|0|0|0|0|0|0|0|2024|4|25|16|14|8|1|N
15|24|3010|B|1|0|U|547|58|32|148|E1524|14|0|135|1|22|19|25|88|44|0|0|0|0|0|6|0|4|0|344|180|135|25|2024|4|25|12|22|28|4|N
15|24|3013|C|1|0|U|447|58|30|148|E1524|114|0|0|0|0|0|0|0|0|0|0|0|0|0|0|0|0|0|0|0|0|0|2024|4|25|16|7|38|1|N
15|24|3017|C|1|0|U|557|58|30|148|E1524|78|12|5|0|11|0|45|179|101|0|0|0|0|0|1|0|0|5|359|118|191|45|2024|4|25|15|32|13|1|N
15|24|3020|C|1|0|U|606|58|30|148|E1524|77|0|0|0|0|0|0|0|0|0|0|0|0|0|0|0|0|0|0|0|0|0||||||||
15|24|3029|C|2|0|U|568|58|30|148|E1524|98|0|0|0|0|0|0|0|0|0|0|0|0|0|0|0|0|0|0|0|0|0|2024|4|25|16|14|38|4|N
15|24|3032|B|1|0|U|503|58|30|148|E1524|89|12|50|2|38|0|75|21|39|0|0|2|0|0|15|0|0|8|262|105|74|75|2024|4|25|15|12|35|4|N
15|24|6392|B|1|0|U|691|58|30|148|E1524|91|14|32|46|38|0|63|117|6|0|0|21|0|0|0|0|3|2|342|119|155|63|2024|4|25|15|22|31|4|N
15|25|1165|C|1|0|U|562|32|3|149|E1525|82|0|0|0|0|0|0|0|0|0|0|0|0|0|0|0|0|0|0|0|0|0|2024|4|25|15|57|12|1|N
15|25|1174|C|4|0|U|661|32|3|149|E1525|46|19|7|10|24|0|156|136|17|1|0|0|0|0|0|0|1|4|375|54|160|156|2024|4|25|14|17|30|4|N
15|25|1187|B|1|0|U|709|32|3|149|E1525|58|0|0|0|0|0|0|0|0|0|0|0|0|0|0|0|0|0|0|0|0|0||||||||
15|25|1187|C|1|0|U|709|32|3|149|E1525|58|0|0|0|0|0|0|0|0|0|0|0|0|0|0|0|0|0|0|0|0|0||||||||
15|25|1198|C|2|0|U|690|32|3|149|E1525|62|2|57|1|20|84|81|39|36|0|0|0|0|0|24|0|2|9|355|96|167|81|2024|4|25|15|37|0|1|N
15|25|1201|C|1|0|U|634|32|3|149|E1525|67|0|0|0|0|0|0|0|0|0|0|0|0|0|0|0|0|0|0|0|0|0|2024|4|25|16|6|15|1|N
15|25|1202|C|4|0|U|676|32|3|149|E1525|73|0|0|0|0|0|0|0|0|0|0|0|0|0|0|0|0|0|0|0|0|0||||||||
15|25|1203|B|1|0|U|561|32|3|149|E1525|74|0|0|0|0|0|0|0|0|0|0|0|0|0|0|0|0|0|0|0|0|0||||||||
15|25|1208|C|3|0|U|630|32|3|149|E1525|35|40|56|11|11|73|151|30|100|0|0|0|0|0|0|0|2|7|481|207|114|151|2024|4|25|15|13|35|4|N
15|25|1209|B|1|0|U|629|32|3|149|E1525|38|0|0|0|0|0|0|0|0|0|0|0|0|0|0|0|0|0|0|0|0|0||||||||
15|25|1216|C|3|0|U|671|32|3|149|E1525|14|0|0|0|0|0|0|0|0|0|0|0|0|0|0|0|0|0|0|0|0|0||||||||
15|25|1216|C|5|0|U|671|32|3|149|E1525|15|0|0|0|0|0|0|0|0|0|0|0|0|0|0|0|0|0|0|0|0|0|2024|4|25|15|53|32|1|N
15|25|1231|B|1|0|U|678|32|3|149|E1525|28|15|70|0|1|143|92|90|7|0|0|0|0|0|0|0|4|8|430|92|234|92|2024|4|25|15|38|33|4|N
15|25|1271|C|2|0|U|723|32|3|149|E1525|94|31|74|14|125|7|208|62|31|4|0|0|1|1|0|0|2|4|564|154|196|208|2024|4|25|15|32|10|1|N
15|25|1274|C|1|0|U|740|32|3|149|E1525|97|0|0|0|0|0|0|0|0|0|0|0|0|0|0|0|0|0|0|0|0|0||||||||
15|25|1275|C|4|0|U|712|32|3|149|E1525|110|23|174|13|23|7|189|85|44|0|0|0|0|0|1|0|2|2|563|254|116|189|2024|4|25|14|4|13|4|N
15|25|1275|C|8|0|U|712|32|3|149|E1525|111|0|0|0|0|0|0|0|0|0|0|0|0|0|0|0|0|0|0|0|0|0||||||||
15|25|1275|C|11|0|U|712|32|3|149|E1525|111|2|65|7|12|2|191|148|152|1|0|1|0|0|1|0|4|9|595|228|163|191|2024|4|25|14|8|34|4|N
15|25|6648|B|1|0|U|240|32|3|149|E1525|48|0|0|0|0|0|0|0|0|0|0|0|0|0|0|0|0|0|0|0|0|0|2024|4|25|16|4|10|1|N
15|25|6779|C|1|0|U|647|32|3|149|E1525|6|24|11|16|13|19|161|258|20|8|0|34|0|15|1|0|1|0|581|113|306|161|2024|4|25|15|34|32|4|N
15|26|5169|C|3|0|U|592|107|34|150|E1526|60|15|122|0|21|76|33|108|17|26|0|0|0|0|0|0|1|10|429|180|205|33|2024|4|25|15|19|16|2|N
15|26|5182|B|1|0|U|464|107|34|150|E1526|65|3|28|0|1|25|78|29|18|3|0|0|0|0|3|0|0|11|199|52|58|78|2024|4|25|15|19|40|1|N
15|26|5274|C|3|0|U|628|107|34|150|E1526|71|0|132|5|36|24|147|95|4|0|0|0|0|0|0|0|3|2|448|141|155|147|2024|4|25|15|15|25|4|N
15|26|5285|C|3|0|U|648|107|34|150|E1526|75|26|270|0|20|3|60|49|49|0|0|0|0|0|0|0|4|10|491|345|72|60|2024|4|25|15|14|22|4|N
15|26|5304|B|1|0|U|612|107|34|150|E1526|48|11|40|0|4|18|133|33|77|0|0|0|0|0|2|0|4|0|322|128|57|133|2024|4|25|15|11|16|4|N
15|26|5354|C|3|0|U|691|107|34|150|E1526|72|73|54|0|39|1|147|90|21|0|0|18|0|0|13|0|2|2|460|166|143|147|2024|4|25|15|22|8|4|N
15|26|5355|C|5|0|R|674|107|34|150|E1526|2|13|51|6|13|140|135|31|22|0|0|0|0|0|2|0|0|9|422|92|186|135|2024|4|25|14|21|49|1|N
15|26|5361|B|1|0|R|630|107|34|150|E1526|9|1|50|0|44|1|73|127|58|0|0|15|0|0|4|0|4|10|387|124|176|73|2024|4|25|15|13|22|4|N
15|26|5365|B|1|0|U|672|107|2|150|E1526|122|0|67|0|6|16|109|174|59|0|0|0|0|0|0|0|0|5|436|126|196|109|2024|4|25|15|20|35|4|N
15|26|5365|C|1|0|U|671|107|2|150|E1526|122|5|46|2|7|1|59|112|151|0|0|0|0|0|0|0|3|0|386|204|120|59|2024|4|25|15|22|38|4|N
15|26|5370|C|4|0|R|649|107|34|150|E1526|21|0|44|5|23|8|151|61|128|0|0|0|0|0|0|0|4|1|425|177|92|151|2024|4|25|15|10|55|4|N
15|26|5380|C|1|0|U|741|107|34|150|E1526|15|5|5|0|23|1|78|141|71|0|0|0|0|0|0|0|4|8|336|81|165|78|2024|4|25|15|20|36|4|N
15|26|5382|C|3|0|U|680|107|34|150|E1526|30|0|0|0|0|0|0|0|0|0|0|0|0|0|0|0|0|0|0|0|0|0|2024|4|25|16|1|10|4|N
15|26|5390|C|4|0|U|666|107|2|150|E1526|116|4|77|22|6|35|123|95|32|0|0|7|0|0|7|1|0|4|413|142|144|123|2024|4|25|15|44|42|1|N
15|26|5390|C|6|0|U|666|107|2|150|E1526|116|11|74|26|50|14|165|73|3|0|0|0|0|0|0|0|0|2|418|114|137|165|2024|4|25|15|29|33|4|N
15|26|5391|C|4|0|R|618|107|2|150|E1526|125|0|108|3|91|33|144|76|56|0|0|0|0|0|0|0|4|3|518|167|200|144|2024|4|25|15|47|15|4|N
15|26|5410|C|2|0|U|667|107|2|150|E1526|118|9|57|9|6|14|59|275|102|0|0|0|0|1|0|0|0|11|543|177|296|59|2024|4|25|15|29|51|4|N
15|26|5411|C|1|0|U|641|107|2|150|E1526|129|7|62|2|35|4|37|83|12|0|0|0|0|0|0|0|0|6|248|83|122|37|2024|4|25|15|16|3|4|N
15|26|5412|C|4|0|M|642|107|2|150|E1526|131|25|21|0|30|52|187|38|145|0|0|3|0|0|0|0|0|7|508|194|120|187|2024|4|25|15|20|51|4|N
15|26|6434|B|1|0|U|459|107|2|150|E1526|106|3|103|0|24|2|68|89|102|3|0|0|0|0|0|0|5|5|404|211|115|68|2024|4|25|15|18|23|4|N
15|26|6438|B|1|0|R|412|107|2|150|E1526|101|6|1|0|10|0|138|81|13|43|0|0|0|0|0|0|0|4|296|63|91|138|2024|4|25|15|10|46|4|N
15|26|6671|C|1|0|U|730|107|2|150|E1526|95|10|113|0|23|2|94|80|67|0|0|0|0|0|20|0|1|1|411|190|125|94|2024|4|25|15|41|38|1|N
15|26|6786|C|1|0|U|709|107|2|150|E1526|80|27|57|17|25|10|197|199|24|0|0|0|0|0|1|0|2|11|570|125|235|197|2024|4|25|15|37|52|4|N
15|27|495|B|1|0|U|660|18|29|151|E1527|1|0|62|3|32|15|101|115|5|2|0|7|0|0|1|0|2|11|356|79|163|101|2024|4|25|15|17|58|1|N
15|27|501|C|3|0|M|704|18|29|151|E1527|9|79|28|0|27|1|110|42|221|0|0|0|0|0|0|0|2|3|513|328|70|110|2024|4|25|15|18|44|4|N
15|27|505|C|1|0|U|693|18|29|151|E1527|13|8|83|0|61|0|46|192|0|0|0|0|0|0|0|0|4|0|394|91|253|46|2024|4|25|15|23|40|4|N
15|27|508|C|3|0|U|656|18|29|151|E1527|16|8|16|1|32|7|193|47|104|19|0|2|0|0|2|0|2|4|437|150|88|193|2024|4|25|14|38|37|1|N
15|27|2477|B|1|0|U|614|55|35|151|E1527|31|0|96|0|62|5|140|90|0|0|0|0|0|0|90|0|1|9|493|96|247|140|2024|4|25|15|12|1|4|N
15|27|2479|B|1|0|U|655|55|35|151|E1527|33|15|6|1|30|22|228|22|20|0|0|0|0|0|3|0|5|10|362|42|77|228|2024|4|25|15|22|15|4|N
15|27|2481|B|1|0|U|590|55|35|151|E1527|37|22|11|0|2|6|173|60|27|0|0|0|0|3|0|0|3|11|318|60|71|173|2024|4|25|15|17|6|4|N
15|27|2490|C|8|0|U|700|55|35|151|E1527|43|112|43|0|22|9|184|45|34|0|0|3|0|0|0|0|3|1|456|192|76|184|2024|4|25|14|4|12|4|N
15|27|2492|B|1|0|U|701|55|35|151|E1527|45|0|43|1|38|1|232|156|20|0|0|26|0|0|0|0|2|6|525|90|195|232|2024|4|25|14|2|53|4|N
15|27|2499|C|3|0|U|564|55|35|151|E1527|49|1|123|0|56|6|61|37|55|0|0|0|0|0|5|0|5|9|358|179|104|61|2024|4|25|15|19|16|4|N
15|27|2514|B|1|0|U|723|55|35|151|E1527|61|54|99|3|26|3|137|14|9|0|0|27|0|0|10|0|3|9|394|192|53|137|2024|4|25|15|31|44|4|N
15|27|2514|C|3|0|U|723|55|35|151|E1527|62|0|0|0|0|0|0|0|0|0|0|0|0|0|0|0|0|0|0|0|0|0||||||||
15|27|2534|S|1|0|U|0|55|35|151|E1527|77|46|28|0|131|1|168|193|1|0|0|58|0|0|0|0|4|2|632|133|325|168|2024|4|25|15|25|11|1|N
15|27|2539|C|5|0|U|685|55|35|151|E1527|83|2|34|22|18|22|97|46|141|1|0|4|0|0|0|0|4|6|397|204|86|97|2024|4|25|15|13|11|4|N
15|27|2547|C|8|0|U|667|55|35|151|E1527|93|73|31|0|35|0|78|74|90|3|0|30|0|0|1|0|5|0|420|227|110|78|2024|4|25|15|14|8|1|N
15|27|4125|C|1|0|U|644|77|35|151|E1527|115|25|25|0|190|31|181|47|0|1|0|3|0|0|0|0|3|7|513|54|268|181|2024|4|25|15|32|34|1|N
15|27|4126|C|1|0|U|706|77|35|151|E1527|116|0|44|132|15|4|57|74|21|0|0|7|0|0|3|0|1|12|370|204|96|57|2024|4|25|14|8|35|4|N
15|27|4131|C|2|0|U|732|77|35|151|E1527|123|33|74|3|78|5|82|83|16|1|1|0|0|0|2|0|0|1|379|128|168|82|2024|4|25|15|19|32|1|N
15|27|4134|C|5|0|U|696|77|35|151|E1527|128|94|123|0|80|0|155|24|38|0|0|0|0|0|2|0|0|3|519|255|106|155|2024|4|25|15|26|43|4|N
15|27|4139|B|1|0|R|565|77|35|151|E1527|135|0|7|7|17|0|195|93|3|0|0|1|0|0|0|0|4|9|336|18|110|195|2024|4|25|15|42|58|1|N
15|27|4139|C|2|0|R|564|77|35|151|E1527|135|0|91|3|27|17|118|56|123|10|0|0|0|0|0|0|2|8|455|227|100|118|2024|4|25|15|39|25|1|N
15|27|4140|C|4|0|U|664|77|35|151|E1527|137|0|29|2|23|24|122|102|10|4|0|0|0|0|2|0|4|4|326|45|151|122|2024|4|25|15|44|11|1|N
15|27|6789|C|1|0|U|741|74|29|151|E1527|106|1|33|0|15|20|50|102|71|0|0|0|0|0|0|0|5|12|309|105|137|50|2024|4|25|15|2|24|4|N
15|27|6792|C|1|0|U|612|74|29|151|E1527|107|1|5|1|136|16|33|125|21|0|0|30|0|0|2|0|0|12|382|58|279|33|2024|4|25|15|19|36|4|N
15|28|219|B|1|0|U|618|10|20|152|E1528|7|72|124|31|99|2|43|153|37|0|0|0|0|0|0|0|5|8|574|264|254|43|2024|4|25|15|28|42|4|N
15|28|222|C|2|0|U|746|10|20|152|E1528|8|4|122|0|101|4|96|45|85|0|0|0|0|0|4|0|4|12|477|211|154|96|2024|4|25|15|19|3|4|N
15|28|4589|C|3|0|U|740|97|20|152|E1528|26|20|242|0|60|32|36|166|57|0|0|35|0|0|0|0|1|2|651|354|258|36|2024|4|25|15|20|10|4|N
15|28|4596|B|1|0|U|617|97|20|152|E1528|29|33|68|23|1|0|61|73|95|0|0|0|0|0|0|0|4|6|364|219|74|61|2024|4|25|15|30|46|4|N
15|28|5881|E|2|11|U|718|121|20|152|E1528|48|122|76|3|12|82|135|15|57|0|0|0|0|0|25|0|3|9|539|258|134|135|2024|4|25|15|19|24|4|N
15|28|5882|C|4|0|M|713|121|20|152|E1528|49|17|90|2|5|31|186|158|11|67|0|0|0|0|0|0|2|12|581|187|194|186|2024|4|25|15|27|30|4|N
15|28|5882|E|1|2|M|715|121|20|152|E1528|50|98|14|0|21|76|54|80|14|0|0|0|0|0|0|0|0|12|369|126|177|54|2024|4|25|15|29|7|4|N
15|28|5882|E|1|11|M|715|121|20|152|E1528|52|22|20|22|81|134|77|13|123|0|0|12|0|0|22|0|1|3|530|199|250|77|2024|4|25|15|30|2|4|N
15|28|5884|C|3|0|U|648|121|20|152|E1528|69|48|20|0|92|0|105|156|25|0|0|0|0|0|2|0|2|3|453|93|250|105|2024|4|25|15|12|19|4|N
15|28|5903|C|1|0|R|587|121|20|152|E1528|82|11|0|27|24|11|102|97|37|0|0|0|0|0|3|0|3|9|324|75|135|102|2024|4|25|15|21|43|4|N
15|28|5904|C|12|0|M|711|121|20|152|E1528|75|0|0|0|0|0|0|0|0|0|0|0|0|0|0|0|0|0|0|0|0|0|2024|4|25|15|52|50|4|N
15|28|5904|E|2|1|M|680|121|20|152|E1528|78|55|17|8|9|6|19|169|45|3|0|0|0|0|0|0|0|11|342|128|184|19|2024|4|25|15|35|31|4|N
15|28|5906|C|6|0|U|701|121|20|152|E1528|56|3|25|0|13|3|101|106|14|0|0|1|0|0|40|0|3|0|309|43|162|101|2024|4|25|15|12|22|4|N
15|28|5910|C|2|0|U|736|121|20|152|E1528|54|81|42|0|11|31|82|132|75|0|0|25|0|0|8|0|5|1|493|223|182|82|2024|4|25|15|16|50|4|N
15|28|5917|B|1|0|U|728|121|20|152|E1528|102|9|15|74|40|6|142|142|56|0|0|9|0|0|0|0|0|8|501|163|188|142|2024|4|25|15|34|34|4|N
15|28|5919|C|1|0|R|546|121|20|152|E1528|100|7|176|1|113|0|68|63|33|0|0|0|0|0|0|0|3|6|470|217|176|68|2024|4|25|15|43|45|4|N
15|28|5923|B|1|0|U|730|121|20|152|E1528|96|24|38|0|32|71|190|9|33|0|0|67|0|0|0|0|4|10|478|162|112|190|2024|4|25|15|30|9|4|N
15|28|6796|C|1|0|U|637|121|20|152|E1528|89|0|89|5|12|34|106|58|115|0|0|0|0|0|2|0|1|12|434|209|106|106|2024|4|25|15|31|44|4|N
15|29|3098|C|2|0|U|650|60|25|153|E1529|7|31|8|0|35|0|169|73|59|0|0|0|0|0|0|0|2|9|386|98|108|169|2024|4|25|14|12|0|4|N
15|29|3232|B|1|0|U|681|60|24|153|E1529|81|50|54|0|24|71|183|10|74|0|0|1|0|0|0|0|0|5|472|179|105|183|2024|4|25|15|39|55|1|N
15|29|3237|C|2|0|U|585|60|24|153|E1529|74|8|81|67|12|15|38|144|25|0|0|0|0|0|45|0|2|12|449|181|216|38|2024|4|25|14|5|8|4|N
15|29|3238|B|1|0|U|675|60|24|153|E1529|74|0|0|0|0|0|0|0|0|0|0|0|0|0|0|0|0|0|0|0|0|0|2024|4|25|16|8|21|1|N
15|29|3238|C|1|0|U|674|60|24|153|E1529|74|0|0|0|0|0|0|0|0|0|0|0|0|0|0|0|0|0|0|0|0|0|2024|4|25|16|9|38|1|N
15|29|3242|C|2|0|U|587|60|24|153|E1529|82|0|0|0|0|0|0|0|0|0|0|0|0|0|0|0|0|0|0|0|0|0|2024|4|25|15|55|19|1|N
15|29|3249|C|1|0|U|719|60|24|153|E1529|99|0|0|0|0|0|0|0|0|0|0|0|0|0|0|0|0|0|0|0|0|0|2024|4|25|16|1|43|1|N
15|29|3253|B|1|0|U|733|60|24|153|E1529|104|3|32|0|14|3|183|125|81|1|0|96|0|0|0|0|2|4|544|213|142|183|2024|4|25|15|11|24|4|N
15|29|3265|B|1|0|U|683|60|24|153|E1529|102|0|0|0|0|0|0|0|0|0|0|0|0|0|0|0|0|0|0|0|0|0|2024|4|25|16|5|25|1|N
15|29|3271|B|1|0|U|742|60|24|153|E1529|115|19|52|0|46|67|102|148|66|0|0|15|0|0|8|0|0|5|528|152|269|102|2024|4|25|15|20|0|1|N
15|29|3273|B|1|0|U|472|60|24|153|E1529|111|6|0|0|99|25|135|30|7|0|0|46|0|4|55|0|1|1|409|59|213|135|2024|4|25|15|12|6|4|N
15|29|3287|B|1|0|U|620|60|25|153|E1529|76|0|0|0|0|0|0|0|0|0|0|0|0|0|0|0|0|0|0|0|0|0||||||||
15|29|3288|B|1|0|U|563|60|25|153|E1529|78|0|0|0|0|0|0|0|0|0|0|0|0|0|0|0|0|0|0|0|0|0||||||||
15|29|3291|B|1|0|U|682|60|25|153|E1529|98|4|115|22|0|2|53|78|85|43|0|0|0|0|0|0|4|0|406|269|80|53|2024|4|25|15|4|35|4|N
15|29|3296|C|1|0|U|446|60|25|153|E1529|90|1|73|0|23|0|61|5|60|59|0|1|0|0|0|0|1|4|288|194|28|61|2024|4|25|15|30|19|1|N
15|29|3327|B|1|0|U|493|60|25|153|E1529|63|1|81|0|13|1|146|102|1|0|0|0|0|0|10|0|1|7|363|83|126|146|2024|4|25|15|33|9|1|N
15|29|3348|B|1|0|U|411|60|25|153|E1529|56|1|34|0|84|24|76|102|15|0|0|1|0|0|0|0|1|8|346|51|210|76|2024|4|25|15|2|3|4|N
15|29|3357|C|2|0|U|506|60|25|153|E1529|131|24|67|0|44|16|30|99|10|0|0|10|13|0|1|0|2|3|319|111|173|30|2024|4|25|14|3|58|4|N
15|29|3367|C|1|0|U|454|60|25|153|E1529|132|9|22|0|5|0|165|41|58|0|0|13|0|0|0|0|2|4|319|102|46|165|2024|4|25|14|9|49|4|N
15|29|3368|C|2|0|U|569|60|25|153|E1529|134|35|12|2|1|0|184|56|48|8|0|0|0|0|0|0|5|1|352|105|57|184|2024|4|25|15|18|1|4|N
15|29|3389|B|1|0|U|620|60|25|153|E1529|47|11|11|0|9|23|23|94|91|0|0|2|0|0|3|0|3|10|280|115|129|23|2024|4|25|14|2|6|4|N
15|29|3414|C|1|0|U|541|60|25|153|E1529|141|0|0|0|0|0|0|0|0|0|0|0|0|0|0|0|0|0|0|0|0|0|2024|4|25|15|58|19|4|N
15|29|3419|C|1|0|U|551|60|25|153|E1529|42|0|12|0|22|56|12|43|119|0|0|0|0|0|0|0|2|11|277|131|121|12|2024|4|25|15|30|52|1|N
15|29|3435|C|1|0|U|673|60|25|153|E1529|144|0|0|0|0|0|0|0|0|0|0|0|0|0|0|0|0|0|0|0|0|0||||||||
15|29|3449|C|1|0|U|601|60|25|153|E1529|143|0|0|0|0|0|0|0|0|0|0|0|0|0|0|0|0|0|0|0|0|0||||||||
15|29|3486|B|1|0|U|602|60|25|153|E1529|20|2|63|0|149|40|29|137|19|0|0|4|0|0|43|0|5|7|498|88|369|29|2024|4|25|15|36|29|1|N
15|29|3500|B|1|0|U|580|60|25|153|E1529|24|21|17|57|55|16|70|44|170|0|12|0|0|0|21|0|2|0|485|277|136|70|2024|4|25|14|5|3|4|N
15|29|3616|C|1|0|U|437|60|25|153|E1529|31|0|0|0|0|0|0|0|0|0|0|0|0|0|0|0|0|0|0|0|0|0||||||||
15|30|1109|C|4|0|U|717|30|5|154|E1530|67|0|38|10|158|11|206|113|39|7|0|0|0|0|0|0|1|5|588|94|282|206|2024|4|25|15|19|28|4|N
15|30|1123|C|1|0|M|652|30|5|154|E1530|74|3|5|1|158|16|103|135|48|0|0|0|0|0|0|0|1|11|481|57|309|103|2024|4|25|15|23|53|1|N
15|30|1124|B|1|0|U|631|30|5|154|E1530|73|48|56|1|107|0|21|103|59|0|0|0|0|0|0|0|4|11|410|164|210|21|2024|4|25|15|30|30|4|N
15|30|1124|C|1|0|U|631|30|5|154|E1530|73|41|51|0|109|0|124|16|58|0|0|73|0|0|0|0|0|9|481|223|125|124|2024|4|25|15|29|26|1|N
15|30|1136|C|2|0|U|613|30|5|154|E1530|36|39|114|47|33|0|174|14|24|0|0|0|44|0|0|0|0|3|492|224|91|174|2024|4|25|15|15|54|4|N
15|30|1137|B|1|0|U|740|30|5|154|E1530|34|58|65|0|144|0|123|10|66|1|0|0|0|0|1|0|0|4|472|190|155|123|2024|4|25|15|30|26|4|N
15|30|1192|C|1|0|U|711|32|5|154|E1530|17|47|78|1|26|5|119|120|17|0|0|0|0|7|0|0|3|11|434|143|158|119|2024|4|25|15|30|41|4|N
15|30|1212|C|3|0|U|625|32|5|154|E1530|24|18|29|0|10|2|113|148|24|0|0|1|0|0|0|0|5|2|352|72|160|113|2024|4|25|15|6|26|4|N
15|30|1237|C|4|0|U|687|32|5|154|E1530|26|2|116|0|15|1|119|134|70|0|0|0|0|0|31|0|1|0|489|188|181|119|2024|4|25|15|18|16|4|N
15|30|5966|C|8|0|U|734|32|5|154|E1530|42|1|11|9|24|22|145|126|6|0|0|0|0|0|2|0|0|4|350|27|174|145|2024|4|25|15|9|48|4|N
15|30|5967|C|6|0|U|699|32|5|154|E1530|44|20|40|50|1|0|274|37|64|0|0|20|0|0|0|0|2|8|516|194|38|274|2024|4|25|15|38|30|1|N
15|30|5969|C|3|0|U|739|32|5|154|E1530|53|80|28|70|35|4|172|73|13|0|0|2|0|0|0|0|4|2|483|193|112|172|2024|4|25|15|21|52|4|N
15|30|5985|B|1|0|U|515|32|5|154|E1530|14|2|39|23|173|7|80|3|19|0|0|0|0|0|0|0|5|3|354|83|183|80|2024|4|25|15|24|47|1|N
15|30|6366|C|3|0|U|721|30|5|154|E1530|105|23|53|0|13|49|72|160|80|0|0|0|0|0|0|0|4|6|460|156|222|72|2024|4|25|15|11|27|4|N
15|30|6372|C|1|0|U|644|30|5|154|E1530|78|12|3|48|142|12|89|48|23|0|0|0|0|0|0|0|3|3|383|86|202|89|2024|4|25|15|5|34|4|N
15|30|6373|C|1|0|U|453|30|5|154|E1530|76|7|61|0|3|0|108|18|96|0|0|0|0|0|0|0|0|4|297|164|21|108|2024|4|25|15|15|38|4|N
15|30|6380|B|1|0|U|709|30|5|154|E1530|80|24|164|0|30|0|168|93|107|0|0|0|0|0|0|0|4|9|599|295|123|168|2024|4|25|15|9|44|1|N
15|30|6385|B|1|0|U|681|30|5|154|E1530|92|2|57|0|93|41|165|63|6|0|0|0|0|0|0|0|3|8|438|65|197|165|2024|4|25|15|11|47|4|N
15|30|6385|C|1|0|U|681|30|5|154|E1530|92|19|121|3|13|20|159|45|108|0|0|0|0|0|1|0|5|7|501|251|79|159|2024|4|25|15|8|50|4|N
15|30|6389|B|1|0|U|636|30|5|154|E1530|88|0|8|0|18|132|136|108|14|2|0|0|0|0|20|0|2|5|445|24|278|136|2024|4|25|15|26|45|4|N
15|31|1263|C|2|0|U|586|60|41|155|E1531|94|17|55|0|69|60|184|17|31|0|0|0|0|0|7|0|1|1|442|103|153|184|2024|4|25|13|59|2|4|N
15|31|3051|C|1|0|U|537|60|25|155|E1531|1|0|26|22|24|5|56|49|130|0|0|7|0|0|25|0|3|8|355|185|103|56|2024|4|25|15|23|17|4|N
15|31|3057|C|1|0|U|567|60|41|155|E1531|41|4|178|11|25|8|55|97|13|0|0|7|0|0|0|0|4|6|408|213|130|55|2024|4|25|15|31|32|4|N
15|31|3074|C|1|0|U|639|60|25|155|E1531|6|77|53|0|45|4|181|54|86|0|0|0|0|0|24|0|1|2|527|216|127|181|2024|4|25|15|26|15|4|N
15|31|3092|B|1|0|U|504|60|41|155|E1531|50|7|114|0|60|2|86|96|29|0|0|8|0|0|1|0|4|1|408|158|159|86|2024|4|25|15|4|42|4|N
15|31|3457|B|1|0|U|722|60|25|155|E1531|8|1|19|0|26|1|187|97|28|0|0|0|0|0|0|0|3|0|362|48|124|187|2024|4|25|15|5|21|4|N
15|31|3466|B|1|0|U|678|60|25|155|E1531|16|0|58|43|2|1|66|107|54|0|0|0|0|0|1|0|0|4|336|155|111|66|2024|4|25|14|12|56|4|N
15|31|3468|C|1|0|U|489|60|25|155|E1531|14|15|42|7|29|0|203|123|24|0|0|0|0|0|0|0|0|11|454|88|152|203|2024|4|25|15|30|44|4|N
15|31|3518|B|1|0|U|566|60|41|155|E1531|62|3|57|0|26|17|51|167|3|0|0|0|0|0|0|0|3|9|336|63|210|51|2024|4|25|15|35|3|4|N
15|31|3541|C|1|0|U|569|60|41|155|E1531|68|0|0|0|0|0|0|0|0|0|0|0|0|0|0|0|0|0|0|0|0|0||||||||
15|31|3542|C|1|0|U|714|60|41|155|E1531|70|50|84|6|73|30|71|101|24|0|0|8|0|0|0|0|0|5|452|172|204|71|2024|4|25|15|3|1|4|N
15|31|3548|C|2|0|U|599|60|41|155|E1531|77|16|103|0|35|2|44|27|22|1|0|2|0|0|0|0|7|7|266|144|64|44|2024|4|25|15|28|14|4|N
15|31|3550|B|1|0|U|719|60|41|155|E1531|76|14|19|8|44|24|100|123|71|0|0|71|0|0|0|0|1|7|482|183|191|100|2024|4|25|15|25|46|4|N
15|31|3557|B|1|0|U|706|60|41|155|E1531|77|35|110|0|107|6|82|3|1|0|0|0|0|0|0|0|0|5|349|146|116|82|2024|4|25|15|30|43|4|N
15|31|3568|C|2|0|U|649|60|41|155|E1531|136|91|54|0|29|32|218|28|34|5|0|0|0|0|2|0|2|1|496|184|91|218|2024|4|25|15|4|39|4|N
15|31|3574|C|2|0|U|503|60|41|155|E1531|140|2|9|0|6|4|157|30|24|2|0|0|0|0|31|0|4|5|274|37|71|157|2024|4|25|15|5|43|4|N
15|31|3577|B|1|0|U|575|60|41|155|E1531|141|0|0|0|0|0|0|0|0|0|0|0|0|0|0|0|0|0|0|0|0|0|2024|4|25|15|59|28|4|N
15|31|3589|B|1|0|U|664|60|25|155|E1531|25|0|72|2|25|3|124|51|122|10|0|0|0|0|0|0|1|12|422|206|79|124|2024|4|25|15|44|49|4|N
15|31|3629|B|1|0|U|428|60|41|155|E1531|125|10|107|10|14|8|25|59|26|0|0|3|0|0|0|0|1|6|269|156|81|25|2024|4|25|15|50|46|4|N
15|31|3642|B|1|0|U|686|60|25|155|E1531|33|0|0|0|0|0|0|0|0|0|0|0|0|0|0|0|0|0|0|0|0|0|2024|4|25|16|0|46|4|N
15|31|3655|B|1|0|U|674|60|41|155|E1531|92|0|6|0|31|4|50|174|96|0|0|2|0|0|0|0|5|8|376|104|209|50|2024|4|25|15|49|36|4|N
15|31|3663|C|1|0|U|499|60|41|155|E1531|81|85|42|1|37|40|39|44|67|0|0|0|0|0|1|0|2|1|359|195|122|39|2024|4|25|15|36|28|4|N
15|31|3665|B|1|0|U|554|60|41|155|E1531|145|0|53|1|22|4|126|115|97|0|0|0|0|0|0|0|4|11|433|151|141|126|2024|4|25|15|4|53|4|N
15|31|3677|C|1|0|U|522|60|41|155|E1531|103|9|42|0|55|8|9|249|10|0|0|0|0|0|1|0|0|4|387|61|313|9|2024|4|25|15|8|8|4|N
15|31|3679|B|1|0|U|542|60|41|155|E1531|95|3|85|1|39|0|80|48|38|9|0|0|0|0|0|0|4|7|314|136|87|80|2024|4|25|15|27|2|4|N
15|31|3694|C|1|0|U|492|60|41|155|E1531|107|1|21|15|16|2|12|153|44|0|0|0|0|0|0|0|3|5|272|81|171|12|2024|4|25|15|8|16|4|N
15|31|3705|C|1|0|U|541|60|41|155|E1531|116|5|16|1|32|0|79|79|100|0|0|0|0|0|7|0|0|7|326|122|118|79|2024|4|25|15|34|42|4|N
15|31|3714|C|2|0|U|517|60|41|155|E1531|128|26|27|0|28|0|67|100|29|0|0|0|0|0|0|0|1|8|286|82|128|67|2024|4|25|15|42|19|4|N
15|32|921|B|1|0|U|739|122|27|156|E1532|45|63|122|0|1|0|29|212|131|0|0|0|0|0|0|0|5|11|574|316|213|29|2024|4|25|15|23|8|4|N
15|32|925|C|2|0|U|663|122|27|156|E1532|22|13|34|0|49|28|63|133|13|0|0|0|0|0|0|0|2|3|338|60|210|63|2024|4|25|15|32|26|1|N
15|32|926|C|2|0|U|655|122|27|156|E1532|23|7|147|0|27|0|111|125|20|0|0|0|0|0|13|0|0|10|460|174|165|111|2024|4|25|15|38|3|4|N
15|32|932|B|1|0|U|609|122|27|156|E1532|46|4|57|0|137|24|18|58|50|0|0|5|0|0|3|0|1|6|363|116|222|18|2024|4|25|15|41|50|4|N
15|32|946|C|1|0|U|732|122|27|156|E1532|38|12|28|2|5|7|98|150|90|0|0|0|0|0|111|0|3|0|506|132|273|98|2024|4|25|14|16|34|4|N
15|32|948|C|2|0|U|629|122|27|156|E1532|33|0|0|0|0|0|0|0|0|0|0|0|0|0|0|0|0|0|0|0|0|0||||||||
15|32|960|C|3|0|U|638|122|27|156|E1532|56|12|39|17|57|1|142|19|43|0|0|0|0|0|0|1|0|2|333|111|78|142|2024|4|25|15|47|59|1|N
15|32|963|C|3|0|U|674|122|27|156|E1532|63|9|20|0|108|148|34|200|7|0|0|0|0|0|0|1|0|1|528|36|457|34|2024|4|25|15|23|37|1|N
15|32|965|B|1|0|U|567|122|27|156|E1532|65|8|31|0|31|110|49|29|9|0|0|0|0|0|0|0|3|7|277|48|170|49|2024|4|25|15|40|16|1|N
15|32|999|C|2|0|U|705|122|27|156|E1532|77|1|110|3|34|3|112|145|15|28|0|43|0|0|29|0|0|4|527|200|211|112|2024|4|25|15|51|5|1|N
15|32|1007|C|1|0|U|690|122|27|156|E1532|84|10|38|45|40|0|59|111|94|0|0|10|0|0|21|0|4|10|442|197|172|59|2024|4|25|15|48|5|4|N
15|32|1010|C|2|0|U|694|122|27|156|E1532|93|1|46|0|33|5|55|127|40|4|0|18|0|0|14|0|2|4|349|109|179|55|2024|4|25|15|28|21|4|N
15|32|1012|B|1|0|U|646|122|27|156|E1532|97|1|62|0|2|4|250|43|71|0|0|0|0|0|0|0|5|12|450|134|49|250|2024|4|25|15|29|18|4|N
15|32|2083|C|3|0|U|669|122|27|156|E1532|1|5|37|0|204|1|172|27|19|0|0|0|0|0|0|0|1|10|476|61|232|172|2024|4|25|15|6|19|4|N
15|32|2114|B|1|0|U|709|122|27|156|E1532|5|0|0|0|0|0|0|0|0|0|0|0|0|0|0|0|0|0|0|0|0|0|2024|4|25|15|58|43|1|N
15|32|2120|C|1|0|U|736|122|27|156|E1532|8|110|5|16|1|12|114|115|25|0|0|0|0|0|14|0|4|12|428|156|142|114|2024|4|25|14|17|12|1|N
15|32|2120|C|2|0|U|736|122|27|156|E1532|8|41|139|1|82|1|180|42|100|0|0|0|0|0|0|0|3|0|589|281|125|180|2024|4|25|15|38|33|4|N
15|32|5926|C|5|0|U|670|122|27|156|E1532|26|25|2|3|11|5|79|68|9|12|0|0|0|0|4|0|3|9|230|51|88|79|2024|4|25|15|41|57|1|N
15|32|6811|C|1|0|U|624|122|27|156|E1532|89|0|0|0|0|0|0|0|0|0|0|0|0|0|0|0|0|0|0|0|0|0||||||||
15|33|937|B|1|0|U|705|26|1|157|E1533|1|18|40|20|20|1|10|21|139|0|0|1|0|0|0|0|0|2|272|218|42|10|2024|4|25|15|33|32|1|N
15|33|938|C|1|0|U|446|26|1|157|E1533|4|3|23|0|6|33|109|13|61|0|0|0|1|0|7|0|5|3|264|87|60|109|2024|4|25|15|19|42|4|N
15|33|992|C|2|0|U|747|26|1|157|E1533|17|0|14|0|131|50|134|186|46|0|0|0|0|0|0|0|1|2|564|60|367|134|2024|4|25|15|28|54|1|N
15|33|992|C|6|0|U|746|26|1|157|E1533|18|10|69|0|57|10|260|18|76|1|0|1|0|0|0|0|2|11|515|157|85|260|2024|4|25|15|51|58|1|N
15|33|994|C|1|0|U|691|26|1|157|E1533|20|0|0|0|0|0|0|0|0|0|0|0|0|0|0|0|0|0|0|0|0|0|2024|4|25|16|10|10|1|N
15|33|1018|C|3|0|U|632|26|1|157|E1533|28|4|92|2|0|12|173|34|35|0|0|4|0|0|0|0|5|6|367|137|46|173|2024|4|25|15|32|9|4|N
15|33|1039|C|5|0|U|644|26|1|157|E1533|33|0|0|0|0|0|0|0|0|0|0|0|0|0|0|0|0|0|0|0|0|0|2024|4|25|16|3|23|1|N
15|33|1041|B|1|0|U|625|26|1|157|E1533|39|6|3|0|15|5|29|113|29|1|0|19|0|0|64|0|1|4|289|58|197|29|2024|4|25|15|31|23|4|N
15|33|1043|E|1|12|U|694|26|1|157|E1533|50|38|68|12|20|80|130|103|10|0|0|16|3|0|0|0|4|4|488|144|206|130|2024|4|25|15|11|36|4|N
15|33|1044|C|3|0|U|703|26|1|157|E1533|53|1|39|0|42|22|289|52|5|0|0|0|0|0|0|0|4|9|463|45|116|289|2024|4|25|15|22|2|4|N
15|33|1048|C|1|0|U|671|26|1|157|E1533|68|7|71|0|40|67|76|65|152|0|0|0|0|0|0|0|1|12|491|230|172|76|2024|4|25|15|23|30|4|N
15|33|1052|E|1|0|U|732|26|1|157|E1533|63|0|0|0|0|0|0|0|0|0|0|0|0|0|0|0|0|0|0|0|0|0|2024|4|25|15|54|5|1|N
15|33|1057|C|3|0|U|700|26|1|157|E1533|80|0|109|0|41|9|194|58|74|0|0|3|0|0|2|0|1|12|503|186|110|194|2024|4|25|15|22|36|1|N
15|33|1059|C|1|0|U|529|26|1|157|E1533|82|18|41|0|11|24|71|181|95|0|0|9|0|0|0|0|1|1|452|163|216|71|2024|4|25|15|24|5|4|N
15|33|1071|B|1|0|U|716|26|1|157|E1533|98|0|0|0|0|0|0|0|0|0|0|0|0|0|0|0|0|0|0|0|0|0||||||||
15|33|1076|C|6|0|M|655|26|1|157|E1533|105|0|0|0|0|0|0|0|0|0|0|0|0|0|0|0|0|0|0|0|0|0||||||||
15|33|1079|C|1|0|M|743|26|1|157|E1533|108|9|29|4|20|3|428|46|39|0|0|0|0|1|0|0|3|12|594|81|70|428|2024|4|25|15|48|29|1|N
15|33|6815|C|1|0|U|633|26|1|157|E1533|74|0|0|0|0|0|0|0|0|0|0|0|0|0|0|0|0|0|0|0|0|0||||||||
15|33|6816|C|1|0|U|745|26|1|157|E1533|75|1|39|16|21|10|24|150|293|10|0|7|0|0|3|0|4|4|582|366|184|24|2024|4|25|15|48|43|4|N
15|34|5221|B|1|0|U|394|107|34|158|E1534|72|5|44|1|46|41|40|67|80|4|2|0|0|3|0|0|4|1|338|136|157|40|2024|4|25|15|13|41|4|N
15|34|5224|C|1|0|U|450|107|34|158|E1534|92|11|108|0|40|17|116|25|2|0|0|0|0|0|0|0|1|11|331|121|82|116|2024|4|25|15|3|59|4|N
15|34|5237|B|1|0|U|536|107|34|158|E1534|89|38|15|1|7|5|173|66|114|0|0|0|0|0|1|0|2|1|423|168|79|173|2024|4|25|15|38|41|4|N
15|34|5239|B|1|0|U|437|107|34|158|E1534|89|1|40|0|91|24|69|58|11|0|0|1|0|0|2|0|1|7|305|53|175|69|2024|4|25|15|38|42|4|N
15|34|5242|C|1|0|U|738|107|34|158|E1534|95|7|16|0|73|25|71|267|77|0|0|32|0|0|2|0|5|3|578|132|367|71|2024|4|25|15|24|28|4|N
15|34|5265|C|1|0|U|610|107|34|158|E1534|59|74|45|22|30|0|83|69|17|2|0|6|0|0|1|1|3|9|362|166|101|83|2024|4|25|15|4|58|4|N
15|34|5277|C|2|0|U|730|107|2|158|E1534|29|82|187|3|12|2|72|62|91|0|0|15|0|0|0|0|0|4|530|378|76|72|2024|4|25|15|11|25|4|N
15|34|5281|B|1|0|U|634|107|2|158|E1534|13|0|0|0|0|0|0|0|0|0|0|0|0|0|0|0|0|0|0|0|0|0||||||||
15|34|5281|C|1|0|U|634|107|2|158|E1534|13|0|0|0|0|0|0|0|0|0|0|0|0|0|0|0|0|0|0|0|0|0||||||||
15|34|5283|C|3|0|U|658|107|2|158|E1534|25|12|50|0|16|10|112|246|17|0|0|0|0|0|1|0|4|2|470|79|273|112|2024|4|25|15|43|10|1|N
15|34|5296|C|2|0|U|724|107|2|158|E1534|21|50|91|0|89|18|150|48|177|0|0|18|0|0|1|0|5|0|647|336|156|150|2024|4|25|14|6|52|1|N
15|34|5317|B|1|0|U|685|107|34|158|E1534|79|2|37|0|0|9|64|42|143|0|0|0|0|0|46|0|3|3|349|182|97|64|2024|4|25|15|7|7|4|N
15|34|5320|C|1|0|U|623|107|34|158|E1534|84|110|40|9|72|0|187|57|11|13|0|0|0|0|0|0|1|1|501|183|129|187|2024|4|25|15|5|59|4|N
15|34|5322|B|1|0|U|575|107|34|158|E1534|54|3|245|15|48|3|55|45|16|1|0|0|0|0|0|0|1|0|432|280|96|55|2024|4|25|15|24|11|4|N
15|34|5323|C|2|0|U|664|107|2|158|E1534|44|86|61|0|44|83|102|102|23|0|0|0|0|0|0|0|0|8|509|170|229|102|2024|4|25|15|32|6|4|N
15|34|5325|C|1|0|U|684|107|2|158|E1534|47|7|105|0|0|11|221|65|56|0|0|0|0|0|0|0|3|9|477|168|76|221|2024|4|25|15|24|59|4|N
15|34|5326|C|2|0|U|668|107|2|158|E1534|52|95|172|0|55|47|118|43|2|0|0|0|0|0|0|0|5|11|548|269|145|118|2024|4|25|15|28|52|4|N
15|34|5336|B|1|0|U|700|107|34|158|E1534|86|6|20|27|2|7|158|20|27|12|0|0|0|0|57|0|4|4|344|92|86|158|2024|4|25|15|5|37|4|N
15|34|5348|B|1|0|U|702|107|36|158|E1534|110|5|102|23|35|108|165|51|15|0|0|1|0|0|22|0|0|1|528|146|216|165|2024|4|25|15|32|2|1|N
15|34|5352|B|1|0|U|399|107|36|158|E1534|102|0|2|4|24|35|90|72|2|0|0|0|0|17|14|0|0|2|262|8|162|90|2024|4|25|15|4|11|4|N
15|34|5416|C|3|0|U|735|107|2|158|E1534|1|8|109|0|7|14|316|152|27|0|0|0|0|0|0|0|4|3|640|144|173|316|2024|4|25|15|7|5|4|N
15|34|5418|C|4|0|U|721|107|2|158|E1534|6|9|6|0|153|6|65|35|21|0|0|0|0|1|0|0|0|0|296|36|195|65|2024|4|25|15|9|35|4|N
15|34|5423|C|1|0|U|658|107|36|158|E1534|133|61|25|0|26|0|28|90|3|13|0|0|0|0|0|0|2|3|251|102|116|28|2024|4|25|15|15|9|4|N
15|34|5424|C|1|0|U|667|107|36|158|E1534|134|1|50|15|2|0|101|38|38|3|0|0|0|0|1|0|2|4|255|107|41|101|2024|4|25|15|8|48|4|N
15|34|5425|B|1|0|M|743|107|36|158|E1534|135|0|42|0|108|0|122|15|22|0|0|4|0|0|0|0|4|3|320|68|123|122|2024|4|25|15|8|11|4|N
15|34|5428|C|2|0|M|740|107|36|158|E1534|140|2|46|0|15|27|167|68|43|0|0|0|0|0|5|0|3|4|380|91|115|167|2024|4|25|15|6|32|4|N
15|34|5439|B|1|0|U|593|107|2|158|E1534|17|38|100|5|4|3|99|43|14|0|0|0|0|0|0|0|5|6|317|157|50|99|2024|4|25|15|11|2|4|N
15|35|634|E|1|0|R|626|21|9|159|E1535|12|130|26|0|170|1|80|60|52|15|0|0|0|0|0|0|0|8|542|223|231|80|2024|4|25|15|43|54|1|N
15|35|641|B|1|0|R|575|21|9|159|E1535|3|3|6|0|32|86|27|188|26|0|0|0|0|0|7|0|2|5|382|35|313|27|2024|4|25|15|48|42|1|N
15|35|643|B|1|0|R|422|21|9|159|E1535|6|26|19|1|48|47|24|61|28|0|0|1|0|0|13|0|5|4|277|75|169|24|2024|4|25|15|40|22|1|N
15|35|646|C|1|0|R|640|21|9|159|E1535|4|38|61|0|22|6|268|55|61|0|0|0|0|0|0|0|3|5|519|160|83|268|2024|4|25|15|43|28|1|N
15|35|2165|C|1|0|U|645|41|9|159|E1535|28|24|63|7|9|0|98|80|44|0|0|0|0|0|1|0|3|5|334|138|90|98|2024|4|25|14|17|35|4|N
15|35|2176|C|1|0|R|630|41|9|159|E1535|27|0|65|0|14|2|129|69|27|0|0|13|0|0|0|0|5|8|332|105|85|129|2024|4|25|15|8|10|4|N
15|35|2376|E|1|0|M|615|50|7|159|E1535|34|2|68|0|55|52|66|51|8|0|0|0|0|2|1|0|5|4|314|78|161|66|2024|4|25|15|42|13|1|N
15|35|2434|C|1|0|U|678|53|7|159|E1535|37|0|0|0|0|0|0|0|0|0|0|0|0|0|0|0|0|0|0|0|0|0||||||||
15|35|2439|E|1|0|R|733|53|7|159|E1535|42|68|100|6|93|1|63|123|43|0|0|2|0|0|6|0|5|9|519|219|223|63|2024|4|25|15|22|34|4|N
15|35|3852|E|1|0|R|625|64|29|159|E1535|57|9|10|8|85|15|113|209|23|3|0|0|0|0|0|0|5|3|483|53|309|113|2024|4|25|15|39|17|1|N
15|35|3854|C|3|0|M|643|64|29|159|E1535|49|0|0|0|0|0|0|0|0|0|0|0|0|0|0|0|0|0|0|0|0|0|2024|4|25|15|52|55|1|N
15|35|3858|B|1|0|R|384|64|29|159|E1535|56|0|0|0|0|0|0|0|0|0|0|0|0|0|0|0|0|0|0|0|0|0|2024|4|25|15|57|50|1|N
15|35|4021|C|2|0|M|728|73|29|159|E1535|60|0|0|0|0|0|0|0|0|0|0|0|0|0|0|0|0|0|0|0|0|0|2024|4|25|16|8|38|1|N
15|35|4432|C|6|0|U|722|89|7|159|E1535|90|0|0|0|0|0|0|0|0|0|0|0|0|0|0|0|0|0|0|0|0|0|2024|4|25|16|5|6|1|N
15|35|4447|C|1|0|U|543|89|7|159|E1535|94|0|0|0|0|0|0|0|0|0|0|0|0|0|0|0|0|0|0|0|0|0||||||||
15|35|4455|E|1|1|R|683|89|7|159|E1535|106|0|0|0|0|0|0|0|0|0|0|0|0|0|0|0|0|0|0|0|0|0||||||||
15|35|4459|B|1|0|R|739|89|7|159|E1535|112|0|0|0|0|0|0|0|0|0|0|0|0|0|0|0|0|0|0|0|0|0||||||||
15|35|4461|C|1|0|R|682|89|7|159|E1535|113|0|0|0|0|0|0|0|0|0|0|0|0|0|0|0|0|0|0|0|0|0|2024|4|25|16|12|38|1|N
15|35|4490|C|1|0|M|744|91|7|159|E1535|71|0|0|0|0|0|0|0|0|0|0|0|0|0|0|0|0|0|0|0|0|0|2024|4|25|16|0|27|1|N
15|35|4491|C|3|0|M|661|91|7|159|E1535|70|186|19|0|44|13|86|181|38|0|0|0|0|0|0|0|0|4|571|243|238|86|2024|4|25|15|51|31|1|N
15|35|4495|C|1|0|M|640|91|7|159|E1535|66|0|0|0|0|0|0|0|0|0|0|0|0|0|0|0|0|0|0|0|0|0|2024|4|25|16|13|8|1|N
15|35|4497|E|1|0|M|253|91|7|159|E1535|65|0|0|0|0|0|0|0|0|0|0|0|0|0|0|0|0|0|0|0|0|0|2024|4|25|16|14|29|1|N
15|35|5730|C|1|0|M|594|114|7|159|E1535|131|0|16|0|8|13|132|148|39|0|0|0|0|0|0|0|5|11|372|55|169|132|2024|4|25|15|11|21|4|N
15|35|5731|C|1|0|R|654|114|7|159|E1535|128|3|20|0|151|52|49|80|52|0|0|0|0|0|4|0|5|8|424|75|287|49|2024|4|25|15|1|57|4|N
15|35|5734|C|1|0|U|555|114|7|159|E1535|124|0|0|0|0|0|0|0|0|0|0|0|0|0|0|0|0|0|0|0|0|0||||||||
15|36|161|C|2|0|R|614|7|10|160|E1536|9|0|0|0|0|0|0|0|0|0|0|0|0|0|0|0|0|0|0|0|0|0|2024|4|25|16|3|44|1|N
15|36|175|B|1|0|M|683|8|9|160|E1536|16|0|0|0|0|0|0|0|0|0|0|0|0|0|0|0|0|0|0|0|0|0||||||||
15|36|2185|B|1|0|R|697|42|10|160|E1536|108|7|158|0|96|65|67|72|37|0|0|5|0|0|0|0|0|11|518|207|233|67|2024|4|25|15|38|16|1|N
15|36|3899|C|1|0|M|589|67|10|160|E1536|27|0|0|0|0|0|0|0|0|0|0|0|0|0|0|0|0|0|0|0|0|0||||||||
15|36|3902|E|2|0|R|398|67|10|160|E1536|28|0|0|0|0|0|0|0|0|0|0|0|0|0|0|0|0|0|0|0|0|0||||||||
15|36|4146|B|1|0|R|385|78|9|160|E1536|47|0|0|0|0|0|0|0|0|0|0|0|0|0|0|0|0|0|0|0|0|0||||||||
15|36|4179|B|1|0|R|729|81|9|160|E1536|45|0|0|0|0|0|0|0|0|0|0|0|0|0|0|0|0|0|0|0|0|0||||||||
15|36|4282|B|1|0|R|527|123|9|160|E1536|144|0|0|0|0|0|0|0|0|0|0|0|0|0|0|0|0|0|0|0|0|0|2024|4|25|16|10|55|4|N
15|36|4285|C|2|0|U|679|123|9|160|E1536|144|0|0|0|0|0|0|0|0|0|0|0|0|0|0|0|0|0|0|0|0|0|2024|4|25|16|6|33|4|N
15|36|4289|B|1|0|R|362|123|9|160|E1536|146|0|0|0|0|0|0|0|0|0|0|0|0|0|0|0|0|0|0|0|0|0||||||||
15|36|4294|C|5|0|M|663|83|9|160|E1536|61|0|0|0|0|0|0|0|0|0|0|0|0|0|0|0|0|0|0|0|0|0||||||||
15|36|4304|B|1|0|R|659|83|9|160|E1536|68|0|0|0|0|0|0|0|0|0|0|0|0|0|0|0|0|0|0|0|0|0||||||||
15|36|4305|E|1|0|R|62|83|9|160|E1536|68|0|0|0|0|0|0|0|0|0|0|0|0|0|0|0|0|0|0|0|0|0||||||||
15|36|4325|B|1|0|R|407|83|9|160|E1536|48|0|0|0|0|0|0|0|0|0|0|0|0|0|0|0|0|0|0|0|0|0||||||||
15|36|4384|C|3|0|R|588|87|10|160|E1536|84|0|0|0|0|0|0|0|0|0|0|0|0|0|0|0|0|0|0|0|0|0||||||||
15|36|4394|E|1|0|R|586|87|10|160|E1536|76|0|0|0|0|0|0|0|0|0|0|0|0|0|0|0|0|0|0|0|0|0||||||||
15|36|5148|C|1|0|U|702|106|9|160|E1536|99|0|0|0|0|0|0|0|0|0|0|0|0|0|0|0|0|0|0|0|0|0||||||||
15|36|5152|B|1|0|R|489|106|9|160|E1536|106|11|102|0|14|37|180|19|8|0|0|7|0|0|7|0|4|3|392|128|77|180|2024|4|25|15|40|16|1|N
15|36|5160|B|1|0|R|259|106|9|160|E1536|103|2|1|0|19|4|56|45|19|0|0|2|0|0|20|0|2|8|178|24|88|56|2024|4|25|15|38|40|1|N
15|36|5160|E|1|0|R|246|106|9|160|E1536|103|18|11|0|66|2|48|25|14|0|0|0|0|0|0|0|3|4|191|43|93|48|2024|4|25|15|42|13|1|N
15|36|5655|C|1|0|U|655|111|10|160|E1536|117|0|0|0|0|0|0|0|0|0|0|0|0|0|0|0|0|0|0|0|0|0|2024|4|25|15|55|5|4|N
15|36|5659|B|1|0|U|576|111|10|160|E1536|120|0|0|0|0|0|0|0|0|0|0|0|0|0|0|0|0|0|0|0|0|0||||||||
15|36|5668|C|2|0|R|658|111|10|160|E1536|115|3|68|0|58|128|122|25|113|3|0|0|0|0|0|0|1|12|533|187|211|122|2024|4|25|15|46|49|1|N
15|36|5671|B|1|0|R|609|111|10|160|E1536|133|0|0|0|0|0|0|0|0|0|0|0|0|0|0|0|0|0|0|0|0|0||||||||
15|36|5677|C|2|0|U|607|111|10|160|E1536|111|38|76|0|52|1|103|17|20|42|0|44|0|0|0|0|3|8|404|220|70|103|2024|4|25|15|45|48|4|N
15|36|5807|B|1|0|M|670|118|9|160|E1536|136|0|0|0|0|0|0|0|0|0|0|0|0|0|0|0|0|0|0|0|0|0|2024|4|25|16|6|27|1|N
15|36|6617|B|1|0|R|623|111|10|160|E1536|130|0|0|0|0|0|0|0|0|0|0|0|0|0|0|0|0|0|0|0|0|0||||||||
15|36|6619|C|1|0|R|593|111|10|160|E1536|128|0|0|0|0|0|0|0|0|0|0|0|0|0|0|0|0|0|0|0|0|0||||||||
15|37|656|C|1|0|U|724|23|12|161|E1537|12|41|64|0|23|3|90|79|101|0|0|0|0|0|48|0|5|0|454|206|153|90|2024|4|25|15|9|29|4|N
15|37|663|B|1|0|M|710|23|12|161|E1537|6|4|40|13|0|5|149|202|26|0|0|0|0|0|0|0|4|9|452|83|207|149|2024|4|25|15|38|42|4|N
15|37|1957|B|1|0|U|660|36|12|161|E1537|17|31|139|7|85|15|129|133|12|3|0|0|0|0|1|0|4|9|568|192|234|129|2024|4|25|15|9|51|4|N
15|37|1957|E|1|11|U|693|36|12|161|E1537|20|27|9|0|11|0|21|86|192|0|0|0|0|0|46|0|3|10|405|228|143|21|2024|4|25|15|0|57|4|N
15|37|1957|E|1|12|U|693|36|12|161|E1537|20|37|4|2|169|0|57|79|77|1|0|14|0|0|21|0|4|0|465|135|269|57|2024|4|25|14|6|4|4|N
15|37|1960|B|1|0|U|693|36|12|161|E1537|36|48|168|0|3|2|74|173|64|0|0|4|0|7|5|2|5|7|562|284|192|74|2024|4|25|15|27|6|4|N
15|37|1963|C|3|0|U|688|36|12|161|E1537|45|16|12|0|45|8|37|54|11|0|0|3|0|0|9|0|1|9|205|42|116|37|2024|4|25|15|20|29|4|N
15|37|1967|C|3|0|M|705|36|12|161|E1537|22|10|80|0|151|60|144|58|54|0|0|11|0|0|0|0|2|8|578|155|269|144|2024|4|25|15|4|26|4|N
15|37|4504|B|1|0|U|605|92|12|161|E1537|67|61|14|0|10|49|32|20|74|0|0|5|0|3|1|0|1|3|273|154|83|32|2024|4|25|15|19|16|4|N
15|37|4506|C|1|0|U|637|92|12|161|E1537|71|0|10|69|12|0|83|158|1|0|0|0|0|0|0|0|4|5|342|80|170|83|2024|4|25|15|15|34|4|N
15|37|4568|C|3|0|U|743|96|12|161|E1537|93|9|142|3|27|43|60|96|33|0|0|1|0|0|0|0|1|6|421|188|166|60|2024|4|25|15|1|51|4|N
15|37|4582|C|3|0|U|694|96|12|161|E1537|106|9|102|0|0|31|163|27|37|28|0|0|0|0|0|0|3|5|405|176|58|163|2024|4|25|15|11|25|4|N
15|37|4584|C|2|0|M|641|96|12|161|E1537|109|19|61|26|51|0|52|117|25|0|0|4|0|0|0|0|4|2|361|135|168|52|2024|4|25|15|34|57|1|N
15|37|4587|C|4|0|M|652|96|12|161|E1537|112|29|38|0|3|18|164|122|33|0|0|4|0|0|0|0|0|11|422|104|143|164|2024|4|25|15|26|43|4|N
15|37|5704|C|2|0|U|661|113|14|161|E1537|118|23|22|3|19|19|254|50|164|0|0|0|0|0|0|0|4|11|569|212|88|254|2024|4|25|15|1|4|4|N
15|37|5708|E|1|0|R|242|113|14|161|E1537|125|12|1|0|5|1|61|9|21|0|0|0|0|0|0|0|2|10|122|34|15|61|2024|4|25|15|19|38|4|N
15|37|5713|C|1|0|M|705|113|14|161|E1537|131|77|84|18|30|26|68|67|48|0|0|0|0|0|0|1|2|12|433|227|124|68|2024|4|25|15|26|40|4|N
15|37|5714|E|1|0|R|367|113|14|161|E1537|130|22|25|5|9|3|135|6|5|1|0|2|0|0|0|0|4|10|227|60|18|135|2024|4|25|15|33|47|4|N
15|37|6395|B|1|0|R|390|36|12|161|E1537|51|0|0|0|0|0|0|0|0|0|0|0|0|0|0|0|0|0|0|0|0|0|2024|4|25|15|54|1|1|N
15|37|6421|B|1|0|U|395|36|12|161|E1537|58|0|18|14|13|21|114|81|22|0|0|21|0|0|19|0|0|1|324|75|134|114|2024|4|25|15|31|33|4|N
15|37|6427|C|1|0|U|418|36|12|161|E1537|62|44|27|8|19|2|23|28|12|0|0|0|0|0|3|0|1|12|179|91|52|23|2024|4|25|15|11|26|4|N
15|37|6521|C|2|0|U|685|36|12|161|E1537|33|41|139|0|9|5|159|121|32|0|0|9|0|0|6|0|5|5|531|221|141|159|2024|4|25|15|48|32|1|N
15|37|6621|C|2|0|R|563|23|12|161|E1537|15|0|17|0|6|3|74|91|0|0|0|1|0|0|25|0|1|0|218|18|125|74|2024|4|25|15|37|26|4|N
15|38|241|C|2|0|U|717|11|39|162|E1538|7|0|0|0|0|0|0|0|0|0|0|0|0|0|0|0|0|0|0|0|0|0|2024|4|25|15|57|24|4|N
15|38|242|C|3|0|M|707|11|39|162|E1538|8|48|43|14|88|64|197|85|47|0|0|0|0|0|0|0|0|7|593|152|237|197|2024|4|25|15|27|37|1|N
15|38|243|B|1|0|M|697|11|39|162|E1538|9|56|56|73|0|62|25|95|173|12|0|0|0|0|3|0|0|1|556|370|160|25|2024|4|25|15|35|15|1|N
15|38|243|C|3|0|M|697|11|39|162|E1538|9|15|53|0|106|21|116|78|2|0|0|2|0|0|0|0|5|0|398|72|205|116|2024|4|25|15|37|27|1|N
15|38|1142|C|1|0|U|563|31|23|162|E1538|19|7|7|6|40|0|69|117|61|0|0|30|0|0|0|0|4|8|349|111|157|69|2024|4|25|15|41|26|1|N
15|38|1146|C|2|0|U|593|31|23|162|E1538|22|0|6|0|4|0|7|1|2|0|0|0|0|0|0|0|2|2|24|8|5|7|2024|4|25|15|32|34|4|N
15|38|4622|C|1|0|U|556|100|23|162|E1538|53|1|32|0|7|9|81|259|21|0|0|0|0|0|1|0|5|11|427|54|276|81|2024|4|25|15|24|41|4|N
15|38|4649|E|2|0|U|695|100|23|162|E1538|70|46|20|0|36|11|172|183|14|0|0|1|0|0|0|10|1|1|495|81|240|172|2024|4|25|15|44|28|4|N
15|38|4651|C|5|0|M|627|100|23|162|E1538|72|14|14|0|3|125|136|94|31|0|0|8|0|12|0|0|3|3|443|67|234|136|2024|4|25|15|17|43|4|N
15|38|4655|C|2|0|U|727|100|23|162|E1538|61|48|148|0|61|26|123|93|47|0|0|0|0|0|20|0|0|6|572|243|200|123|2024|4|25|14|17|1|4|N
15|38|4658|C|2|0|M|677|100|23|162|E1538|103|14|12|0|119|71|126|50|16|0|0|0|0|0|0|0|2|3|413|42|240|126|2024|4|25|15|11|58|4|N
15|38|4664|B|1|0|R|648|100|23|162|E1538|113|0|26|0|23|0|172|271|36|34|0|0|0|0|2|0|4|9|577|96|296|172|2024|4|25|15|38|47|1|N
15|38|4670|C|1|0|R|660|100|23|162|E1538|73|97|53|0|38|27|49|41|117|0|0|0|0|0|1|0|5|12|440|267|107|49|2024|4|25|15|24|32|1|N
15|38|4671|B|1|0|M|645|100|23|162|E1538|75|0|0|0|0|0|0|0|0|0|0|0|0|0|0|0|0|0|0|0|0|0|2024|4|25|15|58|59|1|N
15|38|4674|B|1|0|M|711|100|23|162|E1538|83|0|1|0|0|0|0|0|0|0|0|0|0|0|0|0|0|0|1|1|0|0|2024|4|25|15|43|49|4|N
15|38|4677|C|6|0|U|733|100|23|162|E1538|93|49|8|0|58|1|172|224|61|1|0|2|0|0|20|0|4|12|612|121|303|172|2024|4|25|15|6|14|4|N
15|38|4679|C|1|0|M|708|100|23|162|E1538|76|79|58|0|48|32|82|38|45|0|0|45|0|1|6|0|3|0|437|227|125|82|2024|4|25|15|26|18|1|N
15|38|4689|C|3|0|U|658|100|23|162|E1538|112|0|0|0|0|0|0|0|0|0|0|0|0|0|0|0|0|0|0|0|0|0|2024|4|25|15|55|38|1|N
15|38|6626|B|1|0|U|692|31|23|162|E1538|23|0|64|3|113|22|35|285|56|0|0|0|0|0|5|0|3|12|598|123|425|35|2024|4|25|15|36|38|4|N
15|38|6630|C|1|0|M|724|100|23|162|E1538|79|67|37|7|4|64|120|107|32|134|0|0|0|0|2|0|2|11|587|277|177|120|2024|4|25|15|28|28|1|N
15|39|1243|C|2|0|U|576|32|31|163|E1539|6|0|50|31|75|2|75|132|134|0|0|15|0|0|0|0|1|5|520|230|209|75|2024|4|25|15|40|28|1|N
15|39|1249|B|1|0|U|730|32|31|163|E1539|13|133|14|0|92|47|27|31|91|0|0|68|0|2|19|0|2|6|532|306|191|27|2024|4|25|15|40|1|1|N
15|39|1250|C|1|0|U|632|32|31|163|E1539|14|102|109|0|107|2|131|58|7|3|0|0|0|0|2|0|0|5|526|221|169|131|2024|4|25|15|43|17|1|N
15|39|1266|C|2|0|U|714|32|31|163|E1539|19|50|30|0|1|1|298|6|8|0|0|0|0|0|0|0|0|9|403|88|8|298|2024|4|25|15|21|49|4|N
15|39|1267|E|1|4|U|631|32|31|163|E1539|11|14|0|0|59|0|97|96|59|19|0|17|0|0|21|0|4|12|398|109|176|97|2024|4|25|15|33|51|4|N
15|39|1285|B|1|0|U|715|32|31|163|E1539|12|11|216|0|37|7|31|3|8|0|0|8|0|0|10|0|0|8|339|243|57|31|2024|4|25|15|42|20|1|N
15|39|3945|C|1|0|U|638|71|31|163|E1539|32|0|4|0|9|3|132|64|7|3|0|1|0|0|4|0|4|4|235|15|80|132|2024|4|25|15|46|14|1|N
15|39|3948|C|4|0|U|729|71|31|163|E1539|47|33|108|0|57|0|79|109|25|0|0|0|0|0|0|0|1|1|413|166|166|79|2024|4|25|15|50|17|1|N
15|39|3949|C|6|0|U|649|71|31|163|E1539|50|33|36|1|20|34|148|111|56|0|0|0|0|0|0|0|3|12|454|126|165|148|2024|4|25|15|50|59|1|N
15|39|3951|C|5|0|U|640|71|31|163|E1539|107|21|42|1|41|0|124|81|49|0|0|0|0|0|30|0|0|10|399|113|152|124|2024|4|25|15|22|2|1|N
15|39|3959|C|2|0|U|717|71|31|163|E1539|91|27|103|8|44|1|56|89|50|1|0|0|0|0|2|0|3|3|387|189|136|56|2024|4|25|15|13|55|4|N
15|39|3964|C|1|0|U|709|71|31|163|E1539|84|0|0|0|0|0|0|0|0|0|0|0|0|0|0|0|0|0|0|0|0|0|2024|4|25|15|58|4|1|N
15|39|3980|C|3|0|U|744|71|31|163|E1539|103|19|24|0|2|48|54|232|39|2|0|0|0|0|11|0|1|4|436|84|293|54|2024|4|25|15|30|51|1|N
15|39|3981|C|1|0|U|732|71|31|163|E1539|104|0|27|0|25|145|98|135|14|0|0|0|0|0|0|0|0|4|448|41|305|98|2024|4|25|15|29|58|1|N
15|39|3985|B|1|0|U|532|71|31|163|E1539|101|5|18|3|38|35|54|171|6|0|0|0|0|0|0|0|5|12|347|32|244|54|2024|4|25|15|26|13|1|N
15|39|4004|C|8|0|U|690|71|31|163|E1539|71|48|9|0|33|1|175|29|62|0|0|0|0|0|0|0|2|3|362|119|63|175|2024|4|25|15|21|12|1|N
15|39|5948|C|1|0|U|465|71|31|163|E1539|65|0|0|0|0|0|0|0|0|0|0|0|0|0|0|0|0|0|0|0|0|0|2024|4|25|15|54|13|1|N
15|39|5957|C|1|0|M|734|32|31|163|E1539|26|25|9|0|5|12|193|104|243|0|0|0|11|0|0|0|3|9|614|277|132|193|2024|4|25|15|18|44|4|N
15|39|6844|C|1|0|U|744|71|31|163|E1539|42|6|201|0|8|0|82|144|121|0|0|0|0|0|0|0|1|10|573|328|152|82|2024|4|25|15|48|48|1|N
15|39|6847|B|1|0|U|577|71|31|163|E1539|44|57|43|0|57|2|122|32|7|0|0|0|0|0|0|0|1|0|321|107|91|122|2024|4|25|15|50|24|1|N
15|40|96|B|1|0|R|734|5|45|164|E1540|1|82|65|0|11|39|118|158|18|0|0|0|0|0|1|0|3|6|501|165|209|118|2024|4|25|15|51|5|1|N
15|40|100|B|1|0|R|679|5|45|164|E1540|3|0|54|0|0|7|116|111|64|0|0|0|0|0|0|0|3|1|356|118|118|116|2024|4|25|15|0|57|4|N
15|40|117|B|1|0|R|609|5|45|164|E1540|21|0|0|0|0|0|0|0|0|0|0|0|0|0|0|0|0|0|0|0|0|0||||||||
15|40|120|C|8|0|U|736|5|45|164|E1540|25|19|69|0|87|0|75|141|33|1|0|13|0|0|0|0|2|1|441|135|228|75|2024|4|25|15|1|25|4|N
15|40|123|C|1|0|U|666|5|45|164|E1540|34|4|98|72|31|0|69|49|52|0|0|14|0|0|0|0|0|6|395|240|80|69|2024|4|25|15|37|3|1|N
15|40|129|B|1|0|R|691|5|45|164|E1540|38|0|0|0|0|0|0|0|0|0|0|0|0|0|0|0|0|0|0|0|0|0||||||||
15|40|131|C|2|0|U|673|5|45|164|E1540|31|22|92|0|27|1|95|130|115|0|0|8|0|0|6|0|3|2|501|237|164|95|2024|4|25|15|33|53|4|N
15|40|133|C|1|0|U|622|5|45|164|E1540|33|0|0|0|0|0|0|0|0|0|0|0|0|0|0|0|0|0|0|0|0|0|2024|4|25|16|4|17|1|N
15|40|139|C|2|0|R|636|5|45|164|E1540|47|0|31|0|63|1|161|102|124|0|0|0|0|0|0|0|4|12|498|155|166|161|2024|4|25|15|32|58|1|N
15|40|143|B|1|0|U|549|5|45|164|E1540|50|0|77|8|74|12|55|22|2|0|0|5|0|0|0|0|0|2|257|92|108|55|2024|4|25|15|30|5|1|N
15|40|4424|B|1|0|R|703|88|45|164|E1540|80|0|0|0|0|0|0|0|0|0|0|0|0|0|0|0|0|0|0|0|0|0|2024|4|25|16|8|22|1|N
15|40|4424|C|7|0|R|702|88|45|164|E1540|81|0|0|0|0|0|0|0|0|0|0|0|0|0|0|0|0|0|0|0|0|0||||||||
15|40|5822|C|1|0|U|645|119|36|164|E1540|105|0|0|0|0|0|0|0|0|0|0|0|0|0|0|0|0|0|0|0|0|0|2024|4|25|16|10|27|1|N
15|40|5826|C|3|0|U|739|119|36|164|E1540|127|4|85|10|30|33|115|141|122|0|0|0|0|0|4|0|5|7|556|221|208|115|2024|4|25|15|36|20|1|N
15|40|5827|C|5|0|M|709|119|36|164|E1540|119|4|6|7|122|12|134|124|53|0|0|11|0|0|0|0|2|7|482|81|258|134|2024|4|25|15|46|56|1|N
15|40|5827|C|7|0|M|709|119|36|164|E1540|119|10|194|69|16|4|45|65|64|4|0|5|0|0|0|0|5|3|484|346|85|45|2024|4|25|15|50|34|1|N
15|40|5833|C|1|0|U|511|119|36|164|E1540|108|0|0|0|0|0|0|0|0|0|0|0|0|0|0|0|0|0|0|0|0|0||||||||
15|40|5835|C|3|0|M|714|119|36|164|E1540|101|0|0|0|0|0|0|0|0|0|0|0|0|0|0|0|0|0|0|0|0|0||||||||
15|40|5841|B|1|0|R|676|119|36|164|E1540|88|0|0|0|0|0|0|0|0|0|0|0|0|0|0|0|0|0|0|0|0|0|2024|4|25|16|13|32|1|N
15|40|5841|C|2|0|R|676|119|36|164|E1540|88|0|0|0|0|0|0|0|0|0|0|0|0|0|0|0|0|0|0|0|0|0||||||||
15|40|5842|C|2|0|R|670|119|36|164|E1540|90|0|0|0|0|0|0|0|0|0|0|0|0|0|0|0|0|0|0|0|0|0||||||||
15|40|5843|C|2|0|U|659|119|36|164|E1540|103|1|64|0|4|30|214|67|16|2|0|8|0|0|0|0|1|3|410|91|101|214|2024|4|25|15|45|41|1|N
15|40|5850|C|1|0|R|627|119|36|164|E1540|91|17|24|0|82|1|177|67|48|0|0|0|0|0|0|0|0|4|420|89|150|177|2024|4|25|15|27|23|1|N
15|40|5855|B|1|0|U|658|119|36|164|E1540|131|3|22|54|11|115|132|37|59|0|0|0|0|0|7|0|4|2|446|138|170|132|2024|4|25|15|40|32|1|N
15|40|5859|C|1|0|U|635|119|36|164|E1540|135|0|0|0|0|0|0|0|0|0|0|0|0|0|0|0|0|0|0|0|0|0|2024|4|25|16|5|29|1|N
16|1|151|C|2|0|U|674|9|19|165|E1601|10|73|147|11|9|87|120|99|0|0|7|0|0|0|0|0|3|10|566|238|195|120|2024|4|25|15|12|40|4|N
16|1|156|C|2|0|U|635|9|19|165|E1601|11|84|37|1|13|0|71|158|0|14|2|0|0|92|0|0|2|1|475|138|263|71|2024|4|25|15|25|52|4|N
16|1|157|E|1|0|R|417|9|19|165|E1601|1|41|5|0|49|1|159|97|0|0|1|0|0|2|0|0|5|6|366|47|149|159|2024|4|25|15|32|8|1|N
16|1|164|B|1|0|R|701|9|19|165|E1601|7|67|0|0|37|3|28|233|0|19|23|0|6|8|0|0|1|1|426|109|287|28|2024|4|25|15|30|51|4|N
16|1|173|C|2|0|M|666|10|22|165|E1601|24|167|5|0|3|0|13|171|0|0|0|0|0|19|5|0|1|1|385|172|198|13|2024|4|25|15|13|27|1|N
16|1|560|C|1|0|U|482|35|22|165|E1601|39|55|9|1|67|1|118|51|0|6|15|0|0|0|0|0|2|6|331|86|119|118|2024|4|25|15|46|51|1|N
16|1|810|C|2|0|U|651|50|24|165|E1601|91|71|32|4|1|0|87|100|0|2|13|0|0|0|0|0|2|8|320|122|101|87|2024|4|25|15|49|13|1|N
16|1|826|C|1|0|U|672|50|24|165|E1601|84|163|22|1|12|0|104|89|0|0|1|5|0|0|0|0|1|3|401|192|101|104|2024|4|25|14|15|23|4|N
16|1|832|E|1|0|M|90|50|24|165|E1601|131|0|0|0|0|0|0|0|0|0|0|0|0|0|0|0|0|0|0|0|0|0|2024|4|25|16|5|17|1|N
16|1|849|C|3|0|U|660|50|24|165|E1601|118|0|0|0|0|0|0|0|0|0|0|0|0|0|0|0|0|0|0|0|0|0|2024|4|25|15|56|36|4|N
16|1|850|B|1|0|U|562|50|24|165|E1601|121|0|0|0|0|0|0|0|0|0|0|0|0|0|0|0|0|0|0|0|0|0|2024|4|25|16|14|16|4|N
16|1|851|C|6|0|U|652|50|24|165|E1601|117|0|0|0|0|0|0|0|0|0|0|0|0|0|0|0|0|0|0|0|0|0|2024|4|25|15|55|19|4|N
16|1|853|B|1|0|U|534|50|24|165|E1601|82|136|28|20|0|0|76|61|0|8|1|23|0|0|0|0|4|3|360|216|61|76|2024|4|25|15|41|38|4|N
16|1|856|B|1|0|U|606|50|24|165|E1601|112|27|64|19|39|0|45|213|0|0|6|0|0|0|0|0|1|3|417|116|252|45|2024|4|25|15|51|28|4|N
16|1|856|C|2|0|U|605|50|24|165|E1601|112|85|27|49|31|0|126|78|0|1|5|11|0|0|0|0|3|12|428|178|109|126|2024|4|25|15|29|28|4|N
16|1|858|C|1|0|U|706|50|24|165|E1601|108|41|7|43|82|5|123|143|0|5|28|0|0|0|0|0|1|4|482|124|230|123|2024|4|25|15|43|18|1|N
16|1|858|C|4|0|U|706|50|24|165|E1601|108|177|12|26|0|14|22|88|0|82|7|0|0|0|0|0|1|9|438|304|102|22|2024|4|25|15|46|35|1|N
16|1|858|C|8|0|U|705|50|24|165|E1601|109|63|0|15|47|0|54|148|0|7|22|0|0|7|0|0|2|4|369|107|202|54|2024|4|25|15|2|57|4|N
16|1|860|C|3|0|U|707|50|24|165|E1601|105|0|0|0|0|0|0|0|0|0|0|0|0|0|0|0|0|0|0|0|0|0|2024|4|25|15|54|39|1|N
16|1|1297|C|1|0|U|555|56|22|165|E1601|50|73|48|0|42|18|19|121|0|53|4|3|0|0|0|0|5|7|393|181|181|19|2024|4|25|15|18|4|4|N
16|1|1298|C|1|0|U|666|56|22|165|E1601|51|80|26|87|2|4|234|92|0|18|5|0|0|0|8|0|5|4|565|216|106|234|2024|4|25|15|51|1|4|N
16|1|1316|C|2|0|R|622|56|22|165|E1601|59|0|0|0|0|0|0|0|0|0|0|0|0|0|0|0|0|0|0|0|0|0||||||||
16|1|1427|C|3|0|M|600|65|23|165|E1601|72|0|0|0|0|0|0|0|0|0|0|0|0|0|0|0|0|0|0|0|0|0|2024|4|25|16|1|13|4|N
16|1|2755|C|3|0|U|669|50|24|165|E1601|104|23|7|51|55|3|80|120|0|39|29|0|0|0|0|0|5|11|423|149|178|80|2024|4|25|14|8|48|4|N
16|2|11|C|2|0|M|685|2|21|166|E1602|1|0|0|0|0|0|0|0|0|0|0|0|0|0|0|0|0|0|0|0|0|0||||||||
16|2|58|C|1|0|U|528|6|23|166|E1602|8|22|4|13|31|2|67|76|0|12|28|0|0|0|0|0|4|10|269|79|109|67|2024|4|25|15|8|51|4|N
16|2|60|B|1|0|U|644|6|23|166|E1602|9|7|2|66|82|0|110|79|0|9|0|0|0|0|0|0|3|9|367|84|161|110|2024|4|25|15|1|37|4|N
16|2|61|C|1|0|M|725|6|23|166|E1602|9|21|3|7|68|5|200|30|0|1|8|0|0|0|0|0|5|0|348|40|103|200|2024|4|25|15|4|30|4|N
16|2|66|C|2|0|U|565|6|23|166|E1602|10|68|30|0|27|16|50|133|0|0|27|0|0|0|0|0|0|8|359|125|176|50|2024|4|25|15|33|22|4|N
16|2|76|C|1|0|U|521|6|23|166|E1602|12|92|11|24|39|0|53|63|4|8|2|1|0|0|0|0|0|3|300|142|102|53|2024|4|25|15|9|41|4|N
16|2|90|B|1|0|U|396|6|23|166|E1602|28|0|0|0|0|0|0|0|0|0|0|0|0|0|0|0|0|0|0|0|0|0||||||||
16|2|91|B|1|0|U|396|6|23|166|E1602|28|0|0|0|0|0|0|0|0|0|0|0|0|0|0|0|0|0|0|0|0|0||||||||
16|2|92|C|1|0|U|407|6|23|166|E1602|18|41|1|1|17|0|73|172|0|7|19|0|0|0|0|0|2|9|342|69|189|73|2024|4|25|15|35|33|1|N
16|2|99|B|1|0|U|526|6|23|166|E1602|31|0|0|0|0|0|0|0|0|0|0|0|0|0|0|0|0|0|0|0|0|0|2024|4|25|16|0|33|4|N
16|2|114|C|1|0|R|571|6|23|166|E1602|39|0|0|0|0|0|0|0|0|0|0|0|0|0|0|0|0|0|0|0|0|0||||||||
16|2|124|B|1|0|R|582|6|23|166|E1602|43|0|0|0|0|0|0|0|0|0|0|0|0|0|0|0|0|0|0|0|0|0||||||||
16|2|137|C|2|0|M|693|8|21|166|E1602|50|56|7|7|1|0|112|182|0|18|30|0|0|3|0|0|0|5|421|118|186|112|2024|4|25|15|29|43|1|N
16|2|192|C|1|0|M|559|12|21|166|E1602|58|88|23|0|13|0|47|177|0|50|0|0|0|0|0|0|4|1|403|161|190|47|2024|4|25|15|15|7|4|N
16|2|193|C|1|0|M|521|12|21|166|E1602|58|25|18|0|105|0|86|37|26|1|22|0|0|0|0|0|0|10|330|92|142|86|2024|4|25|15|18|5|4|N
16|2|199|B|1|0|M|558|12|21|166|E1602|63|125|33|0|16|0|53|201|0|5|5|0|0|27|0|0|4|10|479|168|244|53|2024|4|25|15|21|48|1|N
16|2|233|C|1|0|U|559|14|21|166|E1602|74|59|13|0|2|0|58|243|0|33|24|0|0|15|0|0|0|11|458|129|260|58|2024|4|25|15|8|32|4|N
16|2|250|B|1|0|R|186|15|21|166|E1602|82|0|0|0|0|0|0|0|0|0|0|0|0|0|0|0|0|0|0|0|0|0||||||||
16|2|1525|C|3|0|R|710|69|21|166|E1602|99|4|60|23|95|0|213|100|0|0|5|0|7|0|0|0|3|3|513|92|202|213|2024|4|25|15|35|41|1|N
16|2|1687|C|3|0|U|633|76|9|166|E1602|107|62|5|66|22|1|81|37|0|17|14|0|0|15|15|0|4|6|345|164|90|81|2024|4|25|15|46|32|1|N
16|2|1692|B|1|0|U|533|76|9|166|E1602|104|7|94|2|31|13|72|138|3|2|21|5|1|0|24|0|0|3|416|134|207|72|2024|4|25|15|43|42|1|N
16|2|1705|C|2|0|U|710|76|9|166|E1602|116|95|6|2|11|0|183|206|1|30|7|0|0|0|0|0|2|8|551|141|217|183|2024|4|25|15|51|18|1|N
16|2|1711|E|1|1|R|599|76|9|166|E1602|121|0|0|0|0|0|0|0|0|0|0|0|0|0|0|0|0|0|0|0|0|0|2024|4|25|15|54|35|1|N
16|2|1891|B|1|0|R|548|84|23|166|E1602|134|0|0|0|0|0|0|0|0|0|0|0|0|0|0|0|0|0|0|0|0|0|2024|4|25|16|3|33|1|N
16|2|1983|B|1|0|M|524|90|21|166|E1602|137|0|0|0|0|0|0|0|0|0|0|0|0|0|0|0|0|0|0|0|0|0||||||||
16|3|288|C|1|0|M|720|17|3|167|E1603|8|0|0|0|0|0|0|0|0|0|0|0|0|0|0|0|0|0|0|0|0|0||||||||
16|3|297|C|4|0|R|683|17|3|167|E1603|11|0|0|0|0|0|0|0|0|0|0|0|0|0|0|0|0|0|0|0|0|0||||||||
16|3|447|B|1|0|R|628|31|3|167|E1603|2|0|0|0|0|0|0|0|0|0|0|0|0|0|0|0|0|0|0|0|0|0||||||||
16|3|448|B|1|0|R|507|31|3|167|E1603|3|0|0|0|0|0|0|0|0|0|0|0|0|0|0|0|0|0|0|0|0|0||||||||
16|3|786|B|1|0|U|487|48|18|167|E1603|82|0|0|0|0|0|0|0|0|0|0|0|0|0|0|0|0|0|0|0|0|0||||||||
16|3|796|B|1|0|R|504|48|18|167|E1603|84|0|0|0|0|0|0|0|0|0|0|0|0|0|0|0|0|0|0|0|0|0|2024|4|25|15|53|47|1|N
16|3|897|B|1|0|U|713|52|3|167|E1603|35|149|3|67|7|0|154|58|0|21|32|0|0|0|0|0|0|0|491|272|65|154|2024|4|25|15|5|6|4|N
16|3|923|C|1|0|R|688|52|3|167|E1603|40|83|10|0|13|24|247|125|3|0|5|0|0|2|0|0|1|10|523|101|164|247|2024|4|25|15|43|55|4|N
16|3|1381|B|1|0|R|721|62|13|167|E1603|65|40|29|66|18|18|65|179|51|2|11|0|0|0|0|0|2|10|491|199|215|65|2024|4|25|15|37|57|1|N
16|3|1822|C|1|0|M|695|81|3|167|E1603|59|0|0|0|0|0|0|0|0|0|0|0|0|0|0|0|0|0|0|0|0|0||||||||
16|3|1827|B|1|0|R|502|81|3|167|E1603|58|0|0|0|0|0|0|0|0|0|0|0|0|0|0|0|0|0|0|0|0|0||||||||
16|3|1830|B|1|0|R|432|81|3|167|E1603|56|0|0|0|0|0|0|0|0|0|0|0|0|0|0|0|0|0|0|0|0|0||||||||
16|3|1831|C|1|0|R|451|81|3|167|E1603|54|46|13|4|52|0|34|55|0|13|3|0|0|0|0|0|2|4|226|79|107|34|2024|4|25|14|17|25|4|N
16|3|2026|B|1|0|M|645|94|3|167|E1603|46|47|29|23|48|0|271|36|0|1|23|0|0|0|0|0|5|0|483|123|84|271|2024|4|25|14|17|37|4|N
16|3|2118|C|3|0|M|605|99|18|167|E1603|75|0|0|0|0|0|0|0|0|0|0|0|0|0|0|0|0|0|0|0|0|0||||||||
16|3|2121|C|1|0|R|545|99|18|167|E1603|73|0|0|0|0|0|0|0|0|0|0|0|0|0|0|0|0|0|0|0|0|0||||||||
16|3|2133|C|1|0|R|463|100|18|167|E1603|152|8|4|12|4|1|7|8|0|7|0|0|0|0|0|0|0|10|61|31|13|7|2024|4|25|15|6|4|4|N
16|3|2585|C|3|0|U|727|113|13|167|E1603|104|0|0|0|0|0|0|0|0|0|0|0|0|0|0|0|0|0|0|0|0|0||||||||
16|3|2587|C|1|0|U|650|113|13|167|E1603|129|0|0|0|0|0|0|0|0|0|0|0|0|0|0|0|0|0|0|0|0|0||||||||
16|3|2594|B|1|0|U|607|113|13|167|E1603|109|0|0|0|0|0|0|0|0|0|0|0|0|0|0|0|0|0|0|0|0|0||||||||
16|3|2622|C|1|0|R|711|113|13|167|E1603|88|0|0|0|0|0|0|0|0|0|0|0|0|0|0|0|0|0|0|0|0|0||||||||
16|3|2631|B|1|0|R|621|113|13|167|E1603|94|0|0|0|0|0|0|0|0|0|0|0|0|0|0|0|0|0|0|0|0|0|2024|4|25|16|13|28|1|N
16|3|2640|C|3|0|R|695|113|13|167|E1603|103|0|0|0|0|0|0|0|0|0|0|0|0|0|0|0|0|0|0|0|0|0||||||||
16|3|2644|C|1|0|M|606|113|13|167|E1603|131|0|0|0|0|0|0|0|0|0|0|0|0|0|0|0|0|0|0|0|0|0||||||||
16|3|2646|C|2|0|R|560|113|13|167|E1603|120|0|0|0|0|0|0|0|0|0|0|0|0|0|0|0|0|0|0|0|0|0||||||||
16|3|2655|C|1|0|R|551|113|13|167|E1603|135|0|0|0|0|0|0|0|0|0|0|0|0|0|0|0|0|0|0|0|0|0||||||||
16|3|2658|C|1|0|R|638|113|13|167|E1603|100|0|0|0|0|0|0|0|0|0|0|0|0|0|0|0|0|0|0|0|0|0||||||||
16|4|185|C|2|0|U|594|11|4|168|E1604|6|0|0|0|0|0|0|0|0|0|0|0|0|0|0|0|0|0|0|0|0|0||||||||
16|4|186|B|1|0|U|666|11|4|168|E1604|8|0|0|0|0|0|0|0|0|0|0|0|0|0|0|0|0|0|0|0|0|0||||||||
16|4|305|C|1|0|U|569|19|9|168|E1604|118|0|0|0|0|0|0|0|0|0|0|0|0|0|0|0|0|0|0|0|0|0||||||||
16|4|312|C|3|0|U|562|19|9|168|E1604|123|0|0|0|0|0|0|0|0|0|0|0|0|0|0|0|0|0|0|0|0|0||||||||
16|4|319|B|1|0|R|611|19|9|168|E1604|126|0|0|0|0|0|0|0|0|0|0|0|0|0|0|0|0|0|0|0|0|0||||||||
16|4|369|E|1|0|R|262|23|9|168|E1604|99|12|0|0|36|1|61|40|0|11|4|0|0|3|0|0|4|9|181|27|80|61|2024|4|25|15|51|14|4|N
16|4|727|C|3|0|U|680|45|4|168|E1604|67|0|0|0|0|0|0|0|0|0|0|0|0|0|0|0|0|0|0|0|0|0||||||||
16|4|741|B|1|0|U|640|45|4|168|E1604|69|110|67|77|15|0|138|12|7|0|15|0|0|0|0|0|0|2|443|276|27|138|2024|4|25|15|28|22|4|N
16|4|743|C|1|0|U|627|45|4|168|E1604|78|0|0|0|0|0|0|0|0|0|0|0|0|0|0|0|0|0|0|0|0|0||||||||
16|4|752|C|1|0|U|563|45|4|168|E1604|82|0|0|0|0|0|0|0|0|0|0|0|0|0|0|0|0|0|0|0|0|0||||||||
16|4|1402|B|1|0|U|419|63|4|168|E1604|11|0|0|0|0|0|0|0|0|0|0|0|0|0|0|0|0|0|0|0|0|0||||||||
16|4|1680|C|2|0|U|529|75|4|168|E1604|32|40|4|0|0|0|119|102|0|0|4|3|0|0|0|0|0|7|279|51|102|119|2024|4|25|13|56|53|4|N
16|4|1721|E|1|0|M|597|77|4|168|E1604|42|0|0|0|0|0|0|0|0|0|0|0|0|0|0|0|0|0|0|0|0|0||||||||
16|4|1730|B|1|0|U|665|77|4|168|E1604|48|19|4|148|14|0|42|177|0|3|5|0|0|4|0|0|0|9|425|179|195|42|2024|4|25|13|14|44|4|N
16|4|1734|B|1|0|U|379|77|4|168|E1604|47|68|12|15|9|6|35|49|0|94|0|1|0|0|0|0|3|5|297|190|64|35|2024|4|25|15|44|31|4|N
16|4|1742|B|1|0|U|400|77|4|168|E1604|55|6|32|28|3|29|45|77|0|0|8|0|0|3|0|0|5|11|247|74|112|45|2024|4|25|15|44|53|4|N
16|4|1762|C|4|0|U|644|77|4|168|E1604|56|0|0|0|0|0|0|0|0|0|0|0|0|0|0|0|0|0|0|0|0|0||||||||
16|4|1899|C|1|0|U|501|85|9|168|E1604|102|0|0|0|0|0|0|0|0|0|0|0|0|0|0|0|0|0|0|0|0|0||||||||
16|4|1905|B|1|0|M|613|85|9|168|E1604|108|0|0|0|0|0|0|0|0|0|0|0|0|0|0|0|0|0|0|0|0|0||||||||
16|4|1909|C|1|0|M|579|85|9|168|E1604|111|0|0|0|0|0|0|0|0|0|0|0|0|0|0|0|0|0|0|0|0|0||||||||
16|4|1910|B|1|0|R|692|85|9|168|E1604|100|0|0|0|0|0|0|0|0|0|0|0|0|0|0|0|0|0|0|0|0|0||||||||
16|4|2002|B|1|0|U|723|92|9|168|E1604|112|3|20|32|52|23|12|15|32|21|21|21|15|32|21|21|14|7|362|150|179|12|2024|4|25|15|44|15|4|N
16|4|2330|C|1|0|U|400|104|4|168|E1604|28|0|0|0|0|0|0|0|0|0|0|0|0|0|0|0|0|0|0|0|0|0||||||||
16|4|2334|B|1|0|R|627|104|4|168|E1604|12|0|0|0|0|0|0|0|0|0|0|0|0|0|0|0|0|0|0|0|0|0||||||||
16|4|2353|E|1|0|R|365|105|9|168|E1604|86|0|0|0|0|0|0|0|0|0|0|0|0|0|0|0|0|0|0|0|0|0|2024|4|25|15|57|45|4|N
16|4|2365|B|1|0|U|563|106|4|168|E1604|5|0|0|0|0|0|0|0|0|0|0|0|0|0|0|0|0|0|0|0|0|0||||||||
16|5|434|B|1|0|U|380|30|1|169|E1605|30|20|30|1|38|14|109|43|0|0|21|0|0|0|0|0|2|4|282|72|95|109|2024|4|25|15|33|15|4|N
16|5|440|C|1|0|R|534|30|1|169|E1605|34|0|0|0|0|0|0|0|0|0|0|0|0|0|0|0|0|0|0|0|0|0|2024|4|25|16|12|15|1|N
16|5|684|B|1|0|R|543|42|1|169|E1605|39|0|0|0|0|0|0|0|0|0|0|0|0|0|0|0|0|0|0|0|0|0|2024|4|25|15|55|16|1|N
16|5|1506|C|1|0|R|544|68|2|169|E1605|53|0|0|0|0|0|0|0|0|0|0|0|0|0|0|0|0|0|0|0|0|0||||||||
16|5|1533|C|1|0|U|653|70|1|169|E1605|62|0|0|0|0|0|0|0|0|0|0|0|0|0|0|0|0|0|0|0|0|0||||||||
16|5|1535|B|1|0|U|626|70|1|169|E1605|69|0|0|0|0|0|0|0|0|0|0|0|0|0|0|0|0|0|0|0|0|0||||||||
16|5|1543|C|3|0|U|621|70|1|169|E1605|72|90|18|10|43|0|54|98|39|3|0|8|0|0|0|0|1|12|376|168|141|54|2024|4|25|15|45|33|1|N
16|5|1544|B|1|0|U|500|70|1|169|E1605|73|171|127|2|9|0|24|56|0|23|20|0|0|0|0|0|5|5|442|343|65|24|2024|4|25|15|50|38|1|N
16|5|1556|C|1|0|U|515|70|1|169|E1605|73|25|46|10|1|24|48|142|0|81|17|0|50|1|0|0|5|8|458|179|218|48|2024|4|25|15|48|9|1|N
16|5|1568|C|3|0|U|617|70|1|169|E1605|82|0|0|0|0|0|0|0|0|0|0|0|0|0|0|0|0|0|0|0|0|0||||||||
16|5|1583|B|1|0|R|635|70|1|169|E1605|86|0|0|0|0|0|0|0|0|0|0|0|0|0|0|0|0|0|0|0|0|0|2024|4|25|16|6|24|1|N
16|5|1943|B|1|0|U|441|87|1|169|E1605|3|58|43|2|4|0|33|43|0|42|12|0|0|0|0|0|0|3|240|157|47|33|2024|4|25|14|8|10|4|N
16|5|1946|B|1|0|R|486|87|1|169|E1605|4|0|0|0|0|0|0|0|0|0|0|0|0|0|0|0|0|0|0|0|0|0|2024|4|25|16|3|25|4|N
16|5|2049|B|1|0|R|562|95|7|169|E1605|40|0|0|0|0|0|0|0|0|0|0|0|0|0|0|0|0|0|0|0|0|0|2024|4|25|16|3|46|1|N
16|5|2372|B|1|0|U|733|107|1|169|E1605|9|108|73|5|0|6|158|67|0|11|1|0|0|0|0|0|2|6|437|198|73|158|2024|4|25|15|33|30|1|N
16|5|2438|C|1|0|U|661|109|6|169|E1605|107|0|0|0|0|0|0|0|0|0|0|0|0|0|0|0|0|0|0|0|0|0|2024|4|25|16|11|27|4|N
16|5|2448|C|1|0|U|673|109|6|169|E1605|102|16|7|6|63|3|86|218|0|30|18|0|0|0|0|0|3|5|455|77|284|86|2024|4|25|15|44|34|4|N
16|5|2449|C|2|0|U|658|109|6|169|E1605|101|0|0|0|0|0|0|0|0|0|0|0|0|0|0|0|0|0|0|0|0|0||||||||
16|5|2450|B|1|0|U|748|109|6|169|E1605|145|0|0|0|0|0|0|0|0|0|0|0|0|0|0|0|0|0|0|0|0|0||||||||
16|5|2451|C|1|0|U|662|109|6|169|E1605|147|103|74|20|8|0|84|183|0|19|9|2|1|0|0|0|2|3|508|227|192|84|2024|4|25|15|29|36|4|N
16|5|2462|E|1|0|M|721|109|6|169|E1605|117|0|0|0|0|0|0|0|0|0|0|0|0|0|0|0|0|0|0|0|0|0||||||||
16|5|2491|C|1|0|U|544|109|6|169|E1605|133|0|0|0|0|0|0|0|0|0|0|0|0|0|0|0|0|0|0|0|0|0||||||||
16|5|2501|B|1|0|U|531|109|6|169|E1605|126|0|0|0|0|0|0|0|0|0|0|0|0|0|0|0|0|0|0|0|0|0||||||||
16|5|2503|B|1|0|U|553|109|6|169|E1605|129|0|0|0|0|0|0|0|0|0|0|0|0|0|0|0|0|0|0|0|0|0||||||||
16|5|2510|C|4|0|U|707|109|6|169|E1605|98|0|0|0|0|0|0|0|0|0|0|0|0|0|0|0|0|0|0|0|0|0||||||||
16|5|2520|C|1|0|M|602|109|6|169|E1605|91|10|20|0|68|0|71|211|0|1|61|0|0|0|0|0|4|10|456|92|279|71|2024|4|25|15|48|31|1|N
16|5|2526|C|1|0|R|392|109|6|169|E1605|112|0|0|0|0|0|0|0|0|0|0|0|0|0|0|0|0|0|0|0|0|0||||||||
16|5|2529|E|1|2|U|602|109|6|169|E1605|106|0|0|0|0|0|0|0|0|0|0|0|0|0|0|0|0|0|0|0|0|0||||||||
16|6|28|C|1|0|U|565|3|8|170|E1606|27|20|30|6|3|2|63|237|10|0|24|0|0|0|0|0|5|3|403|90|242|63|2024|4|25|14|9|4|4|N
16|6|37|C|1|0|R|396|3|8|170|E1606|31|0|0|0|0|0|0|0|0|0|0|0|0|0|0|0|0|0|0|0|0|0||||||||
16|6|302|C|1|0|M|496|18|2|170|E1606|2|0|0|0|0|0|0|0|0|0|0|0|0|0|0|0|0|0|0|0|0|0||||||||
16|6|329|S|1|0|U|0|20|8|170|E1606|10|136|110|105|64|54|29|29|0|9|19|0|0|36|0|0|0|11|602|379|183|29|2024|4|25|14|12|59|1|N
16|6|338|B|1|0|M|643|20|8|170|E1606|11|0|0|0|0|0|0|0|0|0|0|0|0|0|0|0|0|0|0|0|0|0|2024|4|25|15|55|6|4|N
16|6|346|C|2|0|M|741|22|8|170|E1606|78|0|0|0|0|0|0|0|0|0|0|0|0|0|0|0|0|0|0|0|0|0||||||||
16|6|480|C|2|0|U|692|34|12|170|E1606|113|19|13|2|43|18|124|211|0|15|0|0|2|0|10|0|2|11|470|49|284|124|2024|4|25|15|40|50|1|N
16|6|487|B|1|0|U|508|34|12|170|E1606|105|20|0|34|82|0|28|86|0|21|9|0|3|8|0|0|5|4|300|84|179|28|2024|4|25|15|17|49|1|N
16|6|487|C|2|0|U|507|34|12|170|E1606|105|62|34|2|7|8|119|18|0|0|4|0|36|0|0|0|5|7|302|102|69|119|2024|4|25|14|15|55|4|N
16|6|491|C|1|0|U|654|34|12|170|E1606|115|56|17|36|92|13|16|176|0|8|10|0|0|0|0|0|2|7|433|127|281|16|2024|4|25|15|22|24|1|N
16|6|498|B|1|0|U|636|34|12|170|E1606|119|0|0|0|0|0|0|0|0|0|0|0|0|0|0|0|0|0|0|0|0|0|2024|4|25|16|10|55|1|N
16|6|500|C|2|0|U|612|34|12|170|E1606|117|34|37|0|7|26|69|209|0|0|19|1|0|0|0|0|2|11|415|91|242|69|2024|4|25|15|47|11|4|N
16|6|511|B|1|0|M|665|34|12|170|E1606|127|42|98|0|7|0|151|194|0|0|27|0|0|0|0|0|4|0|523|167|201|151|2024|4|25|15|26|48|1|N
16|6|526|C|1|0|M|720|34|12|170|E1606|135|0|0|0|0|0|0|0|0|0|0|0|0|0|0|0|0|0|0|0|0|0||||||||
16|6|670|B|1|0|R|487|41|3|170|E1606|148|0|0|0|0|0|0|0|0|0|0|0|0|0|0|0|0|0|0|0|0|0||||||||
16|6|672|C|3|0|R|593|41|3|170|E1606|149|30|60|11|2|15|128|167|0|0|5|0|0|1|0|0|0|8|427|106|185|128|2024|4|25|15|50|22|1|N
16|6|1797|C|1|0|R|379|79|8|170|E1606|23|0|0|0|0|0|0|0|0|0|0|0|0|0|0|0|0|0|0|0|0|0||||||||
16|6|1961|B|1|0|U|610|89|8|170|E1606|54|182|67|9|8|1|55|87|0|1|34|0|0|0|0|0|0|0|444|293|96|55|2024|4|25|14|4|52|4|N
16|6|1969|C|1|0|R|724|89|8|170|E1606|56|0|0|0|0|0|0|0|0|0|0|0|0|0|0|0|0|0|0|0|0|0||||||||
16|6|2538|B|1|0|U|571|111|12|170|E1606|86|0|0|0|0|0|0|0|0|0|0|0|0|0|0|0|0|0|0|0|0|0||||||||
16|6|2557|B|1|0|M|518|111|12|170|E1606|99|0|0|0|0|0|0|0|0|0|0|0|0|0|0|0|0|0|0|0|0|0||||||||
16|6|2557|C|1|0|M|518|111|12|170|E1606|99|0|0|0|0|0|0|0|0|0|0|0|0|0|0|0|0|0|0|0|0|0||||||||
16|6|2558|B|1|0|R|514|111|12|170|E1606|100|0|0|0|0|0|0|0|0|0|0|0|0|0|0|0|0|0|0|0|0|0|2024|4|25|16|10|37|1|N
16|6|2561|C|1|0|R|594|111|12|170|E1606|102|0|0|0|0|0|0|0|0|0|0|0|0|0|0|0|0|0|0|0|0|0||||||||
16|6|2684|C|1|0|M|659|89|8|170|E1606|38|110|19|23|11|7|7|114|0|22|69|1|0|0|0|0|5|10|398|244|132|7|2024|4|25|15|12|48|1|N
16|6|2688|C|1|0|U|590|89|8|170|E1606|37|0|0|0|0|0|0|0|0|0|0|0|0|0|0|0|0|0|0|0|0|0||||||||
16|6|2693|B|1|0|U|413|89|8|170|E1606|41|13|58|2|0|5|81|84|0|2|15|0|24|0|0|0|5|11|300|90|113|81|2024|4|25|15|39|19|1|N
16|7|40|B|1|0|M|518|4|2|171|E1607|2|0|0|0|0|0|0|0|0|0|0|0|0|0|0|0|0|0|0|0|0|0||||||||
16|7|282|B|1|0|R|443|16|5|171|E1607|11|0|0|0|0|0|0|0|0|0|0|0|0|0|0|0|0|0|0|0|0|0|2024|4|25|15|58|40|4|N
16|7|378|B|1|0|U|606|24|5|171|E1607|81|0|0|0|0|0|0|0|0|0|0|0|0|0|0|0|0|0|0|0|0|0|2024|4|25|16|4|50|4|N
16|7|596|B|1|0|R|528|37|2|171|E1607|38|0|0|0|0|0|0|0|0|0|0|0|0|0|0|0|0|0|0|0|0|0||||||||
16|7|766|B|1|0|R|573|46|2|171|E1607|54|4|38|10|5|0|85|140|0|12|3|0|0|0|0|0|5|12|314|67|145|85|2024|4|25|15|39|46|4|N
16|7|1291|B|1|0|M|568|55|2|171|E1607|58|21|58|0|34|0|198|97|8|12|0|0|0|0|0|0|4|0|432|99|131|198|2024|4|25|15|29|31|1|N
16|7|1326|B|1|0|U|510|57|5|171|E1607|61|43|10|0|60|65|81|49|0|0|47|0|0|1|0|0|2|0|358|100|175|81|2024|4|25|15|38|35|4|N
16|7|1407|B|1|0|U|330|64|2|171|E1607|67|30|12|5|43|6|41|34|0|0|11|1|0|3|0|0|5|10|201|59|86|41|2024|4|25|15|12|15|4|N
16|7|1417|B|1|0|R|629|64|2|171|E1607|72|31|54|6|10|11|43|48|0|0|0|0|0|0|1|0|2|0|206|91|70|43|2024|4|25|15|44|14|1|N
16|7|1420|B|1|0|R|458|64|2|171|E1607|70|0|0|0|0|0|0|0|0|0|0|0|0|0|0|0|0|0|0|0|0|0||||||||
16|7|1440|C|1|0|U|730|66|5|171|E1607|83|0|0|0|0|0|0|0|0|0|0|0|0|0|0|0|0|0|0|0|0|0||||||||
16|7|1443|C|1|0|U|636|66|5|171|E1607|74|64|39|14|39|1|136|153|0|0|6|40|0|0|0|0|5|3|500|163|193|136|2024|4|25|15|19|29|4|N
16|7|1444|C|1|0|U|640|66|5|171|E1607|75|15|1|60|38|0|127|116|0|0|0|0|0|11|0|0|3|7|378|76|165|127|2024|4|25|15|9|29|4|N
16|7|1451|B|1|0|R|517|66|5|171|E1607|80|0|0|0|0|0|0|0|0|0|0|0|0|0|0|0|0|0|0|0|0|0||||||||
16|7|1604|C|1|0|U|583|72|2|171|E1607|89|24|1|140|19|1|10|81|0|0|21|0|8|0|4|0|4|7|320|186|113|10|2024|4|25|15|52|31|1|N
16|7|1608|C|1|0|U|543|72|2|171|E1607|104|31|4|0|0|36|130|91|0|8|3|0|0|1|0|0|1|4|309|46|128|130|2024|4|25|13|26|11|4|N
16|7|1617|B|1|0|U|465|72|2|171|E1607|94|0|0|0|0|0|0|0|0|0|0|0|0|0|0|0|0|0|0|0|0|0|2024|4|25|16|7|42|1|N
16|7|1625|C|2|0|M|578|72|2|171|E1607|107|0|0|0|0|0|0|0|0|0|0|0|0|0|0|0|0|0|0|0|0|0||||||||
16|7|1631|B|1|0|R|405|72|2|171|E1607|96|7|3|14|6|0|100|70|0|1|39|0|0|0|0|0|0|2|242|64|76|100|2024|4|25|15|37|1|1|N
16|7|1631|C|1|0|R|404|72|2|171|E1607|96|48|14|8|15|5|71|65|0|1|16|0|0|0|9|0|4|3|259|87|94|71|2024|4|25|15|40|13|1|N
16|7|1662|C|3|0|U|661|74|15|171|E1607|119|0|0|0|0|0|0|0|0|0|0|0|0|0|0|0|0|0|0|0|0|0|2024|4|25|15|57|56|1|N
16|7|1667|B|1|0|U|584|74|15|171|E1607|122|9|160|5|22|70|171|51|0|0|2|0|0|0|0|0|1|5|496|176|143|171|2024|4|25|15|17|4|4|N
16|7|1912|B|1|0|U|685|86|7|171|E1607|125|0|0|0|0|0|0|0|0|0|0|0|0|0|0|0|0|0|0|0|0|0|2024|4|25|16|7|32|4|N
16|7|1917|B|1|0|M|636|86|7|171|E1607|126|0|0|0|0|0|0|0|0|0|0|0|0|0|0|0|0|0|0|0|0|0|2024|4|25|16|11|43|1|N
16|7|1922|C|1|0|U|565|86|7|171|E1607|127|0|0|0|0|0|0|0|0|0|0|0|0|0|0|0|0|0|0|0|0|0||||||||
16|7|1927|B|1|0|U|604|86|7|171|E1607|132|0|0|0|0|0|0|0|0|0|0|0|0|0|0|0|0|0|0|0|0|0|2024|4|25|16|0|38|1|N
16|7|2391|B|1|0|U|628|108|7|171|E1607|139|62|45|139|8|0|31|136|0|54|0|0|0|0|0|0|4|6|485|300|144|31|2024|4|25|15|38|11|4|N
16|7|2392|C|1|0|U|708|108|7|171|E1607|140|0|0|0|0|0|0|0|0|0|0|0|0|0|0|0|0|0|0|0|0|0||||||||
16|7|2406|C|1|0|U|544|108|7|171|E1607|150|63|27|2|20|1|131|63|1|44|11|0|0|0|0|0|4|9|376|148|84|131|2024|4|25|14|14|19|4|N
16|7|2431|C|1|0|R|380|108|7|171|E1607|163|0|0|0|0|0|0|0|0|0|0|0|0|0|0|0|0|0|0|0|0|0||||||||
16|8|952|S|1|0|U|0|54|10|172|E1608|8|0|0|0|0|0|0|0|0|0|0|0|0|0|0|0|0|0|0|0|0|0||||||||
16|8|953|C|3|0|U|636|54|10|172|E1608|10|0|0|0|0|0|0|0|0|0|0|0|0|0|0|0|0|0|0|0|0|0|2024|4|25|16|8|35|4|N
16|8|1000|C|1|0|U|424|54|10|172|E1608|20|58|24|0|9|0|35|55|0|12|56|0|0|25|2|0|3|10|289|150|91|35|2024|4|25|15|13|4|4|N
16|8|1018|C|1|0|U|407|54|10|172|E1608|24|0|0|0|0|0|0|0|0|0|0|0|0|0|0|0|0|0|0|0|0|0||||||||
16|8|1019|B|1|0|U|464|54|10|172|E1608|25|0|0|0|0|0|0|0|0|0|0|0|0|0|0|0|0|0|0|0|0|0|2024|4|25|15|54|47|1|N
16|8|1051|B|1|0|U|541|54|16|172|E1608|74|0|0|0|0|0|0|0|0|0|0|0|0|0|0|0|0|0|0|0|0|0|2024|4|25|15|58|29|1|N
16|8|1052|S|1|0|U|0|54|16|172|E1608|75|0|0|0|0|0|0|0|0|0|0|0|0|0|0|0|0|0|0|0|0|0||||||||
16|8|1149|B|1|0|U|429|54|16|172|E1608|94|0|0|0|0|0|0|0|0|0|0|0|0|0|0|0|0|0|0|0|0|0||||||||
16|8|1191|C|4|0|M|745|54|10|172|E1608|30|58|16|36|7|52|101|41|0|0|68|0|0|0|0|0|0|7|386|178|100|101|2024|4|25|15|44|52|1|N
16|8|1193|C|2|0|U|691|54|10|172|E1608|34|89|57|11|10|112|284|56|0|1|6|0|0|0|0|0|3|4|633|164|178|284|2024|4|25|15|48|42|1|N
16|8|1193|C|8|0|U|690|54|10|172|E1608|35|55|23|35|5|0|247|111|0|12|17|0|0|0|0|0|1|9|515|142|116|247|2024|4|25|15|34|19|1|N
16|8|1199|C|3|0|U|745|54|10|172|E1608|40|0|31|2|0|4|162|218|0|19|0|0|0|0|0|0|1|8|445|52|222|162|2024|4|25|15|39|48|1|N
16|8|1203|C|2|0|U|660|54|10|172|E1608|44|87|112|7|40|0|89|62|0|80|3|0|0|0|0|0|1|3|484|289|102|89|2024|4|25|13|54|24|4|N
16|8|1204|C|1|0|U|625|54|10|172|E1608|45|0|0|0|0|0|0|0|0|0|0|0|0|0|0|0|0|0|0|0|0|0||||||||
16|8|1214|C|1|0|U|534|54|10|172|E1608|50|82|58|0|14|0|157|119|0|0|11|0|0|0|0|0|0|8|449|151|133|157|2024|4|25|15|36|29|1|N
16|8|1216|C|7|0|U|697|54|16|172|E1608|101|0|0|0|0|0|0|0|0|0|0|0|0|0|0|0|0|0|0|0|0|0||||||||
16|8|1221|C|4|0|U|720|54|16|172|E1608|104|0|0|0|0|0|0|0|0|0|0|0|0|0|0|0|0|0|0|0|0|0||||||||
16|8|1266|B|1|0|R|695|54|16|172|E1608|110|0|0|0|0|0|0|0|0|0|0|0|0|0|0|0|0|0|0|0|0|0||||||||
16|8|2710|B|1|0|U|646|54|16|172|E1608|121|0|0|0|0|0|0|0|0|0|0|0|0|0|0|0|0|0|0|0|0|0||||||||
16|8|2718|B|1|0|U|620|54|10|172|E1608|63|25|52|17|2|38|96|95|0|38|5|0|0|0|0|0|0|12|380|137|135|96|2024|4|25|15|38|39|1|N
16|8|2718|C|4|0|U|619|54|10|172|E1608|63|105|20|44|30|0|75|80|0|2|13|0|0|0|17|0|4|0|390|184|127|75|2024|4|25|15|48|6|1|N
16|8|2770|C|2|0|M|608|54|16|172|E1608|128|0|0|0|0|0|0|0|0|0|0|0|0|0|0|0|0|0|0|0|0|0||||||||
16|8|2772|C|1|0|U|684|54|16|172|E1608|131|0|0|0|0|0|0|0|0|0|0|0|0|0|0|0|0|0|0|0|0|0||||||||
16|8|2772|C|2|0|U|684|54|16|172|E1608|131|0|0|0|0|0|0|0|0|0|0|0|0|0|0|0|0|0|0|0|0|0||||||||
16|9|1352|B|1|0|U|622|59|14|173|E1609|115|0|0|0|0|0|0|0|0|0|0|0|0|0|0|0|0|0|0|0|0|0||||||||
16|9|1353|C|3|0|U|657|59|14|173|E1609|116|0|0|0|0|0|0|0|0|0|0|0|0|0|0|0|0|0|0|0|0|0||||||||
16|9|1950|C|1|0|U|566|88|22|173|E1609|118|0|0|0|0|0|0|0|0|0|0|0|0|0|0|0|0|0|0|0|0|0|2024|4|25|15|54|15|4|N
16|9|1951|C|1|0|U|537|88|22|173|E1609|119|0|0|0|0|0|0|0|0|0|0|0|0|0|0|0|0|0|0|0|0|0||||||||
16|9|1998|C|1|0|U|720|91|5|173|E1609|129|7|49|1|3|0|246|179|0|34|4|0|0|0|0|0|1|11|535|95|182|246|2024|4|25|14|9|25|4|N
16|9|1999|C|1|0|U|545|91|5|173|E1609|130|144|10|44|3|15|71|92|0|1|0|0|31|26|0|0|2|3|442|199|167|71|2024|4|25|15|22|28|4|N
16|9|2182|B|1|0|U|528|103|14|173|E1609|16|0|0|0|0|0|0|0|0|0|0|0|0|0|0|0|0|0|0|0|0|0||||||||
16|9|2194|C|1|0|U|576|103|14|173|E1609|34|0|0|0|0|0|0|0|0|0|0|0|0|0|0|0|0|0|0|0|0|0||||||||
16|9|2197|C|1|0|U|689|103|14|173|E1609|35|0|0|0|0|0|0|0|0|0|0|0|0|0|0|0|0|0|0|0|0|0||||||||
16|9|2200|C|1|0|U|527|103|14|173|E1609|33|0|0|0|0|0|0|0|0|0|0|0|0|0|0|0|0|0|0|0|0|0|2024|4|25|16|10|27|1|N
16|9|2204|B|1|0|U|715|103|14|173|E1609|31|0|0|0|0|0|0|0|0|0|0|0|0|0|0|0|0|0|0|0|0|0||||||||
16|9|2213|C|1|0|U|571|103|14|173|E1609|32|0|0|0|0|0|0|0|0|0|0|0|0|0|0|0|0|0|0|0|0|0||||||||
16|9|2235|C|1|0|U|573|103|20|173|E1609|71|100|12|35|13|0|62|124|0|26|15|5|0|0|0|0|4|10|406|193|137|62|2024|4|25|14|2|35|4|N
16|9|2244|C|2|0|U|591|103|20|173|E1609|59|19|9|10|0|0|191|52|0|1|2|0|0|1|0|0|2|4|291|41|53|191|2024|4|25|15|14|16|4|N
16|9|2249|C|1|0|U|721|103|20|173|E1609|92|49|63|1|4|0|83|187|5|7|0|2|0|0|0|0|4|2|407|127|191|83|2024|4|25|15|45|19|1|N
16|9|2253|C|1|0|U|608|103|20|173|E1609|94|36|9|19|65|1|61|215|0|0|1|0|0|0|0|0|4|2|413|65|281|61|2024|4|25|15|41|53|1|N
16|9|2256|C|1|0|U|559|103|20|173|E1609|61|45|8|5|22|41|88|59|0|4|1|0|0|27|0|0|2|8|310|63|149|88|2024|4|25|13|58|52|4|N
16|9|2269|E|1|0|U|708|103|20|173|E1609|106|0|0|0|0|0|0|0|0|0|0|0|0|0|0|0|0|0|0|0|0|0|2024|4|25|15|53|42|1|N
16|9|2277|C|3|0|U|647|103|20|173|E1609|70|42|17|44|0|0|151|63|0|0|4|0|0|0|0|0|1|3|325|107|63|151|2024|4|25|14|5|2|4|N
16|9|2282|B|1|0|U|603|103|20|173|E1609|78|97|24|78|12|1|141|62|3|21|108|2|0|0|0|0|0|1|550|333|75|141|2024|4|25|15|24|16|1|N
16|9|2305|C|2|0|R|698|103|14|173|E1609|1|52|17|17|1|1|238|36|2|3|0|0|0|0|0|0|0|7|374|91|38|238|2024|4|25|15|43|42|1|N
16|9|2575|B|1|0|R|639|112|22|173|E1609|127|0|0|0|0|0|0|0|0|0|0|0|0|0|0|0|0|0|0|0|0|0||||||||
16|9|2780|B|1|0|U|659|103|20|173|E1609|103|0|0|0|0|0|0|0|0|0|0|0|0|0|0|0|0|0|0|0|0|0||||||||
16|9|2782|C|1|0|U|663|103|20|173|E1609|99|0|0|0|0|0|0|0|0|0|0|0|0|0|0|0|0|0|0|0|0|0||||||||
16|10|970|C|1|0|U|724|54|11|174|E1610|22|0|0|0|0|0|0|0|0|0|0|0|0|0|0|0|0|0|0|0|0|0||||||||
16|10|984|B|1|0|U|539|54|11|174|E1610|32|56|60|13|2|0|62|72|0|7|2|0|0|0|0|0|3|11|288|138|74|62|2024|4|25|14|9|5|4|N
16|10|1031|B|1|0|U|522|54|11|174|E1610|47|0|0|0|0|0|0|0|0|0|0|0|0|0|0|0|0|0|0|0|0|0|2024|4|25|15|56|18|4|N
16|10|1039|C|1|0|U|645|54|11|174|E1610|46|43|23|82|3|0|172|41|0|33|104|0|0|0|0|0|3|2|506|285|44|172|2024|4|25|15|48|14|4|N
16|10|1097|C|1|0|U|694|54|11|174|E1610|64|35|10|0|7|0|200|134|15|1|12|1|0|1|0|0|4|4|424|74|142|200|2024|4|25|15|10|13|4|N
16|10|1097|C|2|0|U|693|54|11|174|E1610|64|9|20|1|7|1|270|55|0|19|89|0|3|0|0|0|4|2|480|138|66|270|2024|4|25|15|13|37|4|N
16|10|1115|B|1|0|U|459|54|17|174|E1610|83|25|10|0|32|45|84|90|0|0|25|0|0|0|0|0|1|9|321|60|167|84|2024|4|25|15|11|40|4|N
16|10|1115|C|1|0|U|458|54|17|174|E1610|83|60|12|66|6|0|139|80|0|6|44|0|2|0|0|0|0|10|425|188|88|139|2024|4|25|15|17|31|4|N
16|10|1130|B|1|0|U|384|54|17|174|E1610|99|0|0|0|0|0|0|0|0|0|0|0|0|0|0|0|0|0|0|0|0|0|2024|4|25|15|55|0|4|N
16|10|1182|C|1|0|U|500|54|17|174|E1610|89|31|3|91|2|8|63|51|0|0|19|26|0|0|0|0|5|6|305|170|61|63|2024|4|25|15|50|8|4|N
16|10|1184|C|1|0|U|681|54|17|174|E1610|87|57|8|11|5|7|177|166|0|0|0|0|0|0|0|0|3|2|436|76|178|177|2024|4|25|15|21|11|4|N
16|10|1185|C|1|0|U|566|54|17|174|E1610|85|86|1|8|0|5|107|133|1|16|16|0|0|0|0|0|1|8|382|128|138|107|2024|4|25|15|12|43|4|N
16|10|1186|B|1|0|U|528|54|17|174|E1610|85|61|8|0|33|0|69|97|0|1|7|1|0|0|0|0|1|9|287|78|130|69|2024|4|25|15|17|59|4|N
16|10|1194|B|1|0|U|693|54|11|174|E1610|11|0|0|0|0|0|0|0|0|0|0|0|0|0|0|0|0|0|0|0|0|0||||||||
16|10|1228|C|1|0|U|700|54|17|174|E1610|119|92|48|67|96|0|11|92|0|1|7|0|0|0|0|0|4|7|425|215|188|11|2024|4|25|15|6|37|4|N
16|10|1232|C|5|0|U|650|54|17|174|E1610|126|42|11|67|2|2|89|172|0|4|7|0|0|0|0|0|4|1|401|131|176|89|2024|4|25|15|39|11|1|N
16|10|1234|C|1|0|U|608|54|17|174|E1610|123|28|8|24|31|1|202|70|0|1|23|2|0|44|0|0|0|6|440|86|146|202|2024|4|25|15|45|23|4|N
16|10|1237|C|1|0|M|683|54|11|174|E1610|33|0|0|0|0|0|0|0|0|0|0|0|0|0|0|0|0|0|0|0|0|0|2024|4|25|16|6|47|4|N
16|10|1245|C|1|0|U|555|54|17|174|E1610|117|0|0|0|0|0|0|0|0|0|0|0|0|0|0|0|0|0|0|0|0|0||||||||
16|10|1262|C|5|0|M|719|54|11|174|E1610|5|0|0|0|0|0|0|0|0|0|0|0|0|0|0|0|0|0|0|0|0|0||||||||
16|10|1269|C|1|0|R|638|54|17|174|E1610|138|0|0|0|0|0|0|0|0|0|0|0|0|0|0|0|0|0|0|0|0|0||||||||
16|10|1270|C|5|0|M|718|54|17|174|E1610|132|0|0|0|0|0|0|0|0|0|0|0|0|0|0|0|0|0|0|0|0|0||||||||
16|10|1271|E|1|0|R|722|54|17|174|E1610|114|0|0|0|0|0|0|0|0|0|0|0|0|0|0|0|0|0|0|0|0|0||||||||
16|10|1284|B|1|0|U|719|54|11|174|E1610|14|160|6|14|6|8|69|60|0|122|44|11|0|0|0|0|0|8|508|357|74|69|2024|4|25|15|16|53|4|N
16|10|1285|C|1|0|U|673|54|11|174|E1610|16|86|40|2|27|27|80|189|0|0|4|0|0|0|0|0|4|9|468|132|243|80|2024|4|25|14|5|4|4|N
16|11|215|B|1|0|R|184|13|18|175|E1611|7|0|0|0|0|0|0|0|0|0|0|0|0|0|0|0|0|0|0|0|0|0||||||||
16|11|458|C|1|0|U|684|32|5|175|E1611|29|0|0|0|0|0|0|0|0|0|0|0|0|0|0|0|0|0|0|0|0|0||||||||
16|11|602|B|1|0|U|502|38|18|175|E1611|12|0|0|0|0|0|0|0|0|0|0|0|0|0|0|0|0|0|0|0|0|0||||||||
16|11|802|C|1|0|M|710|49|15|175|E1611|38|23|20|37|41|0|51|235|0|36|24|27|0|0|0|0|3|4|501|167|276|51|2024|4|25|14|4|37|1|N
16|11|874|B|1|0|R|582|51|19|175|E1611|46|0|0|0|0|0|0|0|0|0|0|0|0|0|0|0|0|0|0|0|0|0||||||||
16|11|878|B|1|0|R|696|51|19|175|E1611|46|0|0|0|0|0|0|0|0|0|0|0|0|0|0|0|0|0|0|0|0|0||||||||
16|11|1456|S|1|0|M|0|67|15|175|E1611|53|40|35|0|95|0|196|41|28|26|3|8|0|0|0|0|2|6|480|140|136|196|2024|4|25|15|30|3|1|N
16|11|1459|C|2|0|U|712|67|15|175|E1611|56|0|0|0|0|0|0|0|0|0|0|0|0|0|0|0|0|0|0|0|0|0||||||||
16|11|1466|C|1|0|U|429|67|15|175|E1611|59|0|0|0|0|0|0|0|0|0|0|0|0|0|0|0|0|0|0|0|0|0||||||||
16|11|1471|B|1|0|U|524|67|15|175|E1611|64|38|19|0|40|3|53|98|0|9|3|0|0|49|16|0|3|0|331|69|206|53|2024|4|25|14|17|18|4|N
16|11|1477|C|2|0|M|636|67|15|175|E1611|68|42|80|3|9|0|102|77|0|122|2|0|0|2|0|0|5|4|448|249|88|102|2024|4|25|15|39|30|1|N
16|11|1497|C|1|0|U|585|67|15|175|E1611|58|15|5|2|106|1|73|43|0|12|10|0|0|0|0|0|1|6|274|44|150|73|2024|4|25|14|9|35|4|N
16|11|1784|B|1|0|U|747|78|18|175|E1611|104|45|59|26|18|2|106|289|0|78|13|0|0|0|0|0|1|7|644|221|309|106|2024|4|25|14|7|45|1|N
16|11|1786|C|1|0|R|521|78|18|175|E1611|103|8|2|1|0|0|8|0|0|0|0|0|0|2|0|0|0|0|21|11|2|8|2024|4|25|15|24|21|4|N
16|11|1800|C|3|0|M|718|80|15|175|E1611|83|0|0|0|0|0|0|0|0|0|0|0|0|0|0|0|0|0|0|0|0|0||||||||
16|11|1800|S|1|0|M|0|80|15|175|E1611|82|0|0|0|0|0|0|0|0|0|0|0|0|0|0|0|0|0|0|0|0|0|2024|4|25|16|6|10|1|N
16|11|1805|B|1|0|U|703|80|15|175|E1611|89|0|0|0|0|0|0|0|0|0|0|0|0|0|0|0|0|0|0|0|0|0||||||||
16|11|1805|C|1|0|U|703|80|15|175|E1611|89|20|34|6|18|0|63|161|0|0|19|34|0|0|0|0|2|6|363|113|179|63|2024|4|25|14|11|42|4|N
16|11|1820|C|1|0|U|620|80|15|175|E1611|91|0|0|0|0|0|0|0|0|0|0|0|0|0|0|0|0|0|0|0|0|0||||||||
16|11|1846|C|1|0|U|498|83|19|175|E1611|106|0|0|0|0|0|0|0|0|0|0|0|0|0|0|0|0|0|0|0|0|0|2024|4|25|16|9|0|1|N
16|11|1849|C|1|0|U|522|83|19|175|E1611|109|0|0|0|0|0|0|0|0|0|0|0|0|0|0|0|0|0|0|0|0|0||||||||
16|11|1864|C|1|0|R|639|83|19|175|E1611|122|0|0|0|0|0|0|0|0|0|0|0|0|0|0|0|0|0|0|0|0|0||||||||
16|11|2014|B|1|0|M|657|93|18|175|E1611|131|0|0|0|0|0|0|0|0|0|0|0|0|0|0|0|0|0|0|0|0|0||||||||
16|11|2083|B|1|0|U|523|98|19|175|E1611|144|0|0|0|0|0|0|0|0|0|0|0|0|0|0|0|0|0|0|0|0|0||||||||
16|11|2158|C|2|0|U|577|101|15|175|E1611|152|24|2|40|3|0|125|248|0|0|11|0|0|0|0|2|4|9|468|77|253|125|2024|4|25|15|41|45|4|N
16|11|2733|C|4|0|U|646|67|15|175|E1611|80|0|0|0|0|0|0|0|0|0|0|0|0|0|0|0|0|0|0|0|0|0||||||||
16|11|2743|B|1|0|R|203|1|19|175|E1611|4|9|20|5|2|0|27|63|0|7|3|0|0|0|0|0|5|0|141|44|65|27|2024|4|25|15|38|12|1|N
17|1|189|C|1|0|U|574|7|1|176|E1701|3|5|112|0|14|7|178|31|0|0|0|0|0|0|22|0|2|5|376|117|74|178|2024|4|25|14|13|30|1|N
17|1|197|C|1|0|U|656|7|2|176|E1701|12|19|21|2|56|10|77|22|0|2|39|0|0|0|0|0|1|11|260|83|88|77|2024|4|25|15|6|55|4|N
17|1|200|C|2|0|U|586|7|2|176|E1701|16|0|0|0|0|0|0|0|0|0|0|0|0|0|0|0|0|0|0|0|0|0||||||||
17|1|205|C|2|0|U|718|7|1|176|E1701|21|0|0|0|0|0|0|0|0|0|0|0|0|0|0|0|0|0|0|0|0|0||||||||
17|1|212|B|1|0|U|502|7|1|176|E1701|26|15|18|66|66|0|180|33|0|1|27|0|0|0|6|0|4|8|424|127|105|180|2024|4|25|14|7|38|4|N
17|1|219|C|2|0|U|660|7|2|176|E1701|31|0|0|0|0|0|0|0|0|0|0|0|0|0|0|0|0|0|0|0|0|0||||||||
17|1|220|E|1|2|U|740|7|2|176|E1701|33|9|1|13|56|35|24|119|0|0|87|0|0|0|0|0|1|10|355|110|210|24|2024|4|25|15|32|0|4|N
17|1|225|C|1|0|U|554|7|2|176|E1701|40|10|10|30|76|0|36|72|0|0|6|0|0|0|0|4|1|8|253|56|152|36|2024|4|25|15|35|49|4|N
17|1|228|B|1|0|U|470|7|2|176|E1701|41|0|0|0|0|0|0|0|0|0|0|0|0|0|0|0|0|0|0|0|0|0||||||||
17|1|228|C|1|0|U|470|7|2|176|E1701|41|0|0|0|0|0|0|0|0|0|0|0|0|0|0|0|0|0|0|0|0|0||||||||
17|1|233|B|1|0|U|462|7|2|176|E1701|43|0|0|0|0|0|0|0|0|0|0|0|0|0|0|0|0|0|0|0|0|0||||||||
17|1|241|C|1|0|U|551|7|1|176|E1701|47|8|12|0|45|8|151|108|0|15|3|0|0|0|0|0|1|10|361|38|161|151|2024|4|25|15|11|35|4|N
17|1|245|B|1|0|U|451|7|1|176|E1701|49|0|0|0|0|0|0|0|0|0|0|0|0|0|0|0|0|0|0|0|0|0||||||||
17|1|251|B|1|0|U|423|7|2|176|E1701|52|0|0|0|0|0|0|0|0|0|0|0|0|0|0|0|0|0|0|0|0|0||||||||
17|1|253|B|1|0|U|562|7|2|176|E1701|53|28|45|7|4|4|114|37|16|0|0|0|0|0|0|0|4|8|267|96|45|114|2024|4|25|14|11|42|4|N
17|1|282|B|1|0|U|547|7|2|176|E1701|60|0|0|0|0|0|0|0|0|0|0|0|0|0|0|0|0|0|0|0|0|0||||||||
17|1|297|B|1|0|U|448|7|1|176|E1701|77|0|0|0|0|0|0|0|0|0|0|0|0|0|0|0|0|0|0|0|0|0||||||||
17|1|311|C|1|0|U|692|7|2|176|E1701|87|0|0|0|0|0|0|0|0|0|0|0|0|0|0|0|0|0|0|0|0|0||||||||
17|1|317|C|1|0|U|585|7|1|176|E1701|90|8|2|0|10|49|162|31|0|3|61|0|0|0|0|0|1|5|332|74|90|162|2024|4|25|14|12|31|4|N
17|1|325|B|1|0|U|403|7|1|176|E1701|95|5|21|10|22|0|106|11|0|0|15|0|0|0|0|0|2|11|203|51|33|106|2024|4|25|15|28|53|4|N
17|1|336|C|1|0|U|622|7|2|176|E1701|101|0|0|0|0|0|0|0|0|0|0|0|0|0|0|0|0|0|0|0|0|0||||||||
17|1|353|C|1|0|U|430|7|1|176|E1701|110|0|0|0|0|0|0|0|0|0|0|0|0|0|0|0|0|0|0|0|0|0|2024|4|25|15|59|33|1|N
17|1|382|B|1|0|U|649|7|1|176|E1701|124|0|0|0|0|0|0|0|0|0|0|0|0|0|0|0|0|0|0|0|0|0||||||||
17|1|612|B|1|0|U|519|7|1|176|E1701|128|30|0|0|11|0|136|28|0|21|44|0|1|0|26|0|0|3|300|95|66|136|2024|4|25|15|37|42|4|N
17|2|387|C|1|0|U|650|7|5|177|E1702|1|0|0|0|0|0|0|0|0|0|0|0|0|0|0|0|0|0|0|0|0|0||||||||
17|2|403|C|1|0|U|750|8|9|177|E1702|48|18|98|59|10|3|221|62|51|16|9|0|0|0|0|0|1|7|555|251|75|221|2024|4|25|15|36|57|4|N
17|2|403|C|4|0|U|749|8|9|177|E1702|49|11|7|0|41|2|50|131|0|6|67|0|12|0|0|0|2|5|334|91|186|50|2024|4|25|15|3|50|4|N
17|2|411|C|3|0|U|739|8|9|177|E1702|45|97|28|16|71|10|80|19|0|0|3|0|0|0|0|0|3|4|331|144|100|80|2024|4|25|15|49|33|1|N
17|2|436|C|1|0|U|663|11|6|177|E1702|135|0|0|0|0|0|0|0|0|0|0|0|0|0|0|0|0|0|0|0|0|0||||||||
17|2|448|B|1|0|U|716|11|6|177|E1702|106|0|0|0|0|0|0|0|0|0|0|0|0|0|0|0|0|0|0|0|0|0|2024|4|25|16|5|10|1|N
17|2|448|C|1|0|U|716|11|6|177|E1702|106|0|0|0|0|0|0|0|0|0|0|0|0|0|0|0|0|0|0|0|0|0||||||||
17|2|455|C|3|0|U|732|11|6|177|E1702|120|0|0|0|0|0|0|0|0|0|0|0|0|0|0|0|0|0|0|0|0|0||||||||
17|2|468|B|1|0|U|671|11|6|177|E1702|95|0|0|0|0|0|0|0|0|0|0|0|0|0|0|0|0|0|0|0|0|0||||||||
17|2|469|B|1|0|U|681|11|6|177|E1702|110|0|0|0|0|0|0|0|0|0|0|0|0|0|0|0|0|0|0|0|0|0||||||||
17|2|494|C|1|0|U|518|11|12|177|E1702|93|0|0|0|0|0|0|0|0|0|0|0|0|0|0|0|0|0|0|0|0|0||||||||
17|2|496|C|4|0|U|707|11|12|177|E1702|71|59|0|33|12|0|15|51|0|0|4|0|0|0|5|0|5|10|194|96|68|15|2024|4|25|15|23|58|4|N
17|2|497|C|2|0|M|741|11|12|177|E1702|72|0|0|0|0|0|0|0|0|0|0|0|0|0|0|0|0|0|0|0|0|0||||||||
17|2|623|C|1|0|U|718|18|5|177|E1702|11|0|0|0|0|0|0|0|0|0|0|0|0|0|0|0|0|0|0|0|0|0||||||||
17|2|625|C|1|0|U|670|18|5|177|E1702|18|0|0|0|0|0|0|0|0|0|0|0|0|0|0|0|0|0|0|0|0|0||||||||
17|2|636|C|1|0|U|624|18|5|177|E1702|27|0|0|0|0|0|0|0|0|0|0|0|0|0|0|0|0|0|0|0|0|0|2024|4|25|16|12|14|4|N
17|2|637|B|1|0|U|716|18|5|177|E1702|27|0|0|0|0|0|0|0|0|0|0|0|0|0|0|0|0|0|0|0|0|0||||||||
17|2|920|C|1|0|U|578|18|5|177|E1702|2|0|0|0|0|0|0|0|0|0|0|0|0|0|0|0|0|0|0|0|0|0||||||||
17|2|930|B|1|0|U|575|11|6|177|E1702|75|49|77|18|38|0|103|125|8|1|4|0|0|0|0|0|3|8|434|157|163|103|2024|4|25|15|24|10|4|N
17|2|945|C|1|0|R|715|8|9|177|E1702|59|0|0|0|0|0|0|0|0|0|0|0|0|0|0|0|0|0|0|0|0|0||||||||
17|2|946|C|1|0|U|619|8|9|177|E1702|59|0|0|0|0|0|0|0|0|0|0|0|0|0|0|0|0|0|0|0|0|0||||||||
17|2|948|B|1|0|M|601|18|5|177|E1702|37|0|0|0|0|0|0|0|0|0|0|0|0|0|0|0|0|0|0|0|0|0||||||||
17|2|948|C|1|0|M|600|18|5|177|E1702|37|0|0|0|0|0|0|0|0|0|0|0|0|0|0|0|0|0|0|0|0|0||||||||
17|2|960|S|2|0|U|0|18|5|177|E1702|25|0|0|0|0|0|0|0|0|0|0|0|0|0|0|0|0|0|0|0|0|0||||||||
17|3|47|C|1|0|U|552|4|10|178|E1703|43|100|55|1|13|1|75|68|0|0|0|0|0|0|0|0|4|1|318|156|82|75|2024|4|25|14|4|33|4|N
17|3|48|C|2|0|U|606|4|10|178|E1703|47|29|19|18|39|1|162|46|0|0|12|0|0|0|0|0|4|1|331|78|86|162|2024|4|25|13|51|14|4|N
17|3|51|C|1|0|U|495|4|10|178|E1703|38|0|0|0|0|0|0|0|0|0|0|0|0|0|0|0|0|0|0|0|0|0||||||||
17|3|61|E|1|0|M|564|4|10|178|E1703|33|0|0|0|0|0|0|0|0|0|0|0|0|0|0|0|0|0|0|0|0|0||||||||
17|3|78|B|1|0|R|238|4|10|178|E1703|30|0|14|26|24|0|53|5|0|0|16|0|0|0|0|0|2|3|143|56|29|53|2024|4|25|15|39|19|4|N
17|3|84|C|1|0|U|502|4|10|178|E1703|22|1|108|18|10|54|102|33|0|0|0|0|0|0|6|0|2|0|334|127|103|102|2024|4|25|15|43|38|4|N
17|3|106|B|1|0|U|610|6|7|178|E1703|73|0|0|0|0|0|0|0|0|0|0|0|0|0|0|0|0|0|0|0|0|0||||||||
17|3|108|C|1|0|U|597|6|7|178|E1703|75|0|0|0|0|0|0|0|0|0|0|0|0|0|0|0|0|0|0|0|0|0||||||||
17|3|117|B|1|0|U|523|6|7|178|E1703|74|40|54|0|5|1|138|37|0|0|20|0|0|0|0|0|5|8|308|114|43|138|2024|4|25|14|9|15|4|N
17|3|131|B|1|0|U|612|6|7|178|E1703|101|0|0|0|0|0|0|0|0|0|0|0|0|0|0|0|0|0|0|0|0|0|2024|4|25|15|52|42|4|N
17|3|135|C|1|0|U|646|6|7|178|E1703|95|11|22|0|12|3|100|22|0|1|4|0|0|0|6|0|4|5|190|38|43|100|2024|4|25|14|14|10|4|N
17|3|142|C|1|0|U|620|6|7|178|E1703|104|0|0|0|0|0|0|0|0|0|0|0|0|0|0|0|0|0|0|0|0|0||||||||
17|3|146|B|1|0|U|501|6|7|178|E1703|109|0|8|4|6|0|48|66|9|6|22|0|0|0|0|0|4|8|181|49|72|48|2024|4|25|15|52|2|1|N
17|3|151|B|1|0|U|684|6|7|178|E1703|124|10|53|0|14|17|325|73|0|4|6|0|0|0|0|0|1|2|505|73|104|325|2024|4|25|14|9|41|4|N
17|3|151|C|1|0|U|684|6|7|178|E1703|124|9|29|29|11|0|198|68|0|0|36|0|13|0|0|0|3|2|398|103|92|198|2024|4|25|14|14|12|4|N
17|3|152|C|2|0|U|539|6|7|178|E1703|126|60|28|12|23|0|53|127|0|0|78|0|0|0|1|0|0|0|382|178|151|53|2024|4|25|14|5|48|4|N
17|3|175|C|1|0|U|580|6|7|178|E1703|118|0|0|0|0|0|0|0|0|0|0|0|0|0|0|0|0|0|0|0|0|0||||||||
17|3|177|C|3|0|M|647|6|7|178|E1703|121|0|0|0|0|0|0|0|0|0|0|0|0|0|0|0|0|0|0|0|0|0|2024|4|25|16|14|6|1|N
17|3|181|E|1|0|M|563|6|7|178|E1703|85|0|0|0|0|0|0|0|0|0|0|0|0|0|0|0|0|0|0|0|0|0|2024|4|25|15|56|38|1|N
17|3|539|B|1|0|U|447|13|4|178|E1703|53|0|0|0|0|0|0|0|0|0|0|0|0|0|0|0|0|0|0|0|0|0||||||||
17|3|547|C|1|0|M|597|13|4|178|E1703|50|0|0|0|0|0|0|0|0|0|0|0|0|0|0|0|0|0|0|0|0|0||||||||
17|3|655|B|1|0|M|504|19|4|178|E1703|15|0|0|0|0|0|0|0|0|0|0|0|0|0|0|0|0|0|0|0|0|0|2024|4|25|15|53|9|4|N
17|3|664|E|1|0|R|125|19|4|178|E1703|14|0|0|0|0|0|0|0|0|0|0|0|0|0|0|0|0|0|0|0|0|0||||||||
17|4|506|B|1|0|U|587|12|11|179|E1704|15|0|0|0|0|0|0|0|0|0|0|0|0|0|0|0|0|0|0|0|0|0||||||||
17|4|510|C|1|0|U|535|12|11|179|E1704|19|12|93|12|7|0|9|112|1|17|5|0|0|0|14|0|0|0|282|140|133|9|2024|4|25|15|9|19|4|N
17|4|526|C|1|0|U|572|12|11|179|E1704|25|0|0|0|0|0|0|0|0|0|0|0|0|0|0|0|0|0|0|0|0|0||||||||
17|4|551|B|1|0|U|714|14|8|179|E1704|37|0|0|0|0|0|0|0|0|0|0|0|0|0|0|0|0|0|0|0|0|0||||||||
17|4|557|C|3|0|U|564|15|5|179|E1704|43|28|56|1|103|4|126|36|43|0|2|0|0|0|0|0|2|3|404|130|143|126|2024|4|25|15|10|45|4|N
17|4|560|C|2|0|U|590|15|5|179|E1704|44|17|2|3|8|58|62|13|5|13|17|0|0|0|0|0|1|10|209|57|79|62|2024|4|25|15|0|54|4|N
17|4|561|B|1|0|R|428|15|5|179|E1704|39|0|0|0|0|0|0|0|0|0|0|0|0|0|0|0|0|0|0|0|0|0||||||||
17|4|589|B|1|0|U|720|17|11|179|E1704|49|0|0|0|0|0|0|0|0|0|0|0|0|0|0|0|0|0|0|0|0|0|2024|4|25|16|11|43|4|N
17|4|691|C|1|0|M|619|21|8|179|E1704|58|0|0|0|0|0|0|0|0|0|0|0|0|0|0|0|0|0|0|0|0|0||||||||
17|4|693|E|1|0|R|386|21|8|179|E1704|38|0|0|0|0|0|0|0|0|0|0|0|0|0|0|0|0|0|0|0|0|0||||||||
17|4|694|B|1|0|R|292|21|8|179|E1704|7|0|0|0|0|0|0|0|0|0|0|0|0|0|0|0|0|0|0|0|0|0||||||||
17|4|710|B|1|0|M|670|24|9|179|E1704|62|0|0|0|0|0|0|0|0|0|0|0|0|0|0|0|0|0|0|0|0|0|2024|4|25|16|13|36|4|N
17|4|727|B|1|0|U|744|24|9|179|E1704|73|0|0|0|0|0|0|0|0|0|0|0|0|0|0|0|0|0|0|0|0|0||||||||
17|4|731|B|1|0|M|738|24|9|179|E1704|60|0|0|0|0|0|0|0|0|0|0|0|0|0|0|0|0|0|0|0|0|0||||||||
17|4|737|C|2|0|M|617|25|11|179|E1704|82|0|0|0|0|0|0|0|0|0|0|0|0|0|0|0|0|0|0|0|0|0||||||||
17|4|740|B|1|0|U|579|25|11|179|E1704|84|5|17|0|17|1|167|15|0|75|5|0|0|0|0|0|2|12|316|102|33|167|2024|4|25|15|51|45|4|N
17|4|777|B|1|0|U|708|28|8|179|E1704|91|5|116|4|58|2|173|8|0|5|1|0|0|0|0|0|5|3|380|131|68|173|2024|4|25|15|49|36|4|N
17|4|787|C|1|0|U|619|28|8|179|E1704|102|79|7|1|19|0|108|89|0|0|41|0|0|0|2|0|0|3|349|128|110|108|2024|4|25|15|46|32|4|N
17|4|791|C|1|0|M|711|28|8|179|E1704|105|83|1|0|2|0|164|58|0|0|19|0|0|0|0|0|3|8|338|103|60|164|2024|4|25|15|49|15|4|N
17|4|793|C|1|0|M|686|28|8|179|E1704|110|0|0|0|0|0|0|0|0|0|0|0|0|0|0|0|0|0|0|0|0|0||||||||
17|4|795|C|3|0|U|632|28|8|179|E1704|108|0|0|0|0|0|0|0|0|0|0|0|0|0|0|0|0|0|0|0|0|0|2024|4|25|15|53|40|1|N
17|4|891|C|1|0|M|645|31|11|179|E1704|123|25|1|4|17|0|79|24|0|1|3|0|0|0|0|0|4|10|168|34|41|79|2024|4|25|15|34|39|2|N
17|4|937|B|1|0|U|664|35|8|179|E1704|134|0|0|0|0|0|0|0|0|0|0|0|0|0|0|0|0|0|0|0|0|0|2024|4|25|16|3|7|1|N
17|4|937|C|2|0|U|663|35|8|179|E1704|134|0|0|0|0|0|0|0|0|0|0|0|0|0|0|0|0|0|0|0|0|0||||||||
17|5|16|B|1|0|R|444|2|3|180|E1705|47|0|0|0|0|0|0|0|0|0|0|0|0|0|0|0|0|0|0|0|0|0||||||||
17|5|17|B|1|0|R|606|2|3|180|E1705|47|0|0|0|0|0|0|0|0|0|0|0|0|0|0|0|0|0|0|0|0|0||||||||
17|5|569|C|1|0|M|562|16|10|180|E1705|49|0|0|0|0|0|0|0|0|0|0|0|0|0|0|0|0|0|0|0|0|0||||||||
17|5|576|C|1|0|M|514|16|10|180|E1705|52|0|0|0|0|0|0|0|0|0|0|0|0|0|0|0|0|0|0|0|0|0||||||||
17|5|676|C|2|0|U|543|20|3|180|E1705|19|0|0|0|0|0|0|0|0|0|0|0|0|0|0|0|0|0|0|0|0|0||||||||
17|5|677|C|1|0|U|540|20|3|180|E1705|18|0|0|0|0|0|0|0|0|0|0|0|0|0|0|0|0|0|0|0|0|0||||||||
17|5|680|C|2|0|M|572|20|3|180|E1705|27|0|0|0|0|0|0|0|0|0|0|0|0|0|0|0|0|0|0|0|0|0||||||||
17|5|760|C|1|0|U|710|26|3|180|E1705|35|0|0|0|0|0|0|0|0|0|0|0|0|0|0|0|0|0|0|0|0|0||||||||
17|5|801|E|1|0|M|657|29|12|180|E1705|75|0|0|0|0|0|0|0|0|0|0|0|0|0|0|0|0|0|0|0|0|0||||||||
17|5|818|C|3|0|M|611|29|12|180|E1705|63|0|0|0|0|0|0|0|0|0|0|0|0|0|0|0|0|0|0|0|0|0||||||||
17|5|824|B|1|0|U|651|29|12|180|E1705|73|0|0|0|0|0|0|0|0|0|0|0|0|0|0|0|0|0|0|0|0|0||||||||
17|5|843|C|1|0|U|582|29|12|180|E1705|12|0|0|0|0|0|0|0|0|0|0|0|0|0|0|0|0|0|0|0|0|0||||||||
17|5|858|C|1|0|U|748|30|10|180|E1705|98|64|173|17|133|25|27|21|0|133|20|0|0|0|0|0|5|11|629|407|179|27|2024|4|25|15|1|7|4|N
17|5|858|C|2|0|U|748|30|10|180|E1705|98|10|22|2|42|26|163|142|0|4|22|0|0|0|0|0|3|1|437|60|210|163|2024|4|25|15|0|58|4|N
17|5|859|C|2|0|R|656|30|10|180|E1705|99|0|0|0|0|0|0|0|0|0|0|0|0|0|0|0|0|0|0|0|0|0|2024|4|25|16|9|48|1|N
17|5|864|E|1|0|U|739|30|10|180|E1705|105|0|0|0|0|0|0|0|0|0|0|0|0|0|0|0|0|0|0|0|0|0||||||||
17|5|895|C|1|0|U|518|32|4|180|E1705|107|9|6|4|94|21|102|19|0|0|40|0|0|0|0|0|5|1|301|59|134|102|2024|4|25|11|46|22|4|N
17|5|918|B|1|0|M|607|29|12|180|E1705|14|0|0|0|0|0|0|0|0|0|0|0|0|0|0|0|0|0|0|0|0|0||||||||
17|5|953|C|2|0|U|605|29|12|180|E1705|68|67|2|2|69|13|108|92|0|0|4|0|0|0|0|0|3|5|365|75|174|108|2024|4|25|15|40|35|1|N
18|1|3|C|3|0|U|605|1|1|181|E1801|4|0|0|0|0|0|0|0|0|0|0|0|0|0|0|0|0|0|0|0|0|0||||||||
18|1|9|C|1|0|U|749|1|1|181|E1801|8|0|0|0|0|0|0|0|0|0|0|0|0|0|0|0|0|0|0|0|0|0|2024|4|25|16|10|39|1|N
18|1|199|B|1|0|R|269|6|1|181|E1801|21|0|0|0|0|0|0|0|0|0|0|0|0|0|0|0|0|0|0|0|0|0||||||||
18|1|202|C|1|0|R|390|6|1|181|E1801|23|11|22|8|17|25|38|16|41|0|3|8|0|0|0|23|3|12|227|93|81|38|2024|4|25|15|40|49|1|N
18|1|257|E|1|0|M|512|9|3|181|E1801|35|0|0|0|0|0|0|0|0|0|0|0|0|0|0|0|0|0|0|0|0|0||||||||
18|1|276|E|1|0|R|293|9|3|181|E1801|40|6|0|4|3|1|71|54|0|0|16|0|0|3|0|35|2|1|196|26|96|71|2024|4|25|15|10|42|4|N
18|1|339|B|1|0|R|149|11|3|181|E1801|62|0|0|0|0|0|0|0|0|0|0|0|0|0|0|0|0|0|0|0|0|0||||||||
18|1|350|B|1|0|U|494|12|5|181|E1801|76|33|7|28|6|35|161|30|0|0|2|0|0|0|0|7|0|11|320|70|78|161|2024|4|25|15|37|34|1|N
18|1|386|C|2|0|R|605|12|5|181|E1801|77|23|8|4|0|1|150|147|0|0|130|0|0|0|0|21|0|5|489|165|169|150|2024|4|25|15|41|7|1|N
18|1|389|B|1|0|U|680|12|5|181|E1801|83|34|4|23|3|1|95|36|0|0|74|0|0|1|0|26|3|3|303|135|67|95|2024|4|25|15|32|54|1|N
18|1|457|B|1|0|R|430|15|2|181|E1801|122|0|0|0|0|0|0|0|0|0|0|0|0|0|0|0|0|0|0|0|0|0||||||||
18|1|468|B|1|0|R|547|15|2|181|E1801|88|0|0|0|0|0|0|0|0|0|0|0|0|0|0|0|0|0|0|0|0|0||||||||
18|1|518|B|1|0|R|180|15|5|181|E1801|112|0|0|0|0|0|0|0|0|0|0|0|0|0|0|0|0|0|0|0|0|0||||||||
18|1|523|C|1|0|U|480|15|5|181|E1801|119|0|0|0|0|0|0|0|0|0|0|0|0|0|0|0|0|0|0|0|0|0||||||||
18|1|528|C|1|0|U|519|15|5|181|E1801|121|43|22|7|1|2|45|63|0|0|2|0|0|0|0|161|5|10|361|74|227|45|2024|4|25|14|3|24|4|N
18|1|538|B|1|0|U|621|15|4|181|E1801|94|0|0|0|0|0|0|0|0|0|0|0|0|0|0|0|0|0|0|0|0|0||||||||
18|1|541|C|1|0|U|429|15|4|181|E1801|93|0|0|0|0|0|0|0|0|0|0|0|0|0|0|0|0|0|0|0|0|0||||||||
18|1|560|B|1|0|U|361|16|2|181|E1801|129|0|0|0|0|0|0|0|0|0|0|0|0|0|0|0|0|0|0|0|0|0||||||||
18|1|588|C|1|0|R|428|16|2|181|E1801|133|0|0|0|0|0|0|0|0|0|0|0|0|0|0|0|0|0|0|0|0|0||||||||
18|1|820|B|1|0|U|340|18|4|181|E1801|145|0|0|0|0|0|0|0|0|0|0|0|0|0|0|0|0|0|0|0|0|0||||||||
18|1|832|B|1|0|U|696|18|4|181|E1801|143|0|0|0|0|0|0|0|0|0|0|0|0|0|0|0|0|0|0|0|0|0||||||||
18|1|836|B|1|0|R|469|18|4|181|E1801|139|0|0|0|0|0|0|0|0|0|0|0|0|0|0|0|0|0|0|0|0|0||||||||
18|1|836|C|1|0|R|468|18|4|181|E1801|139|0|0|0|0|0|0|0|0|0|0|0|0|0|0|0|0|0|0|0|0|0||||||||
18|1|840|B|1|0|U|596|18|4|181|E1801|148|0|0|0|0|0|0|0|0|0|0|0|0|0|0|0|0|0|0|0|0|0|2024|4|25|15|54|26|4|N
18|1|988|B|1|0|R|380|9|3|181|E1801|25|18|0|6|9|0|40|20|6|0|24|0|0|0|0|64|1|2|190|54|93|40|2024|4|25|12|17|53|4|N
18|1|989|C|2|0|R|566|9|3|181|E1801|25|62|15|1|0|3|160|68|0|0|0|0|0|0|0|12|1|10|332|78|83|160|2024|4|25|12|23|49|4|N
18|2|604|B|1|0|U|736|17|8|182|E1802|20|32|49|0|0|8|101|47|1|0|1|68|2|18|0|35|1|2|365|151|110|101|2024|4|25|15|23|51|4|N
18|2|610|C|1|0|U|537|17|10|182|E1802|108|8|32|3|8|0|135|103|0|0|2|0|0|0|0|43|5|9|348|45|154|135|2024|4|25|15|6|37|4|N
18|2|626|B|1|0|U|713|17|8|182|E1802|23|10|0|0|26|14|39|30|0|0|0|0|0|58|0|47|2|9|235|10|175|39|2024|4|25|15|37|1|4|N
18|2|643|C|1|0|U|446|17|8|182|E1802|60|0|0|0|0|0|0|0|0|0|0|0|0|0|0|0|0|0|0|0|0|0||||||||
18|2|644|B|1|0|U|380|17|11|182|E1802|58|0|0|0|0|0|0|0|0|0|0|0|0|0|0|0|0|0|0|0|0|0||||||||
18|2|656|B|1|0|U|406|17|8|182|E1802|43|0|0|0|0|0|0|0|0|0|0|0|0|0|0|0|0|0|0|0|0|0||||||||
18|2|663|C|1|0|U|662|17|9|182|E1802|36|0|0|0|0|0|0|0|0|0|0|0|0|0|0|0|0|0|0|0|0|0||||||||
18|2|674|B|1|0|U|409|17|11|182|E1802|52|36|3|27|2|6|44|45|0|0|0|0|0|40|0|34|1|10|248|66|127|44|2024|4|25|15|20|43|4|N
18|2|681|B|1|0|U|743|17|10|182|E1802|53|15|7|44|8|4|50|165|0|0|1|0|0|11|0|54|2|8|369|67|242|50|2024|4|25|15|40|42|4|N
18|2|702|B|1|0|U|585|17|9|182|E1802|47|0|0|0|0|0|0|0|0|0|0|0|0|0|0|0|0|0|0|0|0|0||||||||
18|2|730|C|1|0|U|425|17|10|182|E1802|94|0|0|0|0|0|0|0|0|0|0|0|0|0|0|0|0|0|0|0|0|0||||||||
18|2|733|B|1|0|U|648|17|10|182|E1802|95|0|0|0|0|0|0|0|0|0|0|0|0|0|0|0|0|0|0|0|0|0||||||||
18|2|735|C|1|0|U|392|17|10|182|E1802|100|0|0|0|0|0|0|0|0|0|0|0|0|0|0|0|0|0|0|0|0|0||||||||
18|2|736|B|1|0|U|686|17|6|182|E1802|115|0|0|0|0|0|0|0|0|0|0|0|0|0|0|0|0|0|0|0|0|0||||||||
18|2|751|B|1|0|U|425|17|10|182|E1802|148|31|0|0|0|16|71|79|0|0|4|0|1|0|0|17|5|3|227|35|113|71|2024|4|25|15|8|9|4|N
18|2|756|B|1|0|U|584|17|10|182|E1802|149|0|0|0|0|0|0|0|0|0|0|0|0|0|0|0|0|0|0|0|0|0|2024|4|25|16|5|30|1|N
18|2|765|C|3|0|U|745|17|10|182|E1802|103|0|0|0|0|0|0|0|0|0|0|0|0|0|0|0|0|0|0|0|0|0||||||||
18|2|770|E|1|0|M|212|17|9|182|E1802|1|18|27|22|0|6|45|5|0|0|0|0|0|0|0|22|0|9|154|67|33|45|2024|4|25|15|17|32|4|N
18|2|778|B|1|0|R|582|17|8|182|E1802|14|0|0|0|0|0|0|0|0|0|0|0|0|0|0|0|0|0|0|0|0|0||||||||
18|2|785|C|2|0|R|581|17|8|182|E1802|10|0|0|0|0|0|0|0|0|0|0|0|0|0|0|0|0|0|0|0|0|0||||||||
18|2|806|B|1|0|R|579|17|9|182|E1802|33|0|0|0|0|0|0|0|0|0|0|0|0|0|0|0|0|0|0|0|0|0||||||||
18|2|881|C|1|0|U|438|17|11|182|E1802|63|10|20|35|11|39|72|74|0|0|0|0|0|0|0|25|3|1|290|65|149|72|2024|4|25|14|7|1|4|N
18|2|916|C|1|0|U|443|17|9|182|E1802|6|0|0|0|0|0|0|0|0|0|0|0|0|0|0|0|0|0|0|0|0|0||||||||
18|2|917|C|1|0|U|423|17|9|182|E1802|33|9|0|0|10|42|88|100|0|0|1|0|0|2|0|84|2|7|345|10|238|88|2024|4|25|15|4|51|4|N
18|2|965|B|1|0|U|621|17|7|182|E1802|126|0|0|0|0|0|0|0|0|0|0|0|0|0|0|0|0|0|0|0|0|0|2024|4|25|15|52|53|1|N
18|2|1026|C|2|0|U|727|17|10|182|E1802|151|0|0|0|0|0|0|0|0|0|0|0|0|0|0|0|0|0|0|0|0|0|2024|4|25|16|7|20|1|N
18|2|1027|B|1|0|U|535|17|10|182|E1802|150|9|30|0|5|29|121|62|0|0|0|0|1|10|0|16|3|0|286|39|123|121|2024|4|25|15|34|48|4|N
18|3|52|C|1|0|U|640|2|13|183|E1803|2|0|0|0|0|0|0|0|0|0|0|0|0|0|0|0|0|0|0|0|0|0||||||||
18|3|61|E|1|0|R|150|2|13|183|E1803|6|0|0|0|0|0|0|0|0|0|0|0|0|0|0|0|0|0|0|0|0|0||||||||
18|3|69|B|1|0|M|502|3|13|183|E1803|9|54|5|28|0|0|61|21|0|0|2|0|0|13|0|27|3|6|220|89|61|61|2024|4|25|15|19|26|4|N
18|3|98|C|3|0|M|720|4|16|183|E1803|19|0|0|0|0|0|0|0|0|0|0|0|0|0|0|0|0|0|0|0|0|0||||||||
18|3|98|C|5|0|M|720|4|16|183|E1803|19|0|0|0|0|0|0|0|0|0|0|0|0|0|0|0|0|0|0|0|0|0||||||||
18|3|98|E|1|0|M|712|4|16|183|E1803|19|0|0|0|0|0|0|0|0|0|0|0|0|0|0|0|0|0|0|0|0|0||||||||
18|3|100|C|2|0|U|602|4|18|183|E1803|20|0|0|0|0|0|0|0|0|0|0|0|0|0|0|0|0|0|0|0|0|0||||||||
18|3|112|C|5|0|U|734|4|16|183|E1803|31|0|0|0|0|0|0|0|0|0|0|0|0|0|0|0|0|0|0|0|0|0||||||||
18|3|121|C|1|0|U|609|4|16|183|E1803|45|0|0|0|0|0|0|0|0|0|0|0|0|0|0|0|0|0|0|0|0|0||||||||
18|3|122|C|3|0|U|703|4|16|183|E1803|46|0|0|0|0|0|0|0|0|0|0|0|0|0|0|0|0|0|0|0|0|0||||||||
18|3|152|B|1|0|U|523|5|15|183|E1803|74|0|0|0|0|0|0|0|0|0|0|0|0|0|0|0|0|0|0|0|0|0|2024|4|25|16|3|57|4|N
18|3|154|B|1|0|R|514|5|15|183|E1803|75|0|0|0|0|0|0|0|0|0|0|0|0|0|0|0|0|0|0|0|0|0|2024|4|25|16|3|50|4|N
18|3|189|B|1|0|U|637|5|15|183|E1803|88|0|0|0|0|0|0|0|0|0|0|0|0|0|0|0|0|0|0|0|0|0|2024|4|25|15|59|27|4|N
18|3|216|C|2|0|U|617|7|13|183|E1803|94|0|0|0|0|0|0|0|0|0|0|0|0|0|0|0|0|0|0|0|0|0||||||||
18|3|230|C|2|0|M|610|7|13|183|E1803|100|0|0|0|0|0|0|0|0|0|0|0|0|0|0|0|0|0|0|0|0|0||||||||
18|3|236|B|1|0|R|538|7|13|183|E1803|102|0|0|0|0|0|0|0|0|0|0|0|0|0|0|0|0|0|0|0|0|0||||||||
18|3|241|B|1|0|U|474|8|12|183|E1803|106|0|0|0|0|0|0|0|0|0|0|0|0|0|0|0|0|0|0|0|0|0||||||||
18|3|421|C|2|0|U|701|14|12|183|E1803|121|0|0|0|0|0|0|0|0|0|0|0|0|0|0|0|0|0|0|0|0|0||||||||
18|3|846|C|1|0|U|663|19|14|183|E1803|127|79|5|0|0|14|69|14|0|0|8|6|0|0|0|54|4|6|259|98|82|69|2024|4|25|15|35|53|1|N
18|3|847|E|1|2|U|664|19|14|183|E1803|130|0|0|0|0|0|0|0|0|0|0|0|0|0|0|0|0|0|0|0|0|0||||||||
18|3|847|E|3|0|U|664|19|14|183|E1803|131|0|0|0|0|0|0|0|0|0|0|0|0|0|0|0|0|0|0|0|0|0||||||||
18|3|857|B|1|0|U|715|19|14|183|E1803|139|3|0|98|8|119|98|79|6|0|0|0|13|2|0|13|4|10|453|107|234|98|2024|4|25|14|10|42|4|N
18|3|878|B|1|0|R|747|20|12|183|E1803|146|0|0|0|0|0|0|0|0|0|0|0|0|0|0|0|0|0|0|0|0|0||||||||
18|3|977|C|3|0|U|745|4|17|183|E1803|51|0|0|0|0|0|0|0|0|0|0|0|0|0|0|0|0|0|0|0|0|0||||||||
18|3|979|B|1|0|U|711|4|17|183|E1803|53|0|0|0|0|0|0|0|0|0|0|0|0|0|0|0|0|0|0|0|0|0||||||||
18|3|982|C|1|0|M|655|19|14|183|E1803|143|0|0|0|0|0|0|0|0|0|0|0|0|0|0|0|0|0|0|0|0|0||||||||
18|3|1006|C|1|0|U|717|4|17|183|E1803|57|0|0|0|0|0|0|0|0|0|0|0|0|0|0|0|0|0|0|0|0|0||||||||
18|3|1012|B|1|0|U|614|4|17|183|E1803|61|0|0|0|0|0|0|0|0|0|0|0|0|0|0|0|0|0|0|0|0|0||||||||
19|1|359|C|1|0|U|699|19|18|184|E1901|38|22|4|40|0|0|141|34|0|0|0|50|0|0|0|0|3|6|300|116|34|141|2024|4|25|15|26|34|4|N
19|1|369|C|2|0|U|519|19|18|184|E1901|28|0|0|0|0|0|0|0|0|0|0|0|0|0|0|0|0|0|0|0|0|0||||||||
19|1|390|C|4|0|U|682|19|18|184|E1901|4|0|0|0|0|0|0|0|0|0|0|0|0|0|0|0|0|0|0|0|0|0|2024|4|25|15|54|58|4|N
19|1|397|C|1|0|U|684|19|18|184|E1901|14|0|0|0|0|0|0|0|0|0|0|0|0|0|0|0|0|0|0|0|0|0||||||||
19|1|400|B|1|0|U|471|19|18|184|E1901|19|0|0|0|0|0|0|0|0|0|0|0|0|0|0|0|0|0|0|0|0|0||||||||
19|1|406|B|1|0|U|658|19|18|184|E1901|21|0|0|0|0|0|0|0|0|0|0|0|0|0|0|0|0|0|0|0|0|0||||||||
19|1|1999|C|8|0|U|676|48|19|184|E1901|127|5|1|44|1|0|205|32|0|0|1|31|0|0|0|0|3|4|327|82|33|205|2024|4|25|15|17|14|4|N
19|1|2002|C|10|0|U|734|48|19|184|E1901|133|0|0|0|0|0|0|0|0|0|0|0|0|0|0|0|0|0|0|0|0|0|2024|4|25|16|12|5|1|N
19|1|2006|C|2|0|U|694|48|18|184|E1901|105|0|0|0|0|0|0|0|0|0|0|0|0|0|0|0|0|0|0|0|0|0|2024|4|25|16|13|37|1|N
19|1|2008|C|5|0|U|697|48|18|184|E1901|100|0|0|0|0|0|0|0|0|0|0|0|0|0|0|0|0|0|0|0|0|0||||||||
19|1|2009|C|4|0|U|713|48|18|184|E1901|98|5|9|3|2|2|1|5|0|0|0|0|0|0|0|0|2|8|37|17|9|1|2024|4|25|15|14|15|4|N
19|1|2026|B|1|0|U|378|48|19|184|E1901|117|0|0|0|0|0|0|0|0|0|0|0|0|0|0|0|0|0|0|0|0|0|2024|4|25|16|6|56|4|N
19|1|2050|C|1|0|U|568|48|19|184|E1901|63|0|0|0|0|0|0|0|0|0|0|0|0|0|0|0|0|0|0|0|0|0||||||||
19|1|2052|C|2|0|U|614|48|19|184|E1901|65|0|0|0|0|0|0|0|0|0|0|0|0|0|0|0|0|0|0|0|0|0|2024|4|25|15|59|25|4|N
19|1|2053|B|1|0|U|720|48|19|184|E1901|66|0|0|0|0|0|0|0|0|0|0|0|0|0|0|0|0|0|0|0|0|0||||||||
19|1|2059|C|1|0|U|626|48|18|184|E1901|91|0|0|0|0|0|0|0|0|0|0|0|0|0|0|0|0|0|0|0|0|0||||||||
19|1|2065|C|2|0|U|579|48|18|184|E1901|88|0|0|0|0|0|0|0|0|0|0|0|0|0|0|0|0|0|0|0|0|0|2024|4|25|16|1|22|1|N
19|1|2788|B|1|0|U|698|48|19|184|E1901|47|0|0|0|0|0|0|0|0|0|0|0|0|0|0|0|0|0|0|0|0|0||||||||
19|1|2793|C|2|0|U|647|48|19|184|E1901|49|0|0|0|0|0|0|0|0|0|0|0|0|0|0|0|0|0|0|0|0|0||||||||
19|1|2793|C|4|0|U|646|48|19|184|E1901|49|41|19|8|1|0|65|74|7|0|0|0|0|0|0|0|3|11|229|75|75|65|2024|4|25|14|7|44|4|N
19|1|2797|B|1|0|U|641|48|19|184|E1901|51|0|0|0|0|0|0|0|0|0|0|0|0|0|0|0|0|0|0|0|0|0||||||||
19|1|2911|C|1|0|U|722|48|19|184|E1901|113|0|0|0|0|0|0|0|0|0|0|0|0|0|0|0|0|0|0|0|0|0||||||||
19|1|2916|C|2|0|U|648|48|19|184|E1901|82|0|0|0|0|0|0|0|0|0|0|0|0|0|0|0|0|0|0|0|0|0||||||||
19|1|2966|C|1|0|U|675|48|19|184|E1901|57|0|0|0|0|0|0|0|0|0|0|0|0|0|0|0|0|0|0|0|0|0||||||||
19|2|66|E|1|4|U|744|6|16|185|E1902|18|0|0|0|0|0|0|0|0|0|0|0|0|0|0|0|0|0|0|0|0|0||||||||
19|2|72|C|1|0|U|428|6|16|185|E1902|57|5|15|17|0|0|71|33|0|0|0|0|0|0|10|0|2|10|163|37|43|71|2024|4|25|15|4|41|4|N
19|2|73|B|1|0|U|744|6|16|185|E1902|46|1|68|142|1|0|158|20|0|0|7|0|0|0|0|0|0|7|404|218|21|158|2024|4|25|15|47|29|4|N
19|2|85|B|1|0|U|668|6|16|185|E1902|83|5|0|19|0|0|109|54|0|0|0|99|4|0|0|0|1|6|297|123|58|109|2024|4|25|15|28|5|1|N
19|2|96|C|1|0|U|517|6|16|185|E1902|51|24|0|70|20|24|66|83|0|0|2|0|0|0|0|0|0|8|297|96|127|66|2024|4|25|15|42|23|1|N
19|2|102|B|1|0|U|728|6|16|185|E1902|68|4|5|3|11|0|183|66|0|0|0|3|0|0|0|0|1|1|277|15|77|183|2024|4|25|15|33|58|4|N
19|2|110|C|1|0|M|661|6|5|185|E1902|101|0|0|0|0|0|0|0|0|0|0|0|0|0|0|0|0|0|0|0|0|0|2024|4|25|15|57|5|1|N
19|2|115|B|1|0|U|538|6|5|185|E1902|118|0|0|0|0|0|0|0|0|0|0|0|0|0|0|0|0|0|0|0|0|0|2024|4|25|16|14|32|4|N
19|2|119|C|2|0|U|554|6|7|185|E1902|138|39|0|2|0|5|134|22|0|0|0|0|0|0|0|0|2|6|210|41|27|134|2024|4|25|15|38|33|1|N
19|2|2182|B|1|0|U|507|6|16|185|E1902|62|0|0|0|0|0|0|0|0|0|0|0|0|0|0|0|0|0|0|0|0|0||||||||
19|2|2196|C|9|0|U|740|6|5|185|E1902|125|0|0|0|0|0|0|0|0|0|0|0|0|0|0|0|0|0|0|0|0|0||||||||
19|2|2198|C|2|0|U|654|6|5|185|E1902|121|0|0|0|0|0|0|0|0|0|0|0|0|0|0|0|0|0|0|0|0|0||||||||
19|2|2424|C|1|0|U|631|6|16|185|E1902|37|7|16|111|0|0|208|20|0|0|0|0|0|0|0|0|2|4|368|134|20|208|2024|4|25|14|17|19|1|N
19|2|2447|C|1|0|U|432|6|5|185|E1902|22|0|0|0|0|0|0|0|0|0|0|0|0|0|0|0|0|0|0|0|0|0||||||||
19|2|2466|B|1|0|U|360|6|5|185|E1902|90|0|0|0|0|0|0|0|0|0|0|0|0|0|0|0|0|0|0|0|0|0||||||||
19|2|2468|C|1|0|U|587|6|5|185|E1902|72|0|0|0|0|0|0|0|0|0|0|0|0|0|0|0|0|0|0|0|0|0||||||||
19|2|2474|C|2|0|U|597|6|5|185|E1902|96|0|0|0|0|0|0|0|0|0|0|0|0|0|0|0|0|0|0|0|0|0||||||||
19|2|2500|C|1|0|U|385|6|5|185|E1902|10|0|0|0|0|0|0|0|0|0|0|0|0|0|0|0|0|0|0|0|0|0||||||||
19|2|2509|B|1|0|U|654|6|5|185|E1902|13|0|5|9|0|1|24|15|0|0|34|0|0|0|69|0|2|7|166|48|85|24|2024|4|25|15|14|38|4|N
19|2|2510|B|1|0|U|670|6|16|185|E1902|142|0|0|0|0|0|0|0|0|0|0|0|0|0|0|0|0|0|0|0|0|0||||||||
19|2|2514|B|1|0|U|718|6|16|185|E1902|15|0|0|0|0|0|0|0|0|0|0|0|0|0|0|0|0|0|0|0|0|0||||||||
19|2|2920|B|1|0|U|733|6|16|185|E1902|76|0|37|133|0|4|74|75|0|0|24|0|0|0|52|0|1|0|400|194|131|74|2024|4|25|15|45|32|1|N
19|2|2923|C|4|0|U|620|6|5|185|E1902|107|0|0|0|0|0|0|0|0|0|0|0|0|0|0|0|0|0|0|0|0|0||||||||
19|2|2977|B|1|0|U|530|6|5|185|E1902|117|0|0|0|0|0|0|0|0|0|0|0|0|0|0|0|0|0|0|0|0|0|2024|4|25|16|9|15|1|N
19|2|2978|C|2|0|U|641|6|5|185|E1902|110|0|0|0|0|0|0|0|0|0|0|0|0|0|0|0|0|0|0|0|0|0||||||||
19|3|449|C|1|0|U|651|21|17|186|E1903|62|26|6|22|13|0|62|45|0|0|0|0|0|0|0|0|1|4|179|54|58|62|2024|4|25|15|16|58|1|N
19|3|472|C|5|0|U|708|21|17|186|E1903|80|0|0|0|0|0|0|0|0|0|0|0|0|0|0|0|0|0|0|0|0|0||||||||
19|3|472|C|6|0|U|708|21|17|186|E1903|81|99|55|44|1|15|111|148|0|5|0|0|0|0|0|0|4|9|491|203|164|111|2024|4|25|14|16|31|1|N
19|3|474|C|3|0|U|716|21|17|186|E1903|83|28|3|38|136|0|38|70|0|0|20|0|0|0|0|0|5|1|339|89|206|38|2024|4|25|14|3|4|4|N
19|3|474|C|7|0|U|716|21|17|186|E1903|84|0|0|0|0|0|0|0|0|0|0|0|0|0|0|0|0|0|0|0|0|0||||||||
19|3|483|C|5|0|U|702|21|17|186|E1903|116|0|0|0|0|0|0|0|0|0|0|0|0|0|0|0|0|0|0|0|0|0||||||||
19|3|483|C|12|0|U|701|21|17|186|E1903|117|88|101|49|1|0|162|109|0|0|0|0|0|0|0|0|1|4|515|238|110|162|2024|4|25|15|30|25|4|N
19|3|487|B|1|0|U|553|21|17|186|E1903|119|15|46|79|12|7|111|38|6|0|3|0|0|0|0|0|0|2|319|149|57|111|2024|4|25|15|29|10|1|N
19|3|489|B|1|0|U|531|21|17|186|E1903|120|73|39|28|0|5|71|50|0|0|49|0|0|0|0|0|0|8|323|189|55|71|2024|4|25|15|35|37|4|N
19|3|2144|B|1|0|U|530|21|25|186|E1903|36|16|80|58|0|0|58|24|0|0|3|0|0|0|0|0|3|7|249|157|24|58|2024|4|25|14|16|40|4|N
19|3|2146|C|1|0|U|737|21|25|186|E1903|35|36|27|6|0|0|230|63|0|0|3|0|0|0|0|0|0|2|367|72|63|230|2024|4|25|15|30|42|4|N
19|3|2147|C|1|0|U|546|21|25|186|E1903|35|19|2|23|11|0|85|160|0|0|2|0|0|0|0|0|0|10|312|46|171|85|2024|4|25|15|37|21|1|N
19|3|2148|C|1|0|U|724|21|25|186|E1903|33|0|0|0|0|0|0|0|0|0|0|0|0|0|0|0|0|0|0|0|0|0||||||||
19|3|2156|C|1|0|U|544|21|25|186|E1903|38|50|20|20|5|3|47|58|0|0|58|0|0|0|0|53|5|4|323|148|119|47|2024|4|25|15|38|33|4|N
19|3|2516|B|1|0|U|417|21|25|186|E1903|123|21|8|7|0|1|65|56|0|0|1|0|0|0|0|0|5|11|175|37|57|65|2024|4|25|15|52|11|1|N
19|3|2516|C|1|0|U|417|21|25|186|E1903|123|0|0|0|0|0|0|0|0|0|0|0|0|0|0|0|0|0|0|0|0|0|2024|4|25|16|2|58|1|N
19|3|2535|C|2|0|U|592|21|25|186|E1903|130|1|3|111|25|0|130|52|0|0|24|2|0|0|0|0|1|7|356|141|77|130|2024|4|25|15|40|12|4|N
19|3|2538|C|1|0|U|582|21|25|186|E1903|131|61|0|16|22|0|81|40|0|0|0|2|0|0|0|0|3|6|231|79|62|81|2024|4|25|15|24|45|1|N
19|3|2761|C|4|0|U|625|21|17|186|E1903|90|0|0|0|0|0|0|0|0|0|0|0|0|0|0|0|0|0|0|0|0|0|2024|4|25|16|10|11|1|N
19|3|2814|B|1|0|U|591|21|25|186|E1903|10|0|0|0|0|0|0|0|0|0|0|0|0|0|0|0|0|0|0|0|0|0|2024|4|25|15|57|59|1|N
19|3|2815|C|2|0|U|625|21|25|186|E1903|14|15|3|16|1|0|36|92|0|0|0|2|0|0|21|0|3|7|196|36|114|36|2024|4|25|14|5|29|4|N
19|3|2817|C|3|0|M|620|21|25|186|E1903|6|43|0|58|3|0|142|50|0|0|25|0|0|0|12|0|3|7|343|126|65|142|2024|4|25|15|44|15|1|N
19|3|2982|C|1|0|U|623|21|17|186|E1903|111|0|0|0|0|0|0|0|0|0|0|0|0|0|0|0|0|0|0|0|0|0|2024|4|25|16|6|34|1|N
19|3|2984|C|1|0|U|666|21|17|186|E1903|113|20|51|71|1|2|140|35|0|0|19|4|0|0|0|0|3|3|349|165|38|140|2024|4|25|15|4|55|4|N
19|4|1761|C|2|0|U|608|47|10|187|E1904|1|0|0|0|0|0|0|0|0|0|0|0|0|0|0|0|0|0|0|0|0|0|2024|4|25|16|7|19|4|N
19|4|1763|B|1|0|U|700|47|10|187|E1904|3|55|1|13|0|19|152|83|0|0|23|0|2|0|0|0|0|10|358|92|104|152|2024|4|25|15|13|7|4|N
19|4|1769|B|1|0|U|613|47|10|187|E1904|50|38|7|72|0|0|37|242|0|0|4|0|0|0|0|1|3|8|412|121|243|37|2024|4|25|14|4|35|4|N
19|4|1776|B|1|0|U|734|47|10|187|E1904|57|0|0|0|0|0|0|0|0|0|0|0|0|0|0|0|0|0|0|0|0|0||||||||
19|4|1777|C|3|0|U|581|47|10|187|E1904|54|32|21|36|80|1|42|35|0|0|3|0|1|0|0|0|0|12|263|92|117|42|2024|4|25|15|49|41|1|N
19|4|1794|C|2|0|U|652|47|10|187|E1904|12|9|3|1|0|9|5|6|0|21|6|0|0|0|0|4|1|8|73|40|19|5|2024|4|25|14|5|22|4|N
19|4|1829|B|1|0|U|438|47|10|187|E1904|15|0|0|0|0|0|0|0|0|0|0|0|0|0|0|0|0|0|0|0|0|0|2024|4|25|16|5|44|1|N
19|4|1845|C|1|0|U|543|47|10|187|E1904|33|62|9|54|0|0|48|52|0|0|42|0|0|0|0|0|0|2|269|167|52|48|2024|4|25|14|9|5|4|N
19|4|1845|C|2|0|U|543|47|10|187|E1904|33|1|0|57|4|0|96|31|0|0|5|0|0|0|0|0|5|12|211|63|35|96|2024|4|25|14|12|39|4|N
19|4|1848|C|2|0|U|504|47|10|187|E1904|41|20|0|25|1|5|114|51|0|0|5|1|0|0|0|0|0|1|223|51|57|114|2024|4|25|14|2|20|4|N
19|4|1851|B|1|0|U|650|47|10|187|E1904|65|76|7|112|0|66|51|71|0|0|4|31|0|0|0|0|5|5|428|230|137|51|2024|4|25|14|5|29|4|N
19|4|1885|C|1|0|U|608|47|10|187|E1904|145|0|12|0|0|0|114|77|0|0|0|7|0|0|0|0|1|6|217|19|77|114|2024|4|25|15|44|7|1|N
19|4|1896|C|4|0|U|718|47|9|187|E1904|79|10|38|48|3|9|262|91|0|0|6|1|0|0|0|0|3|4|475|103|103|262|2024|4|25|15|26|41|1|N
19|4|1897|C|2|0|U|665|47|10|187|E1904|37|56|13|20|36|1|83|95|0|0|8|0|1|0|4|0|1|12|330|97|137|83|2024|4|25|14|14|8|4|N
19|4|1898|C|1|0|U|607|47|10|187|E1904|36|18|3|23|0|0|73|84|0|0|0|0|0|0|13|0|1|2|217|44|97|73|2024|4|25|14|8|57|4|N
19|4|1901|C|2|0|U|661|47|10|187|E1904|26|31|1|46|0|2|67|99|0|0|32|0|1|0|0|0|0|5|284|110|102|67|2024|4|25|14|3|51|4|N
19|4|1918|B|1|0|U|729|47|9|187|E1904|92|0|0|0|0|0|0|0|0|0|0|0|0|0|0|0|0|0|0|0|0|0||||||||
19|4|1927|C|1|0|U|706|47|9|187|E1904|99|0|0|0|0|0|0|0|0|0|0|0|0|0|0|0|0|0|0|0|0|0||||||||
19|4|1929|C|1|0|U|534|47|9|187|E1904|102|0|0|0|0|0|0|0|0|0|0|0|0|0|0|0|0|0|0|0|0|0||||||||
19|4|1948|B|1|0|U|406|47|9|187|E1904|97|46|0|16|8|15|71|53|0|0|4|0|0|0|0|0|0|4|217|66|76|71|2024|4|25|15|20|41|4|N
19|4|1957|C|3|0|U|665|47|9|187|E1904|111|0|0|0|0|0|0|0|0|0|0|0|0|0|0|0|0|0|0|0|0|0|2024|4|25|16|14|41|4|N
19|4|1960|C|1|0|U|680|47|9|187|E1904|113|0|0|0|0|0|0|0|0|0|0|0|0|0|0|0|0|0|0|0|0|0|2024|4|25|15|56|37|1|N
19|4|1966|C|1|0|U|570|47|9|187|E1904|125|33|31|20|0|8|196|1|0|0|26|1|0|0|0|0|1|10|327|111|9|196|2024|4|25|15|19|20|4|N
19|4|1971|C|2|0|U|523|47|9|187|E1904|115|0|0|0|0|0|0|0|0|0|0|0|0|0|0|0|0|0|0|0|0|0||||||||
19|4|1972|B|1|0|U|713|47|9|187|E1904|117|0|22|66|5|21|83|69|0|0|11|0|0|0|0|0|3|6|286|99|95|83|2024|4|25|14|2|27|4|N
19|4|1978|C|4|0|U|665|47|9|187|E1904|130|0|0|0|0|0|0|0|0|0|0|0|0|0|0|0|0|0|0|0|0|0||||||||
19|4|2949|C|2|0|U|681|47|9|187|E1904|121|76|8|3|7|15|64|114|0|0|31|6|42|0|0|0|4|8|378|124|178|64|2024|4|25|14|3|39|4|N
19|5|982|B|1|0|U|639|40|2|188|E1905|14|0|0|0|0|0|0|0|0|0|0|0|0|0|0|0|0|0|0|0|0|0||||||||
19|5|1438|C|1|0|U|671|40|1|188|E1905|97|4|0|32|0|100|133|108|0|0|2|12|0|0|0|0|0|7|398|50|208|133|2024|4|25|14|16|26|4|N
19|5|1459|B|1|0|U|596|40|1|188|E1905|71|0|0|0|0|0|0|0|0|0|0|0|0|0|0|0|0|0|0|0|0|0||||||||
19|5|1459|C|1|0|U|596|40|1|188|E1905|71|0|0|0|0|0|0|0|0|0|0|0|0|0|0|0|0|0|0|0|0|0||||||||
19|5|1464|B|1|0|U|512|40|1|188|E1905|72|0|0|0|0|0|0|0|0|0|0|0|0|0|0|0|0|0|0|0|0|0||||||||
19|5|1475|B|1|0|U|543|40|2|188|E1905|56|0|0|0|0|0|0|0|0|0|0|0|0|0|0|0|0|0|0|0|0|0||||||||
19|5|1475|C|2|0|U|543|40|2|188|E1905|56|0|0|0|0|0|0|0|0|0|0|0|0|0|0|0|0|0|0|0|0|0|2024|4|25|15|52|48|4|N
19|5|1477|B|1|0|U|548|40|2|188|E1905|57|0|0|0|0|0|0|0|0|0|0|0|0|0|0|0|0|0|0|0|0|0||||||||
19|5|1493|C|1|0|U|573|40|2|188|E1905|50|24|22|31|0|7|124|58|0|0|2|9|0|0|0|0|4|8|289|88|65|124|2024|4|25|14|4|50|4|N
19|5|1501|C|1|0|U|582|40|2|188|E1905|53|0|0|0|0|0|0|0|0|0|0|0|0|0|0|0|0|0|0|0|0|0||||||||
19|5|1520|C|3|0|U|661|40|2|188|E1905|41|0|0|0|0|0|0|0|0|0|0|0|0|0|0|0|0|0|0|0|0|0||||||||
19|5|1524|B|1|0|U|582|40|2|188|E1905|39|0|0|0|0|0|0|0|0|0|0|0|0|0|0|0|0|0|0|0|0|0||||||||
19|5|1546|C|2|0|U|633|40|2|188|E1905|37|0|0|0|0|0|0|0|0|0|0|0|0|0|0|0|0|0|0|0|0|0||||||||
19|5|1592|C|2|0|U|537|40|2|188|E1905|21|5|1|24|0|3|102|12|0|0|7|0|0|0|0|0|1|1|156|37|15|102|2024|4|25|14|8|22|4|N
19|5|1615|B|1|0|U|629|40|2|188|E1905|4|0|0|0|0|0|0|0|0|0|0|0|0|0|0|0|0|0|0|0|0|0||||||||
19|5|1622|B|1|0|U|518|40|2|188|E1905|8|0|0|0|0|0|0|0|0|0|0|0|0|0|0|0|0|0|0|0|0|0||||||||
19|5|2130|C|3|0|U|674|40|1|188|E1905|108|0|0|0|0|0|0|0|0|0|0|0|0|0|0|0|0|0|0|0|0|0||||||||
19|5|2132|C|5|0|U|705|40|1|188|E1905|117|0|0|0|0|0|0|0|0|0|0|0|0|0|0|0|0|0|0|0|0|0|2024|4|25|15|58|59|1|N
19|5|2133|C|6|0|U|746|40|1|188|E1905|119|21|0|182|2|4|37|69|0|0|0|7|0|0|0|0|2|6|330|210|75|37|2024|4|25|15|8|15|4|N
19|5|2134|C|3|0|U|749|40|1|188|E1905|110|0|0|0|0|0|0|0|0|0|0|0|0|0|0|0|0|0|0|0|0|0|2024|4|25|16|10|17|4|N
19|5|2134|C|6|0|U|749|40|1|188|E1905|111|0|20|65|0|1|207|84|0|0|0|0|0|0|0|0|2|4|383|85|85|207|2024|4|25|14|6|37|4|N
19|5|2992|B|1|0|U|650|40|1|188|E1905|122|1|47|75|5|7|157|85|0|0|31|0|0|0|0|0|2|10|420|154|97|157|2024|4|25|14|15|13|4|N
19|5|2992|C|1|0|U|649|40|1|188|E1905|122|0|0|0|0|0|0|0|0|0|0|0|0|0|0|0|0|0|0|0|0|0||||||||
19|6|997|B|1|0|U|395|40|6|189|E1906|24|0|0|0|0|0|0|0|0|0|0|0|0|0|0|0|0|0|0|0|0|0||||||||
19|6|1001|C|1|0|U|404|40|6|189|E1906|48|0|0|0|0|0|0|0|0|0|0|0|0|0|0|0|0|0|0|0|0|0||||||||
19|6|1004|B|1|0|U|609|40|3|189|E1906|59|0|0|0|0|0|0|0|0|0|0|0|0|0|0|0|0|0|0|0|0|0||||||||
19|6|1017|C|1|0|U|612|40|3|189|E1906|44|0|0|0|0|0|0|0|0|0|0|0|0|0|0|0|0|0|0|0|0|0||||||||
19|6|1019|B|1|0|U|618|40|6|189|E1906|48|0|0|0|0|0|0|0|0|0|0|0|0|0|0|0|0|0|0|0|0|0||||||||
19|6|1035|B|1|0|U|436|40|3|189|E1906|44|0|0|0|0|0|0|0|0|0|0|0|0|0|0|0|0|0|0|0|0|0||||||||
19|6|1047|C|1|0|U|562|40|3|189|E1906|65|0|0|0|0|0|0|0|0|0|0|0|0|0|0|0|0|0|0|0|0|0||||||||
19|6|1097|C|2|0|U|618|40|3|189|E1906|25|0|0|0|0|0|0|0|0|0|0|0|0|0|0|0|0|0|0|0|0|0||||||||
19|6|1103|B|1|0|U|655|40|6|189|E1906|27|0|0|0|0|0|0|0|0|0|0|0|0|0|0|0|0|0|0|0|0|0||||||||
19|6|1124|C|1|0|U|694|40|6|189|E1906|1|36|16|53|12|0|126|52|0|0|53|3|0|0|0|0|1|1|353|161|64|126|2024|4|25|15|26|50|4|N
19|6|1124|C|2|0|U|694|40|6|189|E1906|1|0|0|0|0|0|0|0|0|0|0|0|0|0|0|0|0|0|0|0|0|0|2024|4|25|16|3|20|4|N
19|6|1125|B|1|0|U|677|40|6|189|E1906|3|0|0|0|0|0|0|0|0|0|0|0|0|0|0|0|0|0|0|0|0|0||||||||
19|6|1161|S|2|0|U|0|40|6|189|E1906|12|26|6|18|2|0|110|71|0|0|7|0|0|0|0|0|5|0|245|57|73|110|2024|4|25|14|13|44|4|N
19|6|1204|B|1|0|U|318|40|6|189|E1906|8|0|0|0|0|0|0|0|0|0|0|0|0|0|0|0|0|0|0|0|0|0||||||||
19|6|1505|B|1|0|U|694|40|2|189|E1906|112|0|0|0|0|0|0|0|0|0|0|0|0|0|0|0|0|0|0|0|0|0||||||||
19|6|1506|C|7|0|U|674|40|3|189|E1906|123|0|0|0|0|0|0|0|0|0|0|0|0|0|0|0|0|0|0|0|0|0||||||||
19|6|1561|C|3|0|U|616|40|2|189|E1906|56|19|26|22|14|1|79|48|0|0|0|0|0|0|0|0|1|6|216|67|63|79|2024|4|25|14|5|15|4|N
19|6|1574|C|8|0|U|677|40|3|189|E1906|119|111|1|63|1|0|123|102|0|0|0|0|0|0|0|0|4|9|414|175|103|123|2024|4|25|14|7|24|4|N
19|6|1602|C|1|0|U|574|40|3|189|E1906|92|39|1|107|17|8|119|25|0|0|17|61|0|0|0|0|1|10|405|225|50|119|2024|4|25|15|13|51|4|N
19|6|1605|C|2|0|U|514|40|3|189|E1906|91|0|0|0|0|0|0|0|0|0|0|0|0|0|0|0|0|0|0|0|0|0||||||||
19|6|1608|B|1|0|U|728|40|2|189|E1906|51|0|0|0|0|0|0|0|0|0|0|0|0|0|0|0|0|0|0|0|0|0|2024|4|25|15|54|5|1|N
19|6|1648|B|1|0|U|552|40|6|189|E1906|18|7|0|29|0|1|182|61|0|0|8|0|0|0|1|0|0|0|289|44|63|182|2024|4|25|15|8|56|4|N
19|6|2801|C|3|0|U|697|40|3|189|E1906|132|7|7|10|24|21|136|120|0|0|5|0|0|0|15|19|2|3|369|29|199|136|2024|4|25|12|7|0|4|N
19|6|2805|B|1|0|U|683|40|3|189|E1906|129|0|0|0|0|0|0|0|0|0|0|0|0|0|0|0|0|0|0|0|0|0||||||||
19|7|347|C|10|0|U|725|18|12|190|E1907|91|0|39|113|3|2|193|63|0|0|6|71|0|0|0|0|4|4|498|229|68|193|2024|4|25|12|46|2|4|N
19|7|2287|S|1|0|U|0|18|12|190|E1907|52|87|146|14|12|0|18|66|7|0|0|0|0|0|75|0|1|10|436|254|153|18|2024|4|25|12|13|2|4|N
19|7|2298|C|1|0|U|433|18|12|190|E1907|68|0|0|0|0|0|0|0|0|0|0|0|0|0|0|0|0|0|0|0|0|0||||||||
19|7|2306|B|1|0|U|540|18|12|190|E1907|69|31|14|7|0|4|98|162|0|0|0|2|0|0|0|0|3|12|333|54|166|98|2024|4|25|12|57|33|4|N
19|7|2307|C|17|0|M|741|18|12|190|E1907|74|0|0|0|0|0|0|0|0|0|0|0|0|0|0|0|0|0|0|0|0|0||||||||
19|7|2553|B|1|0|M|489|18|20|190|E1907|23|0|0|0|0|0|0|0|0|0|0|0|0|0|0|0|0|0|0|0|0|0|2024|4|25|16|10|15|1|N
19|7|2555|B|1|0|U|577|18|20|190|E1907|34|73|15|64|1|3|46|19|0|0|0|0|0|0|0|0|1|6|228|152|23|46|2024|4|25|11|48|48|4|N
19|7|2591|C|2|0|R|741|18|20|190|E1907|19|0|0|0|0|0|0|0|0|0|0|0|0|0|0|0|0|0|0|0|0|0||||||||
19|7|2593|C|1|0|R|671|18|20|190|E1907|20|0|0|0|0|0|0|0|0|0|0|0|0|0|0|0|0|0|0|0|0|0||||||||
19|7|2598|C|5|0|M|711|18|20|190|E1907|2|3|1|12|0|3|93|124|0|0|2|0|0|0|0|0|4|5|247|18|127|93|2024|4|25|13|8|1|4|N
19|7|2609|B|1|0|R|502|18|20|190|E1907|9|29|8|11|0|0|40|69|0|0|8|0|0|0|0|0|0|7|172|56|69|40|2024|4|25|13|10|26|4|N
19|7|2614|C|2|0|M|591|18|20|190|E1907|7|10|28|10|1|5|149|80|0|0|2|0|1|0|0|0|5|4|295|50|87|149|2024|4|25|13|29|5|4|N
19|7|2823|C|5|0|M|655|18|12|190|E1907|44|0|0|0|0|0|0|0|0|0|0|0|0|0|0|0|0|0|0|0|0|0||||||||
19|7|2829|C|1|0|U|524|18|12|190|E1907|49|0|0|0|0|0|0|0|0|0|0|0|0|0|0|0|0|0|0|0|0|0||||||||
19|7|2829|C|2|0|U|523|18|12|190|E1907|49|0|0|0|0|0|0|0|0|0|0|0|0|0|0|0|0|0|0|0|0|0||||||||
19|7|2832|C|2|0|U|692|18|20|190|E1907|53|11|4|62|39|0|13|105|0|0|4|11|0|0|0|0|1|11|261|92|144|13|2024|4|25|13|37|4|4|N
19|7|2835|C|1|0|U|599|18|20|190|E1907|57|0|0|0|0|0|0|0|0|0|0|0|0|0|0|0|0|0|0|0|0|0||||||||
19|7|3008|C|1|0|M|610|18|12|190|E1907|100|13|2|72|0|34|70|55|0|0|0|0|0|0|0|0|0|10|256|87|89|70|2024|4|25|13|3|38|4|N
19|8|614|B|1|0|U|697|26|14|191|E1908|70|3|33|89|2|1|49|176|0|0|1|0|0|0|0|0|2|10|366|126|179|49|2024|4|25|14|5|15|4|N
19|8|646|C|2|0|U|594|26|14|191|E1908|86|20|36|2|0|2|299|62|0|0|0|0|0|0|0|0|0|9|430|58|64|299|2024|4|25|14|9|46|4|N
19|8|651|C|1|0|U|725|26|14|191|E1908|95|36|1|13|0|0|87|29|0|0|18|4|3|0|0|0|2|2|195|72|32|87|2024|4|25|14|12|47|4|N
19|8|679|C|2|0|U|669|26|14|191|E1908|92|0|0|0|0|0|0|0|0|0|0|0|0|0|0|0|0|0|0|0|0|0|2024|4|25|16|6|21|1|N
19|8|712|B|1|0|U|747|26|13|191|E1908|123|13|7|31|0|0|305|26|0|0|51|0|0|0|0|0|0|8|441|102|26|305|2024|4|25|14|13|26|4|N
19|8|2204|B|1|0|U|500|6|7|191|E1908|14|0|0|44|0|0|164|46|0|0|0|0|0|0|0|0|2|3|259|44|46|164|2024|4|25|15|35|56|4|N
19|8|2210|B|1|0|U|721|6|7|191|E1908|9|2|115|66|1|0|136|73|13|0|0|3|0|0|0|0|1|8|418|199|74|136|2024|4|25|15|9|45|4|N
19|8|2214|B|1|0|U|534|6|7|191|E1908|18|5|32|11|38|0|25|42|0|0|179|0|0|0|0|0|3|0|335|227|80|25|2024|4|25|15|28|11|4|N
19|8|2219|B|1|0|U|683|6|7|191|E1908|22|70|30|131|0|16|76|63|0|0|1|0|0|0|0|0|2|12|401|232|79|76|2024|4|25|15|34|8|4|N
19|8|2268|B|1|0|U|450|6|7|191|E1908|38|57|2|27|0|50|52|46|0|0|0|0|0|0|0|0|1|4|239|86|96|52|2024|4|25|14|16|58|1|N
19|8|2272|B|1|0|M|375|6|7|191|E1908|40|26|18|15|14|5|138|7|0|0|16|2|0|0|0|0|0|2|243|77|26|138|2024|4|25|14|8|26|1|N
19|8|2272|C|1|0|M|375|6|7|191|E1908|40|16|10|10|0|47|34|19|0|0|17|0|0|0|0|0|2|2|157|53|66|34|2024|4|25|14|11|24|1|N
19|8|2699|B|1|0|U|515|26|14|191|E1908|106|146|0|34|0|7|59|21|0|0|0|4|0|0|8|0|3|4|286|184|36|59|2024|4|25|15|21|13|4|N
19|8|2702|C|1|0|U|508|26|14|191|E1908|107|46|54|0|0|0|105|43|0|0|0|0|0|0|0|0|4|12|264|100|43|105|2024|4|25|15|22|10|1|N
19|8|2704|C|1|0|U|587|26|14|191|E1908|109|0|0|0|0|0|0|0|0|0|0|0|0|0|0|0|0|0|0|0|0|0|2024|4|25|16|14|42|1|N
19|8|2961|C|2|0|U|670|26|14|191|E1908|73|42|35|18|65|10|44|22|0|0|0|17|0|0|4|0|4|8|269|112|101|44|2024|4|25|13|31|35|4|N
19|8|2963|B|1|0|U|627|26|14|191|E1908|121|16|6|1|0|0|216|93|0|0|2|84|0|0|0|0|5|2|425|109|93|216|2024|4|25|10|2|54|4|N
19|8|3009|C|1|0|U|640|26|14|191|E1908|114|86|29|42|0|0|64|141|0|0|0|0|0|0|1|0|5|4|372|157|142|64|2024|4|25|14|11|42|4|N
19|8|3009|C|3|0|U|640|26|14|191|E1908|114|0|0|0|0|0|0|0|0|0|0|0|0|0|0|0|0|0|0|0|0|0||||||||
19|9|20|C|3|0|U|690|4|26|192|E1909|2|14|8|12|0|29|66|111|0|0|29|0|0|0|0|0|2|11|282|63|140|66|2024|4|25|15|1|27|4|N
19|9|26|C|1|0|U|567|4|26|192|E1909|7|15|69|48|33|1|50|128|0|0|0|50|0|0|0|0|2|0|396|182|162|50|2024|4|25|15|38|33|1|N
19|9|29|C|1|0|M|613|4|26|192|E1909|9|0|17|7|0|0|120|88|0|0|0|0|0|0|0|0|3|9|244|24|88|120|2024|4|25|13|7|16|4|N
19|9|34|C|1|0|R|425|4|26|192|E1909|13|18|36|5|4|0|60|4|0|0|0|27|1|0|14|0|0|12|181|86|23|60|2024|4|25|14|1|55|4|N
19|9|164|E|1|0|R|159|7|24|192|E1909|19|0|0|0|0|0|0|0|0|0|0|0|0|0|0|0|0|0|0|0|0|0||||||||
19|9|260|B|1|0|U|616|14|24|192|E1909|33|2|34|29|4|0|137|138|0|0|0|0|8|0|0|14|0|0|366|65|164|137|2024|4|25|14|11|54|4|N
19|9|276|E|1|0|R|661|14|24|192|E1909|23|14|0|69|0|19|74|84|0|0|2|0|0|0|0|0|0|7|269|85|103|74|2024|4|25|15|21|47|4|N
19|9|278|B|1|0|R|317|14|24|192|E1909|31|0|37|7|0|42|78|9|0|0|30|13|0|0|0|0|5|11|232|87|51|78|2024|4|25|14|15|7|4|N
19|9|286|B|1|0|R|379|14|24|192|E1909|26|51|4|12|0|0|93|32|0|0|11|0|0|0|0|0|5|7|215|78|32|93|2024|4|25|15|15|8|4|N
19|9|315|B|1|0|R|388|17|24|192|E1909|36|0|0|0|0|0|0|0|0|0|0|0|0|0|0|0|0|0|0|0|0|0|2024|4|25|16|1|55|4|N
19|9|325|E|1|0|R|208|17|24|192|E1909|38|0|1|37|10|6|28|16|0|0|0|0|0|0|0|0|5|12|115|38|32|28|2024|4|25|15|43|34|1|N
19|9|332|B|1|0|R|328|17|24|192|E1909|44|0|0|0|0|0|0|0|0|0|0|0|0|0|0|0|0|0|0|0|0|0|2024|4|25|15|59|34|4|N
19|9|343|B|1|0|R|722|17|24|192|E1909|45|0|0|0|0|0|0|0|0|0|0|0|0|0|0|0|0|0|0|0|0|0||||||||
19|9|832|B|1|0|U|440|31|24|192|E1909|63|0|0|0|0|0|0|0|0|0|0|0|0|0|0|0|0|0|0|0|0|0||||||||
19|9|869|C|2|0|U|587|34|24|192|E1909|86|17|61|112|0|0|57|51|0|0|16|0|0|0|0|0|2|4|320|206|51|57|2024|4|25|13|15|4|4|N
19|9|870|C|2|0|U|648|34|24|192|E1909|87|88|0|14|0|0|98|36|0|0|0|2|18|0|0|0|0|5|261|104|54|98|2024|4|25|13|44|15|4|N
19|9|870|C|3|0|U|647|34|24|192|E1909|87|3|18|63|21|0|63|126|0|0|14|0|103|0|0|0|3|9|423|98|250|63|2024|4|25|13|52|48|4|N
19|9|887|B|1|0|U|709|34|24|192|E1909|77|0|0|0|0|0|0|0|0|0|0|0|0|0|0|0|0|0|0|0|0|0||||||||
19|9|937|B|1|0|U|668|39|26|192|E1909|110|0|0|0|0|0|0|0|0|0|0|0|0|0|0|0|0|0|0|0|0|0||||||||
19|9|939|C|4|0|U|685|39|26|192|E1909|118|65|0|15|0|9|58|28|0|0|0|0|0|0|0|0|1|11|187|80|37|58|2024|4|25|15|3|40|4|N
19|9|948|C|6|0|U|744|39|26|192|E1909|115|0|0|0|0|0|0|0|0|0|0|0|0|0|0|0|0|0|0|0|0|0|2024|4|25|16|8|40|4|N
19|9|969|B|1|0|R|598|39|26|192|E1909|100|22|46|24|2|11|71|114|0|0|31|0|0|0|0|0|1|12|334|123|127|71|2024|4|25|13|41|23|4|N
19|9|2094|C|3|0|U|595|49|24|192|E1909|128|0|0|0|0|0|0|0|0|0|0|0|0|0|0|0|0|0|0|0|0|0||||||||
19|9|2095|C|1|0|U|662|49|24|192|E1909|139|1|12|12|0|0|218|29|0|0|9|11|0|0|0|0|2|3|297|45|29|218|2024|4|25|15|15|33|4|N
19|9|2096|B|1|0|U|588|49|24|192|E1909|140|3|8|3|69|0|41|36|0|0|14|0|0|0|0|0|3|12|189|28|105|41|2024|4|25|15|15|2|4|N
19|10|1155|B|1|0|U|303|40|6|193|E1910|6|0|0|0|0|0|0|0|0|0|0|0|0|0|0|0|0|0|0|0|0|0||||||||
19|10|1187|B|1|0|U|232|40|6|193|E1910|38|0|0|0|0|0|0|0|0|0|0|0|0|0|0|0|0|0|0|0|0|0||||||||
19|10|1243|B|1|0|U|433|40|6|193|E1910|9|0|0|0|0|0|0|0|0|0|0|0|0|0|0|0|0|0|0|0|0|0||||||||
19|10|1273|B|1|0|U|290|40|6|193|E1910|35|0|0|0|0|0|0|0|0|0|0|0|0|0|0|0|0|0|0|0|0|0||||||||
19|10|1332|C|1|0|U|691|40|8|193|E1910|97|0|0|0|0|0|0|0|0|0|0|0|0|0|0|0|0|0|0|0|0|0|2024|4|25|16|11|24|1|N
19|10|1337|B|1|0|U|544|40|8|193|E1910|71|18|42|0|0|0|264|22|0|0|0|0|0|0|0|0|5|6|357|60|22|264|2024|4|25|15|29|24|1|N
19|10|1343|B|1|0|U|411|40|6|193|E1910|52|0|0|0|0|0|0|0|0|0|0|0|0|0|0|0|0|0|0|0|0|0|2024|4|25|16|3|7|2|N
19|10|1355|C|1|0|U|669|40|8|193|E1910|96|0|0|0|0|0|0|0|0|0|0|0|0|0|0|0|0|0|0|0|0|0|2024|4|25|16|2|15|4|N
19|10|1357|C|2|0|U|532|40|8|193|E1910|94|18|5|17|0|0|92|3|0|0|0|0|12|0|0|1|3|6|157|40|16|92|2024|4|25|15|33|23|1|N
19|10|1363|C|1|0|U|470|40|8|193|E1910|86|3|21|0|26|0|50|4|0|0|25|0|0|0|0|0|4|10|143|49|30|50|2024|4|25|15|12|17|4|N
19|10|1372|B|1|0|U|596|40|8|193|E1910|74|0|0|0|0|0|0|0|0|0|0|0|0|0|0|0|0|0|0|0|0|0|2024|4|25|15|59|49|1|N
19|10|1374|B|1|0|U|644|40|8|193|E1910|86|10|0|57|0|0|169|18|4|0|0|1|0|0|0|0|0|1|260|72|18|169|2024|4|25|15|6|18|4|N
19|10|1379|B|1|0|U|441|40|8|193|E1910|95|0|0|0|0|0|0|0|0|0|0|0|0|0|0|0|0|0|0|0|0|0||||||||
19|10|1401|C|1|0|U|639|40|8|193|E1910|83|50|39|31|0|0|149|70|0|0|94|0|0|0|0|0|4|2|439|214|70|149|2024|4|25|13|41|51|4|N
19|10|1402|C|1|0|U|659|40|8|193|E1910|84|0|26|12|0|0|61|89|0|0|0|0|0|0|0|0|2|2|192|38|89|61|2024|4|25|15|29|22|1|N
19|10|1403|B|1|0|U|651|40|8|193|E1910|84|0|0|0|0|0|0|0|0|0|0|0|0|0|0|0|0|0|0|0|0|0||||||||
19|10|1408|C|1|0|U|525|40|8|193|E1910|106|7|0|61|0|3|100|28|0|0|23|0|0|0|0|0|1|4|227|91|31|100|2024|4|25|15|8|51|4|N
19|10|1409|C|1|0|U|684|40|8|193|E1910|112|0|0|0|0|0|0|0|0|0|0|0|0|0|0|0|0|0|0|0|0|0|2024|4|25|16|7|10|1|N
19|10|1410|B|1|0|U|641|40|8|193|E1910|113|193|29|6|0|0|119|76|0|0|48|0|0|0|0|0|2|0|473|276|76|119|2024|4|25|15|8|41|4|N
19|10|1417|B|1|0|U|652|40|8|193|E1910|127|0|0|0|0|0|0|0|0|0|0|0|0|0|0|0|0|0|0|0|0|0||||||||
19|10|1425|B|1|0|U|724|40|8|193|E1910|132|0|0|0|0|0|0|0|0|0|0|0|0|0|0|0|0|0|0|0|0|0||||||||
19|10|1428|C|8|0|U|674|40|8|193|E1910|140|0|0|0|0|0|0|0|0|0|0|0|0|0|0|0|0|0|0|0|0|0||||||||
19|10|1431|C|1|0|U|678|40|8|193|E1910|145|0|0|0|0|0|0|0|0|0|0|0|0|0|0|0|0|0|0|0|0|0||||||||
19|10|1684|B|1|0|U|573|40|6|193|E1910|22|0|0|0|0|0|0|0|0|0|0|0|0|0|0|0|0|0|0|0|0|0||||||||
19|10|1698|B|1|0|U|612|40|6|193|E1910|24|0|0|0|0|0|0|0|0|0|0|0|0|0|0|0|0|0|0|0|0|0||||||||
19|10|3020|C|1|0|U|602|40|8|193|E1910|136|0|0|0|0|0|0|0|0|0|0|0|0|0|0|0|0|0|0|0|0|0||||||||
19|11|529|B|1|0|U|295|26|15|194|E1911|22|17|1|20|18|1|83|39|0|0|3|0|0|0|0|0|2|0|184|41|58|83|2024|4|25|15|34|25|1|N
19|11|551|C|1|0|U|466|26|15|194|E1911|25|0|0|0|0|0|0|0|0|0|0|0|0|0|0|0|0|0|0|0|0|0||||||||
19|11|554|B|1|0|U|717|26|15|194|E1911|44|8|13|56|0|0|82|116|0|0|5|0|0|0|0|0|2|0|282|82|116|82|2024|4|25|14|16|13|4|N
19|11|565|B|1|0|U|527|26|15|194|E1911|21|17|1|22|0|1|94|43|7|0|10|0|0|0|22|0|1|3|221|57|66|94|2024|4|25|15|34|19|4|N
19|11|570|C|1|0|U|486|26|15|194|E1911|38|13|2|3|3|0|56|157|0|0|67|0|0|0|0|0|2|10|313|85|160|56|2024|4|25|15|43|11|1|N
19|11|585|C|1|0|U|685|26|15|194|E1911|51|0|0|0|0|0|0|0|0|0|0|0|0|0|0|0|0|0|0|0|0|0||||||||
19|11|586|C|1|0|U|519|26|15|194|E1911|51|0|0|0|0|0|0|0|0|0|0|0|0|0|0|0|0|0|0|0|0|0||||||||
19|11|591|B|1|0|U|413|26|15|194|E1911|55|0|0|0|0|0|0|0|0|0|0|0|0|0|0|0|0|0|0|0|0|0||||||||
19|11|599|C|1|0|U|661|26|15|194|E1911|121|0|0|0|0|0|0|0|0|0|0|0|0|0|0|0|0|0|0|0|0|0||||||||
19|11|603|C|2|0|U|563|26|15|194|E1911|124|46|7|49|2|0|81|70|0|0|0|0|0|0|0|0|2|8|265|102|72|81|2024|4|25|13|59|39|4|N
19|11|631|B|1|0|U|387|26|15|194|E1911|2|0|0|0|0|0|0|0|0|0|0|0|0|0|0|0|0|0|0|0|0|0|2024|4|25|16|3|53|1|N
19|11|643|B|1|0|U|509|26|15|194|E1911|11|3|76|0|0|0|114|5|6|0|35|0|61|0|0|0|5|4|309|120|66|114|2024|4|25|14|7|26|4|N
19|11|654|B|1|0|U|698|26|15|194|E1911|17|22|1|44|0|0|117|61|0|0|3|0|0|0|20|0|2|5|275|70|81|117|2024|4|25|15|28|16|4|N
19|11|685|C|1|0|U|500|26|15|194|E1911|34|0|0|0|0|0|0|0|0|0|0|0|0|0|0|0|0|0|0|0|0|0||||||||
19|11|689|B|1|0|U|539|26|14|194|E1911|48|48|11|62|0|0|47|42|0|0|12|1|0|0|0|0|1|4|228|134|42|47|2024|4|25|11|6|4|4|N
19|11|719|C|1|0|U|707|26|13|194|E1911|70|3|5|18|3|15|101|55|0|0|55|0|0|0|0|0|3|0|258|81|73|101|2024|4|25|15|37|36|1|N
19|11|727|C|1|0|U|519|26|15|194|E1911|68|3|3|59|0|34|177|66|0|0|2|0|0|0|0|0|0|0|344|67|100|177|2024|4|25|15|21|10|4|N
19|11|736|B|1|0|U|708|26|13|194|E1911|79|46|4|116|0|0|44|28|0|0|52|0|0|0|0|0|2|10|302|218|28|44|2024|4|25|15|44|58|4|N
19|11|742|C|1|0|U|693|26|13|194|E1911|88|13|70|53|0|0|92|71|0|0|1|5|0|0|0|5|3|7|320|142|76|92|2024|4|25|15|28|16|4|N
19|11|743|C|1|0|U|630|26|13|194|E1911|116|0|0|0|0|0|0|0|0|0|0|0|0|0|0|0|0|0|0|0|0|0||||||||
19|11|752|B|1|0|U|668|26|13|194|E1911|105|20|59|9|0|0|71|88|0|0|0|0|0|0|3|0|0|9|259|88|91|71|2024|4|25|15|39|57|4|N
19|11|757|B|1|0|U|640|26|13|194|E1911|98|0|0|0|0|0|0|0|0|0|0|0|0|0|0|0|0|0|0|0|0|0||||||||
19|11|766|C|1|0|U|621|26|15|194|E1911|94|6|6|22|13|0|46|40|0|0|2|80|0|0|0|0|4|3|222|116|53|46|2024|4|25|15|43|51|1|N
19|11|782|B|1|0|U|748|26|15|194|E1911|126|21|117|4|0|0|79|133|0|0|1|81|0|0|0|0|3|5|444|224|133|79|2024|4|25|15|45|42|1|N
19|11|2901|C|2|0|U|729|26|15|194|E1911|10|6|165|99|0|2|199|49|0|0|0|0|0|0|5|0|3|2|530|270|56|199|2024|4|25|14|6|39|4|N
19|11|3021|B|1|0|U|638|26|13|194|E1911|82|5|0|81|0|1|126|68|0|0|1|0|4|0|0|0|2|10|298|87|73|126|2024|4|25|15|27|34|1|N
19|11|3023|C|2|0|U|678|26|13|194|E1911|112|0|0|0|0|0|0|0|0|0|0|0|0|0|0|0|0|0|0|0|0|0||||||||
19|12|2327|C|1|0|U|390|32|23|195|E1912|25|0|0|0|0|0|0|0|0|0|0|0|0|0|0|0|0|0|0|0|0|0||||||||
19|12|2329|C|11|0|R|701|32|22|195|E1912|37|0|0|0|0|0|0|0|0|0|0|0|0|0|0|0|0|0|0|0|0|0||||||||
19|12|2333|B|1|0|R|446|32|22|195|E1912|38|0|0|0|0|0|0|0|0|0|0|0|0|0|0|0|0|0|0|0|0|0|2024|4|25|16|1|44|4|N
19|12|2337|C|2|0|M|589|32|23|195|E1912|46|9|9|18|0|0|132|6|0|0|0|0|0|0|47|0|4|6|231|36|53|132|2024|4|25|15|8|10|4|N
19|12|2338|B|1|0|U|376|32|23|195|E1912|43|0|0|1|12|0|208|43|0|0|1|0|0|0|0|0|3|9|277|2|55|208|2024|4|25|15|31|2|4|N
19|12|2344|B|1|0|U|392|32|23|195|E1912|49|61|1|41|0|12|72|23|0|0|3|30|0|0|0|0|4|6|253|136|35|72|2024|4|25|15|41|8|1|N
19|12|2353|C|1|0|U|514|32|22|195|E1912|87|0|0|0|0|0|0|0|0|0|0|0|0|0|0|0|0|0|0|0|0|0||||||||
19|12|2353|C|2|0|U|514|32|22|195|E1912|87|0|0|0|0|0|0|0|0|0|0|0|0|0|0|0|0|0|0|0|0|0||||||||
19|12|2363|B|1|0|M|607|32|22|195|E1912|84|0|0|0|0|0|0|0|0|0|0|0|0|0|0|0|0|0|0|0|0|0||||||||
19|12|2372|C|1|0|U|679|32|22|195|E1912|91|0|0|0|0|0|0|0|0|0|0|0|0|0|0|0|0|0|0|0|0|0||||||||
19|12|2373|B|1|0|M|645|32|22|195|E1912|92|0|0|0|0|0|0|0|0|0|0|0|0|0|0|0|0|0|0|0|0|0||||||||
19|12|2374|C|1|0|R|605|32|22|195|E1912|92|0|0|0|0|0|0|0|0|0|0|0|0|0|0|0|0|0|0|0|0|0||||||||
19|12|2380|C|1|0|U|584|32|22|195|E1912|122|0|0|0|0|0|0|0|0|0|0|0|0|0|0|0|0|0|0|0|0|0||||||||
19|12|2388|B|1|0|U|651|32|22|195|E1912|112|0|0|0|0|0|0|0|0|0|0|0|0|0|0|0|0|0|0|0|0|0||||||||
19|12|2389|C|1|0|U|448|32|22|195|E1912|120|0|0|0|0|0|0|0|0|0|0|0|0|0|0|0|0|0|0|0|0|0||||||||
19|12|2392|E|1|4|U|651|32|22|195|E1912|109|0|0|0|0|0|0|0|0|0|0|0|0|0|0|0|0|0|0|0|0|0||||||||
19|12|2675|C|1|0|U|415|32|23|195|E1912|12|0|0|0|0|0|0|0|0|0|0|0|0|0|0|0|0|0|0|0|0|0|2024|4|25|16|4|22|4|N
19|12|2682|B|1|0|U|398|32|23|195|E1912|69|0|0|0|0|0|0|0|0|0|0|0|0|0|0|0|0|0|0|0|0|0|2024|4|25|16|10|24|4|N
19|12|2863|B|1|0|M|646|32|23|195|E1912|56|0|0|0|0|0|0|0|0|0|0|0|0|0|0|0|0|0|0|0|0|0|2024|4|25|15|58|45|1|N
19|12|2864|C|1|0|U|677|32|23|195|E1912|73|0|0|0|0|0|0|0|0|0|0|0|0|0|0|0|0|0|0|0|0|0|2024|4|25|16|14|40|4|N
19|12|2875|B|1|0|U|631|32|23|195|E1912|75|0|0|0|0|0|0|0|0|0|0|0|0|0|0|0|0|0|0|0|0|0||||||||
19|12|2879|C|1|0|U|667|32|22|195|E1912|77|0|0|0|0|0|0|0|0|0|0|0|0|0|0|0|0|0|0|0|0|0||||||||
19|13|39|B|1|0|U|589|5|21|196|E1913|13|0|0|0|0|0|0|0|0|0|0|0|0|0|0|0|0|0|0|0|0|0||||||||
19|13|218|E|1|8|M|707|10|4|196|E1913|46|0|0|0|0|0|0|0|0|0|0|0|0|0|0|0|0|0|0|0|0|0||||||||
19|13|218|E|1|12|M|707|10|4|196|E1913|47|43|0|61|0|30|5|184|0|0|9|1|0|0|0|0|1|3|337|114|214|5|2024|4|25|15|42|9|4|N
19|13|220|C|6|0|M|654|10|4|196|E1913|51|32|31|19|1|0|75|24|0|0|0|21|0|0|0|0|2|12|217|103|25|75|2024|4|25|15|16|55|4|N
19|13|815|B|1|0|U|541|28|4|196|E1913|40|40|1|21|19|83|143|36|0|0|5|0|0|0|0|3|5|2|358|67|141|143|2024|4|25|15|28|53|4|N
19|13|1702|B|1|0|R|476|41|21|196|E1913|17|64|0|17|14|0|125|45|0|0|17|0|0|0|0|0|4|5|291|98|59|125|2024|4|25|13|59|29|4|N
19|13|1737|C|2|0|U|631|45|21|196|E1913|27|0|0|0|0|0|0|0|0|0|0|0|0|0|0|0|0|0|0|0|0|0|2024|4|25|16|2|4|4|N
19|13|1752|S|1|0|M|0|46|4|196|E1913|63|0|0|0|0|0|0|0|0|0|0|0|0|0|0|0|0|0|0|0|0|0||||||||
19|13|2414|C|1|0|U|619|45|21|196|E1913|34|15|1|64|0|0|130|14|0|0|145|0|0|0|0|0|5|3|377|225|14|130|2024|4|25|15|21|14|4|N
19|13|2769|C|1|0|U|645|46|4|196|E1913|71|68|0|8|1|2|128|74|0|0|2|0|0|0|0|0|5|4|292|78|77|128|2024|4|25|15|4|10|4|N
19|13|2772|C|1|0|U|575|46|4|196|E1913|72|0|0|0|0|0|0|0|0|0|0|0|0|0|0|0|0|0|0|0|0|0||||||||
19|13|2775|C|2|0|U|541|46|4|196|E1913|75|0|0|0|0|0|0|0|0|0|0|0|0|0|0|0|0|0|0|0|0|0||||||||
19|13|2776|B|1|0|M|656|46|4|196|E1913|76|0|0|0|0|0|0|0|0|0|0|0|0|0|0|0|0|0|0|0|0|0||||||||
19|13|2781|B|1|0|M|648|46|4|196|E1913|79|0|0|0|0|0|0|0|0|0|0|0|0|0|0|0|0|0|0|0|0|0||||||||
19|13|2784|C|1|0|U|623|46|4|196|E1913|82|0|0|0|0|0|0|0|0|0|0|0|0|0|0|0|0|0|0|0|0|0||||||||
19|13|2784|C|2|0|U|623|46|4|196|E1913|82|0|0|0|0|0|0|0|0|0|0|0|0|0|0|0|0|0|0|0|0|0||||||||
19|13|2851|C|2|0|U|738|12|21|196|E1913|87|6|9|127|3|4|187|107|0|0|1|0|0|0|0|0|1|0|445|143|114|187|2024|4|25|13|18|5|4|N
19|13|2852|C|2|0|U|657|12|21|196|E1913|88|10|5|10|5|10|5|10|5|10|5|10|5|10|5|10|5|10|130|55|55|5|2024|4|25|15|34|46|4|N
19|14|176|B|1|0|M|705|9|26|197|E1914|63|7|13|13|3|0|87|55|0|0|23|0|0|0|0|0|5|10|216|56|58|87|2024|4|25|15|45|30|1|N
19|14|178|B|1|0|U|629|9|26|197|E1914|64|45|7|25|0|36|54|42|0|0|0|0|0|0|0|1|4|11|225|77|79|54|2024|4|25|13|1|25|4|N
19|14|178|C|1|0|U|629|9|26|197|E1914|64|18|40|89|0|1|132|51|0|0|0|0|0|0|0|0|4|10|345|147|52|132|2024|4|25|13|6|19|4|N
19|14|192|C|1|0|R|379|9|26|197|E1914|70|32|4|26|0|0|97|7|0|0|33|7|0|0|0|0|3|11|220|102|7|97|2024|4|25|15|13|16|4|N
19|14|295|B|1|0|M|563|15|11|197|E1914|122|0|0|0|0|0|0|0|0|0|0|0|0|0|0|0|0|0|0|0|0|0||||||||
19|14|295|C|1|0|M|563|15|11|197|E1914|122|0|0|0|0|0|0|0|0|0|0|0|0|0|0|0|0|0|0|0|0|0||||||||
19|14|420|B|1|0|U|393|20|11|197|E1914|120|2|12|5|0|0|39|86|0|0|0|0|0|0|0|0|0|0|144|19|86|39|2024|4|25|15|30|46|4|N
19|14|421|C|2|0|U|532|20|11|197|E1914|120|2|12|22|2|2|38|100|0|0|1|0|0|0|3|0|0|8|190|37|107|38|2024|4|25|15|33|30|4|N
19|14|517|B|1|0|M|467|23|11|197|E1914|112|0|0|0|0|0|0|0|0|0|0|0|0|0|0|0|0|0|0|0|0|0|2024|4|25|15|56|27|4|N
19|14|1711|B|1|0|R|363|42|11|197|E1914|17|52|13|15|2|14|58|18|0|0|1|0|0|0|4|0|5|8|190|81|38|58|2024|4|25|15|23|42|1|N
19|14|1721|B|1|0|R|553|43|11|197|E1914|128|22|18|4|16|0|62|104|0|0|11|0|0|0|0|0|0|11|248|55|120|62|2024|4|25|15|35|36|2|N
19|14|2711|B|1|0|U|697|42|11|197|E1914|18|151|0|10|0|0|28|33|0|0|86|1|0|0|11|0|0|11|331|248|44|28|2024|4|25|15|30|48|1|N
19|14|2712|C|3|0|U|719|42|11|197|E1914|21|0|0|0|0|0|0|0|0|0|0|0|0|0|0|0|0|0|0|0|0|0|2024|4|25|16|4|24|2|N
19|14|2721|C|1|0|U|715|25|21|197|E1914|55|0|0|0|0|0|0|0|0|0|0|0|0|0|0|0|0|0|0|0|0|0||||||||
19|14|2727|C|4|0|M|707|9|26|197|E1914|83|0|0|0|0|0|0|0|0|0|0|0|0|0|0|0|0|0|0|0|0|0||||||||
19|14|2731|B|1|0|U|729|9|26|197|E1914|87|0|0|0|0|0|0|0|0|0|0|0|0|0|0|0|0|0|0|0|0|0||||||||
19|14|2738|B|1|0|M|746|9|26|197|E1914|88|0|0|0|0|0|0|0|0|0|0|0|0|0|0|0|0|0|0|0|0|0||||||||
19|14|2745|C|1|0|U|602|9|26|197|E1914|89|0|0|0|0|0|0|0|0|0|0|0|0|0|0|0|0|0|0|0|0|0||||||||
19|14|2893|B|1|0|U|626|42|11|197|E1914|14|23|53|8|2|1|154|114|0|0|0|82|0|0|0|0|3|11|451|166|117|154|2024|4|25|15|41|20|1|N
19|14|2896|C|1|0|M|723|42|11|197|E1914|16|9|12|34|1|5|60|117|0|0|14|1|0|0|0|0|5|5|263|70|123|60|2024|4|25|15|35|41|1|N
19|14|3032|C|1|0|U|517|42|11|197|E1914|27|1|8|13|4|0|11|5|0|0|0|0|0|0|0|0|5|1|48|22|9|11|2024|4|25|15|34|7|4|N
19|14|3036|B|1|0|U|655|42|11|197|E1914|32|27|11|31|0|0|139|77|0|0|16|0|0|0|0|0|5|5|311|85|77|139|2024|4|25|15|28|45|4|N
20|1|24|C|1|0|R|429|2|1|198|E2001|9|7|60|4|46|88|101|42|2|0|0|0|0|0|5|0|4|5|364|73|181|101|2024|4|25|15|9|47|4|N
20|1|28|B|1|0|R|415|2|1|198|E2001|30|0|0|0|0|0|0|0|0|0|0|0|0|0|0|0|0|0|0|0|0|0|2024|4|25|15|59|32|4|N
20|1|33|E|1|0|R|460|2|1|198|E2001|19|0|0|0|0|0|0|0|0|0|0|0|0|0|0|0|0|0|0|0|0|0||||||||
20|1|74|B|1|0|U|579|11|3|198|E2001|139|7|7|17|0|23|122|129|0|0|0|1|0|0|0|12|2|10|330|32|164|122|2024|4|25|15|34|34|4|N
20|1|136|C|2|0|M|630|24|1|198|E2001|1|0|0|0|0|0|0|0|0|0|0|0|0|0|0|0|0|0|0|0|0|0||||||||
20|1|339|C|1|0|U|473|44|3|198|E2001|122|51|38|16|0|86|132|20|5|0|0|0|0|5|26|2|2|12|395|110|139|132|2024|4|25|14|6|53|4|N
20|1|341|C|2|0|M|710|44|3|198|E2001|121|0|0|0|0|0|0|0|0|0|0|0|0|0|0|0|0|0|0|0|0|0||||||||
20|1|350|C|1|0|U|739|44|3|198|E2001|128|1|61|102|40|38|197|44|10|0|2|0|0|6|3|0|4|12|520|176|131|197|2024|4|25|14|13|35|1|N
20|1|360|C|1|0|R|551|44|3|198|E2001|131|40|2|42|9|1|185|167|0|0|0|0|0|0|24|0|5|10|485|84|201|185|2024|4|25|14|13|42|1|N
20|1|360|E|1|0|R|372|44|3|198|E2001|131|0|0|0|0|0|0|0|0|0|0|0|0|0|0|0|0|0|0|0|0|0||||||||
20|1|1012|C|1|0|U|543|182|2|198|E2001|69|0|0|0|0|0|0|0|0|0|0|0|0|0|0|0|0|0|0|0|0|0|2024|4|25|16|5|54|4|N
20|1|1027|C|1|0|U|450|182|2|198|E2001|72|51|26|56|5|99|124|15|0|0|0|0|0|0|7|0|1|10|394|133|126|124|2024|4|25|14|17|42|4|N
20|1|1032|C|1|0|U|384|182|2|198|E2001|77|1|19|10|0|28|177|21|1|0|0|0|11|0|0|0|0|1|269|31|60|177|2024|4|25|15|18|26|1|N
20|1|1039|C|2|0|U|521|182|2|198|E2001|79|0|0|0|0|0|0|0|0|0|0|0|0|0|0|0|0|0|0|0|0|0||||||||
20|1|1048|E|2|0|M|461|182|2|198|E2001|56|118|18|30|1|14|123|30|1|1|15|0|0|0|41|0|5|4|401|183|86|123|2024|4|25|15|26|7|1|N
20|1|1065|E|1|0|M|278|182|2|198|E2001|97|0|0|0|0|0|0|0|0|0|0|0|0|0|0|0|0|0|0|0|0|0||||||||
20|1|1066|B|1|0|R|223|182|2|198|E2001|89|51|2|23|0|35|62|8|0|0|0|0|3|0|0|0|3|4|191|76|46|62|2024|4|25|15|47|53|1|N
20|1|1068|B|1|0|R|563|182|2|198|E2001|83|0|0|0|0|0|0|0|0|0|0|0|0|0|0|0|0|0|0|0|0|0||||||||
20|1|1072|C|1|0|R|493|182|2|198|E2001|102|25|37|57|44|2|136|33|15|0|11|1|4|0|10|1|1|6|383|146|94|136|2024|4|25|15|30|52|4|N
20|1|1117|E|1|0|M|525|191|9|198|E2001|147|12|47|18|3|15|156|29|4|0|1|0|8|0|2|20|0|9|324|82|77|156|2024|4|25|15|25|47|1|N
20|1|1118|B|1|0|R|525|191|9|198|E2001|147|0|17|37|10|5|148|22|0|0|0|0|0|0|52|4|1|12|308|54|93|148|2024|4|25|15|30|16|1|N
20|1|1379|B|1|0|R|656|276|1|198|E2001|27|0|0|0|0|0|0|0|0|0|0|0|0|0|0|0|0|0|0|0|0|0||||||||
20|1|1479|B|1|0|R|716|307|1|198|E2001|38|0|0|0|0|0|0|0|0|0|0|0|0|0|0|0|0|0|0|0|0|0||||||||
20|1|1863|B|1|0|R|389|418|3|198|E2001|109|0|0|0|0|0|0|0|0|0|0|0|0|0|0|0|0|0|0|0|0|0|2024|4|25|15|58|37|1|N
20|1|2154|B|1|0|R|440|499|10|198|E2001|150|0|0|0|0|0|0|0|0|0|0|0|0|0|0|0|0|0|0|0|0|0||||||||
20|1|2523|C|2|0|U|616|182|2|198|E2001|67|0|0|0|0|0|0|0|0|0|0|0|0|0|0|0|0|0|0|0|0|0||||||||
20|1|2559|C|1|0|U|582|182|2|198|E2001|86|48|14|23|66|24|58|13|6|24|0|0|0|0|24|0|5|6|311|115|127|58|2024|4|25|15|46|13|1|N
20|2|243|B|1|0|M|733|39|4|199|E2002|40|0|0|0|0|0|0|0|0|0|0|0|0|0|0|0|0|0|0|0|0|0||||||||
20|2|247|E|2|0|R|499|39|4|199|E2002|36|0|0|0|0|0|0|0|0|0|0|0|0|0|0|0|0|0|0|0|0|0||||||||
20|2|250|B|1|0|R|337|39|4|199|E2002|42|0|0|0|0|0|0|0|0|0|0|0|0|0|0|0|0|0|0|0|0|0|2024|4|25|16|2|38|1|N
20|2|429|B|1|0|R|292|58|4|199|E2002|49|0|0|0|0|0|0|0|0|0|0|0|0|0|0|0|0|0|0|0|0|0|2024|4|25|16|5|11|4|N
20|2|720|B|1|0|U|595|81|9|199|E2002|121|0|0|0|0|0|0|0|0|0|0|0|0|0|0|0|0|0|0|0|0|0|2024|4|25|15|53|14|4|N
20|2|760|B|1|0|R|430|95|4|199|E2002|73|11|18|21|5|96|122|28|1|0|0|2|0|0|2|0|0|0|306|53|131|122|2024|4|25|14|14|21|1|N
20|2|805|C|1|0|M|464|115|4|199|E2002|7|0|0|0|0|0|0|0|0|0|0|0|0|0|0|0|0|0|0|0|0|0||||||||
20|2|858|E|2|0|R|208|131|1|199|E2002|12|16|15|15|12|11|80|5|2|0|0|0|1|0|3|0|3|9|172|48|32|80|2024|4|25|14|11|38|1|N
20|2|861|E|1|1|R|379|131|1|199|E2002|139|29|21|41|0|10|81|2|9|0|0|0|0|0|96|14|2|2|307|100|122|81|2024|4|25|14|10|3|4|N
20|2|869|C|1|0|R|664|133|3|199|E2002|23|0|0|0|0|0|0|0|0|0|0|0|0|0|0|0|0|0|0|0|0|0|2024|4|25|16|4|14|1|N
20|2|964|B|1|0|R|360|170|1|199|E2002|3|0|0|0|0|0|0|0|0|0|0|0|0|0|0|0|0|0|0|0|0|0||||||||
20|2|970|B|1|0|R|514|170|1|199|E2002|2|0|0|0|0|0|0|0|0|0|0|0|0|0|0|0|0|0|0|0|0|0||||||||
20|2|972|B|1|0|R|620|170|1|199|E2002|6|0|0|0|0|0|0|0|0|0|0|0|0|0|0|0|0|0|0|0|0|0||||||||
20|2|977|E|2|0|R|133|170|1|199|E2002|11|0|0|0|0|0|0|0|0|0|0|0|0|0|0|0|0|0|0|0|0|0||||||||
20|2|990|B|1|0|R|234|175|4|199|E2002|68|0|0|0|0|0|0|0|0|0|0|0|0|0|0|0|0|0|0|0|0|0|2024|4|25|15|54|23|4|N
20|2|996|B|1|0|R|262|175|4|199|E2002|83|2|21|2|1|14|93|7|44|0|1|0|0|0|7|0|5|4|201|70|29|93|2024|4|25|14|9|4|4|N
20|2|1000|C|1|0|R|462|176|9|199|E2002|122|0|0|0|0|0|0|0|0|0|0|0|0|0|0|0|0|0|0|0|0|0|2024|4|25|16|4|59|1|N
20|2|1244|C|2|0|U|668|227|14|199|E2002|101|54|24|4|86|14|114|33|0|55|0|0|2|2|0|155|4|0|547|137|292|114|2024|4|25|15|43|2|4|N
20|2|1685|B|1|0|M|551|375|4|199|E2002|55|0|0|0|0|0|0|0|0|0|0|0|0|0|0|0|0|0|0|0|0|0|2024|4|25|16|9|55|4|N
20|2|1808|E|1|0|R|136|404|4|199|E2002|35|0|0|0|0|0|0|0|0|0|0|0|0|0|0|0|0|0|0|0|0|0||||||||
20|2|2112|C|1|0|U|566|485|14|199|E2002|109|2|45|6|0|3|201|28|52|0|0|0|0|0|43|0|4|12|396|105|74|201|2024|4|25|15|52|34|1|N
20|2|2113|B|1|0|U|727|485|14|199|E2002|112|32|68|56|0|19|158|60|2|8|0|0|0|0|20|2|2|6|433|166|101|158|2024|4|25|15|52|7|4|N
20|2|2113|C|2|0|U|726|485|14|199|E2002|112|0|0|0|0|0|0|0|0|0|0|0|0|0|0|0|0|0|0|0|0|0|2024|4|25|15|57|17|4|N
20|2|2302|C|1|0|R|538|537|14|199|E2002|100|11|113|6|0|54|185|11|63|0|0|1|0|0|4|11|5|9|473|194|80|185|2024|4|25|15|40|55|1|N
20|2|2410|C|2|0|U|748|560|14|199|E2002|116|89|48|39|46|106|116|101|9|0|0|0|13|0|1|1|1|0|570|185|268|116|2024|4|25|15|44|33|1|N
20|3|148|E|2|1|M|498|26|15|200|E2003|132|2|27|29|1|16|190|8|98|0|9|2|9|0|0|0|3|9|403|167|34|190|2024|4|25|15|43|56|1|N
20|3|151|C|3|0|U|643|26|15|200|E2003|135|0|0|0|0|0|0|0|0|0|0|0|0|0|0|0|0|0|0|0|0|0||||||||
20|3|208|B|1|0|U|696|37|6|200|E2003|28|0|0|0|0|0|0|0|0|0|0|0|0|0|0|0|0|0|0|0|0|0|2024|4|25|16|9|17|1|N
20|3|214|C|1|0|R|577|37|6|200|E2003|26|0|0|0|0|0|0|0|0|0|0|0|0|0|0|0|0|0|0|0|0|0||||||||
20|3|387|B|1|0|M|599|53|5|200|E2003|71|44|120|1|45|14|168|8|0|0|0|0|1|13|0|0|1|11|426|165|81|168|2024|4|25|15|44|24|1|N
20|3|742|E|1|0|R|176|86|6|200|E2003|46|0|0|0|0|0|0|0|0|0|0|0|0|0|0|0|0|0|0|0|0|0||||||||
20|3|749|C|1|0|M|599|89|14|200|E2003|97|0|0|0|0|0|0|0|0|0|0|0|0|0|0|0|0|0|0|0|0|0||||||||
20|3|777|B|1|0|U|739|104|21|200|E2003|113|6|76|218|27|84|154|30|9|2|0|0|2|0|1|0|5|9|623|311|144|154|2024|4|25|15|29|40|4|N
20|3|777|C|4|0|U|738|104|21|200|E2003|114|44|104|110|39|13|113|26|24|1|0|0|11|7|26|20|4|11|553|283|142|113|2024|4|25|15|31|3|4|N
20|3|779|C|2|0|U|615|104|21|200|E2003|117|62|63|116|0|37|47|5|20|16|2|0|0|0|4|1|2|7|382|279|47|47|2024|4|25|15|7|30|4|N
20|3|781|C|2|0|U|661|104|21|200|E2003|119|0|0|0|0|0|0|0|0|0|0|0|0|0|0|0|0|0|0|0|0|0||||||||
20|3|799|C|1|0|U|711|112|21|200|E2003|111|0|0|0|0|0|0|0|0|0|0|0|0|0|0|0|0|0|0|0|0|0||||||||
20|3|1006|B|1|0|R|100|179|6|200|E2003|6|0|0|0|0|0|0|0|0|0|0|0|0|0|0|0|0|0|0|0|0|0|2024|4|25|15|57|36|4|N
20|3|1219|E|1|0|M|186|215|5|200|E2003|70|0|0|0|0|0|0|0|0|0|0|0|0|0|0|0|0|0|0|0|0|0||||||||
20|3|1325|B|1|0|R|486|260|6|200|E2003|14|0|0|0|0|0|0|0|0|0|0|0|0|0|0|0|0|0|0|0|0|0||||||||
20|3|1326|E|1|1|R|375|260|6|200|E2003|14|0|0|0|0|0|0|0|0|0|0|0|0|0|0|0|0|0|0|0|0|0||||||||
20|3|1332|B|1|0|R|128|260|6|200|E2003|18|0|0|0|0|0|0|0|0|0|0|0|0|0|0|0|0|0|0|0|0|0||||||||
20|3|1605|C|1|0|U|722|339|15|200|E2003|139|0|0|0|0|0|0|0|0|0|0|0|0|0|0|0|0|0|0|0|0|0||||||||
20|3|1714|C|2|0|U|518|386|15|200|E2003|167|37|47|35|8|73|169|73|2|15|0|0|0|0|0|28|2|9|498|136|182|169|2024|4|25|15|31|32|4|N
20|3|1716|B|1|0|U|744|386|15|200|E2003|169|0|0|0|0|0|0|0|0|0|0|0|0|0|0|0|0|0|0|0|0|0|2024|4|25|16|1|45|1|N
20|3|1719|B|1|0|U|691|386|15|200|E2003|160|69|30|100|0|12|37|34|16|0|4|0|0|0|0|0|4|5|311|219|46|37|2024|4|25|14|6|31|4|N
20|3|1723|C|4|0|U|725|386|15|200|E2003|150|0|0|0|0|0|0|0|0|0|0|0|0|0|0|0|0|0|0|0|0|0|2024|4|25|15|53|42|4|N
20|3|1724|C|1|0|U|612|386|15|200|E2003|145|0|0|0|0|0|0|0|0|0|0|0|0|0|0|0|0|0|0|0|0|0|2024|4|25|15|54|17|4|N
20|3|1791|E|1|0|M|216|403|5|200|E2003|63|0|0|0|0|0|0|0|0|0|0|0|0|0|0|0|0|0|0|0|0|0||||||||
20|3|2138|E|1|0|R|238|493|5|200|E2003|77|0|0|0|0|0|0|0|0|0|0|0|0|0|0|0|0|0|0|0|0|0|2024|4|25|16|8|39|1|N
20|3|2322|C|1|0|M|418|543|5|200|E2003|59|0|0|0|0|0|0|0|0|0|0|0|0|0|0|0|0|0|0|0|0|0||||||||
20|3|2393|B|1|0|M|233|556|5|200|E2003|55|0|0|0|0|0|0|0|0|0|0|0|0|0|0|0|0|0|0|0|0|0||||||||
20|3|2426|C|1|0|U|615|566|15|200|E2003|130|0|0|0|0|0|0|0|0|0|0|0|0|0|0|0|0|0|0|0|0|0||||||||
20|3|2506|B|1|0|R|269|459|6|200|E2003|2|27|14|5|0|8|36|2|0|35|0|0|2|0|0|0|1|12|142|81|12|36|2024|4|25|15|41|14|1|N
20|3|2565|B|1|0|U|638|386|15|200|E2003|165|0|0|0|0|0|0|0|0|0|0|0|0|0|0|0|0|0|0|0|0|0|2024|4|25|15|55|22|1|N
20|4|35|B|1|0|U|506|3|15|201|E2004|19|10|148|22|14|1|113|8|38|3|0|0|37|0|5|1|5|1|406|221|66|113|2024|4|25|15|51|14|4|N
20|4|281|B|1|0|R|697|42|9|201|E2004|100|13|12|11|0|92|204|71|13|0|66|0|0|0|26|71|4|10|593|115|260|204|2024|4|25|15|26|19|4|N
20|4|379|C|2|0|U|634|50|17|201|E2004|15|0|0|0|0|0|0|0|0|0|0|0|0|0|0|0|0|0|0|0|0|0|2024|4|25|16|10|31|4|N
20|4|626|B|1|0|R|477|67|21|201|E2004|71|0|0|0|0|0|0|0|0|0|0|0|0|0|0|0|0|0|0|0|0|0||||||||
20|4|874|B|1|0|M|378|135|9|201|E2004|109|0|0|0|0|0|0|0|0|0|0|0|0|0|0|0|0|0|0|0|0|0||||||||
20|4|916|B|1|0|R|417|153|9|201|E2004|106|0|0|0|0|0|0|0|0|0|0|0|0|0|0|0|0|0|0|0|0|0||||||||
20|4|935|C|1|0|U|406|161|17|201|E2004|33|5|17|63|0|23|49|119|20|0|0|0|2|0|20|0|5|5|328|105|164|49|2024|4|25|15|40|18|4|N
20|4|1123|B|1|0|M|525|192|10|201|E2004|143|94|4|38|34|2|171|5|73|0|0|0|0|0|26|0|1|1|449|209|67|171|2024|4|25|15|12|5|4|N
20|4|1123|C|1|0|M|524|192|10|201|E2004|143|22|69|91|2|22|87|13|8|9|0|0|0|0|0|23|0|8|354|199|60|87|2024|4|25|15|32|54|4|N
20|4|1124|B|1|0|M|687|192|10|201|E2004|141|9|46|49|23|65|111|41|1|0|1|0|0|0|26|11|0|6|389|106|166|111|2024|4|25|15|20|16|4|N
20|4|1146|E|1|0|R|202|199|10|201|E2004|155|0|0|0|0|0|0|0|0|0|0|0|0|0|0|0|0|0|0|0|0|0||||||||
20|4|1148|B|1|0|R|670|199|10|201|E2004|157|0|0|0|0|0|0|0|0|0|0|0|0|0|0|0|0|0|0|0|0|0||||||||
20|4|1187|E|3|0|R|364|207|10|201|E2004|154|0|0|0|0|0|0|0|0|0|0|0|0|0|0|0|0|0|0|0|0|0||||||||
20|4|1323|B|1|0|R|405|259|9|201|E2004|92|0|0|0|0|0|0|0|0|0|0|0|0|0|0|0|0|0|0|0|0|0||||||||
20|4|1333|B|1|0|M|191|261|9|201|E2004|84|0|0|0|0|0|0|0|0|0|0|0|0|0|0|0|0|0|0|0|0|0||||||||
20|4|1407|C|1|0|M|538|282|17|201|E2004|68|0|0|0|0|0|0|0|0|0|0|0|0|0|0|0|0|0|0|0|0|0||||||||
20|4|1416|B|1|0|U|496|286|9|201|E2004|96|0|0|0|0|0|0|0|0|0|0|0|0|0|0|0|0|0|0|0|0|0||||||||
20|4|1651|B|1|0|M|660|360|21|201|E2004|58|86|64|67|64|42|68|74|68|6|2|12|2|6|2|2|2|14|581|305|192|68|2024|4|25|15|44|30|1|N
20|4|1654|B|1|0|M|620|363|9|201|E2004|82|0|0|0|0|0|0|0|0|0|0|0|0|0|0|0|0|0|0|0|0|0||||||||
20|4|1776|C|2|0|M|603|395|21|201|E2004|78|26|157|10|25|34|72|44|1|16|2|4|0|0|3|0|4|8|406|216|106|72|2024|4|25|15|31|9|4|N
20|4|1954|B|1|0|R|187|450|17|201|E2004|55|0|0|0|0|0|0|0|0|0|0|0|0|0|0|0|0|0|0|0|0|0||||||||
20|4|1976|E|1|0|M|350|458|9|201|E2004|105|0|0|0|0|0|0|0|0|0|0|0|0|0|0|0|0|0|0|0|0|0||||||||
20|4|1977|E|1|0|R|188|458|9|201|E2004|91|4|24|55|0|2|29|37|2|0|0|1|0|0|4|0|0|4|162|86|43|29|2024|4|25|15|47|6|4|N
20|4|1977|E|3|0|R|267|458|9|201|E2004|91|32|23|3|5|5|20|53|37|0|0|0|0|0|4|0|3|1|186|95|67|20|2024|4|25|15|36|57|4|N
20|4|2170|B|1|0|R|389|503|10|201|E2004|137|30|25|75|3|44|53|42|5|2|0|0|0|0|0|2|0|11|292|137|91|53|2024|4|25|14|15|43|4|N
20|4|2333|B|1|0|U|519|546|17|201|E2004|13|0|0|0|0|0|0|0|0|0|0|0|0|0|0|0|0|0|0|0|0|0||||||||
20|4|2352|E|1|1|U|432|550|17|201|E2004|2|0|0|0|0|0|0|0|0|0|0|0|0|0|0|0|0|0|0|0|0|0||||||||
20|4|2355|C|1|0|U|706|550|17|201|E2004|4|46|61|30|7|24|233|33|21|0|2|0|17|0|45|0|3|6|528|160|126|233|2024|4|25|14|17|49|4|N
20|4|2361|B|1|0|R|423|550|17|201|E2004|53|0|0|0|0|0|0|0|0|0|0|0|0|0|0|0|0|0|0|0|0|0||||||||
20|4|2390|B|1|0|R|172|554|10|201|E2004|140|13|22|1|0|4|48|11|16|0|0|0|0|0|0|1|3|7|126|52|16|48|2024|4|25|15|9|1|4|N
20|4|2412|B|1|0|U|631|561|17|201|E2004|7|4|17|47|18|23|208|90|0|0|0|0|0|68|31|36|0|10|552|68|266|208|2024|4|25|14|15|26|4|N
20|5|194|B|1|0|M|721|35|18|202|E2005|56|33|103|4|24|52|279|8|0|0|1|0|0|0|0|0|4|10|518|141|84|279|2024|4|25|15|50|28|1|N
20|5|381|C|1|0|M|643|51|18|202|E2005|46|0|0|0|0|0|0|0|0|0|0|0|0|0|0|0|0|0|0|0|0|0||||||||
20|5|680|C|1|0|U|747|76|19|202|E2005|9|56|31|48|3|66|179|5|6|13|63|0|0|0|35|3|0|0|508|217|112|179|2024|4|25|11|51|59|4|N
20|5|685|B|1|0|U|526|76|19|202|E2005|14|4|16|41|0|15|158|35|3|0|1|0|0|0|0|2|0|0|275|65|52|158|2024|4|25|15|16|31|4|N
20|5|689|C|1|0|U|676|76|19|202|E2005|18|27|31|14|56|173|64|57|17|1|15|0|0|0|12|12|5|2|486|105|310|64|2024|4|25|12|57|3|4|N
20|5|692|B|1|0|U|587|76|19|202|E2005|22|0|0|0|0|0|0|0|0|0|0|0|0|0|0|0|0|0|0|0|0|0||||||||
20|5|695|C|1|0|U|548|76|19|202|E2005|19|52|32|125|22|2|141|99|16|0|0|3|0|0|5|0|2|0|499|228|128|141|2024|4|25|15|45|42|4|N
20|5|702|C|1|0|U|463|76|19|202|E2005|20|30|27|57|1|60|35|71|43|6|0|4|0|0|0|5|1|9|349|167|137|35|2024|4|25|14|5|20|4|N
20|5|815|C|4|0|U|726|121|19|202|E2005|30|0|0|0|0|0|0|0|0|0|0|0|0|0|0|0|0|0|0|0|0|0||||||||
20|5|819|C|2|0|M|743|121|19|202|E2005|32|35|89|30|0|8|189|49|41|8|0|0|0|0|50|10|5|3|517|203|117|189|2024|4|25|15|39|50|1|N
20|5|823|B|1|0|R|661|122|18|202|E2005|106|0|0|0|0|0|0|0|0|0|0|0|0|0|0|0|0|0|0|0|0|0||||||||
20|5|827|B|1|0|R|367|122|18|202|E2005|69|59|15|23|2|22|138|50|16|0|0|0|0|0|1|4|2|7|339|113|79|138|2024|4|25|15|29|44|1|N
20|5|1461|B|1|0|M|718|303|19|202|E2005|38|0|0|0|0|0|0|0|0|0|0|0|0|0|0|0|0|0|0|0|0|0||||||||
20|5|1472|B|1|0|U|624|306|19|202|E2005|34|0|0|0|0|0|0|0|0|0|0|0|0|0|0|0|0|0|0|0|0|0||||||||
20|5|1536|B|1|0|M|664|323|17|202|E2005|100|90|36|103|0|23|152|22|3|0|2|0|4|0|5|32|3|12|487|234|86|152|2024|4|25|15|33|2|1|N
20|5|1847|C|1|0|M|661|414|25|202|E2005|117|57|31|47|2|65|143|196|22|0|0|0|0|0|1|0|5|7|576|157|264|143|2024|4|25|10|44|8|4|N
20|5|1866|C|2|0|U|509|419|18|202|E2005|65|10|23|27|11|58|75|25|5|1|1|0|0|0|0|44|2|9|291|67|138|75|2024|4|25|14|11|34|4|N
20|5|2203|B|1|0|U|403|515|18|202|E2005|82|48|44|18|5|30|62|75|1|24|2|0|0|0|0|0|4|4|317|137|110|62|2024|4|25|15|51|28|1|N
20|5|2215|C|1|0|U|706|515|18|202|E2005|90|0|0|0|0|0|0|0|0|0|0|0|0|0|0|0|0|0|0|0|0|0||||||||
20|5|2226|E|1|0|M|635|515|18|202|E2005|79|0|0|0|0|0|0|0|0|0|0|0|0|0|0|0|0|0|0|0|0|0||||||||
20|5|2466|B|1|0|R|616|121|19|202|E2005|29|0|0|0|0|0|0|0|0|0|0|0|0|0|0|0|0|0|0|0|0|0|2024|4|25|16|13|4|1|N
20|5|2522|B|1|0|M|460|414|25|202|E2005|118|0|0|0|0|0|0|0|0|0|0|0|0|0|0|0|0|0|0|0|0|0|2024|4|25|15|59|59|1|N
20|5|2553|C|2|0|U|573|414|25|202|E2005|124|26|78|2|10|73|212|33|16|0|0|0|0|0|4|1|1|5|461|122|121|212|2024|4|25|15|30|54|4|N
20|6|117|B|1|0|M|503|19|7|203|E2006|105|0|0|0|0|0|0|0|0|0|0|0|0|0|0|0|0|0|0|0|0|0||||||||
20|6|120|B|1|0|R|378|19|7|203|E2006|102|0|0|0|0|0|0|0|0|0|0|0|0|0|0|0|0|0|0|0|0|0||||||||
20|6|255|C|1|0|M|377|40|7|203|E2006|111|0|0|0|0|0|0|0|0|0|0|0|0|0|0|0|0|0|0|0|0|0||||||||
20|6|375|B|1|0|M|615|49|8|203|E2006|79|0|0|0|0|0|0|0|0|0|0|0|0|0|0|0|0|0|0|0|0|0|2024|4|25|15|52|41|1|N
20|6|392|B|1|0|R|104|55|6|203|E2006|149|0|0|0|0|0|0|0|0|0|0|0|0|0|0|0|0|0|0|0|0|0||||||||
20|6|651|B|1|0|R|413|71|7|203|E2006|90|0|0|0|0|0|0|0|0|0|0|0|0|0|0|0|0|0|0|0|0|0||||||||
20|6|772|C|1|0|M|591|102|8|203|E2006|119|0|0|0|0|0|0|0|0|0|0|0|0|0|0|0|0|0|0|0|0|0||||||||
20|6|774|C|1|0|R|717|102|8|203|E2006|118|0|0|0|0|0|0|0|0|0|0|0|0|0|0|0|0|0|0|0|0|0||||||||
20|6|789|E|1|0|M|146|107|8|203|E2006|69|0|0|0|0|0|0|0|0|0|0|0|0|0|0|0|0|0|0|0|0|0||||||||
20|6|1208|B|1|0|R|734|210|8|203|E2006|121|0|0|0|0|0|0|0|0|0|0|0|0|0|0|0|0|0|0|0|0|0||||||||
20|6|1286|B|1|0|M|521|242|7|203|E2006|108|0|0|0|0|0|0|0|0|0|0|0|0|0|0|0|0|0|0|0|0|0||||||||
20|6|1304|C|1|0|M|508|250|8|203|E2006|70|0|0|0|0|0|0|0|0|0|0|0|0|0|0|0|0|0|0|0|0|0||||||||
20|6|1354|B|1|0|M|542|268|8|203|E2006|68|11|86|38|49|53|105|65|11|2|0|0|0|0|13|11|3|11|458|148|191|105|2024|4|25|15|27|5|1|N
20|6|1439|E|1|0|M|232|295|8|203|E2006|38|0|0|0|0|0|0|0|0|0|0|0|0|0|0|0|0|0|0|0|0|0||||||||
20|6|1613|B|1|0|U|641|343|8|203|E2006|119|0|0|0|0|0|0|0|0|0|0|0|0|0|0|0|0|0|0|0|0|0||||||||
20|6|1617|C|2|0|M|520|345|7|203|E2006|99|0|0|0|0|0|0|0|0|0|0|0|0|0|0|0|0|0|0|0|0|0||||||||
20|6|1702|E|2|0|M|447|380|8|203|E2006|46|28|25|21|51|6|137|35|9|0|1|1|1|0|27|16|3|0|361|85|136|137|2024|4|25|15|37|38|1|N
20|6|2037|B|1|0|R|531|470|7|203|E2006|95|16|42|4|0|64|74|35|14|2|0|0|0|0|11|11|3|2|278|78|121|74|2024|4|25|12|59|10|4|N
20|6|2038|B|1|0|R|612|470|7|203|E2006|95|67|5|26|1|36|182|106|0|27|2|1|0|0|4|3|5|10|475|128|150|182|2024|4|25|12|51|41|4|N
20|6|2279|B|1|0|R|319|534|6|203|E2006|111|0|0|0|0|0|0|0|0|0|0|0|0|0|0|0|0|0|0|0|0|0||||||||
20|6|2280|B|1|0|R|112|534|6|203|E2006|138|0|0|0|0|0|0|0|0|0|0|0|0|0|0|0|0|0|0|0|0|0||||||||
20|6|2342|B|1|0|R|375|549|5|203|E2006|125|0|0|0|0|0|0|0|0|0|0|0|0|0|0|0|0|0|0|0|0|0||||||||
20|6|2367|C|2|0|M|699|553|8|203|E2006|84|0|0|0|0|0|0|0|0|0|0|0|0|0|0|0|0|0|0|0|0|0|2024|4|25|15|57|8|1|N
20|6|2376|E|2|0|R|174|553|8|203|E2006|48|1|1|1|0|2|1|1|0|0|0|0|0|0|8|0|2|3|20|3|11|1|2024|4|25|15|16|53|4|N
20|6|2383|B|1|0|R|633|553|8|203|E2006|89|0|0|0|0|0|0|0|0|0|0|0|0|0|0|0|0|0|0|0|0|0||||||||
20|6|2513|B|1|0|R|325|242|7|203|E2006|108|0|0|0|0|0|0|0|0|0|0|0|0|0|0|0|0|0|0|0|0|0||||||||
20|7|54|E|1|0|R|263|6|19|204|E2007|126|0|0|0|0|0|0|0|0|0|0|0|0|0|0|0|0|0|0|0|0|0||||||||
20|7|84|E|1|1|R|482|12|11|204|E2007|121|0|0|0|0|0|0|0|0|0|0|0|0|0|0|0|0|0|0|0|0|0||||||||
20|7|86|C|1|0|R|545|12|11|204|E2007|121|0|0|0|0|0|0|0|0|0|0|0|0|0|0|0|0|0|0|0|0|0||||||||
20|7|181|B|1|0|U|450|30|20|204|E2007|15|31|18|21|0|54|117|0|34|0|0|0|43|0|0|0|2|0|320|104|97|117|2024|4|25|14|15|31|1|N
20|7|267|S|1|0|U|0|41|19|204|E2007|5|9|91|94|61|61|83|76|13|0|23|0|0|0|0|0|3|8|522|230|198|83|2024|4|25|14|11|15|4|N
20|7|284|C|7|0|U|667|43|20|204|E2007|38|43|56|252|5|13|95|40|24|0|1|0|1|0|2|1|4|6|543|376|62|95|2024|4|25|15|45|30|4|N
20|7|304|C|1|0|U|541|43|20|204|E2007|23|0|0|0|0|0|0|0|0|0|0|0|0|0|0|0|0|0|0|0|0|0||||||||
20|7|306|B|1|0|U|553|43|20|204|E2007|24|31|38|17|16|65|67|179|51|24|0|0|0|0|0|0|3|2|493|161|260|67|2024|4|25|15|2|0|4|N
20|7|400|C|3|0|U|584|57|11|204|E2007|109|27|70|5|3|36|122|4|25|46|0|27|0|0|4|0|0|6|375|200|47|122|2024|4|25|15|15|20|4|N
20|7|407|C|1|0|U|729|57|11|204|E2007|112|47|45|38|0|64|134|44|2|64|0|0|0|0|2|0|3|3|446|196|110|134|2024|4|25|15|51|22|1|N
20|7|408|C|2|0|M|638|57|11|204|E2007|113|39|124|49|28|30|68|34|0|2|0|0|0|11|13|5|5|7|415|214|121|68|2024|4|25|15|46|45|1|N
20|7|662|C|1|0|U|592|72|11|204|E2007|74|0|0|0|0|0|0|0|0|0|0|0|0|0|0|0|0|0|0|0|0|0||||||||
20|7|877|C|2|0|M|626|138|20|204|E2007|67|0|0|0|0|0|0|0|0|0|0|0|0|0|0|0|0|0|0|0|0|0||||||||
20|7|887|E|1|0|M|411|140|20|204|E2007|72|0|0|0|0|0|0|0|0|0|0|0|0|0|0|0|0|0|0|0|0|0|2024|4|25|16|1|5|4|N
20|7|888|B|1|0|R|208|140|20|204|E2007|72|0|0|0|0|0|0|0|0|0|0|0|0|0|0|0|0|0|0|0|0|0|2024|4|25|16|11|51|4|N
20|7|1890|C|2|0|U|534|427|11|204|E2007|103|79|16|18|0|104|81|73|48|0|0|0|0|0|10|0|3|1|433|161|187|81|2024|4|25|15|42|36|4|N
20|7|2079|B|1|0|U|519|481|11|204|E2007|64|0|0|0|0|0|0|0|0|0|0|0|0|0|0|0|0|0|0|0|0|0||||||||
20|7|2182|B|1|0|U|612|509|11|204|E2007|62|0|0|0|0|0|0|0|0|0|0|0|0|0|0|0|0|0|0|0|0|0||||||||
20|7|2183|B|1|0|U|661|509|11|204|E2007|62|0|0|0|0|0|0|0|0|0|0|0|0|0|0|0|0|0|0|0|0|0||||||||
20|7|2250|B|1|0|M|741|525|11|204|E2007|75|0|0|0|0|0|0|0|0|0|0|0|0|0|0|0|0|0|0|0|0|0||||||||
20|7|2257|E|1|0|R|318|525|11|204|E2007|78|0|0|0|0|0|0|0|0|0|0|0|0|0|0|0|0|0|0|0|0|0|2024|4|25|16|14|36|1|N
20|7|2400|B|1|0|U|729|557|20|204|E2007|44|0|0|0|0|0|0|0|0|0|0|0|0|0|0|0|0|0|0|0|0|0||||||||
20|8|472|C|2|0|U|629|66|13|205|E2008|74|11|65|10|2|21|173|3|7|0|3|8|0|0|2|3|5|2|315|104|31|173|2024|4|25|15|12|34|4|N
20|8|491|B|1|0|U|714|66|13|205|E2008|87|16|89|15|0|37|91|112|0|0|0|0|1|0|22|0|2|2|387|120|172|91|2024|4|25|15|38|17|4|N
20|8|499|B|1|0|U|651|66|13|205|E2008|86|74|6|0|6|111|85|142|67|0|1|3|0|0|0|0|4|2|501|151|259|85|2024|4|25|15|0|57|4|N
20|8|502|E|1|1|U|507|66|13|205|E2008|84|2|44|13|4|102|142|133|0|2|0|0|0|0|10|0|5|4|461|61|249|142|2024|4|25|15|39|53|4|N
20|8|505|C|1|0|U|647|66|13|205|E2008|97|0|0|0|0|0|0|0|0|0|0|0|0|0|0|0|0|0|0|0|0|0|2024|4|25|16|10|3|4|N
20|8|506|B|1|0|U|519|66|13|205|E2008|94|0|0|0|0|0|0|0|0|0|0|0|0|0|0|0|0|0|0|0|0|0||||||||
20|8|521|C|1|0|U|636|66|13|205|E2008|100|0|0|0|0|0|0|0|0|0|0|0|0|0|0|0|0|0|0|0|0|0|2024|4|25|15|58|54|1|N
20|8|534|B|1|0|U|500|66|13|205|E2008|111|22|41|4|0|8|161|103|16|0|7|0|0|0|2|7|1|4|376|90|120|161|2024|4|25|15|41|14|4|N
20|8|555|B|1|0|U|458|66|12|205|E2008|5|0|0|0|0|0|0|0|0|0|0|0|0|0|0|0|0|0|0|0|0|0||||||||
20|8|572|B|1|0|U|407|66|12|205|E2008|15|0|0|0|0|0|0|0|0|0|0|0|0|0|0|0|0|0|0|0|0|0||||||||
20|8|579|B|1|0|U|565|66|12|205|E2008|23|71|89|51|4|1|32|40|0|8|23|0|0|44|0|7|0|4|374|242|96|32|2024|4|25|15|28|42|4|N
20|8|579|C|2|0|U|564|66|12|205|E2008|23|16|39|22|57|41|136|31|24|6|0|0|0|0|75|0|4|10|461|107|204|136|2024|4|25|15|34|26|4|N
20|8|590|C|1|0|U|660|66|12|205|E2008|24|29|129|18|29|94|63|28|49|10|0|0|3|0|0|8|0|11|471|235|162|63|2024|4|25|15|45|6|4|N
20|8|601|B|1|0|U|523|66|12|205|E2008|29|0|0|0|0|0|0|0|0|0|0|0|0|0|0|0|0|0|0|0|0|0||||||||
20|8|608|B|1|0|U|430|66|12|205|E2008|33|0|0|0|0|0|0|0|0|0|0|0|0|0|0|0|0|0|0|0|0|0|2024|4|25|16|11|12|1|N
20|8|1752|B|1|0|U|740|392|12|205|E2008|55|0|0|0|0|0|0|0|0|0|0|0|0|0|0|0|0|0|0|0|0|0||||||||
20|8|1755|C|2|0|U|571|392|12|205|E2008|57|21|30|44|2|74|210|29|36|0|0|0|3|0|35|0|4|3|491|131|143|210|2024|4|25|15|35|57|4|N
20|8|1784|E|1|1|M|715|400|14|205|E2008|130|0|0|0|0|0|0|0|0|0|0|0|0|0|0|0|0|0|0|0|0|0|2024|4|25|16|7|53|1|N
20|8|2471|C|1|0|U|498|66|13|205|E2008|122|30|36|17|16|56|87|55|35|0|7|0|0|0|0|0|2|10|351|125|127|87|2024|4|25|15|24|5|4|N
20|8|2481|C|1|0|U|577|66|12|205|E2008|63|0|0|0|0|0|0|0|0|0|0|0|0|0|0|0|0|0|0|0|0|0||||||||
20|8|2482|C|3|0|U|593|154|14|205|E2008|137|0|54|90|6|18|123|9|77|0|0|0|0|0|30|1|3|9|420|221|64|123|2024|4|25|15|45|29|4|N
20|8|2517|C|1|0|R|545|400|14|205|E2008|143|0|0|0|0|0|0|0|0|0|0|0|0|0|0|0|0|0|0|0|0|0|2024|4|25|16|4|28|1|N
20|8|2530|C|2|0|U|660|392|12|205|E2008|65|10|22|37|21|29|259|39|3|0|0|0|0|0|1|8|3|2|434|72|98|259|2024|4|25|15|17|18|4|N
20|8|2531|C|2|0|U|672|392|12|205|E2008|41|0|0|0|0|0|0|0|0|0|0|0|0|0|0|0|0|0|0|0|0|0||||||||
20|8|2532|B|1|0|U|633|392|12|205|E2008|40|0|0|0|0|0|0|0|0|0|0|0|0|0|0|0|0|0|0|0|0|0||||||||
20|8|2585|B|1|0|U|577|66|13|205|E2008|124|0|0|0|0|0|0|0|0|0|0|0|0|0|0|0|0|0|0|0|0|0||||||||
20|9|637|E|1|0|M|249|69|22|206|E2009|32|5|35|18|4|28|53|38|3|21|0|0|2|0|5|1|2|2|217|82|78|53|2024|4|25|15|12|12|4|N
20|9|791|B|1|0|R|617|108|22|206|E2009|25|0|0|0|0|0|0|0|0|0|0|0|0|0|0|0|0|0|0|0|0|0|2024|4|25|16|8|16|4|N
20|9|951|C|1|0|M|379|166|22|206|E2009|33|10|48|43|16|33|117|18|26|6|0|0|1|1|6|0|5|7|337|133|75|117|2024|4|25|15|23|35|4|N
20|9|1102|C|1|0|R|376|184|7|206|E2009|8|0|0|0|0|0|0|0|0|0|0|0|0|0|0|0|0|0|0|0|0|0|2024|4|25|15|54|57|4|N
20|9|1105|B|1|0|R|389|184|7|206|E2009|9|12|34|46|1|12|70|8|15|0|0|0|0|0|11|34|3|0|246|107|66|70|2024|4|25|15|24|54|4|N
20|9|1215|C|1|0|M|679|213|23|206|E2009|97|0|0|0|0|0|0|0|0|0|0|0|0|0|0|0|0|0|0|0|0|0|2024|4|25|16|9|51|1|N
20|9|1409|B|1|0|M|567|283|22|206|E2009|35|57|21|119|1|32|121|107|5|9|0|0|0|0|12|0|1|4|489|211|152|121|2024|4|25|15|19|20|4|N
20|9|1450|C|1|0|U|662|298|7|206|E2009|19|0|0|0|0|0|0|0|0|0|0|0|0|0|0|0|0|0|0|0|0|0||||||||
20|9|1505|C|1|0|U|648|316|23|206|E2009|127|0|0|0|0|0|0|0|0|0|0|0|0|0|0|0|0|0|0|0|0|0||||||||
20|9|1507|B|1|0|U|524|316|23|206|E2009|129|0|0|0|0|0|0|0|0|0|0|0|0|0|0|0|0|0|0|0|0|0||||||||
20|9|1579|B|1|0|R|713|332|23|206|E2009|80|0|0|0|0|0|0|0|0|0|0|0|0|0|0|0|0|0|0|0|0|0|2024|4|25|15|53|58|4|N
20|9|1580|C|1|0|R|482|332|23|206|E2009|78|45|13|37|44|5|92|7|53|5|0|0|4|0|1|0|2|7|315|153|61|92|2024|4|25|15|42|40|4|N
20|9|1581|B|1|0|R|719|332|23|206|E2009|83|73|90|79|39|9|95|46|14|0|0|0|0|0|95|26|3|11|580|256|215|95|2024|4|25|15|41|8|4|N
20|9|1583|E|1|0|R|328|332|23|206|E2009|76|8|44|9|21|47|118|21|2|0|0|0|2|0|0|1|2|0|275|63|92|118|2024|4|25|13|46|58|4|N
20|9|1609|C|1|0|U|521|342|22|206|E2009|11|4|18|25|1|20|173|70|0|2|7|0|0|0|0|0|1|2|323|56|91|173|2024|4|25|15|30|24|4|N
20|9|1733|E|1|1|R|414|387|16|206|E2009|105|0|0|0|0|0|0|0|0|0|0|0|0|0|0|0|0|0|0|0|0|0|2024|4|25|16|11|9|4|N
20|9|1734|C|1|0|R|471|387|16|206|E2009|101|0|0|0|0|0|0|0|0|0|0|0|0|0|0|0|0|0|0|0|0|0||||||||
20|9|1736|E|1|0|R|219|387|16|206|E2009|99|0|0|0|0|0|0|0|0|0|0|0|0|0|0|0|0|0|0|0|0|0||||||||
20|9|1857|B|1|0|R|422|416|7|206|E2009|16|0|0|0|0|0|0|0|0|0|0|0|0|0|0|0|0|0|0|0|0|0|2024|4|25|15|53|49|4|N
20|9|2023|B|1|0|R|697|468|22|206|E2009|71|0|0|0|0|0|0|0|0|0|0|0|0|0|0|0|0|0|0|0|0|0|2024|4|25|15|55|21|4|N
20|9|2071|B|1|0|M|468|478|16|206|E2009|108|0|0|0|0|0|0|0|0|0|0|0|0|0|0|0|0|0|0|0|0|0||||||||
20|9|2102|C|1|0|M|426|484|22|206|E2009|3|21|12|26|4|56|177|52|3|0|0|0|20|0|0|5|2|0|378|62|137|177|2024|4|25|15|31|24|4|N
20|9|2111|C|2|0|R|554|484|22|206|E2009|49|24|54|62|10|25|142|12|2|3|7|0|8|0|3|25|4|6|387|152|83|142|2024|4|25|15|7|17|4|N
20|9|2547|B|1|0|U|720|316|23|206|E2009|132|0|0|0|0|0|0|0|0|0|0|0|0|0|0|0|0|0|0|0|0|0||||||||
20|10|70|C|2|0|M|593|10|16|207|E2010|129|0|0|0|0|0|0|0|0|0|0|0|0|0|0|0|0|0|0|0|0|0||||||||
20|10|72|C|1|0|U|559|10|16|207|E2010|130|0|0|0|0|0|0|0|0|0|0|0|0|0|0|0|0|0|0|0|0|0||||||||
20|10|158|C|2|0|M|560|28|21|207|E2010|117|0|0|0|0|0|0|0|0|0|0|0|0|0|0|0|0|0|0|0|0|0|2024|4|25|16|1|58|1|N
20|10|170|B|1|0|R|409|28|21|207|E2010|113|0|0|0|0|0|0|0|0|0|0|0|0|0|0|0|0|0|0|0|0|0|2024|4|25|16|4|0|1|N
20|10|438|C|1|0|M|671|59|24|207|E2010|3|29|85|143|82|159|50|53|6|0|0|0|0|0|1|0|2|2|612|263|295|50|2024|4|25|15|42|53|1|N
20|10|452|B|1|0|R|438|59|24|207|E2010|46|0|0|0|0|0|0|0|0|0|0|0|0|0|0|0|0|0|0|0|0|0||||||||
20|10|641|B|1|0|R|242|70|25|207|E2010|59|9|12|14|5|25|25|4|7|6|0|0|0|0|3|4|1|0|115|48|41|25|2024|4|25|15|39|37|1|N
20|10|831|C|1|0|U|586|123|24|207|E2010|23|0|0|0|0|0|0|0|0|0|0|0|0|0|0|0|0|0|0|0|0|0||||||||
20|10|834|B|1|0|R|431|123|24|207|E2010|23|0|0|0|0|0|0|0|0|0|0|0|0|0|0|0|0|0|0|0|0|0||||||||
20|10|912|E|1|0|R|386|151|24|207|E2010|24|0|0|0|0|0|0|0|0|0|0|0|0|0|0|0|0|0|0|0|0|0||||||||
20|10|957|B|1|0|R|200|168|24|207|E2010|19|0|0|0|0|0|0|0|0|0|0|0|0|0|0|0|0|0|0|0|0|0||||||||
20|10|959|B|1|0|M|558|169|21|207|E2010|125|0|0|0|0|0|0|0|0|0|0|0|0|0|0|0|0|0|0|0|0|0||||||||
20|10|1308|B|1|0|R|220|251|25|207|E2010|62|0|0|0|0|0|0|0|0|0|0|0|0|0|0|0|0|0|0|0|0|0||||||||
20|10|1432|B|1|0|U|698|293|16|207|E2010|142|0|0|0|0|0|0|0|0|0|0|0|0|0|0|0|0|0|0|0|0|0||||||||
20|10|1434|B|1|0|U|632|293|16|207|E2010|143|0|0|0|0|0|0|0|0|0|0|0|0|0|0|0|0|0|0|0|0|0|2024|4|25|16|1|58|4|N
20|10|1518|C|2|0|M|642|322|25|207|E2010|92|0|0|0|0|0|0|0|0|0|0|0|0|0|0|0|0|0|0|0|0|0||||||||
20|10|1525|C|1|0|R|603|322|25|207|E2010|94|0|0|0|0|0|0|0|0|0|0|0|0|0|0|0|0|0|0|0|0|0||||||||
20|10|1531|B|1|0|R|601|322|25|207|E2010|84|0|0|0|0|0|0|0|0|0|0|0|0|0|0|0|0|0|0|0|0|0||||||||
20|10|1668|B|1|0|M|689|366|24|207|E2010|44|0|0|0|0|0|0|0|0|0|0|0|0|0|0|0|0|0|0|0|0|0|2024|4|25|15|53|11|2|N
20|10|1817|C|1|0|U|678|406|25|207|E2010|97|11|32|34|5|12|186|80|1|2|24|52|14|0|0|35|3|4|495|156|146|186|2024|4|25|11|28|33|4|N
20|10|1818|C|1|0|U|632|406|25|207|E2010|98|8|11|4|65|37|102|123|12|0|0|2|0|0|7|63|3|1|438|37|295|102|2024|4|25|15|29|17|4|N
20|10|1822|E|2|0|R|353|406|25|207|E2010|102|0|0|0|0|0|0|0|0|0|0|0|0|0|0|0|0|0|0|0|0|0|2024|4|25|15|54|8|1|N
20|10|1886|B|1|0|R|737|425|24|207|E2010|36|41|139|27|4|3|86|5|9|21|28|0|0|0|29|0|2|6|400|265|41|86|2024|4|25|14|6|37|1|N
20|10|2176|C|1|0|M|684|508|24|207|E2010|73|23|129|42|28|90|108|62|23|40|0|0|0|0|33|0|0|3|581|257|213|108|2024|4|25|11|42|50|4|N
20|10|2295|B|1|0|R|498|536|16|207|E2010|156|0|0|0|0|0|0|0|0|0|0|0|0|0|0|0|0|0|0|0|0|0||||||||
20|10|2296|B|1|0|R|654|536|16|207|E2010|149|0|0|0|0|0|0|0|0|0|0|0|0|0|0|0|0|0|0|0|0|0||||||||
20|10|2297|C|1|0|R|377|536|16|207|E2010|150|0|0|0|0|0|0|0|0|0|0|0|0|0|0|0|0|0|0|0|0|0||||||||
20|10|2438|B|1|0|U|604|570|16|207|E2010|138|49|80|58|28|4|169|75|2|1|0|0|0|0|1|0|2|8|477|190|108|169|2024|4|25|15|25|37|4|N
21|1|502|B|1|0|M|614|58|1|208|E2101|7|5|85|6|0|5|60|75|0|0|0|26|0|0|0|0|0|4|266|122|80|60|2024|4|25|14|7|18|1|N
21|1|539|C|1|0|R|431|65|1|208|E2101|12|0|0|0|0|0|0|0|0|0|0|0|0|0|0|0|0|0|0|0|0|0||||||||
21|1|595|S|1|0|U|0|72|2|208|E2101|17|0|0|0|0|0|0|0|0|0|0|0|0|0|0|0|0|0|0|0|0|0||||||||
21|1|598|B|1|0|U|658|72|2|208|E2101|19|93|51|31|0|34|130|13|56|0|0|73|0|0|0|0|0|10|491|304|47|130|2024|4|25|15|50|12|1|N
21|1|603|C|6|0|U|727|72|2|208|E2101|24|0|0|0|0|0|0|0|0|0|0|0|0|0|0|0|0|0|0|0|0|0|2024|4|25|16|10|29|1|N
21|1|608|C|2|0|U|514|72|2|208|E2101|20|0|0|0|0|0|0|0|0|0|0|0|0|0|0|0|0|0|0|0|0|0|2024|4|25|15|54|25|1|N
21|1|612|C|2|0|M|730|72|2|208|E2101|31|0|0|0|0|0|0|0|0|0|0|0|0|0|0|0|0|0|0|0|0|0|2024|4|25|16|0|29|1|N
21|1|626|B|1|0|R|617|72|2|208|E2101|33|0|0|0|0|0|0|0|0|0|0|0|0|0|0|0|0|0|0|0|0|0||||||||
21|1|795|B|1|0|U|649|93|2|208|E2101|57|53|4|23|32|11|187|85|10|0|0|21|0|22|0|0|4|7|459|111|150|187|2024|4|25|15|21|1|4|N
21|1|885|C|1|0|U|425|110|1|208|E2101|62|0|0|0|0|0|0|0|0|0|0|0|0|0|0|0|0|0|0|0|0|0||||||||
21|1|913|B|1|0|M|620|112|1|208|E2101|70|0|0|0|0|0|0|0|0|0|0|0|0|0|0|0|0|0|0|0|0|0||||||||
21|1|921|C|1|0|R|554|112|1|208|E2101|75|0|0|0|0|0|0|0|0|0|0|0|0|0|0|0|0|0|0|0|0|0||||||||
21|1|2212|E|2|0|R|268|178|1|208|E2101|78|0|0|0|0|0|0|0|0|0|0|0|0|0|0|0|0|0|0|0|0|0||||||||
21|1|2255|E|1|0|R|646|183|2|208|E2101|84|0|0|0|0|0|0|0|0|0|0|0|0|0|0|0|0|0|0|0|0|0||||||||
21|1|2265|B|1|0|R|693|184|1|208|E2101|92|0|0|0|0|0|0|0|0|0|0|0|0|0|0|0|0|0|0|0|0|0||||||||
21|1|2333|C|2|0|U|543|194|1|208|E2101|96|0|0|0|0|0|0|0|0|0|0|0|0|0|0|0|0|0|0|0|0|0|2024|4|25|16|12|10|4|N
21|1|2337|B|1|0|R|193|194|1|208|E2101|98|0|0|0|0|0|0|0|0|0|0|0|0|0|0|0|0|0|0|0|0|0|2024|4|25|16|1|55|4|N
21|1|2341|B|1|0|R|254|194|1|208|E2101|99|0|0|0|0|0|0|0|0|0|0|0|0|0|0|0|0|0|0|0|0|0||||||||
21|1|2342|E|1|0|U|406|194|1|208|E2101|101|18|63|9|2|1|11|85|0|0|0|4|0|0|0|0|2|6|201|94|88|11|2024|4|25|15|48|7|4|N
21|1|2371|B|1|0|U|511|197|1|208|E2101|116|0|0|0|0|0|0|0|0|0|0|0|0|0|0|0|0|0|0|0|0|0||||||||
21|1|2372|C|2|0|U|685|197|1|208|E2101|114|0|0|0|0|0|0|0|0|0|0|0|0|0|0|0|0|0|0|0|0|0||||||||
21|1|2384|E|1|1|R|483|197|1|208|E2101|126|0|0|0|0|0|0|0|0|0|0|0|0|0|0|0|0|0|0|0|0|0||||||||
21|1|2387|E|1|0|R|334|197|1|208|E2101|128|0|0|0|0|0|0|0|0|0|0|0|0|0|0|0|0|0|0|0|0|0||||||||
21|1|2522|E|2|0|R|438|213|1|208|E2101|133|0|0|0|0|0|0|0|0|0|0|0|0|0|0|0|0|0|0|0|0|0||||||||
21|2|134|E|1|0|M|417|16|3|209|E2102|104|0|0|0|0|0|0|0|0|0|0|0|0|0|0|0|0|0|0|0|0|0||||||||
21|2|461|B|1|0|U|644|54|3|209|E2102|12|0|109|6|15|4|63|208|7|0|0|0|1|10|0|0|1|0|424|122|238|63|2024|4|25|15|17|22|4|N
21|2|467|C|2|0|U|677|54|3|209|E2102|17|12|56|171|40|4|73|177|2|0|0|0|0|1|0|0|4|8|548|241|222|73|2024|4|25|15|28|52|4|N
21|2|482|E|1|1|R|541|54|3|209|E2102|26|0|0|0|0|0|0|0|0|0|0|0|0|0|0|0|0|0|0|0|0|0|2024|4|25|16|11|6|1|N
21|2|566|B|1|0|R|559|69|3|209|E2102|9|0|0|0|0|0|0|0|0|0|0|0|0|0|0|0|0|0|0|0|0|0||||||||
21|2|632|C|1|0|M|457|73|4|209|E2102|78|0|0|0|0|0|0|0|0|0|0|0|0|0|0|0|0|0|0|0|0|0||||||||
21|2|696|C|2|0|M|734|80|3|209|E2102|89|0|0|0|0|0|0|0|0|0|0|0|0|0|0|0|0|0|0|0|0|0||||||||
21|2|715|E|1|1|R|549|85|3|209|E2102|125|0|0|0|0|0|0|0|0|0|0|0|0|0|0|0|0|0|0|0|0|0||||||||
21|2|723|C|1|0|R|497|85|3|209|E2102|130|0|0|0|0|0|0|0|0|0|0|0|0|0|0|0|0|0|0|0|0|0||||||||
21|2|728|B|1|0|U|738|86|4|209|E2102|84|14|22|7|0|11|135|99|0|0|0|31|0|0|0|0|2|0|321|74|110|135|2024|4|25|15|0|59|4|N
21|2|867|B|1|0|M|564|108|4|209|E2102|73|0|0|0|0|0|0|0|0|0|0|0|0|0|0|0|0|0|0|0|0|0||||||||
21|2|868|B|1|0|M|699|108|4|209|E2102|73|0|0|0|0|0|0|0|0|0|0|0|0|0|0|0|0|0|0|0|0|0||||||||
21|2|2118|B|1|0|U|741|171|3|209|E2102|109|2|87|112|0|82|87|230|14|0|0|0|0|0|0|0|0|12|626|215|312|87|2024|4|25|15|3|15|4|N
21|2|2119|B|1|0|R|582|171|3|209|E2102|106|0|0|0|0|0|0|0|0|0|0|0|0|0|0|0|0|0|0|0|0|0||||||||
21|2|2119|C|1|0|R|582|171|3|209|E2102|106|0|0|0|0|0|0|0|0|0|0|0|0|0|0|0|0|0|0|0|0|0||||||||
21|2|2125|C|1|0|R|559|171|3|209|E2102|102|0|0|0|0|0|0|0|0|0|0|0|0|0|0|0|0|0|0|0|0|0||||||||
21|2|2412|C|3|0|M|575|202|3|209|E2102|96|0|0|0|0|0|0|0|0|0|0|0|0|0|0|0|0|0|0|0|0|0||||||||
21|2|2465|C|1|0|U|730|208|2|209|E2102|40|4|106|51|0|22|270|90|1|39|0|3|0|3|0|0|0|4|593|204|115|270|2024|4|25|15|5|25|4|N
21|2|2466|B|1|0|U|663|208|2|209|E2102|42|5|30|17|48|21|19|229|5|0|0|30|0|0|0|0|1|10|415|87|298|19|2024|4|25|15|0|57|4|N
21|2|2474|B|1|0|R|551|208|2|209|E2102|55|0|0|0|0|0|0|0|0|0|0|0|0|0|0|0|0|0|0|0|0|0||||||||
21|2|2487|B|1|0|R|658|208|2|209|E2102|36|0|0|0|0|0|0|0|0|0|0|0|0|0|0|0|0|0|0|0|0|0||||||||
21|2|2499|C|2|0|U|548|210|3|209|E2102|86|0|0|0|0|0|0|0|0|0|0|0|0|0|0|0|0|0|0|0|0|0||||||||
21|2|2519|E|1|0|R|735|212|3|209|E2102|122|0|0|0|0|0|0|0|0|0|0|0|0|0|0|0|0|0|0|0|0|0||||||||
21|3|242|C|2|0|M|628|25|6|210|E2103|20|0|0|0|0|0|0|0|0|0|0|0|0|0|0|0|0|0|0|0|0|0||||||||
21|3|355|E|1|0|R|422|44|4|210|E2103|120|0|0|0|0|0|0|0|0|0|0|0|0|0|0|0|0|0|0|0|0|0||||||||
21|3|360|C|2|0|R|623|44|4|210|E2103|111|0|0|0|0|0|0|0|0|0|0|0|0|0|0|0|0|0|0|0|0|0||||||||
21|3|778|E|2|0|R|728|90|4|210|E2103|126|0|0|0|0|0|0|0|0|0|0|0|0|0|0|0|0|0|0|0|0|0|2024|4|25|16|3|22|1|N
21|3|2025|C|1|0|M|555|157|6|210|E2103|13|0|0|0|0|0|0|0|0|0|0|0|0|0|0|0|0|0|0|0|0|0||||||||
21|3|2027|C|1|0|R|505|157|6|210|E2103|12|0|0|0|0|0|0|0|0|0|0|0|0|0|0|0|0|0|0|0|0|0|2024|4|25|16|12|41|1|N
21|3|2136|E|1|1|U|628|173|6|210|E2103|34|0|0|0|0|0|0|0|0|0|0|0|0|0|0|0|0|0|0|0|0|0||||||||
21|3|2139|B|1|0|U|687|173|6|210|E2103|36|2|51|66|1|0|117|105|10|3|0|1|0|2|0|0|1|8|367|133|108|117|2024|4|25|15|38|54|4|N
21|3|2159|B|1|0|U|674|173|6|210|E2103|53|0|0|0|0|0|0|0|0|0|0|0|0|0|0|0|0|0|0|0|0|0||||||||
21|3|2167|B|1|0|R|644|173|6|210|E2103|23|0|0|0|0|0|0|0|0|0|0|0|0|0|0|0|0|0|0|0|0|0||||||||
21|3|2174|C|3|0|R|603|173|6|210|E2103|50|0|0|0|0|0|0|0|0|0|0|0|0|0|0|0|0|0|0|0|0|0|2024|4|25|16|6|25|1|N
21|3|2281|C|1|0|R|451|186|4|210|E2103|80|0|114|7|2|0|48|25|2|0|0|18|0|5|0|0|0|7|228|141|32|48|2024|4|25|15|26|37|1|N
21|3|2285|B|1|0|R|714|186|4|210|E2103|83|37|204|64|0|4|55|187|0|1|0|3|0|10|0|0|3|10|578|309|201|55|2024|4|25|15|51|47|1|N
21|3|2290|C|1|0|R|731|186|4|210|E2103|68|0|0|0|0|0|0|0|0|0|0|0|0|0|0|0|0|0|0|0|0|0||||||||
21|3|2294|C|1|0|M|698|186|4|210|E2103|86|9|66|4|20|0|69|95|1|0|0|39|0|0|0|0|2|7|312|119|115|69|2024|4|25|15|38|29|1|N
21|3|2436|B|1|0|M|717|207|4|210|E2103|102|0|0|0|0|0|0|0|0|0|0|0|0|0|0|0|0|0|0|0|0|0||||||||
21|3|2436|E|1|1|M|561|207|4|210|E2103|102|0|0|0|0|0|0|0|0|0|0|0|0|0|0|0|0|0|0|0|0|0||||||||
21|3|2439|B|1|0|R|545|207|4|210|E2103|108|50|11|4|11|24|156|17|6|5|0|21|0|8|0|0|1|7|321|97|60|156|2024|4|25|15|31|32|4|N
21|3|2452|C|2|0|R|721|207|4|210|E2103|97|78|62|20|77|19|71|268|0|0|0|1|0|14|0|13|4|4|631|161|391|71|2024|4|25|15|41|55|1|N
21|3|2507|B|1|0|R|437|211|4|210|E2103|91|0|0|0|0|0|0|0|0|0|0|0|0|0|0|0|0|0|0|0|0|0||||||||
21|3|2535|B|1|0|M|701|216|4|210|E2103|129|0|0|0|0|0|0|0|0|0|0|0|0|0|0|0|0|0|0|0|0|0|2024|4|25|15|58|37|1|N
21|3|2682|C|1|0|R|708|186|4|210|E2103|70|144|120|16|0|3|35|93|0|0|0|27|1|0|0|0|4|1|444|307|97|35|2024|4|25|15|20|28|1|N
21|3|2731|B|1|0|R|225|186|4|210|E2103|81|21|11|4|0|0|54|14|0|2|0|3|0|19|0|0|4|5|137|41|33|54|2024|4|25|15|29|22|1|N
21|4|366|E|1|0|R|443|45|5|211|E2104|103|0|0|0|0|0|0|0|0|0|0|0|0|0|0|0|0|0|0|0|0|0|2024|4|25|16|8|26|1|N
21|4|369|C|2|0|U|602|45|5|211|E2104|105|0|0|0|0|0|0|0|0|0|0|0|0|0|0|0|0|0|0|0|0|0||||||||
21|4|430|B|1|0|M|614|51|5|211|E2104|61|21|206|35|0|2|77|70|5|0|0|1|0|0|0|0|3|1|421|268|72|77|2024|4|25|15|25|51|1|N
21|4|491|B|1|0|M|707|55|6|211|E2104|121|0|0|0|0|0|0|0|0|0|0|0|0|0|0|0|0|0|0|0|0|0||||||||
21|4|495|C|3|0|R|695|55|6|211|E2104|122|0|0|0|0|0|0|0|0|0|0|0|0|0|0|0|0|0|0|0|0|0||||||||
21|4|508|B|1|0|R|583|59|5|211|E2104|49|0|0|0|0|0|0|0|0|0|0|0|0|0|0|0|0|0|0|0|0|0||||||||
21|4|555|S|1|0|U|0|68|5|211|E2104|36|0|0|0|0|0|0|0|0|0|0|0|0|0|0|0|0|0|0|0|0|0||||||||
21|4|802|C|1|0|U|569|95|5|211|E2104|44|21|91|11|7|0|104|148|0|1|0|2|1|1|0|0|3|4|394|126|157|104|2024|4|25|15|0|55|4|N
21|4|854|C|1|0|M|515|106|5|211|E2104|99|0|0|0|0|0|0|0|0|0|0|0|0|0|0|0|0|0|0|0|0|0|2024|4|25|15|55|43|1|N
21|4|855|B|1|0|M|539|106|5|211|E2104|100|0|0|0|0|0|0|0|0|0|0|0|0|0|0|0|0|0|0|0|0|0|2024|4|25|15|57|51|1|N
21|4|1635|B|1|0|R|650|117|5|211|E2104|59|0|0|0|0|0|0|0|0|0|0|0|0|0|0|0|0|0|0|0|0|0||||||||
21|4|1703|C|1|0|U|585|129|14|211|E2104|75|7|18|11|0|35|70|225|0|0|0|0|0|0|0|0|3|5|374|36|260|70|2024|4|25|14|13|53|4|N
21|4|1856|C|1|0|U|731|143|14|211|E2104|21|0|0|0|0|0|0|0|0|0|0|0|0|0|0|0|0|0|0|0|0|0|2024|4|25|15|53|14|4|N
21|4|1857|C|2|0|R|557|143|14|211|E2104|22|0|0|0|0|0|0|0|0|0|0|0|0|0|0|0|0|0|0|0|0|0||||||||
21|4|1891|C|1|0|U|401|151|14|211|E2104|10|1|25|16|0|44|29|87|0|0|0|0|36|0|0|0|2|11|251|42|167|29|2024|4|25|14|12|6|4|N
21|4|2115|C|1|0|R|578|169|5|211|E2104|83|0|87|24|22|2|189|26|6|9|0|8|0|0|0|0|2|3|378|134|50|189|2024|4|25|15|41|53|1|N
21|4|2220|C|1|0|U|690|179|5|211|E2104|24|0|0|0|0|0|0|0|0|0|0|0|0|0|0|0|0|0|0|0|0|0||||||||
21|4|2394|C|2|0|U|651|199|5|211|E2104|106|0|0|0|0|0|0|0|0|0|0|0|0|0|0|0|0|0|0|0|0|0||||||||
21|4|2398|C|1|0|R|673|199|5|211|E2104|113|0|0|0|0|0|0|0|0|0|0|0|0|0|0|0|0|0|0|0|0|0||||||||
21|4|2399|C|1|0|M|741|199|5|211|E2104|107|0|0|0|0|0|0|0|0|0|0|0|0|0|0|0|0|0|0|0|0|0||||||||
21|4|2680|C|3|0|R|662|55|6|211|E2104|126|0|0|0|0|0|0|0|0|0|0|0|0|0|0|0|0|0|0|0|0|0||||||||
21|4|2746|B|1|0|R|148|98|14|211|E2104|13|0|0|0|0|0|0|0|0|0|0|0|0|0|0|0|0|0|0|0|0|0||||||||
21|5|421|C|1|0|U|612|49|8|212|E2105|6|0|0|0|0|0|0|0|0|0|0|0|0|0|0|0|0|0|0|0|0|0||||||||
21|5|652|C|3|0|U|603|76|8|212|E2105|10|0|0|0|0|0|0|0|0|0|0|0|0|0|0|0|0|0|0|0|0|0||||||||
21|5|654|C|2|0|U|705|76|8|212|E2105|11|21|78|33|0|55|143|54|1|193|0|0|4|0|0|0|1|6|589|326|113|143|2024|4|25|15|41|31|4|N
21|5|657|C|9|0|U|718|76|8|212|E2105|16|30|137|163|2|0|54|31|6|3|0|107|0|4|0|0|5|2|544|446|37|54|2024|4|25|15|5|10|1|N
21|5|661|B|1|0|U|607|76|8|212|E2105|19|0|0|0|0|0|0|0|0|0|0|0|0|0|0|0|0|0|0|0|0|0||||||||
21|5|1721|C|2|0|U|688|133|7|212|E2105|41|0|71|24|200|32|51|38|0|0|0|6|0|0|0|0|4|1|427|101|270|51|2024|4|25|14|5|3|4|N
21|5|1733|C|1|0|U|522|133|7|212|E2105|48|0|0|0|0|0|0|0|0|0|0|0|0|0|0|0|0|0|0|0|0|0|2024|4|25|16|3|12|1|N
21|5|1742|C|1|0|U|742|133|7|212|E2105|54|0|0|0|0|0|0|0|0|0|0|0|0|0|0|0|0|0|0|0|0|0||||||||
21|5|1742|C|2|0|U|741|133|7|212|E2105|54|0|0|0|0|0|0|0|0|0|0|0|0|0|0|0|0|0|0|0|0|0||||||||
21|5|1747|B|1|0|U|620|133|7|212|E2105|57|0|0|0|0|0|0|0|0|0|0|0|0|0|0|0|0|0|0|0|0|0|2024|4|25|15|54|16|1|N
21|5|1757|C|2|0|U|716|133|7|212|E2105|67|0|0|0|0|0|0|0|0|0|0|0|0|0|0|0|0|0|0|0|0|0||||||||
21|5|1758|C|2|0|U|741|133|7|212|E2105|69|62|39|53|45|26|150|56|0|0|0|33|0|0|0|0|1|3|468|187|127|150|2024|4|25|11|24|38|4|N
21|5|1759|C|3|0|U|569|133|7|212|E2105|71|1|86|16|1|43|254|27|1|0|0|37|0|0|0|0|1|0|467|141|71|254|2024|4|25|14|15|6|4|N
21|5|1761|C|1|0|U|635|133|7|212|E2105|70|0|0|0|0|0|0|0|0|0|0|0|0|0|0|0|0|0|0|0|0|0||||||||
21|5|1778|B|1|0|U|605|135|7|212|E2105|89|39|1|51|0|10|206|134|0|0|0|23|0|0|0|0|0|0|464|114|144|206|2024|4|25|15|3|39|4|N
21|5|1779|C|1|0|U|728|135|7|212|E2105|88|0|0|0|0|0|0|0|0|0|0|0|0|0|0|0|0|0|0|0|0|0||||||||
21|5|1780|C|1|0|R|652|135|7|212|E2105|91|0|0|0|0|0|0|0|0|0|0|0|0|0|0|0|0|0|0|0|0|0||||||||
21|5|1794|C|2|0|U|607|139|22|212|E2105|98|38|146|12|0|6|160|74|0|0|0|18|0|6|0|0|4|11|475|214|86|160|2024|4|25|14|7|26|4|N
21|5|2249|C|2|0|U|636|181|8|212|E2105|124|46|170|26|0|1|125|26|41|0|0|0|0|0|0|0|4|4|443|283|27|125|2024|4|25|14|5|28|4|N
21|5|2250|C|2|0|U|625|181|8|212|E2105|124|3|97|134|28|36|75|42|0|0|0|37|1|0|0|2|0|5|460|271|109|75|2024|4|25|14|7|57|4|N
21|5|2772|B|1|0|U|695|133|7|212|E2105|84|0|0|0|0|0|0|0|0|0|0|0|0|0|0|0|0|0|0|0|0|0||||||||
21|5|2817|C|1|0|U|629|76|8|212|E2105|35|35|48|73|46|19|11|2|59|0|1|0|7|0|0|0|0|0|301|216|74|11|2024|4|25|15|30|5|4|N
21|6|1281|C|1|0|U|439|115|10|213|E2106|3|3|8|34|3|32|107|32|0|0|0|0|0|0|0|0|2|0|221|45|67|107|2024|4|25|15|17|32|4|N
21|6|1294|B|1|0|U|399|115|10|213|E2106|8|2|27|37|0|49|22|29|0|0|0|4|0|0|0|0|3|2|175|70|78|22|2024|4|25|15|8|34|4|N
21|6|1304|C|1|0|U|601|115|10|213|E2106|12|0|0|0|0|0|0|0|0|0|0|0|0|0|0|0|0|0|0|0|0|0||||||||
21|6|1306|C|1|0|U|670|115|10|213|E2106|9|0|0|0|0|0|0|0|0|0|0|0|0|0|0|0|0|0|0|0|0|0||||||||
21|6|1314|B|1|0|U|513|115|10|213|E2106|15|13|74|11|27|7|88|14|0|0|0|9|0|0|0|0|2|10|255|107|48|88|2024|4|25|15|36|28|4|N
21|6|1373|B|1|0|U|636|115|11|213|E2106|39|0|0|0|0|0|0|0|0|0|0|0|0|0|0|0|0|0|0|0|0|0||||||||
21|6|1375|C|4|0|U|681|115|10|213|E2106|42|35|169|1|0|2|63|131|0|0|0|3|0|0|0|0|0|3|407|208|133|63|2024|4|25|15|6|27|4|N
21|6|1404|C|1|0|U|602|115|11|213|E2106|61|47|25|47|2|14|124|131|16|0|0|1|2|0|0|3|5|6|423|136|152|124|2024|4|25|15|4|17|4|N
21|6|1410|C|7|0|U|684|115|11|213|E2106|69|0|0|0|0|0|0|0|0|0|0|0|0|0|0|0|0|0|0|0|0|0||||||||
21|6|1412|C|2|0|U|684|115|11|213|E2106|75|0|0|0|0|0|0|0|0|0|0|0|0|0|0|0|0|0|0|0|0|0||||||||
21|6|1413|C|4|0|U|695|115|11|213|E2106|77|0|0|0|0|0|0|0|0|0|0|0|0|0|0|0|0|0|0|0|0|0||||||||
21|6|1413|E|1|0|U|690|115|11|213|E2106|78|9|24|64|2|5|55|269|11|0|0|0|0|0|0|0|2|0|441|108|276|55|2024|4|25|15|5|56|4|N
21|6|1418|B|1|0|U|740|115|11|213|E2106|90|0|0|0|0|0|0|0|0|0|0|0|0|0|0|0|0|0|0|0|0|0||||||||
21|6|1421|C|1|0|U|725|115|11|213|E2106|93|0|0|0|0|0|0|0|0|0|0|0|0|0|0|0|0|0|0|0|0|0|2024|4|25|16|11|7|1|N
21|6|1546|C|1|0|U|426|115|16|213|E2106|97|33|55|8|0|88|61|114|0|0|0|4|5|4|0|0|4|1|377|100|211|61|2024|4|25|15|49|18|1|N
21|6|1578|C|1|0|U|587|115|16|213|E2106|103|0|0|0|0|0|0|0|0|0|0|0|0|0|0|0|0|0|0|0|0|0||||||||
21|6|1587|C|1|0|U|695|115|11|213|E2106|107|0|0|0|0|0|0|0|0|0|0|0|0|0|0|0|0|0|0|0|0|0|2024|4|25|16|13|41|1|N
21|6|2622|C|2|0|U|596|115|10|213|E2106|113|0|0|0|0|0|0|0|0|0|0|0|0|0|0|0|0|0|0|0|0|0||||||||
21|6|2623|B|1|0|U|641|115|10|213|E2106|114|0|0|0|0|0|0|0|0|0|0|0|0|0|0|0|0|0|0|0|0|0||||||||
21|6|2628|B|1|0|U|712|115|10|213|E2106|117|48|74|18|0|9|36|152|12|0|0|21|0|0|0|2|2|10|384|173|163|36|2024|4|25|15|3|1|4|N
21|6|2820|C|1|0|U|661|115|11|213|E2106|120|0|0|0|0|0|0|0|0|0|0|0|0|0|0|0|0|0|0|0|0|0||||||||
21|6|2822|C|1|0|U|581|115|11|213|E2106|122|11|42|5|0|56|100|71|21|0|0|0|0|1|0|0|1|0|308|79|128|100|2024|4|25|15|29|30|4|N
21|6|2831|C|2|0|U|654|115|11|213|E2106|130|0|0|0|0|0|0|0|0|0|0|0|0|0|0|0|0|0|0|0|0|0||||||||
21|7|6|C|2|0|M|719|1|12|214|E2107|6|70|18|10|0|4|63|12|0|0|0|8|0|0|0|0|2|4|191|106|16|63|2024|4|25|14|14|36|1|N
21|7|8|C|3|0|U|705|1|12|214|E2107|8|0|0|0|0|0|0|0|0|0|0|0|0|0|0|0|0|0|0|0|0|0||||||||
21|7|19|B|1|0|U|510|1|12|214|E2107|19|0|0|0|0|0|0|0|0|0|0|0|0|0|0|0|0|0|0|0|0|0||||||||
21|7|118|C|2|0|U|708|15|12|214|E2107|23|2|6|9|0|0|13|6|0|0|0|4|0|4|0|0|4|6|54|21|10|13|2024|4|25|15|40|56|4|N
21|7|119|B|1|0|U|613|15|12|214|E2107|26|4|82|50|0|60|108|27|1|0|0|21|0|32|0|0|1|11|397|158|119|108|2024|4|25|14|5|26|4|N
21|7|126|C|1|0|U|653|15|12|214|E2107|48|0|0|0|0|0|0|0|0|0|0|0|0|0|0|0|0|0|0|0|0|0||||||||
21|7|132|C|6|0|M|733|15|12|214|E2107|31|0|0|0|0|0|0|0|0|0|0|0|0|0|0|0|0|0|0|0|0|0||||||||
21|7|222|C|1|0|M|583|20|13|214|E2107|54|0|0|0|0|0|0|0|0|0|0|0|0|0|0|0|0|0|0|0|0|0||||||||
21|7|318|C|4|0|M|599|39|13|214|E2107|97|0|0|0|0|0|0|0|0|0|0|0|0|0|0|0|0|0|0|0|0|0||||||||
21|7|824|B|1|0|U|723|99|13|214|E2107|95|0|0|0|0|0|0|0|0|0|0|0|0|0|0|0|0|0|0|0|0|0||||||||
21|7|1648|B|1|0|U|632|119|13|214|E2107|71|152|76|5|33|21|34|127|2|0|0|39|0|0|0|0|5|12|506|274|181|34|2024|4|25|15|33|20|4|N
21|7|2060|C|2|0|U|525|163|13|214|E2107|87|0|0|0|0|0|0|0|0|0|0|0|0|0|0|0|0|0|0|0|0|0||||||||
21|7|2063|C|2|0|M|734|163|13|214|E2107|90|0|0|0|0|0|0|0|0|0|0|0|0|0|0|0|0|0|0|0|0|0||||||||
21|7|2072|B|1|0|U|679|163|13|214|E2107|103|0|0|0|0|0|0|0|0|0|0|0|0|0|0|0|0|0|0|0|0|0|2024|4|25|16|14|47|1|N
21|7|2076|C|2|0|M|701|163|13|214|E2107|110|0|0|0|0|0|0|0|0|0|0|0|0|0|0|0|0|0|0|0|0|0||||||||
21|7|2550|C|1|0|U|507|115|12|214|E2107|42|0|0|0|0|0|0|0|0|0|0|0|0|0|0|0|0|0|0|0|0|0||||||||
21|7|2695|B|1|0|R|401|41|12|214|E2107|63|0|0|0|0|0|0|0|0|0|0|0|0|0|0|0|0|0|0|0|0|0||||||||
21|7|2836|B|1|0|U|627|15|12|214|E2107|46|0|0|0|0|0|0|0|0|0|0|0|0|0|0|0|0|0|0|0|0|0||||||||
21|7|2839|C|1|0|M|720|15|12|214|E2107|46|0|0|0|0|0|0|0|0|0|0|0|0|0|0|0|0|0|0|0|0|0||||||||
21|7|2913|C|1|0|U|504|163|13|214|E2107|109|0|0|0|0|0|0|0|0|0|0|0|0|0|0|0|0|0|0|0|0|0||||||||
21|8|46|C|1|0|U|699|4|13|215|E2108|2|19|66|0|1|0|74|214|1|34|0|26|0|1|0|0|1|10|447|146|216|74|2024|4|25|14|16|11|4|N
21|8|51|C|1|0|U|629|4|13|215|E2108|7|0|0|0|0|0|0|0|0|0|0|0|0|0|0|0|0|0|0|0|0|0||||||||
21|8|57|C|4|0|M|641|4|13|215|E2108|14|0|0|0|0|0|0|0|0|0|0|0|0|0|0|0|0|0|0|0|0|0||||||||
21|8|105|C|1|0|M|627|12|14|215|E2108|43|0|0|0|0|0|0|0|0|0|0|0|0|0|0|0|0|0|0|0|0|0||||||||
21|8|534|B|1|0|R|401|64|14|215|E2108|24|0|0|0|0|0|0|0|0|0|0|0|0|0|0|0|0|0|0|0|0|0||||||||
21|8|898|C|2|0|M|512|111|15|215|E2108|73|0|0|0|0|0|0|0|0|0|0|0|0|0|0|0|0|0|0|0|0|0||||||||
21|8|901|C|1|0|U|674|111|15|215|E2108|68|0|0|0|0|0|0|0|0|0|0|0|0|0|0|0|0|0|0|0|0|0||||||||
21|8|901|C|3|0|U|673|111|15|215|E2108|68|0|0|0|0|0|0|0|0|0|0|0|0|0|0|0|0|0|0|0|0|0||||||||
21|8|905|C|2|0|M|536|111|15|215|E2108|79|0|0|0|0|0|0|0|0|0|0|0|0|0|0|0|0|0|0|0|0|0||||||||
21|8|908|B|1|0|M|560|111|15|215|E2108|75|0|0|0|0|0|0|0|0|0|0|0|0|0|0|0|0|0|0|0|0|0||||||||
21|8|910|B|1|0|M|580|111|15|215|E2108|77|0|0|0|0|0|0|0|0|0|0|0|0|0|0|0|0|0|0|0|0|0||||||||
21|8|910|C|1|0|M|580|111|15|215|E2108|77|0|0|0|0|0|0|0|0|0|0|0|0|0|0|0|0|0|0|0|0|0||||||||
21|8|1619|B|1|0|M|694|116|15|215|E2108|62|0|0|0|0|0|0|0|0|0|0|0|0|0|0|0|0|0|0|0|0|0||||||||
21|8|1621|C|1|0|U|644|116|15|215|E2108|64|73|126|43|23|1|29|176|9|0|0|6|0|0|0|0|0|11|497|257|200|29|2024|4|25|15|11|48|4|N
21|8|1868|C|4|0|U|617|145|15|215|E2108|81|0|0|0|0|0|0|0|0|0|0|0|0|0|0|0|0|0|0|0|0|0||||||||
21|8|1869|C|1|0|U|726|145|15|215|E2108|82|0|0|0|0|0|0|0|0|0|0|0|0|0|0|0|0|0|0|0|0|0||||||||
21|8|1906|C|2|0|M|674|153|15|215|E2108|91|0|0|0|0|0|0|0|0|0|0|0|0|0|0|0|0|0|0|0|0|0||||||||
21|8|1918|C|3|0|M|583|153|15|215|E2108|89|0|0|0|0|0|0|0|0|0|0|0|0|0|0|0|0|0|0|0|0|0||||||||
21|8|2425|C|2|0|M|630|205|15|215|E2108|109|0|0|0|0|0|0|0|0|0|0|0|0|0|0|0|0|0|0|0|0|0||||||||
21|8|2704|B|1|0|R|579|153|15|215|E2108|105|0|0|0|0|0|0|0|0|0|0|0|0|0|0|0|0|0|0|0|0|0||||||||
21|9|941|B|1|0|U|705|115|17|216|E2109|101|0|0|0|0|0|0|0|0|0|0|0|0|0|0|0|0|0|0|0|0|0||||||||
21|9|943|B|1|0|U|668|115|17|216|E2109|101|5|90|7|35|65|138|156|11|0|0|4|2|0|0|0|4|7|524|117|258|138|2024|4|25|14|17|29|4|N
21|9|947|B|1|0|U|558|115|9|216|E2109|107|0|0|0|0|0|0|0|0|0|0|0|0|0|0|0|0|0|0|0|0|0||||||||
21|9|950|B|1|0|U|693|115|9|216|E2109|116|0|0|0|0|0|0|0|0|0|0|0|0|0|0|0|0|0|0|0|0|0||||||||
21|9|957|C|1|0|U|530|115|17|216|E2109|101|0|0|0|0|0|0|0|0|0|0|0|0|0|0|0|0|0|0|0|0|0||||||||
21|9|976|C|1|0|U|627|115|9|216|E2109|110|58|104|10|0|0|81|45|12|0|0|179|0|8|0|0|2|5|504|363|53|81|2024|4|25|14|16|21|4|N
21|9|977|C|2|0|U|663|115|9|216|E2109|113|0|0|0|0|0|0|0|0|0|0|0|0|0|0|0|0|0|0|0|0|0||||||||
21|9|996|C|1|0|U|654|115|17|216|E2109|93|0|0|0|0|0|0|0|0|0|0|0|0|0|0|0|0|0|0|0|0|0||||||||
21|9|1011|C|1|0|U|590|115|17|216|E2109|52|0|0|0|0|0|0|0|0|0|0|0|0|0|0|0|0|0|0|0|0|0||||||||
21|9|1012|B|1|0|U|535|115|17|216|E2109|58|0|0|0|0|0|0|0|0|0|0|0|0|0|0|0|0|0|0|0|0|0||||||||
21|9|1022|C|1|0|U|400|115|17|216|E2109|81|0|0|0|0|0|0|0|0|0|0|0|0|0|0|0|0|0|0|0|0|0||||||||
21|9|1025|B|1|0|U|720|115|17|216|E2109|94|128|36|25|0|15|216|109|0|1|0|1|0|13|0|0|1|4|549|191|137|216|2024|4|25|15|42|58|1|N
21|9|1029|B|1|0|U|436|115|9|216|E2109|47|4|31|47|12|3|104|33|0|1|0|9|15|1|0|0|1|2|263|92|64|104|2024|4|25|14|15|39|4|N
21|9|1038|C|1|0|U|517|115|17|216|E2109|77|0|0|0|0|0|0|0|0|0|0|0|0|0|0|0|0|0|0|0|0|0||||||||
21|9|1045|C|1|0|U|731|115|17|216|E2109|54|0|0|0|0|0|0|0|0|0|0|0|0|0|0|0|0|0|0|0|0|0|2024|4|25|15|52|44|1|N
21|9|1046|C|1|0|U|657|115|9|216|E2109|54|0|0|0|0|0|0|0|0|0|0|0|0|0|0|0|0|0|0|0|0|0|2024|4|25|16|2|56|1|N
21|9|1053|B|1|0|U|723|115|17|216|E2109|41|142|66|2|3|11|18|110|28|0|0|1|0|0|0|0|5|4|390|239|124|18|2024|4|25|14|14|31|4|N
21|9|1090|C|1|0|U|556|115|17|216|E2109|131|0|0|0|0|0|0|0|0|0|0|0|0|0|0|0|0|0|0|0|0|0||||||||
21|9|1092|C|2|0|U|743|115|9|216|E2109|122|0|0|0|0|0|0|0|0|0|0|0|0|0|0|0|0|0|0|0|0|0||||||||
21|9|1093|C|1|0|U|625|115|9|216|E2109|123|0|0|0|0|0|0|0|0|0|0|0|0|0|0|0|0|0|0|0|0|0|2024|4|25|16|7|25|1|N
21|9|1123|C|1|0|U|406|115|17|216|E2109|144|51|24|10|29|0|146|13|0|0|0|0|75|0|0|0|5|4|357|85|117|146|2024|4|25|15|50|44|1|N
21|9|1134|B|1|0|U|560|115|17|216|E2109|152|0|0|0|0|0|0|0|0|0|0|0|0|0|0|0|0|0|0|0|0|0||||||||
21|9|1155|B|1|0|U|637|115|17|216|E2109|136|0|0|0|0|0|0|0|0|0|0|0|0|0|0|0|0|0|0|0|0|0||||||||
21|9|1159|B|1|0|U|468|115|17|216|E2109|158|62|40|21|0|0|76|111|0|0|0|0|0|0|0|0|5|9|324|123|111|76|2024|4|25|15|25|57|1|N
21|9|1286|B|1|0|U|562|115|17|216|E2109|82|27|18|29|0|0|169|89|21|0|0|0|0|2|0|0|1|8|364|95|91|169|2024|4|25|14|8|58|4|N
21|9|1365|B|1|0|U|584|115|10|216|E2109|66|7|92|46|111|5|103|116|22|0|0|9|0|0|0|0|0|10|521|176|232|103|2024|4|25|14|12|57|4|N
21|9|2780|C|3|0|U|714|115|10|216|E2109|30|64|37|165|0|0|96|154|0|0|0|0|0|23|0|0|2|10|551|266|177|96|2024|4|25|14|13|54|4|N
21|9|2781|C|4|0|U|608|115|10|216|E2109|31|0|0|0|0|0|0|0|0|0|0|0|0|0|0|0|0|0|0|0|0|0||||||||
21|10|325|C|14|0|U|739|42|9|217|E2110|16|22|58|24|4|18|46|209|0|0|0|95|0|0|0|0|3|6|485|199|231|46|2024|4|25|15|45|8|1|N
21|10|326|C|4|0|U|695|42|9|217|E2110|20|105|24|59|4|52|209|57|1|0|0|3|0|0|0|0|4|4|522|192|113|209|2024|4|25|15|46|20|1|N
21|10|332|C|3|0|U|695|42|9|217|E2110|4|9|36|65|1|2|145|69|0|12|0|2|70|0|0|0|2|10|423|124|142|145|2024|4|25|15|49|20|1|N
21|10|339|E|1|11|U|709|42|9|217|E2110|33|9|145|25|0|41|23|213|0|0|0|0|0|0|0|0|4|1|461|179|254|23|2024|4|25|15|51|50|1|N
21|10|1658|B|1|0|U|661|120|18|217|E2110|104|7|78|89|0|18|110|51|0|3|0|1|0|0|0|0|4|3|364|178|69|110|2024|4|25|15|2|41|4|N
21|10|1663|C|13|0|U|700|120|18|217|E2110|95|0|0|0|0|0|0|0|0|0|0|0|0|0|0|0|0|0|0|0|0|0|2024|4|25|15|58|41|1|N
21|10|1665|C|10|0|U|698|120|18|217|E2110|84|0|35|21|0|32|186|101|71|0|0|1|0|32|0|0|1|10|490|128|165|186|2024|4|25|15|51|50|1|N
21|10|1666|B|1|0|U|726|120|18|217|E2110|105|0|0|0|0|0|0|0|0|0|0|0|0|0|0|0|0|0|0|0|0|0|2024|4|25|16|1|23|1|N
21|10|1691|B|1|0|U|641|126|21|217|E2110|124|22|24|23|0|98|51|196|0|0|0|51|0|1|0|0|5|12|483|120|295|51|2024|4|25|12|38|4|4|N
21|10|1695|C|2|0|U|729|127|21|217|E2110|127|89|180|67|0|22|35|66|1|0|0|1|0|0|0|0|5|6|472|338|88|35|2024|4|25|12|11|25|4|N
21|10|1801|S|1|0|U|0|141|18|217|E2110|62|1|121|41|0|22|75|81|0|0|0|0|0|32|0|0|0|5|378|163|135|75|2024|4|25|12|32|42|4|N
21|10|1803|B|1|0|U|691|141|18|217|E2110|66|0|0|0|0|0|0|0|0|0|0|0|0|0|0|0|0|0|0|0|0|0|2024|4|25|15|55|37|4|N
21|10|1810|B|1|0|U|513|141|18|217|E2110|61|42|35|52|8|2|7|2|89|57|0|0|0|0|0|3|0|0|297|275|15|7|2024|4|25|15|30|29|1|N
21|10|1823|C|1|0|U|720|141|18|217|E2110|48|43|205|41|0|0|103|207|0|2|0|22|0|0|0|0|3|5|631|313|207|103|2024|4|25|15|2|20|4|N
21|10|1828|C|3|0|U|635|141|18|217|E2110|54|1|18|19|1|15|276|156|4|0|0|0|19|1|0|0|0|7|517|42|192|276|2024|4|25|15|23|43|1|N
21|10|1830|C|3|0|U|655|141|18|217|E2110|44|29|176|28|0|32|42|212|1|0|0|4|1|0|0|0|3|5|533|238|245|42|2024|4|25|15|9|23|4|N
21|10|1845|B|1|0|U|691|141|18|217|E2110|35|4|73|46|1|8|60|279|0|0|0|0|0|0|0|0|2|7|480|123|288|60|2024|4|25|15|4|19|4|N
21|10|2647|C|1|0|U|630|120|18|217|E2110|89|0|0|0|0|0|0|0|0|0|0|0|0|0|0|0|0|0|0|0|0|0|2024|4|25|16|14|56|1|N
21|10|2647|C|2|0|U|630|120|18|217|E2110|89|0|0|0|0|0|0|0|0|0|0|0|0|0|0|0|0|0|0|0|0|0||||||||
21|10|2753|B|1|0|U|406|120|18|217|E2110|122|5|22|36|3|0|58|71|0|0|0|4|0|0|0|0|1|5|205|67|74|58|2024|4|25|15|8|38|4|N
21|10|2789|C|3|0|U|572|141|18|217|E2110|72|17|62|51|10|13|100|45|19|0|0|31|0|0|0|0|1|4|353|180|68|100|2024|4|25|15|45|10|4|N
21|10|2791|C|2|0|U|690|141|18|217|E2110|79|26|60|44|0|0|177|153|0|0|0|1|0|0|0|0|4|11|476|131|153|177|2024|4|25|15|27|51|4|N
21|11|1166|B|1|0|U|407|115|17|218|E2111|1|0|0|0|0|0|0|0|0|0|0|0|0|0|0|0|0|0|0|0|0|0||||||||
21|11|1166|C|1|0|U|406|115|17|218|E2111|1|0|0|0|0|0|0|0|0|0|0|0|0|0|0|0|0|0|0|0|0|0||||||||
21|11|1169|B|1|0|U|582|115|17|218|E2111|3|0|0|0|0|0|0|0|0|0|0|0|0|0|0|0|0|0|0|0|0|0||||||||
21|11|1169|C|1|0|U|582|115|17|218|E2111|3|0|0|0|0|0|0|0|0|0|0|0|0|0|0|0|0|0|0|0|0|0||||||||
21|11|1188|S|2|0|U|0|115|19|218|E2111|9|0|0|0|0|0|0|0|0|0|0|0|0|0|0|0|0|0|0|0|0|0||||||||
21|11|1197|C|3|0|U|730|115|17|218|E2111|24|28|67|47|3|44|186|121|22|0|0|78|0|1|0|0|1|4|602|242|169|186|2024|4|25|15|41|59|4|N
21|11|1211|C|3|0|U|613|115|17|218|E2111|40|0|0|0|0|0|0|0|0|0|0|0|0|0|0|0|0|0|0|0|0|0||||||||
21|11|1212|C|3|0|U|716|115|20|218|E2111|59|0|0|0|0|0|0|0|0|0|0|0|0|0|0|0|0|0|0|0|0|0||||||||
21|11|1214|C|3|0|U|728|115|20|218|E2111|60|27|169|58|5|0|38|67|0|0|0|39|0|0|0|0|1|8|412|293|72|38|2024|4|25|15|44|3|4|N
21|11|1216|B|1|0|U|626|115|19|218|E2111|55|0|0|0|0|0|0|0|0|0|0|0|0|0|0|0|0|0|0|0|0|0||||||||
21|11|1225|B|1|0|U|696|115|19|218|E2111|53|98|23|57|2|0|98|62|3|0|0|1|8|14|0|0|3|12|381|182|86|98|2024|4|25|15|9|24|4|N
21|11|1230|B|1|0|U|436|115|19|218|E2111|56|0|0|0|0|0|0|0|0|0|0|0|0|0|0|0|0|0|0|0|0|0||||||||
21|11|1236|B|1|0|U|538|115|19|218|E2111|72|3|33|47|14|8|121|136|17|0|0|0|5|0|0|5|0|2|391|100|168|121|2024|4|25|15|36|44|4|N
21|11|2559|C|1|0|U|427|115|19|218|E2111|81|0|0|0|0|0|0|0|0|0|0|0|0|0|0|0|0|0|0|0|0|0||||||||
21|11|2566|B|1|0|U|665|115|19|218|E2111|77|0|0|0|0|0|0|0|0|0|0|0|0|0|0|0|0|0|0|0|0|0||||||||
21|11|2567|C|1|0|U|655|115|19|218|E2111|77|0|0|0|0|0|0|0|0|0|0|0|0|0|0|0|0|0|0|0|0|0||||||||
21|11|2575|C|1|0|U|625|115|19|218|E2111|112|0|0|0|0|0|0|0|0|0|0|0|0|0|0|0|0|0|0|0|0|0|2024|4|25|15|53|50|1|N
21|11|2596|B|1|0|U|413|115|20|218|E2111|90|1|42|10|0|2|95|42|0|0|0|3|0|0|0|0|4|3|202|56|44|95|2024|4|25|15|43|23|4|N
21|11|2604|B|1|0|U|558|115|20|218|E2111|91|0|0|0|0|0|0|0|0|0|0|0|0|0|0|0|0|0|0|0|0|0||||||||
21|11|2605|C|1|0|U|419|115|20|218|E2111|93|9|21|77|0|39|28|22|0|7|0|6|2|0|0|0|5|3|219|120|63|28|2024|4|25|15|33|46|4|N
21|11|2667|B|1|0|U|661|115|19|218|E2111|116|0|0|0|0|0|0|0|0|0|0|0|0|0|0|0|0|0|0|0|0|0||||||||
21|11|2667|C|1|0|U|661|115|19|218|E2111|116|0|0|0|0|0|0|0|0|0|0|0|0|0|0|0|0|0|0|0|0|0||||||||
21|11|2668|B|1|0|U|680|115|19|218|E2111|123|0|0|0|0|0|0|0|0|0|0|0|0|0|0|0|0|0|0|0|0|0||||||||
21|12|1111|C|1|0|U|478|115|17|219|E2112|4|11|228|6|1|7|87|37|0|0|0|11|0|0|0|0|1|9|398|256|45|87|2024|4|25|14|15|48|4|N
21|12|1113|B|1|0|U|261|115|17|219|E2112|5|0|0|0|0|0|0|0|0|0|0|0|0|0|0|0|0|0|0|0|0|0||||||||
21|12|1263|B|1|0|U|317|115|17|219|E2112|2|20|25|22|0|44|22|19|0|0|0|0|0|24|0|0|5|1|182|67|87|22|2024|4|25|14|6|7|1|N
21|12|1279|B|1|0|U|616|115|16|219|E2112|25|22|25|11|14|139|80|142|0|0|0|1|0|0|0|0|5|7|446|59|295|80|2024|4|25|15|24|51|4|N
21|12|1433|C|1|0|U|501|115|17|219|E2112|19|11|54|66|0|36|59|166|0|1|0|9|0|0|0|0|5|5|412|141|202|59|2024|4|25|14|17|23|1|N
21|12|1435|B|1|0|U|417|115|17|219|E2112|6|0|0|0|0|0|0|0|0|0|0|0|0|0|0|0|0|0|0|0|0|0||||||||
21|12|1452|B|1|0|U|505|115|17|219|E2112|9|0|0|0|0|0|0|0|0|0|0|0|0|0|0|0|0|0|0|0|0|0||||||||
21|12|1453|B|1|0|U|625|115|17|219|E2112|16|0|0|0|0|0|0|0|0|0|0|0|0|0|0|0|0|0|0|0|0|0||||||||
21|12|1461|B|1|0|U|391|115|16|219|E2112|50|13|63|7|14|41|34|118|1|0|0|0|0|3|0|0|3|6|303|84|176|34|2024|4|25|14|7|28|4|N
21|12|1473|C|2|0|U|600|115|17|219|E2112|13|6|94|12|0|24|80|125|0|0|0|0|0|0|0|0|1|6|348|112|149|80|2024|4|25|14|14|16|4|N
21|12|1494|B|1|0|U|613|115|16|219|E2112|52|60|60|8|2|0|89|170|1|0|0|73|0|0|0|0|2|3|468|202|172|89|2024|4|25|14|4|42|4|N
21|12|1495|B|1|0|U|395|115|16|219|E2112|54|0|0|0|0|0|0|0|0|0|0|0|0|0|0|0|0|0|0|0|0|0||||||||
21|12|1521|B|1|0|U|551|115|16|219|E2112|58|0|0|0|0|0|0|0|0|0|0|0|0|0|0|0|0|0|0|0|0|0||||||||
21|12|1528|C|1|0|U|386|115|16|219|E2112|62|0|0|0|0|0|0|0|0|0|0|0|0|0|0|0|0|0|0|0|0|0||||||||
21|12|1531|B|1|0|U|701|115|16|219|E2112|62|70|115|30|34|1|38|79|1|30|0|1|0|0|0|0|4|6|409|247|114|38|2024|4|25|14|4|26|4|N
21|12|1554|C|1|0|U|653|115|16|219|E2112|73|0|0|0|0|0|0|0|0|0|0|0|0|0|0|0|0|0|0|0|0|0||||||||
21|12|1588|C|3|0|U|712|115|16|219|E2112|92|0|0|0|0|0|0|0|0|0|0|0|0|0|0|0|0|0|0|0|0|0||||||||
21|12|1591|C|5|0|U|717|115|20|219|E2112|119|35|41|43|3|13|187|199|0|0|0|9|0|0|0|0|3|3|536|128|215|187|2024|4|25|14|5|57|4|N
21|12|1603|C|2|0|U|713|115|20|219|E2112|101|51|168|3|5|40|128|86|0|0|0|23|0|0|0|0|2|2|508|245|131|128|2024|4|25|15|7|4|4|N
21|12|1604|C|5|0|U|664|115|20|219|E2112|104|19|56|9|0|2|288|89|0|0|0|28|0|11|0|2|0|9|513|112|104|288|2024|4|25|14|12|46|4|N
21|12|1605|C|6|0|U|715|115|20|219|E2112|106|0|0|0|0|0|0|0|0|0|0|0|0|0|0|0|0|0|0|0|0|0|2024|4|25|16|0|58|4|N
21|12|2618|C|1|0|U|404|115|20|219|E2112|121|42|26|49|0|6|85|85|0|0|0|0|0|0|0|0|4|5|302|117|91|85|2024|4|25|14|14|30|4|N
21|12|2658|C|1|0|U|625|115|20|219|E2112|134|27|87|70|0|0|176|86|1|0|0|79|7|19|0|11|5|2|570|264|123|176|2024|4|25|15|27|5|4|N
21|12|2699|B|1|0|R|408|115|20|219|E2112|140|0|0|0|0|0|0|0|0|0|0|0|0|0|0|0|0|0|0|0|0|0|2024|4|25|16|0|0|1|N
21|12|2754|B|1|0|R|451|115|20|219|E2112|136|0|0|0|0|0|0|0|0|0|0|0|0|0|0|0|0|0|0|0|0|0|2024|4|25|15|55|9|1|N
21|12|2833|B|1|0|U|593|115|16|219|E2112|98|0|0|0|0|0|0|0|0|0|0|0|0|0|0|0|0|0|0|0|0|0||||||||
21|13|158|B|1|0|M|546|19|21|220|E2113|56|0|0|0|0|0|0|0|0|0|0|0|0|0|0|0|0|0|0|0|0|0||||||||
21|13|164|C|2|0|U|716|19|21|220|E2113|76|8|20|63|0|0|142|183|0|0|0|13|0|33|0|4|1|1|468|104|220|142|2024|4|25|15|40|14|4|N
21|13|185|C|1|0|U|705|19|21|220|E2113|77|0|0|0|0|0|0|0|0|0|0|0|0|0|0|0|0|0|0|0|0|0||||||||
21|13|193|B|1|0|U|507|19|21|220|E2113|85|0|0|0|0|0|0|0|0|0|0|0|0|0|0|0|0|0|0|0|0|0||||||||
21|13|194|S|1|0|U|0|19|21|220|E2113|84|0|0|0|0|0|0|0|0|0|0|0|0|0|0|0|0|0|0|0|0|0||||||||
21|13|195|C|1|0|M|525|19|21|220|E2113|69|0|0|0|0|0|0|0|0|0|0|0|0|0|0|0|0|0|0|0|0|0||||||||
21|13|202|C|2|0|M|714|19|21|220|E2113|66|0|0|0|0|0|0|0|0|0|0|0|0|0|0|0|0|0|0|0|0|0||||||||
21|13|208|C|2|0|R|651|19|21|220|E2113|42|0|0|0|0|0|0|0|0|0|0|0|0|0|0|0|0|0|0|0|0|0||||||||
21|13|213|C|1|0|U|680|19|21|220|E2113|64|28|130|9|0|15|132|110|83|3|0|89|0|4|0|0|1|12|616|342|129|132|2024|4|25|14|17|58|4|N
21|13|250|C|1|0|U|511|26|8|220|E2113|28|53|112|2|0|0|41|93|0|0|0|21|0|0|0|0|3|4|329|188|93|41|2024|4|25|15|0|57|4|N
21|13|292|C|1|0|U|734|35|8|220|E2113|10|0|0|0|0|0|0|0|0|0|0|0|0|0|0|0|0|0|0|0|0|0||||||||
21|13|575|C|1|0|R|561|70|22|220|E2113|92|0|0|0|0|0|0|0|0|0|0|0|0|0|0|0|0|0|0|0|0|0||||||||
21|13|786|C|5|0|U|644|92|8|220|E2113|24|0|0|0|0|0|0|0|0|0|0|0|0|0|0|0|0|0|0|0|0|0|2024|4|25|16|12|45|1|N
21|13|787|C|2|0|U|703|92|8|220|E2113|23|0|0|0|0|0|0|0|0|0|0|0|0|0|0|0|0|0|0|0|0|0||||||||
21|13|789|B|1|0|U|691|92|8|220|E2113|20|0|0|0|0|0|0|0|0|0|0|0|0|0|0|0|0|0|0|0|0|0||||||||
21|13|791|C|4|0|U|693|92|8|220|E2113|25|57|82|23|2|52|131|72|14|0|0|1|0|0|0|0|4|9|447|177|126|131|2024|4|25|15|30|49|4|N
21|13|838|C|3|0|U|633|103|21|220|E2113|30|0|0|0|0|0|0|0|0|0|0|0|0|0|0|0|0|0|0|0|0|0|2024|4|25|16|11|53|4|N
21|13|2175|C|1|0|U|474|174|21|220|E2113|35|0|0|0|0|0|0|0|0|0|0|0|0|0|0|0|0|0|0|0|0|0||||||||
21|13|2179|B|1|0|R|487|174|21|220|E2113|34|0|0|0|0|0|0|0|0|0|0|0|0|0|0|0|0|0|0|0|0|0||||||||
21|13|2180|E|1|1|R|605|174|21|220|E2113|37|0|0|0|0|0|0|0|0|0|0|0|0|0|0|0|0|0|0|0|0|0||||||||
21|13|2856|C|3|0|U|626|35|8|220|E2113|9|32|68|1|29|9|130|137|1|0|0|0|0|0|0|0|3|1|411|102|175|130|2024|4|25|15|40|40|4|N
21|13|2875|B|1|0|U|640|19|21|220|E2113|74|9|72|76|22|0|73|99|10|0|0|0|0|0|0|0|4|9|374|167|121|73|2024|4|25|14|15|40|4|N
21|14|28|C|4|0|U|645|3|23|221|E2114|45|0|0|0|0|0|0|0|0|0|0|0|0|0|0|0|0|0|0|0|0|0||||||||
21|14|30|S|1|0|U|0|3|23|221|E2114|47|0|0|0|0|0|0|0|0|0|0|0|0|0|0|0|0|0|0|0|0|0|2024|4|25|15|54|25|4|N
21|14|35|C|2|0|U|740|3|23|221|E2114|33|0|0|0|0|0|0|0|0|0|0|0|0|0|0|0|0|0|0|0|0|0||||||||
21|14|37|C|1|0|R|648|3|23|221|E2114|34|0|0|0|0|0|0|0|0|0|0|0|0|0|0|0|0|0|0|0|0|0||||||||
21|14|43|B|1|0|R|463|3|23|221|E2114|72|0|0|0|0|0|0|0|0|0|0|0|0|0|0|0|0|0|0|0|0|0||||||||
21|14|401|B|1|0|M|420|48|23|221|E2114|89|0|0|0|0|0|0|0|0|0|0|0|0|0|0|0|0|0|0|0|0|0||||||||
21|14|413|B|1|0|R|146|48|23|221|E2114|77|0|0|0|0|0|0|0|0|0|0|0|0|0|0|0|0|0|0|0|0|0||||||||
21|14|442|B|1|0|R|391|52|22|221|E2114|103|0|0|0|0|0|0|0|0|0|0|0|0|0|0|0|0|0|0|0|0|0||||||||
21|14|443|C|1|0|R|398|52|22|221|E2114|109|0|0|0|0|0|0|0|0|0|0|0|0|0|0|0|0|0|0|0|0|0||||||||
21|14|449|C|1|0|U|713|52|22|221|E2114|113|0|0|0|0|0|0|0|0|0|0|0|0|0|0|0|0|0|0|0|0|0||||||||
21|14|451|B|1|0|R|506|52|22|221|E2114|105|0|0|0|0|0|0|0|0|0|0|0|0|0|0|0|0|0|0|0|0|0||||||||
21|14|453|C|1|0|U|656|52|22|221|E2114|106|53|45|47|15|0|44|206|0|5|0|0|0|58|0|0|3|12|488|150|279|44|2024|4|25|15|50|46|4|N
21|14|496|E|1|0|M|720|56|23|221|E2114|38|0|0|0|0|0|0|0|0|0|0|0|0|0|0|0|0|0|0|0|0|0||||||||
21|14|554|E|1|0|R|645|67|23|221|E2114|55|0|0|0|0|0|0|0|0|0|0|0|0|0|0|0|0|0|0|0|0|0||||||||
21|14|731|B|1|0|U|523|87|22|221|E2114|135|0|0|0|0|0|0|0|0|0|0|0|0|0|0|0|0|0|0|0|0|0||||||||
21|14|739|C|3|0|U|636|87|22|221|E2114|115|0|0|0|0|0|0|0|0|0|0|0|0|0|0|0|0|0|0|0|0|0||||||||
21|14|740|C|1|0|U|640|87|22|221|E2114|128|0|0|0|0|0|0|0|0|0|0|0|0|0|0|0|0|0|0|0|0|0||||||||
21|14|743|C|1|0|U|658|87|22|221|E2114|129|8|26|93|14|4|43|185|43|0|0|0|0|25|0|0|5|0|446|170|228|43|2024|4|25|14|16|40|4|N
21|14|752|B|1|0|M|596|87|22|221|E2114|116|0|0|0|0|0|0|0|0|0|0|0|0|0|0|0|0|0|0|0|0|0||||||||
21|14|758|E|1|1|M|468|87|22|221|E2114|124|0|0|0|0|0|0|0|0|0|0|0|0|0|0|0|0|0|0|0|0|0||||||||
21|14|774|C|1|0|R|439|89|23|221|E2114|96|0|0|0|0|0|0|0|0|0|0|0|0|0|0|0|0|0|0|0|0|0||||||||
21|14|924|B|1|0|R|650|113|23|221|E2114|41|0|0|0|0|0|0|0|0|0|0|0|0|0|0|0|0|0|0|0|0|0||||||||
21|14|925|C|1|0|R|487|113|23|221|E2114|44|0|0|0|0|0|0|0|0|0|0|0|0|0|0|0|0|0|0|0|0|0||||||||
21|14|1698|C|1|0|M|466|128|23|221|E2114|35|0|0|0|0|0|0|0|0|0|0|0|0|0|0|0|0|0|0|0|0|0||||||||
21|14|2034|B|1|0|U|547|158|23|221|E2114|17|0|0|0|0|0|0|0|0|0|0|0|0|0|0|0|0|0|0|0|0|0||||||||
21|14|2037|B|1|0|R|135|158|23|221|E2114|16|0|0|0|0|0|0|0|0|0|0|0|0|0|0|0|0|0|0|0|0|0||||||||
21|15|263|C|2|0|U|541|29|15|222|E2115|2|34|32|19|1|45|103|63|2|1|0|2|0|0|0|0|3|7|312|90|109|103|2024|4|25|15|9|19|4|N
21|15|267|E|1|0|R|524|29|15|222|E2115|5|0|0|0|0|0|0|0|0|0|0|0|0|0|0|0|0|0|0|0|0|0||||||||
21|15|1883|C|3|0|M|687|149|25|222|E2115|13|0|0|0|0|0|0|0|0|0|0|0|0|0|0|0|0|0|0|0|0|0|2024|4|25|16|4|43|4|N
21|15|1885|B|1|0|U|605|149|25|222|E2115|16|0|0|0|0|0|0|0|0|0|0|0|0|0|0|0|0|0|0|0|0|0||||||||
21|15|1885|C|4|0|U|604|149|25|222|E2115|16|0|0|0|0|0|0|0|0|0|0|0|0|0|0|0|0|0|0|0|0|0||||||||
21|15|1886|B|1|0|R|487|149|25|222|E2115|15|42|31|9|0|61|93|73|1|0|0|28|0|1|0|0|0|0|339|111|135|93|2024|4|25|15|47|41|4|N
21|15|1936|C|5|0|U|705|155|25|222|E2115|21|0|0|0|0|0|0|0|0|0|0|0|0|0|0|0|0|0|0|0|0|0||||||||
21|15|1936|C|10|0|U|704|155|25|222|E2115|22|19|161|54|0|6|80|141|5|0|0|4|1|1|0|0|1|1|474|243|149|80|2024|4|25|15|48|2|4|N
21|15|1938|B|1|0|U|682|155|25|222|E2115|27|69|10|111|0|7|52|53|2|0|0|17|0|19|0|0|0|9|349|209|79|52|2024|4|25|15|23|31|4|N
21|15|1938|C|1|0|U|681|155|25|222|E2115|27|50|15|71|0|32|78|227|0|0|0|17|0|0|0|0|5|1|496|153|259|78|2024|4|25|15|41|34|4|N
21|15|1945|C|2|0|U|729|155|25|222|E2115|34|8|109|0|0|1|142|113|21|0|0|30|25|0|0|0|0|9|458|168|139|142|2024|4|25|15|3|6|4|N
21|15|1969|B|1|0|U|643|155|25|222|E2115|43|0|0|0|0|0|0|0|0|0|0|0|0|0|0|0|0|0|0|0|0|0|2024|4|25|15|54|20|4|N
21|15|1976|C|1|0|U|612|155|24|222|E2115|57|0|0|0|0|0|0|0|0|0|0|0|0|0|0|0|0|0|0|0|0|0||||||||
21|15|1980|C|1|0|U|453|155|24|222|E2115|55|73|34|14|0|1|21|25|44|28|0|7|0|0|0|0|2|0|249|200|26|21|2024|4|25|15|48|56|4|N
21|15|1987|C|2|0|U|676|155|25|222|E2115|62|0|0|0|0|0|0|0|0|0|0|0|0|0|0|0|0|0|0|0|0|0||||||||
21|15|1988|C|1|0|U|690|155|24|222|E2115|60|0|0|0|0|0|0|0|0|0|0|0|0|0|0|0|0|0|0|0|0|0||||||||
21|15|1996|C|1|0|U|622|155|24|222|E2115|70|0|0|0|0|0|0|0|0|0|0|0|0|0|0|0|0|0|0|0|0|0||||||||
21|15|2000|C|10|0|U|725|155|25|222|E2115|75|0|0|0|0|0|0|0|0|0|0|0|0|0|0|0|0|0|0|0|0|0||||||||
21|15|2801|B|1|0|U|626|155|24|222|E2115|92|18|126|136|0|0|84|84|0|0|0|4|0|0|0|0|3|0|455|284|84|84|2024|4|25|15|33|1|4|N
21|15|2803|C|1|0|U|732|155|24|222|E2115|94|112|70|79|6|21|114|85|0|2|0|3|0|15|0|0|3|10|520|266|127|114|2024|4|25|15|45|2|4|N
21|15|2804|B|1|0|U|617|155|24|222|E2115|95|0|0|0|0|0|0|0|0|0|0|0|0|0|0|0|0|0|0|0|0|0||||||||
21|16|81|S|1|0|U|0|10|26|223|E2116|4|0|54|82|13|34|111|81|5|1|0|32|0|8|0|0|1|10|432|174|136|111|2024|4|25|15|50|26|4|N
21|16|89|C|1|0|R|697|10|26|223|E2116|64|0|0|0|0|0|0|0|0|0|0|0|0|0|0|0|0|0|0|0|0|0||||||||
21|16|110|B|1|0|U|579|13|26|223|E2116|11|26|135|31|0|0|70|122|1|0|0|22|0|0|0|0|3|11|421|215|122|70|2024|4|25|14|16|48|4|N
21|16|111|C|3|0|U|699|13|26|223|E2116|12|3|73|94|0|31|166|44|0|0|0|7|0|0|0|0|2|6|426|177|75|166|2024|4|25|15|19|43|4|N
21|16|298|C|1|0|R|481|36|26|223|E2116|23|0|0|0|0|0|0|0|0|0|0|0|0|0|0|0|0|0|0|0|0|0||||||||
21|16|313|C|1|0|R|446|37|26|223|E2116|61|0|0|0|0|0|0|0|0|0|0|0|0|0|0|0|0|0|0|0|0|0||||||||
21|16|1709|C|2|0|U|649|130|26|223|E2116|38|0|0|0|0|0|0|0|0|0|0|0|0|0|0|0|0|0|0|0|0|0||||||||
21|16|2108|C|1|0|R|542|168|23|223|E2116|96|0|0|0|0|0|0|0|0|0|0|0|0|0|0|0|0|0|0|0|0|0||||||||
21|16|2116|C|3|0|M|587|170|13|223|E2116|100|0|0|0|0|0|0|0|0|0|0|0|0|0|0|0|0|0|0|0|0|0||||||||
21|16|2191|E|1|1|R|624|176|24|223|E2116|110|0|19|72|0|2|198|77|2|0|0|0|0|0|0|0|3|7|380|93|79|198|2024|4|25|15|28|35|1|N
21|16|2196|E|1|0|R|503|176|24|223|E2116|120|0|0|0|0|0|0|0|0|0|0|0|0|0|0|0|0|0|0|0|0|0||||||||
21|16|2311|C|1|0|M|731|189|13|223|E2116|126|0|0|0|0|0|0|0|0|0|0|0|0|0|0|0|0|0|0|0|0|0||||||||
21|16|2312|C|3|0|M|591|189|13|223|E2116|127|0|0|0|0|0|0|0|0|0|0|0|0|0|0|0|0|0|0|0|0|0||||||||
21|16|2313|C|2|0|M|608|189|13|223|E2116|128|0|0|0|0|0|0|0|0|0|0|0|0|0|0|0|0|0|0|0|0|0||||||||
21|16|2349|C|1|0|M|553|195|26|223|E2116|54|4|124|21|12|0|114|36|0|0|18|5|0|57|0|0|1|3|395|172|105|114|2024|4|25|15|38|32|1|N
21|16|2413|C|2|0|M|641|203|24|223|E2116|101|0|0|0|0|0|0|0|0|0|0|0|0|0|0|0|0|0|0|0|0|0||||||||
21|16|2413|C|3|0|M|641|203|24|223|E2116|101|0|0|0|0|0|0|0|0|0|0|0|0|0|0|0|0|0|0|0|0|0||||||||
21|16|2491|C|1|0|R|624|209|24|223|E2116|78|0|0|0|0|0|0|0|0|0|0|0|0|0|0|0|0|0|0|0|0|0||||||||
21|16|2494|C|1|0|R|626|209|24|223|E2116|79|0|0|0|0|0|0|0|0|0|0|0|0|0|0|0|0|0|0|0|0|0||||||||
21|16|2530|C|1|0|U|566|214|26|223|E2116|42|42|46|27|0|4|128|114|6|1|0|16|0|0|0|0|0|3|387|138|118|128|2024|4|25|14|14|31|4|N
21|16|2706|C|2|0|U|518|176|24|223|E2116|114|8|48|22|0|28|140|77|6|0|0|0|0|0|0|0|5|1|335|84|105|140|2024|4|25|15|11|53|4|N
21|16|2902|E|1|0|R|267|62|26|223|E2116|63|0|0|0|0|0|0|0|0|0|0|0|0|0|0|0|0|0|0|0|0|0||||||||
21|16|2903|B|1|0|R|429|62|26|223|E2116|64|0|0|0|0|0|0|0|0|0|0|0|0|0|0|0|0|0|0|0|0|0|2024|4|25|16|8|47|1|N
22|1|39|C|3|0|R|587|2|15|224|E2201|2|40|45|36|4|0|173|108|0|0|0|0|11|4|0|0|1|2|424|121|127|173|2024|4|25|14|5|54|1|N
22|1|42|B|1|0|R|507|2|15|224|E2201|4|0|0|0|0|0|0|0|0|0|0|0|0|0|0|0|0|0|0|0|0|0||||||||
22|1|43|B|1|0|R|702|2|15|224|E2201|5|116|43|0|93|0|111|16|0|0|0|0|23|102|0|0|4|12|520|159|234|111|2024|4|25|14|5|1|1|N
22|1|69|C|3|0|R|590|3|15|224|E2201|64|0|0|0|0|0|0|0|0|0|0|0|0|0|0|0|0|0|0|0|0|0|2024|4|25|16|9|44|1|N
22|1|70|C|3|0|M|632|3|15|224|E2201|62|0|0|0|0|0|0|0|0|0|0|0|0|0|0|0|0|0|0|0|0|0||||||||
22|1|72|E|1|0|R|641|3|15|224|E2201|67|0|0|0|0|0|0|0|0|0|0|0|0|0|0|0|0|0|0|0|0|0|2024|4|25|15|54|46|1|N
22|1|84|B|1|0|R|567|4|14|224|E2201|91|0|0|0|0|0|0|0|0|0|0|0|0|0|0|0|0|0|0|0|0|0||||||||
22|1|96|E|1|1|M|635|4|14|224|E2201|101|0|0|0|0|0|0|0|0|0|0|0|0|0|0|0|0|0|0|0|0|0||||||||
22|1|122|C|2|0|M|744|6|14|224|E2201|106|0|0|0|0|0|0|0|0|0|0|0|0|0|0|0|0|0|0|0|0|0||||||||
22|1|125|C|1|0|U|651|6|14|224|E2201|118|0|0|0|0|0|0|0|0|0|0|0|0|0|0|0|0|0|0|0|0|0||||||||
22|1|128|C|4|0|M|742|6|14|224|E2201|119|0|0|0|0|0|0|0|0|0|0|0|0|0|0|0|0|0|0|0|0|0||||||||
22|1|138|E|1|0|R|162|6|14|224|E2201|115|0|0|0|0|0|0|0|0|0|0|0|0|0|0|0|0|0|0|0|0|0||||||||
22|1|177|B|1|0|R|367|9|15|224|E2201|24|0|0|0|0|0|0|0|0|0|0|0|0|0|0|0|0|0|0|0|0|0||||||||
22|1|234|C|1|0|M|623|12|14|224|E2201|37|22|52|40|12|33|114|99|0|0|0|0|2|2|1|0|1|6|384|114|149|114|2024|4|25|15|26|30|1|N
22|1|247|C|1|0|R|671|12|14|224|E2201|44|0|0|0|0|0|0|0|0|0|0|0|0|0|0|0|0|0|0|0|0|0|2024|4|25|15|57|57|1|N
22|1|249|B|1|0|M|493|13|15|224|E2201|32|0|0|0|0|0|0|0|0|0|0|0|0|0|0|0|0|0|0|0|0|0||||||||
22|1|251|E|1|0|R|435|13|15|224|E2201|26|93|73|17|24|0|42|49|0|0|0|0|0|11|0|0|5|0|314|183|84|42|2024|4|25|15|37|26|1|N
22|1|259|B|1|0|R|530|13|15|224|E2201|34|1|12|4|26|0|20|54|0|0|0|0|3|79|0|1|0|11|211|17|163|20|2024|4|25|15|38|21|1|N
22|1|646|B|1|0|U|733|17|12|224|E2201|122|0|0|0|0|0|0|0|0|0|0|0|0|0|0|0|0|0|0|0|0|0||||||||
22|1|659|C|2|0|M|705|17|12|224|E2201|132|0|0|0|0|0|0|0|0|0|0|0|0|0|0|0|0|0|0|0|0|0||||||||
22|1|682|B|1|0|R|618|18|14|224|E2201|77|0|0|0|0|0|0|0|0|0|0|0|0|0|0|0|0|0|0|0|0|0||||||||
22|1|892|B|1|0|M|672|3|15|224|E2201|66|0|0|0|0|0|0|0|0|0|0|0|0|0|0|0|0|0|0|0|0|0|2024|4|25|15|54|20|1|N
22|1|892|C|1|0|M|672|3|15|224|E2201|66|0|0|0|0|0|0|0|0|0|0|0|0|0|0|0|0|0|0|0|0|0|2024|4|25|15|57|53|1|N
22|1|896|C|2|0|M|650|4|14|224|E2201|102|0|0|0|0|0|0|0|0|0|0|0|0|0|0|0|0|0|0|0|0|0||||||||
22|1|973|B|1|0|M|593|4|14|224|E2201|104|0|0|0|0|0|0|0|0|0|0|0|0|0|0|0|0|0|0|0|0|0||||||||
22|2|5|C|1|0|M|570|1|9|225|E2202|3|10|122|27|37|0|42|28|0|0|0|0|0|9|7|4|1|0|287|159|85|42|2024|4|25|14|8|20|1|N
22|2|16|C|1|0|R|457|1|9|225|E2202|18|0|0|0|0|0|0|0|0|0|0|0|0|0|0|0|0|0|0|0|0|0||||||||
22|2|24|C|1|0|M|625|1|9|225|E2202|9|18|92|14|22|2|53|6|0|0|0|0|0|18|0|1|1|1|228|124|49|53|2024|4|25|15|39|7|4|N
22|2|569|B|1|0|U|491|16|11|225|E2202|46|11|87|45|27|12|24|30|0|0|0|0|1|13|0|0|3|12|265|143|83|24|2024|4|25|11|41|41|4|N
22|2|572|C|1|0|U|583|16|11|225|E2202|48|18|27|4|10|7|167|98|0|0|0|0|0|2|0|5|0|7|345|49|122|167|2024|4|25|15|31|37|1|N
22|2|584|C|6|0|U|723|16|10|225|E2202|66|1|139|37|17|0|43|42|0|0|0|0|0|41|0|0|2|9|331|177|100|43|2024|4|25|15|15|29|4|N
22|2|586|C|1|0|U|695|16|10|225|E2202|39|0|0|0|0|0|0|0|0|0|0|0|0|0|0|0|0|0|0|0|0|0|2024|4|25|15|58|0|4|N
22|2|587|B|1|0|U|568|16|10|225|E2202|56|5|56|2|27|36|266|24|0|0|0|0|24|20|0|0|1|11|472|63|131|266|2024|4|25|14|4|44|4|N
22|2|595|C|3|0|U|726|16|10|225|E2202|53|33|107|1|46|0|35|12|0|0|0|0|1|99|0|0|0|11|345|141|158|35|2024|4|25|14|11|4|4|N
22|2|595|C|5|0|U|725|16|10|225|E2202|54|61|60|0|33|0|225|180|0|0|0|0|0|13|0|0|1|11|584|121|226|225|2024|4|25|14|13|38|4|N
22|2|606|C|1|0|U|594|16|11|225|E2202|57|0|0|0|0|0|0|0|0|0|0|0|0|0|0|0|0|0|0|0|0|0||||||||
22|2|613|B|1|0|M|749|16|11|225|E2202|94|101|116|14|6|0|215|28|0|0|0|0|0|34|0|0|3|7|524|231|68|215|2024|4|25|15|50|33|1|N
22|2|620|B|1|0|U|672|16|11|225|E2202|108|0|0|0|0|0|0|0|0|0|0|0|0|0|0|0|0|0|0|0|0|0|2024|4|25|16|2|20|1|N
22|2|622|B|1|0|M|681|16|11|225|E2202|110|0|0|0|0|0|0|0|0|0|0|0|0|0|0|0|0|0|0|0|0|0||||||||
22|2|624|E|1|0|M|614|16|10|225|E2202|74|29|106|34|8|100|62|21|0|0|0|0|0|4|0|0|2|8|374|169|133|62|2024|4|25|15|22|44|1|N
22|2|626|C|1|0|R|621|16|11|225|E2202|111|0|0|0|0|0|0|0|0|0|0|0|0|0|0|0|0|0|0|0|0|0|2024|4|25|16|2|24|1|N
22|2|635|C|1|0|R|596|16|11|225|E2202|95|0|40|50|9|1|139|15|0|0|0|0|20|37|0|0|4|2|317|90|82|139|2024|4|25|15|45|21|1|N
22|2|640|C|1|0|M|750|16|10|225|E2202|88|155|50|1|0|0|72|112|0|0|0|0|16|15|3|0|1|7|432|206|146|72|2024|4|25|15|40|9|1|N
22|2|809|C|1|0|U|503|16|10|225|E2202|80|0|0|0|0|0|0|0|0|0|0|0|0|0|0|0|0|0|0|0|0|0||||||||
22|2|810|C|1|0|U|673|16|10|225|E2202|77|0|0|0|0|0|0|0|0|0|0|0|0|0|0|0|0|0|0|0|0|0||||||||
22|2|816|C|1|0|U|454|16|10|225|E2202|67|0|0|0|0|0|0|0|0|0|0|0|0|0|0|0|0|0|0|0|0|0||||||||
22|2|905|B|1|0|R|693|1|9|225|E2202|10|9|42|9|133|4|22|72|0|0|0|0|4|37|0|0|2|8|342|60|250|22|2024|4|25|14|15|54|4|N
22|3|277|C|9|0|U|605|14|4|226|E2203|83|18|186|2|3|4|47|62|0|0|0|0|10|0|0|0|0|8|340|206|79|47|2024|4|25|15|22|29|4|N
22|3|279|B|1|0|U|492|14|1|226|E2203|8|18|21|30|4|0|144|75|0|0|0|0|1|4|0|0|4|8|309|69|84|144|2024|4|25|14|4|15|1|N
22|3|303|C|1|0|U|705|14|4|226|E2203|87|0|0|0|0|0|0|0|0|0|0|0|0|0|0|0|0|0|0|0|0|0||||||||
22|3|303|C|2|0|U|705|14|4|226|E2203|87|0|0|0|0|0|0|0|0|0|0|0|0|0|0|0|0|0|0|0|0|0||||||||
22|3|308|B|1|0|U|725|14|1|226|E2203|4|24|37|0|69|0|238|11|0|0|0|0|7|96|0|0|0|10|492|61|183|238|2024|4|25|15|6|41|4|N
22|3|312|B|1|0|U|603|14|1|226|E2203|10|0|0|0|0|0|0|0|0|0|0|0|0|0|0|0|0|0|0|0|0|0||||||||
22|3|318|C|3|0|U|697|14|1|226|E2203|28|42|134|23|4|0|150|27|0|0|0|0|1|110|0|29|1|1|522|199|171|150|2024|4|25|14|13|32|1|N
22|3|323|C|2|0|U|706|14|2|226|E2203|130|31|23|25|7|0|109|73|0|0|0|0|27|10|0|0|3|11|319|79|117|109|2024|4|25|15|49|3|1|N
22|3|327|C|2|0|U|690|14|1|226|E2203|39|0|0|0|0|0|0|0|0|0|0|0|0|0|0|0|0|0|0|0|0|0||||||||
22|3|338|C|1|0|U|746|14|1|226|E2203|40|0|0|0|0|0|0|0|0|0|0|0|0|0|0|0|0|0|0|0|0|0||||||||
22|3|354|C|1|0|U|541|14|1|226|E2203|41|22|253|2|1|0|49|128|0|0|0|0|0|8|5|0|0|11|479|277|142|49|2024|4|25|14|10|56|4|N
22|3|355|B|1|0|U|684|14|6|226|E2203|118|4|73|0|105|4|61|65|0|0|0|0|1|12|0|0|3|8|336|77|187|61|2024|4|25|15|23|3|4|N
22|3|358|B|1|0|U|392|14|6|226|E2203|124|25|9|0|16|0|95|29|0|0|0|0|0|4|0|0|4|1|183|34|49|95|2024|4|25|15|45|34|1|N
22|3|358|C|1|0|U|391|14|6|226|E2203|124|15|18|35|3|0|50|32|0|0|0|0|15|27|0|0|5|4|204|68|77|50|2024|4|25|15|45|7|1|N
22|3|360|B|1|0|U|636|14|6|226|E2203|118|51|29|124|17|0|175|33|0|0|0|0|5|22|0|0|4|2|462|204|77|175|2024|4|25|15|17|48|4|N
22|3|361|C|1|0|U|499|14|1|226|E2203|46|0|0|0|0|0|0|0|0|0|0|0|0|0|0|0|0|0|0|0|0|0||||||||
22|3|395|C|2|0|U|640|14|6|226|E2203|122|0|75|5|16|0|193|23|0|0|0|0|0|16|0|0|4|5|337|80|55|193|2024|4|25|15|41|20|1|N
22|3|708|C|1|0|U|502|14|4|226|E2203|68|0|0|0|0|0|0|0|0|0|0|0|0|0|0|0|0|0|0|0|0|0||||||||
22|3|870|B|1|0|U|680|14|4|226|E2203|77|23|167|16|31|15|138|12|0|0|0|0|0|0|0|0|3|9|414|206|58|138|2024|4|25|14|17|41|4|N
22|3|875|B|1|0|U|517|14|4|226|E2203|70|26|53|18|26|27|56|73|0|0|0|0|1|34|0|0|5|7|326|97|161|56|2024|4|25|15|40|19|4|N
22|3|876|B|1|0|U|719|14|4|226|E2203|75|0|94|9|6|0|152|105|0|0|0|0|19|62|0|25|2|2|476|103|217|152|2024|4|25|15|11|7|4|N
22|3|878|B|1|0|U|602|14|4|226|E2203|73|0|0|0|0|0|0|0|0|0|0|0|0|0|0|0|0|0|0|0|0|0||||||||
22|3|934|C|2|0|U|530|14|1|226|E2203|13|0|0|0|0|0|0|0|0|0|0|0|0|0|0|0|0|0|0|0|0|0|2024|4|25|16|12|57|4|N
22|3|935|C|2|0|U|571|14|1|226|E2203|14|21|104|24|36|0|174|31|0|0|0|0|0|10|0|10|0|1|411|149|87|174|2024|4|25|15|12|56|4|N
22|3|938|C|2|0|U|602|14|1|226|E2203|16|17|10|0|66|0|121|180|0|0|0|0|0|3|0|0|3|10|410|27|249|121|2024|4|25|15|20|9|4|N
22|4|101|C|6|0|U|671|5|8|227|E2204|107|0|0|0|0|0|0|0|0|0|0|0|0|0|0|0|0|0|0|0|0|0||||||||
22|4|103|C|4|0|M|713|5|8|227|E2204|110|0|0|0|0|0|0|0|0|0|0|0|0|0|0|0|0|0|0|0|0|0||||||||
22|4|105|C|10|0|U|724|5|8|227|E2204|114|42|56|35|5|9|27|104|0|0|0|0|2|5|0|2|5|4|296|133|127|27|2024|4|25|11|37|4|4|N
22|4|114|C|4|0|M|712|5|8|227|E2204|131|0|0|0|0|0|0|0|0|0|0|0|0|0|0|0|0|0|0|0|0|0||||||||
22|4|114|C|11|0|M|711|5|8|227|E2204|142|20|136|35|32|0|114|76|0|0|0|0|0|20|0|0|2|0|435|191|128|114|2024|4|25|15|36|46|1|N
22|4|115|B|1|0|M|736|5|8|227|E2204|136|0|0|0|0|0|0|0|0|0|0|0|0|0|0|0|0|0|0|0|0|0||||||||
22|4|117|C|6|0|M|736|5|8|227|E2204|121|0|0|0|0|0|0|0|0|0|0|0|0|0|0|0|0|0|0|0|0|0||||||||
22|4|387|B|1|0|U|623|14|5|227|E2204|2|15|11|3|2|0|8|10|0|0|0|0|16|8|7|0|5|3|88|29|43|8|2024|4|25|13|19|58|4|N
22|4|435|C|8|0|U|729|14|6|227|E2204|60|0|0|0|0|0|0|0|0|0|0|0|0|0|0|0|0|0|0|0|0|0||||||||
22|4|441|B|1|0|U|718|14|5|227|E2204|19|0|0|0|0|0|0|0|0|0|0|0|0|0|0|0|0|0|0|0|0|0||||||||
22|4|445|C|1|0|U|507|14|5|227|E2204|18|39|15|1|9|45|103|57|0|0|0|0|0|34|0|0|4|10|317|55|145|103|2024|4|25|15|4|7|4|N
22|4|455|B|1|0|U|668|14|5|227|E2204|17|109|38|5|1|11|5|22|0|0|0|0|0|37|0|0|1|7|236|152|71|5|2024|4|25|15|22|48|4|N
22|4|475|C|7|0|U|679|14|5|227|E2204|29|0|0|0|0|0|0|0|0|0|0|0|0|0|0|0|0|0|0|0|0|0||||||||
22|4|478|C|1|0|U|546|14|5|227|E2204|30|5|60|10|117|3|17|63|0|0|0|0|1|1|0|0|2|1|280|75|185|17|2024|4|25|15|5|45|4|N
22|4|482|C|1|0|U|536|14|6|227|E2204|68|0|0|0|0|0|0|0|0|0|0|0|0|0|0|0|0|0|0|0|0|0||||||||
22|4|483|B|1|0|U|694|14|6|227|E2204|65|97|49|1|65|0|51|55|0|3|0|0|69|80|0|0|1|0|471|150|269|51|2024|4|25|14|7|33|1|N
22|4|504|C|1|0|U|573|14|6|227|E2204|73|27|111|0|2|21|87|115|0|0|0|0|0|2|0|0|0|7|372|138|140|87|2024|4|25|14|5|54|4|N
22|4|506|C|1|0|U|703|14|5|227|E2204|41|12|66|1|24|1|162|39|0|0|0|0|27|30|0|0|0|6|368|79|121|162|2024|4|25|12|39|25|4|N
22|4|512|C|1|0|U|575|14|6|227|E2204|75|22|32|96|18|41|157|114|0|0|0|0|0|3|0|0|2|10|495|150|176|157|2024|4|25|15|2|24|4|N
22|4|513|C|10|0|U|724|14|5|227|E2204|46|36|92|4|32|0|104|59|0|0|0|0|0|23|0|0|5|0|355|132|114|104|2024|4|25|15|12|22|4|N
22|4|764|B|1|0|U|613|5|6|227|E2204|80|0|0|0|0|0|0|0|0|0|0|0|0|0|0|0|0|0|0|0|0|0||||||||
22|4|766|B|1|0|U|575|5|6|227|E2204|82|0|0|0|0|0|0|0|0|0|0|0|0|0|0|0|0|0|0|0|0|0||||||||
22|4|768|B|1|0|U|688|5|6|227|E2204|85|37|234|18|18|0|185|58|0|0|0|0|5|48|0|0|2|7|612|289|129|185|2024|4|25|15|17|15|4|N
22|4|782|C|1|0|U|523|5|6|227|E2204|85|0|0|0|0|0|0|0|0|0|0|0|0|0|0|0|0|0|0|0|0|0||||||||
22|4|783|B|1|0|U|384|5|6|227|E2204|90|6|8|0|1|0|113|104|0|0|0|0|0|3|0|0|5|4|244|14|108|113|2024|4|25|15|21|46|4|N
22|4|979|C|2|0|U|675|5|8|227|E2204|134|10|59|24|12|0|208|46|0|0|0|0|0|210|0|1|1|6|577|93|269|208|2024|4|25|14|4|52|4|N
22|5|139|S|2|0|M|0|7|9|228|E2205|11|0|0|0|0|0|0|0|0|0|0|0|0|0|0|0|0|0|0|0|0|0||||||||
22|5|141|C|2|0|R|649|7|9|228|E2205|7|12|106|30|4|0|75|17|0|0|0|0|13|5|0|0|1|2|265|148|39|75|2024|4|25|14|10|47|1|N
22|5|150|C|1|0|R|614|7|9|228|E2205|4|5|39|26|65|0|33|34|0|0|0|0|0|146|0|0|4|10|362|70|245|33|2024|4|25|14|7|28|1|N
22|5|189|C|3|0|U|630|10|13|228|E2205|65|0|0|0|0|0|0|0|0|0|0|0|0|0|0|0|0|0|0|0|0|0||||||||
22|5|202|C|20|0|M|743|10|13|228|E2205|96|0|0|0|0|0|0|0|0|0|0|0|0|0|0|0|0|0|0|0|0|0||||||||
22|5|205|B|1|0|M|720|10|9|228|E2205|46|0|0|0|0|0|0|0|0|0|0|0|0|0|0|0|0|0|0|0|0|0||||||||
22|5|205|C|5|0|M|720|10|9|228|E2205|47|0|0|0|0|0|0|0|0|0|0|0|0|0|0|0|0|0|0|0|0|0||||||||
22|5|206|S|2|0|U|0|10|9|228|E2205|84|0|0|0|0|0|0|0|0|0|0|0|0|0|0|0|0|0|0|0|0|0||||||||
22|5|207|C|3|0|M|695|10|9|228|E2205|85|0|0|0|0|0|0|0|0|0|0|0|0|0|0|0|0|0|0|0|0|0||||||||
22|5|207|C|4|0|M|695|10|9|228|E2205|85|0|0|0|0|0|0|0|0|0|0|0|0|0|0|0|0|0|0|0|0|0||||||||
22|5|209|C|1|0|M|730|10|9|228|E2205|44|0|0|0|0|0|0|0|0|0|0|0|0|0|0|0|0|0|0|0|0|0||||||||
22|5|217|C|2|0|M|588|11|12|228|E2205|29|0|0|0|0|0|0|0|0|0|0|0|0|0|0|0|0|0|0|0|0|0||||||||
22|5|227|C|2|0|M|660|11|12|228|E2205|18|0|0|0|0|0|0|0|0|0|0|0|0|0|0|0|0|0|0|0|0|0||||||||
22|5|555|C|2|0|R|534|10|9|228|E2205|86|0|0|0|0|0|0|0|0|0|0|0|0|0|0|0|0|0|0|0|0|0||||||||
22|5|761|C|2|0|M|733|10|13|228|E2205|87|0|0|0|0|0|0|0|0|0|0|0|0|0|0|0|0|0|0|0|0|0||||||||
22|5|761|C|7|0|M|732|10|13|228|E2205|88|0|0|0|0|0|0|0|0|0|0|0|0|0|0|0|0|0|0|0|0|0||||||||
22|5|907|B|1|0|M|700|10|9|228|E2205|45|0|0|0|0|0|0|0|0|0|0|0|0|0|0|0|0|0|0|0|0|0||||||||
22|5|952|C|1|0|U|569|10|13|228|E2205|70|0|120|0|10|14|31|30|0|0|0|0|1|1|0|0|1|11|219|120|56|31|2024|4|25|15|14|0|4|N
22|5|963|B|1|0|U|747|10|13|228|E2205|72|13|54|97|82|33|16|210|0|0|0|0|5|34|0|0|3|1|548|164|364|16|2024|4|25|15|23|48|4|N
22|6|266|C|2|0|U|730|14|3|229|E2206|44|0|0|0|0|0|0|0|0|0|0|0|0|0|0|0|0|0|0|0|0|0||||||||
22|6|301|C|1|0|U|621|14|2|229|E2206|96|32|65|6|24|0|87|44|0|0|0|0|12|21|3|18|4|12|328|103|122|87|2024|4|25|15|29|15|4|N
22|6|523|C|2|0|M|573|14|7|229|E2206|10|38|91|5|0|0|42|15|0|0|0|0|8|49|0|14|3|0|265|134|86|42|2024|4|25|15|39|11|4|N
22|6|524|B|1|0|M|622|14|7|229|E2206|11|58|121|20|34|0|107|22|0|0|0|0|1|72|0|0|1|3|439|199|129|107|2024|4|25|15|25|16|4|N
22|6|524|C|2|0|M|621|14|7|229|E2206|12|0|76|61|39|0|71|11|0|0|0|0|0|0|0|0|3|8|269|137|50|71|2024|4|25|15|26|8|4|N
22|6|529|C|3|0|M|715|14|7|229|E2206|15|0|0|0|0|0|0|0|0|0|0|0|0|0|0|0|0|0|0|0|0|0||||||||
22|6|538|S|1|0|U|0|14|7|229|E2206|31|0|0|0|0|0|0|0|0|0|0|0|0|0|0|0|0|0|0|0|0|0||||||||
22|6|545|E|1|1|M|553|14|3|229|E2206|49|0|0|0|0|0|0|0|0|0|0|0|0|0|0|0|0|0|0|0|0|0||||||||
22|6|546|C|2|0|M|603|14|3|229|E2206|51|0|0|0|0|0|0|0|0|0|0|0|0|0|0|0|0|0|0|0|0|0||||||||
22|6|741|B|1|0|U|619|14|3|229|E2206|76|0|0|0|0|0|0|0|0|0|0|0|0|0|0|0|0|0|0|0|0|0|2024|4|25|16|3|27|1|N
22|6|743|C|1|0|U|720|14|2|229|E2206|91|0|0|0|0|0|0|0|0|0|0|0|0|0|0|0|0|0|0|0|0|0||||||||
22|6|747|C|1|0|U|665|14|3|229|E2206|78|0|0|0|0|0|0|0|0|0|0|0|0|0|0|0|0|0|0|0|0|0|2024|4|25|15|53|47|1|N
22|6|753|C|6|0|U|686|14|3|229|E2206|56|0|0|0|0|0|0|0|0|0|0|0|0|0|0|0|0|0|0|0|0|0|2024|4|25|15|59|30|1|N
22|6|754|C|15|0|U|723|14|3|229|E2206|72|0|0|0|0|0|0|0|0|0|0|0|0|0|0|0|0|0|0|0|0|0||||||||
22|6|832|C|1|0|U|400|14|2|229|E2206|93|0|0|0|0|0|0|0|0|0|0|0|0|0|0|0|0|0|0|0|0|0|2024|4|25|15|56|26|1|N
22|6|842|B|1|0|U|454|14|2|229|E2206|107|0|0|0|0|0|0|0|0|0|0|0|0|0|0|0|0|0|0|0|0|0||||||||
22|6|842|C|1|0|U|454|14|2|229|E2206|107|0|0|0|0|0|0|0|0|0|0|0|0|0|0|0|0|0|0|0|0|0||||||||
22|6|857|C|2|0|U|633|14|3|229|E2206|58|6|93|19|2|0|177|32|0|0|0|0|0|65|0|0|3|2|399|118|99|177|2024|4|25|10|35|24|4|N
22|6|860|C|2|0|U|739|14|3|229|E2206|68|187|32|0|1|13|139|174|0|0|0|0|0|76|1|0|5|6|634|219|265|139|2024|4|25|15|11|22|4|N
22|6|865|C|1|0|U|545|14|1|229|E2206|86|0|0|0|0|0|0|0|0|0|0|0|0|0|0|0|0|0|0|0|0|0||||||||
22|6|881|C|2|0|U|565|14|7|229|E2206|35|0|0|0|0|0|0|0|0|0|0|0|0|0|0|0|0|0|0|0|0|0||||||||
22|6|882|B|1|0|M|553|14|7|229|E2206|41|0|0|0|0|0|0|0|0|0|0|0|0|0|0|0|0|0|0|0|0|0||||||||
23|1|177|C|2|0|M|675|11|1|230|E2301|1|0|0|0|0|0|0|0|0|0|0|0|0|0|0|0|0|0|0|0|0|0||||||||
23|1|190|B|1|0|U|589|2|11|230|E2301|24|0|0|0|0|0|0|0|0|0|0|0|0|0|0|0|0|0|0|0|0|0||||||||
23|1|198|C|2|0|U|596|2|11|230|E2301|39|4|4|91|14|97|68|15|0|0|0|0|0|0|13|0|5|4|315|99|139|68|2024|4|25|15|19|15|4|N
23|1|201|C|1|0|U|586|2|11|230|E2301|41|0|50|47|0|10|207|43|0|0|0|0|0|0|0|0|0|4|361|97|53|207|2024|4|25|15|13|1|4|N
23|1|284|C|1|0|M|618|6|1|230|E2301|10|0|0|0|0|0|0|0|0|0|0|0|0|0|0|0|0|0|0|0|0|0||||||||
23|1|286|C|1|0|U|630|6|1|230|E2301|12|16|41|12|0|43|77|19|0|0|0|0|0|0|42|0|0|2|252|69|104|77|2024|4|25|15|10|6|4|N
23|1|290|B|1|0|R|615|6|1|230|E2301|15|16|157|10|0|87|64|17|0|1|0|1|0|3|41|0|3|10|410|185|148|64|2024|4|25|15|22|21|4|N
23|1|675|B|1|0|U|604|8|10|230|E2301|82|0|0|0|0|0|0|0|0|0|0|0|0|0|0|0|0|0|0|0|0|0||||||||
23|1|692|B|1|0|U|516|8|10|230|E2301|125|0|63|30|0|27|118|23|0|0|0|0|0|0|0|0|2|7|270|93|50|118|2024|4|25|14|13|53|4|N
23|1|703|C|1|0|U|642|8|10|230|E2301|100|0|0|0|0|0|0|0|0|0|0|0|0|0|0|0|0|0|0|0|0|0||||||||
23|1|719|B|1|0|U|539|8|10|230|E2301|121|17|21|73|17|4|143|0|0|0|0|0|0|0|18|2|1|9|305|111|41|143|2024|4|25|15|10|2|4|N
23|1|733|B|1|0|U|606|8|10|230|E2301|101|59|22|10|0|31|158|43|0|0|0|0|0|0|29|0|0|0|352|91|103|158|2024|4|25|14|13|16|4|N
23|1|738|B|1|0|U|425|8|10|230|E2301|115|0|0|0|0|0|0|0|0|0|0|0|0|0|0|0|0|0|0|0|0|0||||||||
23|1|760|B|1|0|U|577|8|11|230|E2301|130|0|0|0|0|0|0|0|0|0|0|0|0|0|0|0|0|0|0|0|0|0||||||||
23|1|881|C|3|0|U|623|8|9|230|E2301|65|0|137|20|0|21|281|2|0|0|0|0|0|7|8|0|4|11|491|157|38|281|2024|4|25|15|46|8|4|N
23|1|917|B|1|0|U|549|8|10|230|E2301|69|0|0|0|0|0|0|0|0|0|0|0|0|0|0|0|0|0|0|0|0|0||||||||
23|1|999|C|3|0|U|578|8|12|230|E2301|145|0|0|0|0|0|0|0|0|0|0|0|0|0|0|0|0|0|0|0|0|0||||||||
23|1|1002|B|1|0|U|515|8|12|230|E2301|146|5|13|35|0|28|78|69|0|0|0|0|0|0|19|0|2|2|251|53|116|78|2024|4|25|15|21|28|4|N
23|1|1109|C|1|0|U|638|8|9|230|E2301|66|6|28|34|0|11|93|63|0|0|0|0|0|0|0|0|5|12|252|68|74|93|2024|4|25|15|24|53|4|N
23|1|1111|C|1|0|U|660|8|9|230|E2301|67|150|150|200|50|50|50|50|50|50|50|100|100|100|100|100|100|30|1480|750|550|50|2024|4|25|15|15|1|4|N
23|2|218|B|1|0|U|649|3|13|231|E2302|116|0|0|0|0|0|0|0|0|0|0|0|0|0|0|0|0|0|0|0|0|0||||||||
23|2|226|C|3|0|U|609|3|13|231|E2302|121|0|0|0|0|0|0|0|0|0|0|0|0|0|0|0|0|0|0|0|0|0||||||||
23|2|244|E|1|0|R|362|3|13|231|E2302|135|0|1|4|0|2|12|7|0|0|0|0|0|0|1|0|1|1|29|5|10|12|2024|4|25|12|55|59|4|N
23|2|264|C|2|0|U|707|5|13|231|E2302|107|0|0|0|0|0|0|0|0|0|0|0|0|0|0|0|0|0|0|0|0|0|2024|4|25|16|13|24|4|N
23|2|268|C|2|0|M|723|5|13|231|E2302|109|1|12|6|0|79|90|65|0|0|0|0|0|17|14|0|5|6|295|19|175|90|2024|4|25|14|11|25|1|N
23|2|269|B|1|0|R|475|5|13|231|E2302|111|0|0|0|0|0|0|0|0|0|0|0|0|0|0|0|0|0|0|0|0|0||||||||
23|2|273|C|1|0|M|609|5|13|231|E2302|112|26|41|28|0|87|111|23|0|0|0|0|0|0|22|0|0|10|348|95|132|111|2024|4|25|15|8|8|4|N
23|2|310|B|1|0|U|587|7|15|231|E2302|8|14|92|81|0|55|129|74|0|0|0|0|0|0|0|0|5|2|452|187|129|129|2024|4|25|15|11|12|4|N
23|2|314|B|1|0|U|510|7|15|231|E2302|11|33|33|9|0|17|113|30|0|0|0|0|0|0|5|1|5|8|254|75|53|113|2024|4|25|15|17|49|4|N
23|2|329|B|1|0|U|377|7|15|231|E2302|42|1|88|26|0|20|39|21|0|0|0|0|0|52|1|12|0|5|265|115|106|39|2024|4|25|14|11|13|4|N
23|2|332|B|1|0|U|492|7|14|231|E2302|22|17|19|10|0|14|68|134|0|0|0|0|0|22|4|0|5|5|298|46|174|68|2024|4|25|15|9|58|4|N
23|2|347|C|1|0|U|461|7|15|231|E2302|7|0|0|0|0|0|0|0|0|0|0|0|0|0|0|0|0|0|0|0|0|0||||||||
23|2|368|B|1|0|U|409|7|15|231|E2302|6|0|0|0|0|0|0|0|0|0|0|0|0|0|0|0|0|0|0|0|0|0||||||||
23|2|397|C|1|0|R|375|10|14|231|E2302|93|0|0|0|0|0|0|0|0|0|0|0|0|0|0|0|0|0|0|0|0|0||||||||
23|2|415|E|1|0|R|431|7|14|231|E2302|74|0|11|33|0|27|100|4|0|0|0|0|0|0|3|0|4|4|186|44|34|100|2024|4|25|15|14|31|4|N
23|2|430|B|1|0|R|376|7|14|231|E2302|75|4|18|72|0|6|63|37|0|0|0|0|0|0|0|0|2|0|202|94|43|63|2024|4|25|15|22|7|4|N
23|2|785|C|1|0|U|426|7|15|231|E2302|51|11|61|3|0|12|97|18|0|0|0|0|0|0|0|1|1|12|216|75|31|97|2024|4|25|14|13|49|4|N
23|2|927|B|1|0|U|434|9|12|231|E2302|142|0|32|13|0|36|128|14|0|0|0|0|0|0|12|0|5|7|247|45|62|128|2024|4|25|15|10|6|4|N
23|2|934|B|1|0|U|626|9|12|231|E2302|157|1|70|3|0|41|155|30|0|0|0|0|0|0|37|0|0|7|344|74|108|155|2024|4|25|15|14|50|4|N
23|3|7|C|2|0|U|535|1|4|232|E2303|148|0|0|0|0|0|0|0|0|0|0|0|0|0|0|0|0|0|0|0|0|0||||||||
23|3|21|C|1|0|U|475|1|7|232|E2303|71|0|0|0|0|0|0|0|0|0|0|0|0|0|0|0|0|0|0|0|0|0||||||||
23|3|29|B|1|0|U|467|1|4|232|E2303|119|1|6|43|0|41|115|29|0|0|0|0|0|4|6|0|2|9|256|50|80|115|2024|4|25|15|36|19|4|N
23|3|53|C|2|0|U|649|1|6|232|E2303|16|0|0|0|0|0|0|0|0|0|0|0|0|0|0|0|0|0|0|0|0|0||||||||
23|3|63|B|1|0|U|376|1|8|232|E2303|115|0|18|2|0|34|145|32|0|0|0|0|0|0|6|0|5|3|245|20|72|145|2024|4|25|14|10|55|1|N
23|3|76|C|2|0|U|632|1|8|232|E2303|69|0|0|0|0|0|0|0|0|0|0|0|0|0|0|0|0|0|0|0|0|0||||||||
23|3|77|B|1|0|U|484|1|8|232|E2303|80|0|0|0|0|0|0|0|0|0|0|0|0|0|0|0|0|0|0|0|0|0|2024|4|25|16|2|30|1|N
23|3|81|C|1|0|U|419|1|8|232|E2303|115|4|92|9|0|0|104|43|0|4|0|0|0|0|12|0|4|5|277|109|55|104|2024|4|25|15|48|28|1|N
23|3|86|C|1|0|U|519|1|8|232|E2303|133|0|8|25|0|70|190|31|0|0|0|0|0|3|1|0|4|12|344|33|105|190|2024|4|25|14|5|58|4|N
23|3|87|B|1|0|U|731|1|8|232|E2303|134|0|0|0|0|0|0|0|0|0|0|0|0|0|0|0|0|0|0|0|0|0|2024|4|25|16|13|54|1|N
23|3|101|B|1|0|U|712|1|2|232|E2303|21|41|58|55|0|71|158|5|0|0|0|0|0|1|19|0|5|5|418|154|96|158|2024|4|25|14|8|41|4|N
23|3|110|B|1|0|U|451|1|8|232|E2303|126|0|0|0|0|0|0|0|0|0|0|0|0|0|0|0|0|0|0|0|0|0|2024|4|25|16|6|16|1|N
23|3|126|C|3|0|U|735|1|8|232|E2303|73|4|14|6|2|107|177|122|0|0|0|0|0|0|0|0|2|0|434|24|231|177|2024|4|25|14|13|46|1|N
23|3|261|C|2|0|R|706|4|4|232|E2303|163|0|87|67|0|52|87|45|0|0|0|0|0|0|24|0|2|8|372|154|121|87|2024|4|25|14|11|22|4|N
23|3|261|C|4|0|R|705|4|4|232|E2303|164|0|27|5|0|49|116|58|0|0|0|0|0|0|19|1|1|12|288|32|127|116|2024|4|25|15|20|49|4|N
23|3|261|C|8|0|R|705|4|4|232|E2303|165|11|46|29|0|48|90|30|0|0|0|0|0|0|1|0|4|12|271|86|79|90|2024|4|25|15|30|16|4|N
23|3|467|B|1|0|U|456|1|4|232|E2303|114|0|16|26|4|134|68|48|0|0|0|0|0|2|0|0|1|11|310|42|188|68|2024|4|25|14|6|28|4|N
23|3|481|B|1|0|U|689|1|4|232|E2303|155|0|0|0|0|0|0|0|0|0|0|0|0|0|0|0|0|0|0|0|0|0||||||||
23|3|484|B|1|0|U|533|1|4|232|E2303|154|0|0|0|0|0|0|0|0|0|0|0|0|0|0|0|0|0|0|0|0|0||||||||
23|3|485|B|1|0|U|519|1|4|232|E2303|154|0|0|0|0|0|0|0|0|0|0|0|0|0|0|0|0|0|0|0|0|0||||||||
23|3|486|B|1|0|U|413|1|4|232|E2303|152|0|0|0|0|0|0|0|0|0|0|0|0|0|0|0|0|0|0|0|0|0||||||||
23|3|497|C|2|0|U|606|1|4|232|E2303|104|0|140|26|0|163|43|85|0|0|0|0|0|0|29|0|5|7|498|166|277|43|2024|4|25|15|50|19|4|N
23|3|505|B|1|0|U|428|1|7|232|E2303|97|9|28|29|0|5|112|13|0|0|0|0|0|19|6|0|1|11|233|66|43|112|2024|4|25|13|47|3|4|N
23|3|528|B|1|0|U|487|1|4|232|E2303|108|0|0|0|0|0|0|0|0|0|0|0|0|0|0|0|0|0|0|0|0|0|2024|4|25|15|54|22|1|N
23|3|555|B|1|0|U|531|1|7|232|E2303|31|0|0|0|0|0|0|0|0|0|0|0|0|0|0|0|0|0|0|0|0|0||||||||
23|3|556|B|1|0|U|469|1|7|232|E2303|31|0|10|7|0|5|10|9|0|0|0|0|0|0|6|1|0|2|50|17|21|10|2024|4|25|14|12|4|4|N
23|3|850|B|1|0|U|620|1|5|232|E2303|42|0|0|0|0|0|0|0|0|0|0|0|0|0|0|0|0|0|0|0|0|0||||||||
23|3|852|C|3|0|U|650|1|7|232|E2303|39|0|0|0|0|0|0|0|0|0|0|0|0|0|0|0|0|0|0|0|0|0||||||||
23|3|1016|B|1|0|U|657|1|5|232|E2303|43|17|78|27|0|47|88|34|0|0|0|0|0|0|0|0|2|0|293|122|81|88|2024|4|25|15|47|34|1|N
23|3|1033|C|3|0|U|672|1|5|232|E2303|1|0|0|0|0|0|0|0|0|0|0|0|0|0|0|0|0|0|0|0|0|0|2024|4|25|16|9|9|1|N
23|3|1113|B|1|0|U|707|1|4|232|E2303|111|53|11|36|0|6|55|25|0|0|0|0|0|0|2|0|5|6|199|100|33|55|2024|4|25|15|42|26|4|N
23|4|13|B|1|0|U|633|1|6|233|E2304|71|0|0|0|0|0|0|0|0|0|0|0|0|0|0|0|0|0|0|0|0|0||||||||
23|4|147|C|1|0|U|720|1|8|233|E2304|111|0|10|12|0|119|34|80|0|0|18|0|0|0|13|0|0|9|295|40|212|34|2024|4|25|15|29|54|4|N
23|4|148|B|1|0|U|553|1|2|233|E2304|113|0|0|0|0|0|0|0|0|0|0|0|0|0|0|0|0|0|0|0|0|0|2024|4|25|15|54|52|1|N
23|4|169|C|1|0|U|614|1|8|233|E2304|2|2|32|39|0|7|126|77|0|0|0|0|0|16|80|0|5|7|391|73|180|126|2024|4|25|15|34|22|4|N
23|4|173|B|1|0|U|669|1|1|233|E2304|9|0|0|0|0|0|0|0|0|0|0|0|0|0|0|0|0|0|0|0|0|0||||||||
23|4|591|E|1|0|M|626|1|3|233|E2304|132|0|14|27|0|3|132|12|0|0|0|0|0|0|67|0|4|12|271|41|82|132|2024|4|25|15|45|0|1|N
23|4|594|B|1|0|U|379|1|3|233|E2304|85|8|23|20|0|21|101|18|0|0|0|0|0|0|38|0|0|4|233|51|77|101|2024|4|25|15|44|39|4|N
23|4|601|B|1|0|U|592|1|2|233|E2304|86|0|0|0|0|0|0|0|0|0|0|0|0|0|0|0|0|0|0|0|0|0||||||||
23|4|606|B|1|0|U|395|1|2|233|E2304|91|0|0|0|0|0|0|0|0|0|0|0|0|0|0|0|0|0|0|0|0|0|2024|4|25|16|3|17|4|N
23|4|620|C|1|0|M|476|1|3|233|E2304|131|0|0|0|0|0|0|0|0|0|0|0|0|0|0|0|0|0|0|0|0|0|2024|4|25|16|0|24|1|N
23|4|629|C|5|0|U|649|1|2|233|E2304|32|19|118|13|20|19|168|44|0|2|0|0|0|0|6|0|1|1|411|152|89|168|2024|4|25|8|43|44|4|N
23|4|632|C|1|0|M|739|1|3|233|E2304|22|0|0|0|0|0|0|0|0|0|0|0|0|0|0|0|0|0|0|0|0|0||||||||
23|4|643|B|1|0|U|670|1|8|233|E2304|110|0|0|0|0|0|0|0|0|0|0|0|0|0|0|0|0|0|0|0|0|0||||||||
23|4|816|B|1|0|U|647|1|6|233|E2304|126|1|36|56|0|201|79|31|0|0|1|0|0|0|0|0|0|4|409|94|232|79|2024|4|25|15|48|26|1|N
23|4|822|C|2|0|U|639|1|6|233|E2304|59|0|20|40|0|111|70|63|0|3|0|0|0|0|1|0|3|1|312|63|175|70|2024|4|25|14|15|26|4|N
23|4|826|C|8|0|U|690|1|6|233|E2304|67|0|0|0|0|0|0|0|0|0|0|0|0|0|0|0|0|0|0|0|0|0||||||||
23|4|829|B|1|0|U|662|1|6|233|E2304|64|1|11|16|0|36|194|220|0|0|0|0|0|0|7|0|3|9|497|28|263|194|2024|4|25|15|25|10|4|N
23|4|830|C|1|0|U|475|1|6|233|E2304|70|0|0|0|0|0|0|0|0|0|0|0|0|0|0|0|0|0|0|0|0|0||||||||
23|4|835|B|1|0|U|532|1|6|233|E2304|69|0|0|0|0|0|0|0|0|0|0|0|0|0|0|0|0|0|0|0|0|0||||||||
23|4|846|C|1|0|U|557|1|6|233|E2304|84|27|99|30|0|49|122|35|0|0|0|0|0|0|38|0|1|8|409|156|122|122|2024|4|25|15|39|23|4|N
23|4|1049|B|1|0|U|703|1|3|233|E2304|47|0|0|0|0|0|0|0|0|0|0|0|0|0|0|0|0|0|0|0|0|0||||||||
23|4|1059|C|1|0|U|606|1|3|233|E2304|55|3|46|41|0|64|130|9|0|0|0|0|0|0|7|0|1|7|308|90|80|130|2024|4|25|15|25|37|4|N
23|4|1065|C|1|0|U|555|1|3|233|E2304|76|2|20|12|0|160|113|7|0|0|0|0|0|0|8|2|4|0|328|34|177|113|2024|4|25|15|9|17|4|N
23|4|1124|C|1|0|M|510|1|1|233|E2304|123|0|0|0|0|0|0|0|0|0|0|0|0|0|0|0|0|0|0|0|0|0|2024|4|25|15|55|43|1|N
24|1|8|E|1|0|R|213|1|2|234|E2401|2|17|50|0|6|1|12|16|1|1|0|0|2|0|0|0|5|9|120|69|25|12|2024|4|25|15|44|36|4|N
24|1|98|B|1|0|M|702|6|1|234|E2401|14|0|0|0|0|0|0|0|0|0|0|0|0|0|0|0|0|0|0|0|0|0|2024|4|25|16|6|19|1|N
24|1|115|B|1|0|R|349|6|1|234|E2401|13|0|0|0|0|0|0|0|0|0|0|0|0|0|0|0|0|0|0|0|0|0||||||||
24|1|121|C|2|0|M|683|7|1|234|E2401|19|0|0|0|0|0|0|0|0|0|0|0|0|0|0|0|0|0|0|0|0|0||||||||
24|1|126|B|1|0|R|431|7|1|234|E2401|15|52|47|10|20|1|30|8|4|0|0|0|0|0|0|25|3|8|208|113|54|30|2024|4|25|15|39|42|1|N
24|1|387|C|1|0|U|685|15|1|234|E2401|30|73|43|4|6|6|146|74|25|0|0|0|5|0|0|1|2|1|386|145|92|146|2024|4|25|15|48|39|1|N
24|1|508|C|1|0|U|691|20|1|234|E2401|46|74|14|0|17|0|191|90|4|0|0|0|0|0|0|2|0|2|394|92|109|191|2024|4|25|13|58|32|4|N
24|1|513|C|1|0|U|702|20|1|234|E2401|40|0|0|0|0|0|0|0|0|0|0|0|0|0|0|0|0|0|0|0|0|0|2024|4|25|16|5|51|1|N
24|1|523|B|1|0|U|483|20|1|234|E2401|53|0|0|0|0|0|0|0|0|0|0|0|0|0|0|0|0|0|0|0|0|0||||||||
24|1|555|C|1|0|M|734|21|2|234|E2401|70|119|54|0|17|66|28|90|1|1|0|0|0|0|0|4|4|5|389|175|177|28|2024|4|25|15|39|45|1|N
24|1|574|B|1|0|R|407|21|2|234|E2401|70|34|5|0|21|0|30|60|1|12|0|0|0|0|0|3|1|3|170|52|84|30|2024|4|25|15|42|34|1|N
24|1|582|E|1|0|R|614|21|2|234|E2401|77|0|0|0|0|0|0|0|0|0|0|0|0|0|0|0|0|0|0|0|0|0||||||||
24|1|584|C|1|0|R|415|21|2|234|E2401|84|0|0|0|0|0|0|0|0|0|0|0|0|0|0|0|0|0|0|0|0|0||||||||
24|1|585|C|1|0|R|523|21|2|234|E2401|78|0|0|0|0|0|0|0|0|0|0|0|0|0|0|0|0|0|0|0|0|0|2024|4|25|16|13|34|1|N
24|1|594|B|1|0|R|140|22|2|234|E2401|85|0|0|0|0|0|0|0|0|0|0|0|0|0|0|0|0|0|0|0|0|0||||||||
24|1|604|B|1|0|R|648|22|2|234|E2401|87|0|0|0|0|0|0|0|0|0|0|0|0|0|0|0|0|0|0|0|0|0|2024|4|25|15|58|22|1|N
24|1|734|B|1|0|R|271|25|2|234|E2401|94|0|0|0|0|0|0|0|0|0|0|0|0|0|0|0|0|0|0|0|0|0|2024|4|25|15|55|11|1|N
24|1|1224|B|1|0|R|200|34|2|234|E2401|107|17|39|11|19|1|62|6|0|0|0|0|0|0|0|0|1|6|162|67|26|62|2024|4|25|15|15|22|1|N
24|1|1227|B|1|0|R|499|34|2|234|E2401|104|57|2|0|77|19|74|84|10|24|0|0|0|0|0|10|4|9|370|93|190|74|2024|4|25|15|22|31|1|N
24|1|1237|B|1|0|R|627|34|2|234|E2401|104|71|27|1|93|10|89|68|0|11|0|0|0|0|0|6|3|6|385|110|177|89|2024|4|25|15|33|17|1|N
24|1|1524|B|1|0|R|153|44|1|234|E2401|111|2|16|2|16|0|15|21|0|0|0|0|0|0|0|0|2|12|86|20|37|15|2024|4|25|15|36|13|1|N
24|1|1581|C|1|0|R|426|47|2|234|E2401|127|26|51|0|6|7|32|139|7|0|0|0|0|0|0|0|0|7|275|84|152|32|2024|4|25|15|40|42|1|N
24|1|1609|B|1|0|R|376|49|1|234|E2401|37|7|14|11|83|2|19|23|24|0|0|0|0|0|0|1|2|10|196|56|109|19|2024|4|25|15|36|39|1|N
24|1|1618|B|1|0|R|557|50|2|234|E2401|139|0|0|0|0|0|0|0|0|0|0|0|0|0|0|0|0|0|0|0|0|0||||||||
24|1|1630|B|1|0|R|414|50|2|234|E2401|141|0|0|0|0|0|0|0|0|0|0|0|0|0|0|0|0|0|0|0|0|0||||||||
24|1|1632|C|1|0|U|580|50|2|234|E2401|143|55|32|39|15|3|146|91|0|0|0|0|0|0|0|0|4|3|388|126|109|146|2024|4|25|15|47|6|1|N
24|2|171|B|1|0|M|583|9|3|235|E2402|5|25|145|0|6|0|25|11|100|1|0|0|0|0|0|1|1|11|326|271|18|25|2024|4|25|15|41|32|4|N
24|2|171|C|2|0|M|582|9|3|235|E2402|5|59|40|87|11|0|101|76|5|0|0|0|0|0|0|0|4|2|385|191|87|101|2024|4|25|15|45|22|4|N
24|2|172|B|1|0|R|522|9|3|235|E2402|6|0|0|0|0|0|0|0|0|0|0|0|0|0|0|0|0|0|0|0|0|0|2024|4|25|16|11|41|1|N
24|2|1292|C|1|0|U|609|35|10|235|E2402|59|0|0|0|0|0|0|0|0|0|0|0|0|0|0|0|0|0|0|0|0|0||||||||
24|2|1295|B|1|0|U|615|35|10|235|E2402|59|0|0|0|0|0|0|0|0|0|0|0|0|0|0|0|0|0|0|0|0|0||||||||
24|2|1296|C|1|0|U|512|35|10|235|E2402|61|19|15|1|36|0|52|51|103|0|0|0|0|0|0|43|5|0|325|138|130|52|2024|4|25|15|18|39|4|N
24|2|1302|C|1|0|U|733|35|10|235|E2402|69|121|9|0|42|0|139|47|2|0|0|0|0|0|0|4|0|5|369|132|93|139|2024|4|25|15|49|8|1|N
24|2|1305|C|4|0|U|723|35|10|235|E2402|71|0|0|0|0|0|0|0|0|0|0|0|0|0|0|0|0|0|0|0|0|0||||||||
24|2|1308|B|1|0|U|697|35|10|235|E2402|72|12|59|5|2|81|12|53|4|0|0|0|0|0|0|123|5|4|360|80|259|12|2024|4|25|15|5|36|4|N
24|2|1314|C|6|0|M|712|35|9|235|E2402|85|0|0|0|0|0|0|0|0|0|0|0|0|0|0|0|0|0|0|0|0|0|2024|4|25|16|6|20|1|N
24|2|1316|C|4|0|M|671|35|9|235|E2402|89|0|0|0|0|0|0|0|0|0|0|0|0|0|0|0|0|0|0|0|0|0|2024|4|25|16|6|59|1|N
24|2|1316|E|1|8|M|716|35|9|235|E2402|91|0|0|0|0|0|0|0|0|0|0|0|0|0|0|0|0|0|0|0|0|0||||||||
24|2|1316|E|1|10|M|716|35|9|235|E2402|88|0|0|0|0|0|0|0|0|0|0|0|0|0|0|0|0|0|0|0|0|0||||||||
24|2|1317|B|1|0|M|629|35|9|235|E2402|93|0|0|0|0|0|0|0|0|0|0|0|0|0|0|0|0|0|0|0|0|0||||||||
24|2|1786|B|1|0|R|191|56|3|235|E2402|103|0|0|0|0|0|0|0|0|0|0|0|0|0|0|0|0|0|0|0|0|0||||||||
24|2|1817|C|3|0|U|564|35|10|235|E2402|73|0|0|0|0|0|0|0|0|0|0|0|0|0|0|0|0|0|0|0|0|0||||||||
24|2|1826|C|2|0|U|655|35|10|235|E2402|100|0|0|0|0|0|0|0|0|0|0|0|0|0|0|0|0|0|0|0|0|0||||||||
24|2|1859|C|1|0|U|697|35|9|235|E2402|14|89|20|0|15|27|260|35|0|0|0|0|1|0|0|0|4|1|452|109|78|260|2024|4|25|15|21|27|4|N
24|2|1866|C|1|0|U|742|35|10|235|E2402|43|3|44|0|23|7|38|156|6|0|0|0|0|0|0|0|4|8|289|53|186|38|2024|4|25|15|28|43|4|N
24|3|225|C|6|0|U|727|11|11|236|E2403|15|0|0|0|0|0|0|0|0|0|0|0|0|0|0|0|0|0|0|0|0|0|2024|4|25|15|55|1|1|N
24|3|228|C|2|0|U|694|11|11|236|E2403|22|0|0|0|0|0|0|0|0|0|0|0|0|0|0|0|0|0|0|0|0|0|2024|4|25|16|5|44|1|N
24|3|441|C|1|0|R|612|17|3|236|E2403|30|48|150|38|3|0|26|75|1|0|0|0|0|0|0|0|5|3|349|237|78|26|2024|4|25|15|34|41|1|N
24|3|641|C|1|0|U|631|24|11|236|E2403|48|0|0|0|0|0|0|0|0|0|0|0|0|0|0|0|0|0|0|0|0|0|2024|4|25|16|7|24|4|N
24|3|645|C|1|0|U|401|24|11|236|E2403|51|0|0|0|0|0|0|0|0|0|0|0|0|0|0|0|0|0|0|0|0|0||||||||
24|3|658|C|2|0|U|543|24|11|236|E2403|63|10|80|0|2|8|84|51|32|7|0|0|9|0|0|11|4|1|299|129|81|84|2024|4|25|15|23|52|4|N
24|3|665|B|1|0|U|454|24|11|236|E2403|65|31|9|10|9|9|42|94|35|0|0|0|0|0|0|0|4|4|247|85|112|42|2024|4|25|15|25|7|4|N
24|3|678|B|1|0|R|501|24|11|236|E2403|66|16|85|2|26|0|40|99|120|0|0|0|3|0|0|0|1|4|396|223|128|40|2024|4|25|14|17|16|1|N
24|3|685|B|1|0|R|433|24|11|236|E2403|69|29|40|0|47|19|87|64|1|19|0|0|8|0|0|0|5|0|319|89|138|87|2024|4|25|15|44|39|1|N
24|3|687|B|1|0|R|178|24|11|236|E2403|71|8|1|2|2|7|55|33|27|0|0|0|0|0|0|2|2|5|144|38|44|55|2024|4|25|14|9|36|2|N
24|3|713|C|1|0|R|428|24|11|236|E2403|77|7|18|0|6|10|138|102|0|1|0|0|0|0|0|4|1|11|298|26|122|138|2024|4|25|14|13|24|4|N
24|3|715|B|1|0|R|251|24|11|236|E2403|74|27|28|3|22|4|51|9|7|0|0|0|0|0|0|0|4|1|156|65|35|51|2024|4|25|15|32|49|4|N
24|3|720|B|1|0|R|621|24|11|236|E2403|79|65|37|0|45|0|100|124|163|2|0|0|1|0|0|0|2|6|545|267|170|100|2024|4|25|15|3|48|4|N
24|3|758|B|1|0|U|379|27|11|236|E2403|84|4|84|18|14|0|63|89|22|0|0|0|0|0|0|1|5|1|301|128|104|63|2024|4|25|14|6|49|4|N
24|3|1194|B|1|0|R|546|33|3|236|E2403|95|5|20|0|15|1|109|24|58|0|0|0|0|0|0|26|2|3|263|83|66|109|2024|4|25|15|44|57|1|N
24|3|1510|C|1|0|M|393|43|3|236|E2403|108|0|0|0|0|0|0|0|0|0|0|0|0|0|0|0|0|0|0|0|0|0|2024|4|25|16|2|49|1|N
24|3|1639|C|2|0|U|554|51|3|236|E2403|119|0|0|0|0|0|0|0|0|0|0|0|0|0|0|0|0|0|0|0|0|0|2024|4|25|15|57|0|4|N
24|3|1647|C|1|0|R|647|51|3|236|E2403|128|0|0|0|0|0|0|0|0|0|0|0|0|0|0|0|0|0|0|0|0|0||||||||
24|3|1651|B|1|0|R|642|51|3|236|E2403|132|0|0|0|0|0|0|0|0|0|0|0|0|0|0|0|0|0|0|0|0|0||||||||
24|3|1653|C|1|0|R|691|51|3|236|E2403|124|53|27|87|63|1|105|98|14|0|0|0|0|0|0|0|3|8|459|181|162|105|2024|4|25|14|6|19|1|N
24|3|1661|C|1|0|R|512|51|3|236|E2403|131|0|0|0|0|0|0|0|0|0|0|0|0|0|0|0|0|0|0|0|0|0||||||||
24|3|1662|B|1|0|R|389|51|3|236|E2403|129|0|0|0|0|0|0|0|0|0|0|0|0|0|0|0|0|0|0|0|0|0||||||||
24|3|1664|B|1|0|R|319|51|3|236|E2403|121|0|0|0|0|0|0|0|0|0|0|0|0|0|0|0|0|0|0|0|0|0|2024|4|25|16|9|13|1|N
24|3|1689|B|1|0|U|469|53|11|236|E2403|141|112|23|0|61|0|52|120|38|2|0|0|0|0|0|2|1|1|412|175|183|52|2024|4|25|15|38|32|1|N
24|3|1886|C|3|0|U|569|24|11|236|E2403|60|0|0|0|0|0|0|0|0|0|0|0|0|0|0|0|0|0|0|0|0|0||||||||
24|4|24|B|1|0|R|185|2|12|237|E2404|2|0|0|0|0|0|0|0|0|0|0|0|0|0|0|0|0|0|0|0|0|0||||||||
24|4|28|B|1|0|R|737|2|12|237|E2404|4|48|16|135|37|58|85|59|0|0|0|0|0|0|0|37|0|12|487|199|191|85|2024|4|25|14|20|51|1|N
24|4|95|E|1|0|R|329|5|12|237|E2404|13|0|0|0|0|0|0|0|0|0|0|0|0|0|0|0|0|0|0|0|0|0||||||||
24|4|174|B|1|0|U|568|10|12|237|E2404|14|0|0|0|0|0|0|0|0|0|0|0|0|0|0|0|0|0|0|0|0|0||||||||
24|4|174|C|1|0|U|567|10|12|237|E2404|14|0|0|0|0|0|0|0|0|0|0|0|0|0|0|0|0|0|0|0|0|0||||||||
24|4|185|B|1|0|R|676|10|12|237|E2404|22|0|0|0|0|0|0|0|0|0|0|0|0|0|0|0|0|0|0|0|0|0||||||||
24|4|186|B|1|0|R|490|57|13|237|E2404|148|0|0|0|0|0|0|0|0|0|0|0|0|0|0|0|0|0|0|0|0|0||||||||
24|4|210|B|1|0|R|444|10|12|237|E2404|19|0|0|0|0|0|0|0|0|0|0|0|0|0|0|0|0|0|0|0|0|0||||||||
24|4|211|B|1|0|R|571|10|12|237|E2404|24|0|0|0|0|0|0|0|0|0|0|0|0|0|0|0|0|0|0|0|0|0||||||||
24|4|217|C|1|0|R|442|10|12|237|E2404|19|0|0|0|0|0|0|0|0|0|0|0|0|0|0|0|0|0|0|0|0|0||||||||
24|4|277|B|1|0|U|729|13|13|237|E2404|33|145|58|0|36|1|128|180|18|20|0|0|0|0|0|0|0|5|591|241|217|128|2024|4|25|14|3|23|4|N
24|4|281|B|1|0|U|578|13|13|237|E2404|40|66|14|0|100|58|143|38|10|0|0|1|2|0|0|0|5|1|438|91|198|143|2024|4|25|15|3|27|4|N
24|4|292|B|1|0|U|563|13|13|237|E2404|51|99|43|2|10|0|24|25|0|15|0|0|0|0|0|30|2|4|254|159|65|24|2024|4|25|14|6|38|4|N
24|4|312|B|1|0|U|635|13|13|237|E2404|60|0|0|0|0|0|0|0|0|0|0|0|0|0|0|0|0|0|0|0|0|0||||||||
24|4|320|C|5|0|U|697|13|13|237|E2404|64|0|0|0|0|0|0|0|0|0|0|0|0|0|0|0|0|0|0|0|0|0||||||||
24|4|332|C|1|0|R|590|13|13|237|E2404|71|0|0|0|0|0|0|0|0|0|0|0|0|0|0|0|0|0|0|0|0|0||||||||
24|4|334|B|1|0|R|293|13|13|237|E2404|68|0|0|0|0|0|0|0|0|0|0|0|0|0|0|0|0|0|0|0|0|0||||||||
24|4|346|C|2|0|M|536|13|13|237|E2404|72|0|0|0|0|0|0|0|0|0|0|0|0|0|0|0|0|0|0|0|0|0||||||||
24|4|350|E|1|1|M|614|13|13|237|E2404|82|0|0|0|0|0|0|0|0|0|0|0|0|0|0|0|0|0|0|0|0|0||||||||
24|4|355|B|1|0|R|409|13|13|237|E2404|77|0|0|0|0|0|0|0|0|0|0|0|0|0|0|0|0|0|0|0|0|0||||||||
24|4|1184|B|1|0|R|435|32|12|237|E2404|115|0|0|0|0|0|0|0|0|0|0|0|0|0|0|0|0|0|0|0|0|0||||||||
24|4|1187|C|2|0|R|653|32|12|237|E2404|116|0|0|0|0|0|0|0|0|0|0|0|0|0|0|0|0|0|0|0|0|0||||||||
24|4|1187|E|2|0|R|152|32|12|237|E2404|116|0|0|0|0|0|0|0|0|0|0|0|0|0|0|0|0|0|0|0|0|0||||||||
24|4|1327|C|1|0|U|571|36|12|237|E2404|122|0|0|0|0|0|0|0|0|0|0|0|0|0|0|0|0|0|0|0|0|0||||||||
24|4|1334|B|1|0|R|442|36|12|237|E2404|127|0|0|0|0|0|0|0|0|0|0|0|0|0|0|0|0|0|0|0|0|0||||||||
24|4|1473|B|1|0|R|103|40|14|237|E2404|138|0|0|0|0|0|0|0|0|0|0|0|0|0|0|0|0|0|0|0|0|0||||||||
24|4|1475|B|1|0|R|544|40|14|237|E2404|142|0|0|0|0|0|0|0|0|0|0|0|0|0|0|0|0|0|0|0|0|0||||||||
24|5|776|E|1|3|U|601|28|4|238|E2405|21|0|0|0|0|0|0|0|0|0|0|0|0|0|0|0|0|0|0|0|0|0||||||||
24|5|779|E|1|2|U|717|28|4|238|E2405|6|0|0|0|0|0|0|0|0|0|0|0|0|0|0|0|0|0|0|0|0|0||||||||
24|5|795|B|1|0|U|610|28|8|238|E2405|43|0|0|0|0|0|0|0|0|0|0|0|0|0|0|0|0|0|0|0|0|0||||||||
24|5|796|C|1|0|U|716|28|8|238|E2405|44|0|0|0|0|0|0|0|0|0|0|0|0|0|0|0|0|0|0|0|0|0||||||||
24|5|806|B|1|0|U|457|28|8|238|E2405|53|0|0|0|0|0|0|0|0|0|0|0|0|0|0|0|0|0|0|0|0|0||||||||
24|5|807|C|1|0|U|506|28|8|238|E2405|53|0|0|0|0|0|0|0|0|0|0|0|0|0|0|0|0|0|0|0|0|0||||||||
24|5|819|C|1|0|U|418|28|8|238|E2405|54|0|0|0|0|0|0|0|0|0|0|0|0|0|0|0|0|0|0|0|0|0||||||||
24|5|822|B|1|0|U|670|28|5|238|E2405|78|0|0|0|0|0|0|0|0|0|0|0|0|0|0|0|0|0|0|0|0|0||||||||
24|5|827|B|1|0|U|587|28|5|238|E2405|81|0|0|0|0|0|0|0|0|0|0|0|0|0|0|0|0|0|0|0|0|0||||||||
24|5|834|B|1|0|U|595|28|8|238|E2405|61|0|0|0|0|0|0|0|0|0|0|0|0|0|0|0|0|0|0|0|0|0||||||||
24|5|844|C|3|0|U|723|28|5|238|E2405|82|0|0|0|0|0|0|0|0|0|0|0|0|0|0|0|0|0|0|0|0|0||||||||
24|5|864|B|1|0|U|452|28|5|238|E2405|93|30|12|0|19|6|59|40|5|0|0|0|0|0|0|0|4|0|175|47|65|59|2024|4|25|14|10|7|4|N
24|5|869|B|1|0|U|504|28|5|238|E2405|96|0|0|0|0|0|0|0|0|0|0|0|0|0|0|0|0|0|0|0|0|0||||||||
24|5|883|C|1|0|U|502|28|8|238|E2405|67|0|0|0|0|0|0|0|0|0|0|0|0|0|0|0|0|0|0|0|0|0||||||||
24|5|916|C|1|0|U|509|28|8|238|E2405|108|0|0|0|0|0|0|0|0|0|0|0|0|0|0|0|0|0|0|0|0|0||||||||
24|5|1039|C|1|0|U|738|28|8|238|E2405|116|0|0|0|0|0|0|0|0|0|0|0|0|0|0|0|0|0|0|0|0|0||||||||
24|5|1039|C|4|0|U|737|28|8|238|E2405|117|0|0|0|0|0|0|0|0|0|0|0|0|0|0|0|0|0|0|0|0|0||||||||
24|5|1079|B|1|0|R|459|28|4|238|E2405|123|0|0|0|0|0|0|0|0|0|0|0|0|0|0|0|0|0|0|0|0|0||||||||
24|5|1087|B|1|0|R|308|28|4|238|E2405|127|0|0|0|0|0|0|0|0|0|0|0|0|0|0|0|0|0|0|0|0|0||||||||
24|5|1090|B|1|0|U|505|28|4|238|E2405|125|0|0|0|0|0|0|0|0|0|0|0|0|0|0|0|0|0|0|0|0|0||||||||
24|5|1097|B|1|0|R|646|28|4|238|E2405|128|0|0|0|0|0|0|0|0|0|0|0|0|0|0|0|0|0|0|0|0|0||||||||
24|5|1118|C|1|0|M|701|28|8|238|E2405|139|0|0|0|0|0|0|0|0|0|0|0|0|0|0|0|0|0|0|0|0|0||||||||
24|5|1120|C|5|0|M|740|28|7|238|E2405|141|0|0|0|0|0|0|0|0|0|0|0|0|0|0|0|0|0|0|0|0|0||||||||
24|5|1120|C|6|0|M|740|28|7|238|E2405|141|0|0|0|0|0|0|0|0|0|0|0|0|0|0|0|0|0|0|0|0|0||||||||
24|5|1845|C|1|0|U|600|28|4|238|E2405|28|0|0|0|0|0|0|0|0|0|0|0|0|0|0|0|0|0|0|0|0|0||||||||
24|6|876|C|1|0|U|407|28|5|239|E2406|1|10|82|7|38|0|28|46|8|0|0|0|0|0|0|0|2|11|232|107|84|28|2024|4|25|15|2|39|4|N
24|6|897|C|1|0|U|401|28|5|239|E2406|3|3|13|26|24|3|88|31|30|10|0|0|0|0|0|0|4|11|243|82|58|88|2024|4|25|15|4|6|4|N
24|6|947|C|4|0|U|704|28|6|239|E2406|96|48|40|1|126|6|18|162|73|0|0|0|0|0|0|1|0|10|485|162|295|18|2024|4|25|14|3|17|4|N
24|6|957|C|1|0|U|604|28|6|239|E2406|104|0|0|0|0|0|0|0|0|0|0|0|0|0|0|0|0|0|0|0|0|0|2024|4|25|16|6|17|1|N
24|6|962|B|1|0|U|576|28|6|239|E2406|101|43|108|1|33|0|9|67|26|0|0|0|0|0|0|2|1|3|293|178|102|9|2024|4|25|13|47|14|4|N
24|6|966|C|1|0|U|669|28|6|239|E2406|108|0|0|0|0|0|0|0|0|0|0|0|0|0|0|0|0|0|0|0|0|0||||||||
24|6|970|C|1|0|U|619|28|7|239|E2406|79|16|36|0|9|43|87|40|70|0|0|0|0|0|0|0|1|1|303|122|92|87|2024|4|25|15|26|28|1|N
24|6|1013|B|1|0|U|434|28|5|239|E2406|11|0|0|0|0|0|0|0|0|0|0|0|0|0|0|0|0|0|0|0|0|0|2024|4|25|15|53|51|1|N
24|6|1016|B|1|0|U|287|28|5|239|E2406|18|49|35|0|30|1|61|52|4|3|0|0|0|0|0|0|5|6|246|91|83|61|2024|4|25|14|6|35|4|N
24|6|1024|B|1|0|U|512|28|5|239|E2406|26|27|11|0|42|3|34|71|6|0|0|0|3|0|0|148|0|1|346|44|267|34|2024|4|25|14|16|19|1|N
24|6|1026|C|1|0|U|581|28|5|239|E2406|21|52|49|0|80|35|31|78|49|0|0|0|0|0|0|0|4|11|389|150|193|31|2024|4|25|14|6|19|4|N
24|6|1027|C|1|0|U|516|28|5|239|E2406|21|51|16|0|43|29|12|42|42|0|0|0|0|0|0|6|5|9|255|109|120|12|2024|4|25|14|10|44|4|N
24|6|1030|B|1|0|U|561|28|5|239|E2406|14|3|21|0|7|37|80|160|22|0|0|0|0|0|0|2|2|11|345|46|206|80|2024|4|25|14|10|38|1|N
24|6|1033|B|1|0|U|523|28|5|239|E2406|13|36|31|17|29|4|90|49|3|0|0|0|0|0|0|1|5|10|275|87|83|90|2024|4|25|14|9|9|4|N
24|6|1061|C|1|0|U|581|28|7|239|E2406|39|0|0|0|0|0|0|0|0|0|0|0|0|0|0|0|0|0|0|0|0|0||||||||
24|6|1071|C|1|0|U|623|28|7|239|E2406|46|75|15|49|17|6|47|43|24|0|0|0|0|0|0|69|4|9|358|163|135|47|2024|4|25|14|7|11|4|N
24|6|1110|E|1|5|M|646|28|6|239|E2406|130|13|38|40|70|4|173|30|0|5|0|0|0|0|0|1|2|7|383|96|105|173|2024|4|25|15|25|34|1|N
24|6|1114|C|5|0|U|744|28|6|239|E2406|138|54|55|0|19|1|17|113|21|8|0|0|12|0|0|0|4|11|315|138|145|17|2024|4|25|15|13|4|4|N
24|6|1124|B|1|0|M|673|28|7|239|E2406|89|0|0|0|0|0|0|0|0|0|0|0|0|0|0|0|0|0|0|0|0|0||||||||
24|6|1801|C|1|0|U|515|28|7|239|E2406|71|0|0|0|0|0|0|0|0|0|0|0|0|0|0|0|0|0|0|0|0|0||||||||
24|6|1813|C|1|0|U|583|28|7|239|E2406|69|0|0|0|0|0|0|0|0|0|0|0|0|0|0|0|0|0|0|0|0|0||||||||
24|6|1849|C|1|0|U|635|28|6|239|E2406|105|4|94|5|14|42|72|37|85|0|0|0|0|0|0|0|0|1|354|188|93|72|2024|4|25|15|40|28|1|N
24|6|1851|B|1|0|U|558|28|6|239|E2406|109|12|225|0|42|0|39|22|8|0|0|0|0|0|0|0|3|3|354|245|64|39|2024|4|25|15|15|57|4|N
24|6|1878|B|1|0|U|614|28|7|239|E2406|47|14|66|0|24|5|26|66|2|0|0|0|33|0|0|0|2|12|250|82|128|26|2024|4|25|15|42|46|1|N
24|6|1880|B|1|0|U|689|28|7|239|E2406|48|32|5|0|67|3|150|29|120|0|0|0|0|0|0|57|4|1|468|157|156|150|2024|4|25|15|35|52|1|N
24|7|38|C|1|0|R|471|3|12|240|E2407|1|42|9|3|36|0|122|90|31|1|0|0|0|0|0|0|5|10|349|86|126|122|2024|4|25|14|10|20|1|N
24|7|39|C|1|0|R|597|3|12|240|E2407|3|0|0|0|0|0|0|0|0|0|0|0|0|0|0|0|0|0|0|0|0|0||||||||
24|7|41|E|1|0|R|350|3|12|240|E2407|4|2|3|3|58|4|43|15|56|5|0|0|0|1|0|0|4|12|206|69|78|43|2024|4|25|14|8|21|1|N
24|7|45|E|1|0|R|746|3|12|240|E2407|9|55|14|2|68|0|49|48|20|0|0|0|0|0|0|25|1|5|287|91|141|49|2024|4|25|14|6|56|1|N
24|7|59|C|1|0|U|599|3|12|240|E2407|7|63|5|14|39|18|26|157|49|0|0|0|0|0|0|1|0|1|373|131|215|26|2024|4|25|15|34|39|4|N
24|7|252|C|1|0|M|522|12|12|240|E2407|22|1|22|6|21|5|17|137|20|0|0|0|0|0|0|0|5|2|236|49|163|17|2024|4|25|15|4|43|4|N
24|7|264|B|1|0|R|478|12|12|240|E2407|23|55|28|3|2|0|27|89|3|0|0|0|0|0|0|49|1|0|257|89|140|27|2024|4|25|15|49|31|4|N
24|7|476|B|1|0|R|643|18|12|240|E2407|33|0|0|0|0|0|0|0|0|0|0|0|0|0|0|0|0|0|0|0|0|0|2024|4|25|15|57|7|1|N
24|7|748|C|1|0|M|653|26|14|240|E2407|36|80|86|0|41|13|19|150|0|0|0|0|0|0|0|0|5|8|402|166|204|19|2024|4|25|15|46|54|1|N
24|7|750|B|1|0|R|366|26|14|240|E2407|38|33|11|6|19|9|65|80|14|7|0|0|0|0|0|14|5|12|275|71|122|65|2024|4|25|15|25|4|1|N
24|7|1133|B|1|0|R|184|29|15|240|E2407|43|38|35|1|2|0|8|7|8|0|0|0|0|0|0|1|0|7|107|82|10|8|2024|4|25|15|29|8|1|N
24|7|1345|C|1|0|U|589|37|15|240|E2407|54|13|65|0|22|3|39|88|4|6|0|0|0|0|0|4|2|7|253|88|117|39|2024|4|25|15|14|53|1|N
24|7|1362|E|1|0|R|722|58|15|240|E2407|136|0|0|0|0|0|0|0|0|0|0|0|0|0|0|0|0|0|0|0|0|0|2024|4|25|16|1|0|1|N
24|7|1378|C|1|0|R|557|37|15|240|E2407|79|17|22|0|91|0|45|53|97|0|0|0|5|0|0|0|2|11|343|136|149|45|2024|4|25|15|26|53|1|N
24|7|1381|C|1|0|R|387|37|15|240|E2407|72|24|72|10|19|1|69|27|29|0|0|0|0|0|0|0|3|9|263|135|47|69|2024|4|25|15|35|5|1|N
24|7|1395|C|1|0|U|559|37|15|240|E2407|61|67|16|2|10|62|54|7|123|0|0|0|0|0|0|5|5|1|352|208|84|54|2024|4|25|15|24|37|1|N
24|7|1411|B|1|0|R|583|37|15|240|E2407|57|0|0|0|0|0|0|0|0|0|0|0|0|0|0|0|0|0|0|0|0|0||||||||
24|7|1427|C|1|0|R|674|38|15|240|E2407|86|83|71|0|48|0|12|102|154|0|0|0|0|0|0|37|0|0|507|308|187|12|2024|4|25|15|36|42|4|N
24|7|1490|C|1|0|R|404|41|14|240|E2407|96|8|21|0|58|0|28|130|8|8|0|0|0|0|0|0|1|10|272|45|188|28|2024|4|25|15|15|31|4|N
24|7|1722|B|1|0|R|594|54|14|240|E2407|108|84|100|1|65|0|35|79|43|0|0|0|0|0|0|2|1|6|416|228|146|35|2024|4|25|15|21|54|1|N
24|7|1722|C|1|0|R|594|54|14|240|E2407|108|28|15|0|2|4|95|110|18|57|0|0|0|0|0|0|2|9|340|118|116|95|2024|4|25|15|24|37|1|N
24|7|1723|B|1|0|R|711|54|14|240|E2407|110|11|63|5|31|40|128|13|14|0|0|0|0|0|0|3|5|11|324|93|87|128|2024|4|25|15|25|13|1|N
24|7|1732|B|1|0|R|662|55|15|240|E2407|116|14|22|0|39|70|103|92|1|0|0|0|0|0|0|4|3|4|352|37|205|103|2024|4|25|15|40|32|4|N
24|7|1741|B|1|0|R|616|55|15|240|E2407|114|0|0|0|0|0|0|0|0|0|0|0|0|0|0|0|0|0|0|0|0|0||||||||
24|7|1768|B|1|0|R|664|55|15|240|E2407|127|97|5|0|33|23|88|32|27|0|0|0|0|0|0|3|3|1|312|129|91|88|2024|4|25|15|50|16|1|N
25|1|631|B|1|0|M|399|4|24|241|E2501|1|0|0|0|0|0|0|0|0|0|0|0|0|0|0|0|0|0|0|0|0|0||||||||
25|1|659|B|1|0|R|244|4|24|241|E2501|11|0|0|0|0|0|0|0|0|0|0|0|0|0|0|0|0|0|0|0|0|0||||||||
25|1|661|B|1|0|R|479|4|24|241|E2501|9|0|0|0|0|0|0|0|0|0|0|0|0|0|0|0|0|0|0|0|0|0||||||||
25|1|668|B|1|0|M|215|4|24|241|E2501|6|0|0|0|0|0|0|0|0|0|0|0|0|0|0|0|0|0|0|0|0|0||||||||
25|1|672|B|1|0|M|457|4|24|241|E2501|7|0|0|0|0|0|0|0|0|0|0|0|0|0|0|0|0|0|0|0|0|0||||||||
25|1|1862|B|1|0|U|391|9|24|241|E2501|16|8|12|130|6|2|44|37|0|0|0|0|0|0|11|2|5|10|267|150|58|44|2024|4|25|15|5|54|4|N
25|1|1867|B|1|0|U|634|9|24|241|E2501|18|0|0|0|0|0|0|0|0|0|0|0|0|0|0|0|0|0|0|0|0|0||||||||
25|1|1869|B|1|0|U|464|9|24|241|E2501|18|38|8|8|10|15|160|77|0|0|0|5|0|0|20|10|5|10|366|59|132|160|2024|4|25|14|5|40|4|N
25|1|1881|B|1|0|U|258|9|24|241|E2501|21|0|0|0|0|0|0|0|0|0|0|0|0|0|0|0|0|0|0|0|0|0|2024|4|25|15|59|41|1|N
25|1|1892|B|1|0|U|620|9|24|241|E2501|24|0|0|0|0|0|0|0|0|0|0|0|0|0|0|0|0|0|0|0|0|0|2024|4|25|16|2|27|1|N
25|1|1893|C|1|0|U|470|9|24|241|E2501|23|28|3|16|50|0|153|50|0|0|0|0|0|1|17|19|1|6|344|47|137|153|2024|4|25|14|16|0|4|N
25|1|1901|B|1|0|R|596|9|24|241|E2501|32|0|0|0|0|0|0|0|0|0|0|0|0|0|0|0|0|0|0|0|0|0||||||||
25|1|1906|C|1|0|R|424|9|24|241|E2501|33|0|0|0|0|0|0|0|0|0|0|0|0|0|0|0|0|0|0|0|0|0||||||||
25|1|2607|C|2|0|U|728|12|23|241|E2501|39|5|111|50|18|9|125|44|0|0|0|0|0|59|0|0|0|5|426|166|130|125|2024|4|25|15|19|54|4|N
25|1|2607|C|9|0|U|728|12|23|241|E2501|40|69|45|37|1|4|79|15|0|0|0|1|0|0|51|40|0|8|350|152|111|79|2024|4|25|15|12|17|4|N
25|1|2613|C|1|0|U|734|12|23|241|E2501|41|0|0|0|0|0|0|0|0|0|0|0|0|0|0|0|0|0|0|0|0|0||||||||
25|1|2646|B|1|0|U|237|12|23|241|E2501|57|0|0|0|0|0|0|0|0|0|0|0|0|0|0|0|0|0|0|0|0|0||||||||
25|1|2656|B|1|0|U|434|12|23|241|E2501|62|97|9|30|6|10|141|15|0|0|0|0|0|0|2|1|0|2|313|136|34|141|2024|4|25|14|15|54|4|N
25|1|2657|B|1|0|M|736|12|23|241|E2501|62|0|0|0|0|0|0|0|0|0|0|0|0|0|0|0|0|0|0|0|0|0||||||||
25|1|2717|C|1|0|U|535|12|22|241|E2501|72|0|0|0|0|0|0|0|0|0|0|0|0|0|0|0|0|0|0|0|0|0||||||||
25|1|2750|B|1|0|U|251|12|22|241|E2501|68|0|0|0|0|0|0|0|0|0|0|0|0|0|0|0|0|0|0|0|0|0||||||||
25|1|2819|B|1|0|U|270|12|22|241|E2501|122|0|0|0|0|0|0|0|0|0|0|0|0|0|0|0|0|0|0|0|0|0||||||||
25|1|2824|B|1|0|U|380|12|22|241|E2501|109|0|0|0|0|0|0|0|0|0|0|0|0|0|0|0|0|0|0|0|0|0||||||||
25|1|2829|B|1|0|U|287|12|22|241|E2501|85|0|0|0|0|0|0|0|0|0|0|0|0|0|0|0|0|0|0|0|0|0||||||||
25|1|2842|B|1|0|U|478|12|22|241|E2501|105|0|0|0|0|0|0|0|0|0|0|0|0|0|0|0|0|0|0|0|0|0||||||||
25|1|2844|B|1|0|U|407|12|22|241|E2501|122|0|0|0|0|0|0|0|0|0|0|0|0|0|0|0|0|0|0|0|0|0||||||||
25|1|2850|C|2|0|U|608|12|23|241|E2501|97|3|2|0|5|4|0|1|0|0|0|0|0|3|4|6|3|0|31|5|23|0|2024|4|25|15|0|58|4|N
25|1|2862|B|1|0|U|497|12|22|241|E2501|108|0|0|0|0|0|0|0|0|0|0|0|0|0|0|0|0|0|0|0|0|0||||||||
25|1|2902|B|1|0|U|710|12|22|241|E2501|113|0|0|0|0|0|0|0|0|0|0|0|0|0|0|0|0|0|0|0|0|0||||||||
25|1|2904|B|1|0|U|414|12|22|241|E2501|125|18|93|40|40|8|99|5|0|0|0|0|0|0|0|4|4|4|315|151|57|99|2024|4|25|14|2|45|4|N
25|1|2948|C|4|0|U|718|12|20|241|E2501|90|12|9|51|50|26|218|69|0|0|0|0|0|0|2|8|3|8|456|72|155|218|2024|4|25|15|23|42|4|N
25|1|2969|B|1|0|R|147|12|20|241|E2501|49|0|0|0|0|0|0|0|0|0|0|0|0|0|0|0|0|0|0|0|0|0||||||||
25|1|3131|C|1|0|U|704|14|24|241|E2501|143|0|0|0|0|0|0|0|0|0|0|0|0|0|0|0|0|0|0|0|0|0||||||||
25|1|3132|B|1|0|M|574|14|24|241|E2501|144|0|0|0|0|0|0|0|0|0|0|0|0|0|0|0|0|0|0|0|0|0|2024|4|25|16|4|41|1|N
25|1|3138|B|1|0|U|664|14|24|241|E2501|143|0|0|0|0|0|0|0|0|0|0|0|0|0|0|0|0|0|0|0|0|0||||||||
25|1|3138|C|1|0|U|663|14|24|241|E2501|143|0|0|0|0|0|0|0|0|0|0|0|0|0|0|0|0|0|0|0|0|0||||||||
25|1|3142|B|1|0|U|319|14|24|241|E2501|150|0|0|0|0|0|0|0|0|0|0|0|0|0|0|0|0|0|0|0|0|0||||||||
25|1|3146|B|1|0|U|248|14|24|241|E2501|156|11|7|12|5|0|100|29|0|0|0|1|0|0|0|1|3|10|179|31|35|100|2024|4|25|15|31|19|1|N
25|1|3158|B|1|0|R|171|14|24|241|E2501|153|0|0|0|0|0|0|0|0|0|0|0|0|0|0|0|0|0|0|0|0|0||||||||
25|1|3205|B|1|0|U|423|14|24|241|E2501|160|37|10|7|8|1|55|112|0|2|0|22|0|0|27|56|0|10|347|78|204|55|2024|4|25|14|14|23|4|N
25|1|3836|B|1|0|U|705|12|20|241|E2501|136|0|0|0|0|0|0|0|0|0|0|0|0|0|0|0|0|0|0|0|0|0|2024|4|25|16|6|43|1|N
25|2|18|B|1|0|U|262|1|5|242|E2502|114|0|0|0|0|0|0|0|0|0|0|0|0|0|0|0|0|0|0|0|0|0||||||||
25|2|19|C|1|0|U|540|1|5|242|E2502|115|1|6|24|7|11|107|24|0|0|0|19|0|0|10|43|1|12|265|50|95|107|2024|4|25|15|20|9|4|N
25|2|53|B|1|0|U|286|1|5|242|E2502|124|15|13|2|8|2|94|66|0|0|0|0|0|0|0|4|4|10|218|30|80|94|2024|4|25|14|5|52|4|N
25|2|62|B|1|0|U|247|1|5|242|E2502|131|4|1|3|6|2|7|3|0|0|0|0|0|2|0|2|4|3|37|8|15|7|2024|4|25|14|10|13|4|N
25|2|82|C|1|0|U|502|1|5|242|E2502|103|0|0|0|0|0|0|0|0|0|0|0|0|0|0|0|0|0|0|0|0|0||||||||
25|2|91|B|1|0|U|620|1|4|242|E2502|77|4|22|1|21|23|209|61|0|0|0|0|0|0|0|105|5|4|455|27|210|209|2024|4|25|14|4|42|4|N
25|2|108|B|1|0|U|246|1|4|242|E2502|68|0|0|0|0|0|0|0|0|0|0|0|0|0|0|0|0|0|0|0|0|0||||||||
25|2|118|B|1|0|U|380|1|2|242|E2502|151|24|4|2|21|40|126|8|0|0|0|6|0|0|0|16|0|0|247|36|85|126|2024|4|25|14|14|30|4|N
25|2|125|B|1|0|U|305|1|2|242|E2502|153|2|7|2|20|13|76|18|0|0|0|5|0|0|1|3|5|6|158|16|55|76|2024|4|25|14|7|21|4|N
25|2|135|B|1|0|U|230|1|2|242|E2502|154|2|7|25|29|3|74|16|0|0|0|1|0|0|0|1|3|8|169|35|49|74|2024|4|25|15|7|31|4|N
25|2|143|B|1|0|U|697|1|2|242|E2502|159|0|0|0|0|0|0|0|0|0|0|0|0|0|0|0|0|0|0|0|0|0||||||||
25|2|151|B|1|0|U|486|1|2|242|E2502|160|6|2|17|0|14|119|74|0|0|0|1|0|0|0|20|5|5|263|26|108|119|2024|4|25|15|29|48|4|N
25|2|158|B|1|0|U|516|1|2|242|E2502|162|61|3|30|10|0|180|68|13|0|0|0|0|0|7|0|0|3|375|107|85|180|2024|4|25|15|48|23|2|N
25|2|181|B|1|0|U|296|1|2|242|E2502|175|5|0|9|33|1|37|38|0|0|0|1|0|0|85|5|2|6|222|15|162|37|2024|4|25|14|15|19|4|N
25|2|199|C|3|0|U|633|1|2|242|E2502|135|0|0|0|0|0|0|0|0|0|0|0|0|0|0|0|0|0|0|0|0|0||||||||
25|2|211|B|1|0|U|263|1|2|242|E2502|179|8|86|1|56|0|44|20|0|2|0|0|0|0|2|23|4|12|258|97|101|44|2024|4|25|15|35|43|4|N
25|2|221|B|1|0|U|399|1|2|242|E2502|181|0|0|0|0|0|0|0|0|0|0|0|0|0|0|0|0|0|0|0|0|0||||||||
25|2|252|B|1|0|M|532|20|4|242|E2502|64|0|0|0|0|0|0|0|0|0|0|0|0|0|0|0|0|0|0|0|0|0||||||||
25|2|261|B|1|0|U|385|1|2|242|E2502|140|0|0|0|0|0|0|0|0|0|0|0|0|0|0|0|0|0|0|0|0|0||||||||
25|2|269|C|1|0|M|411|1|2|242|E2502|143|0|0|0|0|0|0|0|0|0|0|0|0|0|0|0|0|0|0|0|0|0|2024|4|25|15|54|27|1|N
25|2|297|B|1|0|U|548|1|2|242|E2502|146|0|0|0|0|0|0|0|0|0|0|0|0|0|0|0|0|0|0|0|0|0||||||||
25|2|319|B|1|0|U|626|1|3|242|E2502|43|0|0|0|0|0|0|0|0|0|0|0|0|0|0|0|0|0|0|0|0|0||||||||
25|2|321|B|1|0|U|396|1|3|242|E2502|40|18|0|76|24|1|25|91|0|0|0|0|0|0|5|7|4|11|262|94|128|25|2024|4|25|15|27|48|1|N
25|2|321|C|1|0|U|396|1|3|242|E2502|40|1|75|7|5|6|60|26|0|0|0|0|0|0|36|7|3|1|227|83|80|60|2024|4|25|15|31|16|1|N
25|2|337|B|1|0|U|722|1|3|242|E2502|36|97|17|54|13|20|127|60|0|0|0|1|0|0|1|2|3|11|406|169|96|127|2024|4|25|15|1|7|4|N
25|2|342|B|1|0|M|518|1|3|242|E2502|30|0|0|0|0|0|0|0|0|0|0|0|0|0|0|0|0|0|0|0|0|0||||||||
25|2|349|B|1|0|U|708|1|5|242|E2502|100|8|0|23|17|17|187|63|0|1|0|0|0|0|0|18|3|1|338|32|115|187|2024|4|25|15|29|18|4|N
25|2|349|C|2|0|U|707|1|5|242|E2502|100|0|4|21|25|28|102|22|0|0|0|5|0|0|7|119|4|7|344|30|201|102|2024|4|25|15|32|28|4|N
25|2|352|C|1|0|U|514|1|5|242|E2502|102|0|0|0|0|0|0|0|0|0|0|0|0|0|0|0|0|0|0|0|0|0||||||||
25|2|364|C|1|0|U|378|1|3|242|E2502|25|38|0|27|2|28|95|26|0|0|0|0|0|1|0|14|5|2|238|65|71|95|2024|4|25|15|42|38|1|N
25|2|366|B|1|0|R|423|20|3|242|E2502|32|0|0|0|0|0|0|0|0|0|0|0|0|0|0|0|0|0|0|0|0|0||||||||
25|2|375|B|1|0|R|287|1|3|242|E2502|1|2|3|16|1|19|83|31|0|0|0|4|0|0|4|9|4|7|183|25|64|83|2024|4|25|15|43|14|4|N
25|2|381|B|1|0|R|429|1|3|242|E2502|2|14|9|49|3|45|107|81|0|0|0|0|0|0|14|42|0|11|375|72|185|107|2024|4|25|15|21|23|4|N
25|2|386|B|1|0|U|303|1|3|242|E2502|3|49|52|23|0|2|48|27|0|0|0|3|0|0|31|9|4|4|252|127|69|48|2024|4|25|15|47|6|4|N
25|2|395|B|1|0|U|485|1|3|242|E2502|8|0|0|0|0|0|0|0|0|0|0|0|0|0|0|0|0|0|0|0|0|0|2024|4|25|16|1|50|1|N
25|2|419|B|1|0|U|411|1|3|242|E2502|46|48|27|36|9|36|76|38|0|0|0|0|0|0|0|1|0|11|282|111|84|76|2024|4|25|14|11|23|4|N
25|2|424|B|1|0|R|315|1|3|242|E2502|18|0|0|0|0|0|0|0|0|0|0|0|0|0|0|0|0|0|0|0|0|0|2024|4|25|16|14|51|1|N
25|2|442|B|1|0|U|634|1|3|242|E2502|22|0|0|0|0|0|0|0|0|0|0|0|0|0|0|0|0|0|0|0|0|0|2024|4|25|15|58|34|1|N
25|2|452|B|1|0|U|170|1|3|242|E2502|20|0|0|0|0|0|0|0|0|0|0|0|0|0|0|0|0|0|0|0|0|0|2024|4|25|16|15|0|4|N
25|2|454|B|1|0|U|433|1|3|242|E2502|24|28|65|2|5|3|81|12|0|0|0|0|0|0|0|27|0|8|231|95|47|81|2024|4|25|15|45|44|1|N
25|2|3854|C|1|0|U|505|1|5|242|E2502|117|20|4|22|23|44|116|68|0|0|0|0|0|0|0|16|2|7|322|46|151|116|2024|4|25|15|22|54|1|N
25|2|3859|C|1|0|U|495|1|5|242|E2502|110|0|0|0|0|0|0|0|0|0|0|0|0|0|0|0|0|0|0|0|0|0||||||||
25|2|3861|C|3|0|U|616|1|5|242|E2502|88|0|0|0|0|0|0|0|0|0|0|0|0|0|0|0|0|0|0|0|0|0||||||||
25|2|3876|C|1|0|U|658|1|4|242|E2502|54|0|0|0|0|0|0|0|0|0|0|0|0|0|0|0|0|0|0|0|0|0||||||||
25|2|3886|C|1|0|U|709|1|2|242|E2502|155|0|0|0|0|0|0|0|0|0|0|0|0|0|0|0|0|0|0|0|0|0|2024|4|25|15|53|27|1|N
25|3|459|B|1|0|M|374|2|9|243|E2503|2|0|0|0|0|0|0|0|0|0|0|0|0|0|0|0|0|0|0|0|0|0||||||||
25|3|465|B|1|0|R|418|2|9|243|E2503|6|0|0|0|0|0|0|0|0|0|0|0|0|0|0|0|0|0|0|0|0|0||||||||
25|3|486|B|1|0|U|641|2|9|243|E2503|11|41|79|67|22|0|232|77|0|0|0|0|0|0|0|0|1|6|525|187|99|232|2024|4|25|14|11|43|4|N
25|3|487|C|1|0|M|402|2|9|243|E2503|11|8|4|16|1|34|7|75|0|0|0|0|0|0|6|0|3|11|165|28|116|7|2024|4|25|15|26|21|1|N
25|3|490|B|1|0|R|275|2|9|243|E2503|7|0|0|0|0|0|0|0|0|0|0|0|0|0|0|0|0|0|0|0|0|0||||||||
25|3|501|B|1|0|U|258|2|9|243|E2503|10|0|0|0|0|0|0|0|0|0|0|0|0|0|0|0|0|0|0|0|0|0||||||||
25|3|525|B|1|0|M|404|2|9|243|E2503|24|5|25|1|3|9|120|53|0|0|0|2|0|0|0|6|3|3|230|33|71|120|2024|4|25|15|46|31|1|N
25|3|536|B|1|0|U|228|2|9|243|E2503|25|0|0|0|0|0|0|0|0|0|0|0|0|0|0|0|0|0|0|0|0|0|2024|4|25|15|54|47|1|N
25|3|538|B|1|0|M|220|2|9|243|E2503|26|0|0|0|0|0|0|0|0|0|0|0|0|0|0|0|0|0|0|0|0|0||||||||
25|3|549|B|1|0|U|747|2|9|243|E2503|21|0|5|36|15|49|35|70|0|2|0|82|0|0|0|38|5|10|347|125|172|35|2024|4|25|15|2|46|4|N
25|3|552|B|1|0|U|194|2|9|243|E2503|20|0|0|0|0|0|0|0|0|0|0|0|0|0|0|0|0|0|0|0|0|0||||||||
25|3|554|B|1|0|U|326|2|9|243|E2503|27|0|0|0|0|0|0|0|0|0|0|0|0|0|0|0|0|0|0|0|0|0||||||||
25|3|558|B|1|0|U|330|2|9|243|E2503|28|11|26|20|3|15|103|18|0|0|0|0|0|0|0|4|4|7|211|57|40|103|2024|4|25|15|33|5|4|N
25|3|564|B|1|0|U|630|3|6|243|E2503|29|0|0|0|0|0|0|0|0|0|0|0|0|0|0|0|0|0|0|0|0|0||||||||
25|3|581|B|1|0|R|155|3|6|243|E2503|44|0|0|0|0|0|0|0|0|0|0|0|0|0|0|0|0|0|0|0|0|0||||||||
25|3|594|B|1|0|R|324|3|6|243|E2503|33|0|0|0|0|0|0|0|0|0|0|0|0|0|0|0|0|0|0|0|0|0||||||||
25|3|625|B|1|0|R|468|3|6|243|E2503|39|0|0|0|0|0|0|0|0|0|0|0|0|0|0|0|0|0|0|0|0|0||||||||
25|3|3002|B|1|0|U|187|13|6|243|E2503|49|0|0|0|0|0|0|0|0|0|0|0|0|0|0|0|0|0|0|0|0|0||||||||
25|3|3024|B|1|0|U|127|13|6|243|E2503|52|0|0|0|0|0|0|0|0|0|0|0|0|0|0|0|0|0|0|0|0|0||||||||
25|3|3060|B|1|0|R|230|13|6|243|E2503|70|0|0|0|0|0|0|0|0|0|0|0|0|0|0|0|0|0|0|0|0|0||||||||
25|3|3095|B|1|0|R|216|13|6|243|E2503|57|0|0|0|0|0|0|0|0|0|0|0|0|0|0|0|0|0|0|0|0|0|2024|4|25|16|5|3|1|N
25|3|3104|B|1|0|M|170|13|6|243|E2503|62|0|0|0|0|0|0|0|0|0|0|0|0|0|0|0|0|0|0|0|0|0|2024|4|25|16|6|59|1|N
25|3|3253|B|1|0|U|282|15|9|243|E2503|84|0|0|0|0|0|0|0|0|0|0|0|0|0|0|0|0|0|0|0|0|0||||||||
25|3|3268|B|1|0|U|304|15|9|243|E2503|87|0|0|0|0|0|0|0|0|0|0|0|0|0|0|0|0|0|0|0|0|0||||||||
25|3|3287|C|3|0|U|707|15|9|243|E2503|96|0|0|0|0|0|0|0|0|0|0|0|0|0|0|0|0|0|0|0|0|0|2024|4|25|16|4|48|4|N
25|3|3308|B|1|0|U|381|15|9|243|E2503|98|0|0|0|0|0|0|0|0|0|0|0|0|0|0|0|0|0|0|0|0|0||||||||
25|3|3326|B|1|0|R|136|15|9|243|E2503|112|0|0|0|0|0|0|0|0|0|0|0|0|0|0|0|0|0|0|0|0|0|2024|4|25|16|3|11|1|N
25|3|3340|B|1|0|U|529|15|9|243|E2503|115|0|0|0|0|0|0|0|0|0|0|0|0|0|0|0|0|0|0|0|0|0||||||||
25|3|3342|B|1|0|U|203|15|9|243|E2503|108|17|32|11|2|1|63|6|0|0|0|0|0|0|0|6|5|2|145|60|15|63|2024|4|25|15|15|26|1|N
25|3|3358|B|1|0|R|392|15|9|243|E2503|109|2|8|10|17|12|186|14|0|0|0|8|0|0|0|6|3|3|269|28|49|186|2024|4|25|15|47|0|1|N
25|3|3421|B|1|0|U|324|17|6|243|E2503|130|37|6|13|8|26|10|29|0|0|0|0|0|0|0|0|3|2|134|56|63|10|2024|4|25|15|4|54|4|N
25|3|3424|B|1|0|U|282|17|6|243|E2503|130|7|0|6|24|11|68|30|0|0|0|0|0|0|0|3|0|6|155|13|68|68|2024|4|25|15|7|14|4|N
25|3|3429|B|1|0|R|253|17|6|243|E2503|164|0|0|0|0|0|0|0|0|0|0|0|0|0|0|0|0|0|0|0|0|0|2024|4|25|15|56|36|1|N
25|3|3430|B|1|0|R|164|17|6|243|E2503|152|25|0|1|3|2|48|9|0|0|0|0|0|0|14|22|4|12|140|26|50|48|2024|4|25|15|43|31|1|N
25|3|3459|B|1|0|R|293|17|6|243|E2503|161|0|0|0|0|0|0|0|0|0|0|0|0|0|0|0|0|0|0|0|0|0|2024|4|25|16|6|9|1|N
25|3|3473|B|1|0|R|483|17|6|243|E2503|165|42|66|11|0|18|114|28|0|0|0|0|0|0|0|31|1|8|319|119|77|114|2024|4|25|15|41|37|1|N
25|3|3524|B|1|0|U|410|17|6|243|E2503|147|0|0|0|0|0|0|0|0|0|0|0|0|0|0|0|0|0|0|0|0|0||||||||
25|3|3534|B|1|0|R|463|17|6|243|E2503|157|0|0|0|0|0|0|0|0|0|0|0|0|0|0|0|0|0|0|0|0|0||||||||
25|3|3572|B|1|0|R|393|17|6|243|E2503|158|15|13|0|30|11|92|2|0|0|0|0|0|0|0|34|2|10|209|28|77|92|2024|4|25|15|39|20|1|N
25|3|3572|C|1|0|R|393|17|6|243|E2503|158|5|101|0|7|1|51|74|0|0|0|0|0|0|0|1|0|11|251|106|83|51|2024|4|25|15|35|26|4|N
25|3|3576|B|1|0|R|591|17|6|243|E2503|147|0|0|0|0|0|0|0|0|0|0|0|0|0|0|0|0|0|0|0|0|0||||||||
25|3|3590|B|1|0|R|706|17|6|243|E2503|139|0|0|0|0|0|0|0|0|0|0|0|0|0|0|0|0|0|0|0|0|0||||||||
25|3|3634|C|1|0|U|588|18|10|243|E2503|171|0|0|0|0|0|0|0|0|0|0|0|0|0|0|0|0|0|0|0|0|0||||||||
25|3|3637|B|1|0|U|278|18|10|243|E2503|173|0|0|0|0|0|0|0|0|0|0|0|0|0|0|0|0|0|0|0|0|0|2024|4|25|16|10|29|1|N
25|3|3652|B|1|0|M|162|18|9|243|E2503|179|16|20|8|11|2|19|3|0|0|3|0|0|0|0|17|0|11|110|47|33|19|2024|4|25|15|45|24|1|N
25|3|3659|B|1|0|U|609|18|10|243|E2503|186|0|0|0|0|0|0|0|0|0|0|0|0|0|0|0|0|0|0|0|0|0||||||||
25|3|3686|B|1|0|M|435|18|10|243|E2503|189|0|0|0|0|0|0|0|0|0|0|0|0|0|0|0|0|0|0|0|0|0||||||||
25|3|3697|B|1|0|R|459|18|10|243|E2503|187|5|52|2|4|4|45|8|0|0|0|0|0|0|36|58|1|7|222|59|110|45|2024|4|25|15|48|31|1|N
25|3|3754|B|1|0|R|237|18|10|243|E2503|202|0|0|0|0|0|0|0|0|0|0|0|0|0|0|0|0|0|0|0|0|0|2024|4|25|16|5|29|1|N
25|3|3758|B|1|0|M|582|18|10|243|E2503|216|0|0|0|0|0|0|0|0|0|0|0|0|0|0|0|0|0|0|0|0|0||||||||
25|3|3760|B|1|0|U|570|18|10|243|E2503|217|0|0|0|0|0|0|0|0|0|0|0|0|0|0|0|0|0|0|0|0|0||||||||
25|3|3764|B|1|0|U|446|18|10|243|E2503|213|0|0|0|0|0|0|0|0|0|0|0|0|0|0|0|0|0|0|0|0|0||||||||
25|3|3768|C|6|0|M|676|18|10|243|E2503|210|0|0|0|0|0|0|0|0|0|0|0|0|0|0|0|0|0|0|0|0|0||||||||
25|3|3786|B|1|0|M|394|18|10|243|E2503|203|0|0|0|0|0|0|0|0|0|0|0|0|0|0|0|0|0|0|0|0|0|2024|4|25|16|0|21|1|N
25|3|3787|B|1|0|U|512|18|10|243|E2503|203|0|0|0|0|0|0|0|0|0|0|0|0|0|0|0|0|0|0|0|0|0||||||||
25|4|1732|B|1|0|U|138|7|1|244|E2504|3|19|11|8|4|13|24|11|0|0|0|0|0|0|3|4|1|11|109|38|35|24|2024|4|25|15|45|21|4|N
25|4|1750|B|1|0|R|355|7|1|244|E2504|7|22|22|10|3|10|98|73|0|0|0|4|0|0|19|1|3|12|277|58|106|98|2024|4|25|15|42|24|1|N
25|4|1776|B|1|0|M|214|7|1|244|E2504|18|10|25|5|11|0|42|28|0|0|0|2|0|0|0|16|3|12|154|42|55|42|2024|4|25|15|44|54|4|N
25|4|1777|B|1|0|R|218|7|1|244|E2504|15|75|17|6|8|3|50|3|0|0|0|6|0|0|1|4|0|6|179|104|19|50|2024|4|25|15|19|4|4|N
25|4|1951|B|1|0|R|270|10|1|244|E2504|33|12|1|3|7|24|63|47|0|0|0|0|0|1|0|1|1|10|170|16|80|63|2024|4|25|15|31|31|4|N
25|4|1977|B|1|0|R|491|10|1|244|E2504|70|11|34|56|7|4|15|31|0|0|0|0|0|0|1|59|0|12|230|101|102|15|2024|4|25|15|8|43|4|N
25|4|1990|B|1|0|M|394|10|1|244|E2504|40|0|0|0|0|0|0|0|0|0|0|0|0|0|0|0|0|0|0|0|0|0||||||||
25|4|1994|B|1|0|R|417|10|1|244|E2504|65|11|0|21|1|3|76|94|0|0|0|0|0|0|4|28|0|1|239|32|130|76|2024|4|25|15|30|10|1|N
25|4|1995|B|1|0|R|206|10|1|244|E2504|70|3|2|0|1|1|48|56|0|0|0|3|0|0|0|3|2|7|126|8|61|48|2024|4|25|15|11|18|4|N
25|4|2002|B|1|0|R|294|10|1|244|E2504|64|45|1|13|0|28|49|61|0|0|0|0|0|0|0|11|1|0|209|59|100|49|2024|4|25|15|5|2|4|N
25|4|2005|B|1|0|U|438|10|1|244|E2504|66|46|70|3|8|1|61|48|0|0|0|1|0|0|2|55|2|10|307|120|114|61|2024|4|25|14|6|22|4|N
25|4|2010|B|1|0|U|603|10|1|244|E2504|68|19|3|64|15|27|261|57|0|0|0|31|0|0|1|6|2|8|494|117|106|261|2024|4|25|15|2|55|4|N
25|4|2011|B|1|0|U|419|10|1|244|E2504|68|33|46|1|2|34|87|36|0|0|0|4|0|0|0|4|4|9|260|84|76|87|2024|4|25|14|6|55|4|N
25|4|2014|B|1|0|R|619|10|1|244|E2504|41|76|6|18|1|0|101|48|0|0|0|3|0|0|22|22|5|4|306|103|93|101|2024|4|25|15|51|1|4|N
25|4|2034|B|1|0|U|733|10|1|244|E2504|44|0|0|0|0|0|0|0|0|0|0|0|0|0|0|0|0|0|0|0|0|0||||||||
25|4|2092|B|1|0|M|677|10|1|244|E2504|61|0|0|0|0|0|0|0|0|0|0|0|0|0|0|0|0|0|0|0|0|0||||||||
25|4|2104|B|1|0|U|379|11|8|244|E2504|73|0|0|0|0|0|0|0|0|0|0|0|0|0|0|0|0|0|0|0|0|0||||||||
25|4|2107|B|1|0|U|446|11|8|244|E2504|73|0|0|0|0|0|0|0|0|0|0|0|0|0|0|0|0|0|0|0|0|0||||||||
25|4|2125|B|1|0|U|218|11|7|244|E2504|79|19|0|0|0|14|56|4|0|0|0|0|0|0|3|1|1|9|107|19|22|56|2024|4|25|15|11|43|4|N
25|4|2139|B|1|0|U|510|11|8|244|E2504|84|91|60|71|7|39|34|3|0|0|0|0|0|0|0|4|5|7|321|222|53|34|2024|4|25|15|10|10|4|N
25|4|2145|B|1|0|U|272|11|8|244|E2504|97|41|0|2|0|1|52|33|0|0|0|0|0|1|0|26|4|9|169|43|61|52|2024|4|25|15|36|42|1|N
25|4|2178|C|1|0|U|427|11|8|244|E2504|95|4|29|18|0|10|7|123|0|0|0|0|0|0|1|1|2|1|196|51|135|7|2024|4|25|15|47|47|4|N
25|4|2188|C|1|0|R|469|20|7|244|E2504|117|21|22|61|2|1|110|6|0|4|0|0|0|0|0|82|1|3|313|108|91|110|2024|4|25|15|34|33|1|N
25|4|2220|C|1|0|U|435|20|7|244|E2504|108|44|2|9|3|47|58|11|0|0|0|44|0|0|2|92|5|12|329|99|155|58|2024|4|25|15|12|14|4|N
25|4|2221|C|1|0|U|640|20|7|244|E2504|113|43|26|46|12|47|240|79|0|0|0|12|0|1|0|3|1|9|519|127|142|240|2024|4|25|15|46|49|1|N
25|4|2226|B|1|0|U|511|11|7|244|E2504|142|0|0|0|0|0|0|0|0|0|0|0|0|0|0|0|0|0|0|0|0|0|2024|4|25|15|56|45|4|N
25|4|2271|B|1|0|M|626|11|7|244|E2504|120|0|0|0|0|0|0|0|0|0|0|0|0|0|0|0|0|0|0|0|0|0||||||||
25|4|2277|B|1|0|U|394|11|7|244|E2504|125|0|0|0|0|0|0|0|0|0|0|0|0|0|0|0|0|0|0|0|0|0||||||||
25|4|2278|B|1|0|U|187|11|7|244|E2504|123|0|0|0|0|0|0|0|0|0|0|0|0|0|0|0|0|0|0|0|0|0||||||||
25|4|2301|B|1|0|M|305|11|7|244|E2504|144|16|17|37|0|0|46|62|0|0|0|0|0|6|0|2|1|8|195|70|70|46|2024|4|25|15|42|17|1|N
25|4|2311|B|1|0|R|235|11|8|244|E2504|169|0|0|0|0|0|0|0|0|0|0|0|0|0|0|0|0|0|0|0|0|0|2024|4|25|16|5|46|1|N
25|4|2318|C|1|0|R|568|11|8|244|E2504|168|0|0|0|0|0|0|0|0|0|0|0|0|0|0|0|0|0|0|0|0|0|2024|4|25|16|5|39|1|N
25|4|2320|B|1|0|U|542|11|7|244|E2504|127|0|0|0|0|0|0|0|0|0|0|0|0|0|0|0|0|0|0|0|0|0||||||||
25|4|2323|B|1|0|U|373|11|7|244|E2504|128|0|0|0|0|0|0|0|0|0|0|0|0|0|0|0|0|0|0|0|0|0||||||||
25|4|2347|B|1|0|R|491|11|7|244|E2504|129|4|122|12|64|1|97|21|0|0|0|0|0|0|1|30|0|10|362|138|117|97|2024|4|25|15|41|58|4|N
25|4|2348|C|2|0|R|588|11|7|244|E2504|130|41|35|48|5|0|89|58|0|0|0|0|0|0|13|24|2|10|325|124|100|89|2024|4|25|15|43|45|4|N
25|4|2352|B|1|0|U|429|11|8|244|E2504|179|1|30|18|55|45|116|72|0|0|0|7|0|0|9|1|2|11|367|56|182|116|2024|4|25|15|26|47|4|N
25|4|2362|B|1|0|R|166|11|8|244|E2504|190|0|0|0|0|0|0|0|0|0|0|0|0|0|0|0|0|0|0|0|0|0||||||||
25|4|2364|B|1|0|R|435|11|8|244|E2504|184|0|0|0|0|0|0|0|0|0|0|0|0|0|0|0|0|0|0|0|0|0|2024|4|25|16|14|31|1|N
25|4|2380|B|1|0|U|509|11|7|244|E2504|118|111|1|0|3|8|109|43|0|0|0|0|0|4|1|9|4|12|305|112|68|109|2024|4|25|14|4|31|4|N
25|4|2398|C|1|0|R|537|11|8|244|E2504|167|0|0|0|0|0|0|0|0|0|0|0|0|0|0|0|0|0|0|0|0|0|2024|4|25|16|11|57|1|N
25|4|2404|B|1|0|R|280|11|8|244|E2504|191|0|0|0|0|0|0|0|0|0|0|0|0|0|0|0|0|0|0|0|0|0||||||||
25|4|2406|B|1|0|R|233|11|8|244|E2504|185|0|0|0|0|0|0|0|0|0|0|0|0|0|0|0|0|0|0|0|0|0||||||||
25|4|2408|B|1|0|U|557|11|8|244|E2504|102|15|2|31|47|0|22|1|12|0|0|26|0|0|0|3|4|6|169|86|51|22|2024|4|25|14|3|31|4|N
25|4|2422|C|1|0|M|425|11|8|244|E2504|151|0|0|0|0|0|0|0|0|0|0|0|0|0|0|0|0|0|0|0|0|0|2024|4|25|15|57|15|1|N
25|4|2447|B|1|0|R|113|11|8|244|E2504|193|0|0|0|0|0|0|0|0|0|0|0|0|0|0|0|0|0|0|0|0|0||||||||
25|4|2484|B|1|0|U|666|11|8|244|E2504|152|0|0|0|0|0|0|0|0|0|0|0|0|0|0|0|0|0|0|0|0|0||||||||
25|4|2524|B|1|0|R|434|11|8|244|E2504|163|0|0|0|0|0|0|0|0|0|0|0|0|0|0|0|0|0|0|0|0|0|2024|4|25|16|10|53|1|N
25|5|781|B|1|0|U|333|6|14|245|E2505|52|15|20|0|1|2|59|21|2|0|0|1|0|0|0|40|5|2|168|38|64|59|2024|4|25|14|11|34|4|N
25|5|888|C|5|0|U|707|6|12|245|E2505|30|0|0|0|0|0|0|0|0|0|0|0|0|0|0|0|0|0|0|0|0|0||||||||
25|5|897|B|1|0|U|530|6|14|245|E2505|34|0|0|0|0|0|0|0|0|0|0|0|0|0|0|0|0|0|0|0|0|0||||||||
25|5|897|C|1|0|U|530|6|14|245|E2505|34|0|0|0|0|0|0|0|0|0|0|0|0|0|0|0|0|0|0|0|0|0||||||||
25|5|913|B|1|0|U|603|6|14|245|E2505|33|0|0|0|0|0|0|0|0|0|0|0|0|0|0|0|0|0|0|0|0|0||||||||
25|5|919|B|1|0|U|527|6|14|245|E2505|49|2|67|10|9|8|9|47|0|0|0|0|0|0|19|21|4|10|206|79|104|9|2024|4|25|14|15|11|4|N
25|5|933|C|1|0|U|707|6|14|245|E2505|43|43|19|15|5|10|231|69|0|0|0|0|0|0|4|2|2|11|411|77|90|231|2024|4|25|15|30|25|1|N
25|5|988|B|1|0|U|189|6|14|245|E2505|64|0|0|0|0|0|0|0|0|0|0|0|0|0|0|0|0|0|0|0|0|0|2024|4|25|15|56|19|4|N
25|5|995|B|1|0|U|507|6|15|245|E2505|155|17|35|69|35|17|19|91|0|0|0|17|0|0|0|0|5|5|310|138|143|19|2024|4|25|15|29|13|4|N
25|5|996|C|1|0|U|738|6|15|245|E2505|156|0|0|0|0|0|0|0|0|0|0|0|0|0|0|0|0|0|0|0|0|0||||||||
25|5|999|C|9|0|M|693|6|15|245|E2505|154|0|0|0|0|0|0|0|0|0|0|0|0|0|0|0|0|0|0|0|0|0||||||||
25|5|1012|B|1|0|U|471|6|14|245|E2505|83|0|0|0|0|0|0|0|0|0|0|0|0|0|0|0|0|0|0|0|0|0||||||||
25|5|1016|B|1|0|U|224|6|14|245|E2505|80|0|0|0|0|0|0|0|0|0|0|0|0|0|0|0|0|0|0|0|0|0||||||||
25|5|1021|B|1|0|U|173|6|14|245|E2505|66|0|0|0|0|0|0|0|0|0|0|0|0|0|0|0|0|0|0|0|0|0||||||||
25|5|1037|B|1|0|U|342|6|14|245|E2505|83|19|1|4|0|6|93|91|0|0|0|1|0|0|0|0|1|12|228|25|97|93|2024|4|25|15|36|25|4|N
25|5|1052|B|1|0|U|290|6|14|245|E2505|71|0|0|0|0|0|0|0|0|0|0|0|0|0|0|0|0|0|0|0|0|0|2024|4|25|15|53|19|1|N
25|5|1087|C|1|0|U|514|6|14|245|E2505|77|36|0|7|3|47|153|22|0|0|0|9|0|0|0|6|3|0|286|52|78|153|2024|4|25|15|26|39|4|N
25|5|1104|B|1|0|U|288|6|14|245|E2505|92|1|17|0|0|28|76|36|1|0|0|0|0|0|0|6|2|9|176|19|70|76|2024|4|25|11|3|3|4|N
25|5|1117|B|1|0|U|413|6|14|245|E2505|102|66|102|3|0|18|34|26|0|0|0|2|0|0|5|0|2|9|267|173|49|34|2024|4|25|15|34|7|2|N
25|5|1139|B|1|0|U|311|6|14|245|E2505|107|7|0|3|0|15|93|25|0|0|0|0|0|0|4|22|1|9|179|10|66|93|2024|4|25|15|0|55|4|N
25|5|1157|B|1|0|U|374|6|16|245|E2505|117|50|19|11|47|0|96|1|0|0|0|0|0|0|11|8|2|0|245|80|67|96|2024|4|25|15|35|18|4|N
25|5|1179|B|1|0|U|501|6|16|245|E2505|115|1|46|28|0|24|42|88|0|0|0|0|0|27|20|59|1|1|337|75|218|42|2024|4|25|15|43|43|4|N
25|5|1180|B|1|0|U|378|6|14|245|E2505|104|38|3|36|16|20|157|39|0|0|0|9|0|0|0|3|5|5|331|86|78|157|2024|4|25|15|37|51|4|N
25|5|1181|C|2|0|U|658|6|16|245|E2505|115|0|0|0|0|0|0|0|0|0|0|0|0|0|0|0|0|0|0|0|0|0|2024|4|25|15|59|26|4|N
25|5|1201|C|2|0|U|729|6|15|245|E2505|137|27|13|103|13|1|213|148|0|0|0|0|0|112|3|17|0|3|653|143|294|213|2024|4|25|15|23|57|4|N
25|5|1205|C|2|0|U|742|6|15|245|E2505|130|0|0|0|0|0|0|0|0|0|0|0|0|0|0|0|0|0|0|0|0|0||||||||
25|5|1272|B|1|0|U|429|6|12|245|E2505|3|0|0|0|0|0|0|0|0|0|0|0|0|0|0|0|0|0|0|0|0|0||||||||
25|5|1286|B|1|0|U|405|6|15|245|E2505|160|7|4|21|8|14|135|50|0|14|0|1|0|0|3|18|5|10|290|47|93|135|2024|4|25|14|7|47|4|N
25|5|1294|B|1|0|R|244|6|15|245|E2505|161|0|0|0|0|0|0|0|0|0|0|0|0|0|0|0|0|0|0|0|0|0||||||||
25|5|3838|C|1|0|U|419|6|12|245|E2505|15|0|0|0|0|0|0|0|0|0|0|0|0|0|0|0|0|0|0|0|0|0||||||||
25|5|3847|C|3|0|U|711|6|14|245|E2505|20|0|0|0|0|0|0|0|0|0|0|0|0|0|0|0|0|0|0|0|0|0||||||||
25|5|3894|B|1|0|U|563|6|15|245|E2505|149|40|21|10|6|1|307|41|0|0|0|17|0|0|1|2|3|11|460|88|51|307|2024|4|25|15|43|49|4|N
25|5|3897|B|1|0|U|746|6|15|245|E2505|152|28|19|46|0|83|128|38|0|0|0|5|0|0|1|36|2|11|397|98|158|128|2024|4|25|15|14|34|4|N
25|5|3904|B|1|0|U|623|6|16|245|E2505|124|0|0|0|0|0|0|0|0|0|0|0|0|0|0|0|0|0|0|0|0|0||||||||
25|5|3904|C|1|0|U|623|6|16|245|E2505|124|0|0|0|0|0|0|0|0|0|0|0|0|0|0|0|0|0|0|0|0|0||||||||
25|5|3904|C|4|0|U|623|6|16|245|E2505|124|0|0|0|0|0|0|0|0|0|0|0|0|0|0|0|0|0|0|0|0|0||||||||
25|5|3906|B|1|0|U|693|6|16|245|E2505|112|58|61|31|91|43|59|11|0|0|0|0|0|11|3|2|0|11|381|150|161|59|2024|4|25|15|14|23|4|N
25|5|3940|B|1|0|U|734|6|12|245|E2505|8|0|0|0|0|0|0|0|0|0|0|0|0|0|0|0|0|0|0|0|0|0|2024|4|25|16|8|5|1|N
25|5|3941|C|3|0|U|730|6|12|245|E2505|10|0|0|0|0|0|0|0|0|0|0|0|0|0|0|0|0|0|0|0|0|0||||||||
25|5|3942|C|2|0|U|500|6|12|245|E2505|11|0|0|0|0|0|0|0|0|0|0|0|0|0|0|0|0|0|0|0|0|0||||||||
25|6|676|B|1|0|U|568|5|19|246|E2506|125|0|0|0|0|0|0|0|0|0|0|0|0|0|0|0|0|0|0|0|0|0||||||||
25|6|694|B|1|0|R|491|5|19|246|E2506|126|0|0|0|0|0|0|0|0|0|0|0|0|0|0|0|0|0|0|0|0|0||||||||
25|6|706|B|1|0|R|231|5|19|246|E2506|131|0|0|0|0|0|0|0|0|0|0|0|0|0|0|0|0|0|0|0|0|0||||||||
25|6|1556|C|1|0|U|441|6|18|246|E2506|184|59|7|57|6|23|110|32|0|0|0|0|0|0|0|18|3|10|325|123|79|110|2024|4|25|15|2|28|4|N
25|6|1558|B|1|0|U|560|6|18|246|E2506|187|0|0|0|0|0|0|0|0|0|0|0|0|0|0|0|0|0|0|0|0|0||||||||
25|6|1566|B|1|0|U|284|6|18|246|E2506|183|0|0|0|0|0|0|0|0|0|0|0|0|0|0|0|0|0|0|0|0|0||||||||
25|6|1567|B|1|0|U|189|6|18|246|E2506|185|0|0|0|0|0|0|0|0|0|0|0|0|0|0|0|0|0|0|0|0|0||||||||
25|6|1588|B|1|0|R|314|6|18|246|E2506|175|0|0|0|0|0|0|0|0|0|0|0|0|0|0|0|0|0|0|0|0|0||||||||
25|6|1606|B|1|0|R|475|6|18|246|E2506|174|0|0|0|0|0|0|0|0|0|0|0|0|0|0|0|0|0|0|0|0|0||||||||
25|6|1613|B|1|0|U|365|6|18|246|E2506|160|0|0|0|0|0|0|0|0|0|0|0|0|0|0|0|0|0|0|0|0|0||||||||
25|6|1634|B|1|0|U|489|6|19|246|E2506|146|71|2|9|1|19|56|71|0|0|0|0|0|0|21|49|5|2|306|82|161|56|2024|4|25|15|45|5|4|N
25|6|1639|B|1|0|R|227|19|18|246|E2506|169|0|0|0|0|0|0|0|0|0|0|0|0|0|0|0|0|0|0|0|0|0||||||||
25|6|1647|B|1|0|U|175|6|19|246|E2506|144|0|0|0|0|0|0|0|0|0|0|0|0|0|0|0|0|0|0|0|0|0||||||||
25|6|1648|B|1|0|M|427|6|19|246|E2506|144|0|0|0|0|0|0|0|0|0|0|0|0|0|0|0|0|0|0|0|0|0|2024|4|25|16|10|12|1|N
25|6|1656|B|1|0|M|319|6|18|246|E2506|147|0|0|0|0|0|0|0|0|0|0|0|0|0|0|0|0|0|0|0|0|0||||||||
25|6|1657|B|1|0|U|455|6|18|246|E2506|147|0|0|0|0|0|0|0|0|0|0|0|0|0|0|0|0|0|0|0|0|0||||||||
25|6|1664|B|1|0|R|485|19|18|246|E2506|157|0|0|0|0|0|0|0|0|0|0|0|0|0|0|0|0|0|0|0|0|0||||||||
25|6|1677|B|1|0|U|435|19|18|246|E2506|166|0|0|0|0|0|0|0|0|0|0|0|0|0|0|0|0|0|0|0|0|0||||||||
25|6|1679|C|1|0|U|472|19|18|246|E2506|165|31|0|55|17|3|93|21|0|0|0|0|0|0|32|0|1|1|254|86|73|93|2024|4|25|14|6|24|4|N
25|6|1689|B|1|0|U|702|19|18|246|E2506|163|0|0|0|0|0|0|0|0|0|0|0|0|0|0|0|0|0|0|0|0|0||||||||
25|6|1702|B|1|0|R|310|6|19|246|E2506|139|0|0|0|0|0|0|0|0|0|0|0|0|0|0|0|0|0|0|0|0|0||||||||
25|6|1811|B|1|0|U|512|8|19|246|E2506|110|0|0|0|0|0|0|0|0|0|0|0|0|0|0|0|0|0|0|0|0|0|2024|4|25|16|9|2|1|N
25|6|1811|C|2|0|U|512|8|19|246|E2506|110|0|0|0|0|0|0|0|0|0|0|0|0|0|0|0|0|0|0|0|0|0|2024|4|25|16|12|5|1|N
25|6|1813|B|1|0|U|478|8|19|246|E2506|107|0|0|0|0|0|0|0|0|0|0|0|0|0|0|0|0|0|0|0|0|0|2024|4|25|15|59|57|1|N
25|6|1824|B|1|0|M|392|8|19|246|E2506|117|0|0|0|0|0|0|0|0|0|0|0|0|0|0|0|0|0|0|0|0|0||||||||
25|6|1855|B|1|0|R|428|8|19|246|E2506|115|0|0|0|0|0|0|0|0|0|0|0|0|0|0|0|0|0|0|0|0|0||||||||
25|6|2550|B|1|0|U|284|12|21|246|E2506|14|0|0|0|0|0|0|0|0|0|0|0|0|0|0|0|0|0|0|0|0|0||||||||
25|6|2597|B|1|0|U|508|12|21|246|E2506|1|0|0|0|0|0|0|0|0|0|0|0|0|0|0|0|0|0|0|0|0|0||||||||
25|6|2667|C|6|0|U|702|12|21|246|E2506|85|0|0|0|0|0|0|0|0|0|0|0|0|0|0|0|0|0|0|0|0|0||||||||
25|6|2676|C|1|0|U|633|12|21|246|E2506|42|0|0|0|0|0|0|0|0|0|0|0|0|0|0|0|0|0|0|0|0|0||||||||
25|6|2676|C|2|0|U|633|12|21|246|E2506|42|17|62|24|1|13|145|41|0|0|0|19|0|0|1|2|2|3|330|122|58|145|2024|4|25|13|55|43|4|N
25|6|2684|C|1|0|U|512|12|21|246|E2506|35|18|29|22|8|8|172|153|0|0|0|0|0|0|0|12|1|11|434|69|181|172|2024|4|25|15|35|23|2|N
25|6|2720|B|1|0|U|514|12|21|246|E2506|33|0|0|0|0|0|0|0|0|0|0|0|0|0|0|0|0|0|0|0|0|0||||||||
25|6|2722|C|1|0|U|734|12|21|246|E2506|27|0|0|0|0|0|0|0|0|0|0|0|0|0|0|0|0|0|0|0|0|0||||||||
25|6|2764|B|1|0|U|179|12|21|246|E2506|31|8|1|2|0|0|38|7|0|0|0|2|0|0|0|46|3|11|118|13|53|38|2024|4|25|15|47|36|4|N
25|6|2914|B|1|0|U|227|12|21|246|E2506|22|1|16|20|46|14|14|23|0|0|0|0|0|0|0|6|4|8|152|37|89|14|2024|4|25|15|4|20|4|N
25|6|2941|B|1|0|U|310|12|21|246|E2506|21|0|0|0|0|0|0|0|0|0|0|0|0|0|0|0|0|0|0|0|0|0|2024|4|25|15|54|1|4|N
25|6|2960|B|1|0|M|185|12|20|246|E2506|91|0|0|0|0|0|0|0|0|0|0|0|0|0|0|0|0|0|0|0|0|0||||||||
25|6|2961|B|1|0|M|693|12|20|246|E2506|89|0|0|0|0|0|0|0|0|0|0|0|0|0|0|0|0|0|0|0|0|0|2024|4|25|15|55|23|1|N
25|6|2971|B|1|0|R|204|12|20|246|E2506|88|0|0|0|0|0|0|0|0|0|0|0|0|0|0|0|0|0|0|0|0|0||||||||
25|6|3414|B|1|0|U|439|16|19|246|E2506|95|0|0|0|0|0|0|0|0|0|0|0|0|0|0|0|0|0|0|0|0|0||||||||
25|6|3416|B|1|0|M|683|16|19|246|E2506|94|0|0|0|0|0|0|0|0|0|0|0|0|0|0|0|0|0|0|0|0|0||||||||
25|6|3804|B|1|0|U|632|12|20|246|E2506|66|0|61|29|56|110|94|15|0|0|0|0|0|0|0|2|1|10|378|90|183|94|2024|4|25|15|8|41|4|N
25|6|3824|B|1|0|U|727|12|20|246|E2506|71|21|37|64|20|4|239|139|0|0|0|38|0|0|8|7|1|4|582|160|178|239|2024|4|25|14|6|29|4|N
25|6|3957|B|1|0|M|489|12|20|246|E2506|83|0|0|0|0|0|0|0|0|0|0|0|0|0|0|0|0|0|0|0|0|0||||||||
25|6|3962|C|2|0|M|707|12|20|246|E2506|74|31|8|15|63|31|159|234|0|0|0|0|0|0|0|10|1|0|552|54|338|159|2024|4|25|15|41|47|2|N
25|7|725|C|3|0|U|611|6|11|247|E2507|129|0|0|0|0|0|0|0|0|0|0|0|0|0|0|0|0|0|0|0|0|0||||||||
25|7|741|B|1|0|U|462|6|11|247|E2507|123|3|5|0|11|1|104|102|0|0|0|44|0|0|12|7|4|6|299|52|133|104|2024|4|25|15|16|29|4|N
25|7|744|B|1|0|U|401|6|11|247|E2507|113|0|0|0|0|0|0|0|0|0|0|0|0|0|0|0|0|0|0|0|0|0|2024|4|25|16|3|20|1|N
25|7|749|B|1|0|U|323|6|13|247|E2507|114|0|0|0|0|0|0|0|0|0|0|0|0|0|0|0|0|0|0|0|0|0||||||||
25|7|752|B|1|0|U|258|6|13|247|E2507|112|49|13|44|0|3|40|3|0|0|0|58|0|0|0|4|1|7|222|164|10|40|2024|4|25|15|50|48|1|N
25|7|755|B|1|0|U|434|6|13|247|E2507|111|0|0|0|0|0|0|0|0|0|0|0|0|0|0|0|0|0|0|0|0|0||||||||
25|7|767|B|1|0|U|523|6|13|247|E2507|109|8|7|54|27|0|167|82|0|0|0|0|0|0|1|16|3|5|370|69|126|167|2024|4|25|15|12|56|4|N
25|7|777|B|1|0|U|504|6|13|247|E2507|90|0|0|0|0|0|0|0|0|0|0|0|0|0|0|0|0|0|0|0|0|0||||||||
25|7|787|B|1|0|U|228|6|13|247|E2507|106|0|0|0|0|0|0|0|0|0|0|0|0|0|0|0|0|0|0|0|0|0||||||||
25|7|806|B|1|0|U|363|6|13|247|E2507|104|0|0|0|0|0|0|0|0|0|0|0|0|0|0|0|0|0|0|0|0|0|2024|4|25|16|14|8|4|N
25|7|831|B|1|0|U|355|6|13|247|E2507|83|0|0|0|0|0|0|0|0|0|0|0|0|0|0|0|0|0|0|0|0|0||||||||
25|7|1214|B|1|0|U|543|6|13|247|E2507|117|10|10|19|15|13|231|10|0|0|0|0|0|0|11|25|0|5|349|39|74|231|2024|4|25|15|33|17|4|N
25|7|1214|C|1|0|U|543|6|13|247|E2507|117|61|97|4|4|79|123|25|0|0|0|3|0|0|1|0|4|10|411|165|109|123|2024|4|25|15|35|29|4|N
25|7|1218|C|5|0|U|698|6|11|247|E2507|147|0|0|0|0|0|0|0|0|0|0|0|0|0|0|0|0|0|0|0|0|0||||||||
25|7|1218|C|7|0|U|698|6|11|247|E2507|147|29|10|57|7|0|112|128|0|0|0|0|0|0|0|23|1|2|369|96|158|112|2024|4|25|15|51|46|4|N
25|7|1219|C|2|0|U|538|6|11|247|E2507|126|0|0|0|0|0|0|0|0|0|0|0|0|0|0|0|0|0|0|0|0|0||||||||
25|7|1238|B|1|0|R|196|6|11|247|E2507|158|0|0|0|0|0|0|0|0|0|0|0|0|0|0|0|0|0|0|0|0|0||||||||
25|7|1242|B|1|0|R|278|6|11|247|E2507|157|0|0|0|0|0|0|0|0|0|0|0|0|0|0|0|0|0|0|0|0|0||||||||
25|7|1245|C|1|0|M|450|6|11|247|E2507|153|22|2|30|10|45|121|10|0|0|0|2|0|0|0|46|0|3|291|56|111|121|2024|4|25|14|4|50|4|N
25|7|1254|B|1|0|U|542|6|11|247|E2507|151|0|0|0|0|0|0|0|0|0|0|0|0|0|0|0|0|0|0|0|0|0||||||||
25|7|1254|C|1|0|U|542|6|11|247|E2507|151|2|23|75|10|22|49|50|0|0|0|25|0|0|8|17|0|3|284|125|107|49|2024|4|25|11|13|47|4|N
25|7|1300|B|1|0|U|430|6|13|247|E2507|74|0|0|0|0|0|0|0|0|0|0|0|0|0|0|0|0|0|0|0|0|0||||||||
25|7|1315|B|1|0|U|344|6|13|247|E2507|75|0|0|0|0|0|0|0|0|0|0|0|0|0|0|0|0|0|0|0|0|0||||||||
25|7|1325|B|1|0|U|378|6|17|247|E2507|59|24|1|3|6|4|94|78|0|0|0|0|0|0|0|3|0|7|220|28|91|94|2024|4|25|14|5|56|4|N
25|7|1358|B|1|0|U|557|6|17|247|E2507|56|18|25|130|6|3|239|38|0|0|0|0|0|0|0|2|4|9|474|173|49|239|2024|4|25|15|32|4|4|N
25|7|1425|C|2|0|U|628|6|17|247|E2507|50|0|0|0|0|0|0|0|0|0|0|0|0|0|0|0|0|0|0|0|0|0||||||||
25|7|1437|B|1|0|U|252|6|13|247|E2507|33|0|0|0|0|0|0|0|0|0|0|0|0|0|0|0|0|0|0|0|0|0||||||||
25|7|1449|C|1|0|U|711|6|17|247|E2507|32|0|0|0|0|0|0|0|0|0|0|0|0|0|0|0|0|0|0|0|0|0||||||||
25|7|1461|C|1|0|U|497|6|16|247|E2507|25|0|0|0|0|0|0|0|0|0|0|0|0|0|0|0|0|0|0|0|0|0||||||||
25|7|1473|C|3|0|U|674|6|17|247|E2507|16|0|0|0|0|0|0|0|0|0|0|0|0|0|0|0|0|0|0|0|0|0||||||||
25|7|1479|C|1|0|U|384|6|17|247|E2507|17|0|0|0|0|0|0|0|0|0|0|0|0|0|0|0|0|0|0|0|0|0||||||||
25|7|1482|B|1|0|U|724|6|17|247|E2507|19|37|45|110|0|8|301|71|0|0|0|0|0|0|5|32|1|1|611|192|116|301|2024|4|25|15|27|27|4|N
25|7|1482|E|1|5|U|740|6|17|247|E2507|21|0|0|0|0|0|0|0|0|0|0|0|0|0|0|0|0|0|0|0|0|0||||||||
25|7|1488|B|1|0|R|307|6|17|247|E2507|174|0|0|0|0|0|0|0|0|0|0|0|0|0|0|0|0|0|0|0|0|0||||||||
25|7|1508|C|1|0|M|597|6|18|247|E2507|164|0|0|0|0|0|0|0|0|0|0|0|0|0|0|0|0|0|0|0|0|0||||||||
25|7|1508|C|2|0|M|597|6|18|247|E2507|164|0|0|0|0|0|0|0|0|0|0|0|0|0|0|0|0|0|0|0|0|0||||||||
25|7|1514|B|1|0|R|228|6|17|247|E2507|171|0|0|0|0|0|0|0|0|0|0|0|0|0|0|0|0|0|0|0|0|0||||||||
25|7|1535|B|1|0|R|411|6|18|247|E2507|166|0|0|0|0|0|0|0|0|0|0|0|0|0|0|0|0|0|0|0|0|0||||||||
25|7|1544|B|1|0|R|449|6|18|247|E2507|167|0|0|0|0|0|0|0|0|0|0|0|0|0|0|0|0|0|0|0|0|0||||||||
25|7|3921|B|1|0|U|200|6|17|247|E2507|53|0|0|0|0|0|0|0|0|0|0|0|0|0|0|0|0|0|0|0|0|0||||||||
25|7|3965|C|2|0|U|632|6|11|247|E2507|136|34|36|22|0|35|217|47|8|0|0|0|0|0|0|2|4|8|413|100|84|217|2024|4|25|15|49|29|4|N
25|7|3967|C|2|0|U|628|6|11|247|E2507|134|0|0|0|0|0|0|0|0|0|0|0|0|0|0|0|0|0|0|0|0|0||||||||
26|1|281|B|1|0|M|384|43|3|248|E2601|7|0|0|0|0|0|0|0|0|0|0|0|0|0|0|0|0|0|0|0|0|0||||||||
26|1|299|B|1|0|U|515|46|3|248|E2601|20|0|0|0|0|0|0|0|0|0|0|0|0|0|0|0|0|0|0|0|0|0|2024|4|25|16|12|8|1|N
26|1|316|C|1|0|U|738|46|3|248|E2601|39|73|19|9|71|3|71|15|0|0|0|0|0|3|0|0|1|10|275|101|92|71|2024|4|25|15|34|57|4|N
26|1|319|C|1|0|R|717|46|3|248|E2601|9|0|0|0|0|0|0|0|0|0|0|0|0|0|0|0|0|0|0|0|0|0|2024|4|25|16|0|9|1|N
26|1|327|B|1|0|M|517|46|3|248|E2601|41|0|0|0|0|0|0|0|0|0|0|0|0|0|0|0|0|0|0|0|0|0|2024|4|25|16|3|13|1|N
26|1|327|C|1|0|M|517|46|3|248|E2601|41|0|0|0|0|0|0|0|0|0|0|0|0|0|0|0|0|0|0|0|0|0|2024|4|25|16|6|11|1|N
26|1|639|C|1|0|U|540|53|2|248|E2601|50|0|0|0|0|0|0|0|0|0|0|0|0|0|0|0|0|0|0|0|0|0|2024|4|25|16|6|23|1|N
26|1|644|C|2|0|U|665|53|2|248|E2601|60|80|69|15|5|0|355|4|0|13|0|0|2|0|0|0|1|1|545|177|11|355|2024|4|25|15|13|31|1|N
26|1|660|C|1|0|U|549|55|2|248|E2601|122|0|0|0|0|0|0|0|0|0|0|0|0|0|0|0|0|0|0|0|0|0||||||||
26|1|665|B|1|0|U|638|55|1|248|E2601|72|0|0|0|0|0|0|0|0|0|0|0|0|0|0|0|0|0|0|0|0|0||||||||
26|1|668|C|2|0|U|509|55|1|248|E2601|74|69|35|3|0|8|80|51|0|1|0|0|0|0|0|4|2|0|253|108|63|80|2024|4|25|15|42|15|1|N
26|1|669|B|1|0|U|570|55|1|248|E2601|123|29|7|20|0|54|214|45|0|0|0|0|0|14|0|0|2|11|396|56|113|214|2024|4|25|14|5|28|4|N
26|1|675|B|1|0|U|548|55|1|248|E2601|75|0|0|0|0|0|0|0|0|0|0|0|0|0|0|0|0|0|0|0|0|0|2024|4|25|15|52|47|1|N
26|1|680|B|1|0|U|604|55|1|248|E2601|82|85|43|0|0|3|97|97|0|15|0|0|0|58|10|0|1|7|416|143|168|97|2024|4|25|14|10|15|4|N
26|1|693|B|1|0|U|420|55|1|248|E2601|130|0|0|0|0|0|0|0|0|0|0|0|0|0|0|0|0|0|0|0|0|0||||||||
26|1|694|B|1|0|U|569|55|1|248|E2601|130|0|0|0|0|0|0|0|0|0|0|0|0|0|0|0|0|0|0|0|0|0||||||||
26|1|706|C|1|0|U|594|55|1|248|E2601|94|65|8|4|3|42|323|59|0|0|0|0|0|0|22|4|2|6|538|77|130|323|2024|4|25|14|4|29|4|N
26|1|709|C|1|0|U|674|55|1|248|E2601|129|33|72|25|1|34|200|118|0|10|0|0|0|0|0|0|5|10|508|140|153|200|2024|4|25|14|17|43|4|N
26|1|730|C|5|0|U|738|55|1|248|E2601|111|0|0|0|0|0|0|0|0|0|0|0|0|0|0|0|0|0|0|0|0|0|2024|4|25|16|10|12|1|N
26|1|730|C|8|0|U|738|55|1|248|E2601|112|0|0|0|0|0|0|0|0|0|0|0|0|0|0|0|0|0|0|0|0|0|2024|4|25|16|11|43|1|N
26|1|1328|S|1|0|U|0|70|2|248|E2601|65|14|119|34|0|6|217|54|0|30|0|0|0|1|0|2|5|10|492|197|63|217|2024|4|25|15|24|27|1|N
26|1|1367|C|1|0|U|420|52|3|248|E2601|17|6|7|1|1|6|62|18|0|0|0|16|0|2|0|0|2|7|128|30|27|62|2024|4|25|14|2|58|4|N
26|1|1583|C|1|0|U|555|53|2|248|E2601|56|31|36|68|0|5|100|72|0|0|0|2|0|139|20|0|4|7|484|137|236|100|2024|4|25|15|21|19|1|N
26|1|1588|C|1|0|U|688|53|2|248|E2601|57|40|134|24|35|26|172|14|0|0|0|0|0|0|110|0|2|5|562|198|185|172|2024|4|25|15|24|53|4|N
26|2|14|C|2|0|U|569|2|7|249|E2602|2|29|80|2|18|11|234|19|0|22|0|0|0|0|22|0|3|1|441|133|70|234|2024|4|25|15|49|31|1|N
26|2|22|B|1|0|U|691|2|7|249|E2602|11|0|0|0|0|0|0|0|0|0|0|0|0|0|0|0|0|0|0|0|0|0|2024|4|25|15|59|30|1|N
26|2|24|C|9|0|U|703|2|7|249|E2602|16|0|0|0|0|0|0|0|0|0|0|0|0|0|0|0|0|0|0|0|0|0|2024|4|25|16|12|41|1|N
26|2|26|C|4|0|U|727|2|7|249|E2602|29|0|0|0|0|0|0|0|0|0|0|0|0|0|0|0|0|0|0|0|0|0||||||||
26|2|31|C|2|0|U|656|2|7|249|E2602|10|0|0|0|0|0|0|0|0|0|0|0|0|0|0|0|0|0|0|0|0|0|2024|4|25|16|4|12|1|N
26|2|70|C|1|0|U|642|15|18|249|E2602|32|5|16|25|38|3|149|87|0|16|0|11|0|0|43|0|5|12|410|73|171|149|2024|4|25|14|14|27|4|N
26|2|75|C|8|0|U|708|15|18|249|E2602|42|53|30|42|5|91|129|26|0|38|0|1|0|0|0|0|1|11|427|164|122|129|2024|4|25|11|59|39|4|N
26|2|114|B|1|0|U|673|24|18|249|E2602|50|108|72|33|0|0|87|48|0|33|0|0|2|0|0|0|2|0|385|246|50|87|2024|4|25|15|46|26|4|N
26|2|115|B|1|0|M|574|24|18|249|E2602|53|0|0|0|0|0|0|0|0|0|0|0|0|0|0|0|0|0|0|0|0|0||||||||
26|2|132|C|1|0|U|704|25|18|249|E2602|47|0|0|0|0|0|0|0|0|0|0|0|0|0|0|0|0|0|0|0|0|0||||||||
26|2|180|C|1|0|U|595|30|5|249|E2602|110|26|52|12|2|0|87|27|0|18|0|43|15|3|0|0|2|1|288|151|47|87|2024|4|25|12|17|22|4|N
26|2|183|C|1|0|U|469|30|5|249|E2602|64|9|43|3|25|37|76|59|0|0|0|0|0|0|0|0|3|9|264|55|121|76|2024|4|25|15|17|40|4|N
26|2|188|B|1|0|U|733|30|5|249|E2602|67|0|0|0|0|0|0|0|0|0|0|0|0|0|0|0|0|0|0|0|0|0||||||||
26|2|197|B|1|0|U|348|30|5|249|E2602|69|39|18|8|60|0|119|13|0|23|0|0|0|0|0|0|3|3|286|88|73|119|2024|4|25|15|39|26|4|N
26|2|205|C|3|0|U|724|30|5|249|E2602|103|0|0|0|0|0|0|0|0|0|0|0|0|0|0|0|0|0|0|0|0|0||||||||
26|2|226|C|1|0|U|650|30|4|249|E2602|142|0|0|0|0|0|0|0|0|0|0|0|0|0|0|0|0|0|0|0|0|0||||||||
26|2|231|C|1|0|U|602|30|5|249|E2602|77|0|0|0|0|0|0|0|0|0|0|0|0|0|0|0|0|0|0|0|0|0||||||||
26|2|1384|C|1|0|U|530|30|5|249|E2602|81|134|34|3|7|12|178|65|0|0|0|31|0|0|13|5|3|6|491|202|102|178|2024|4|25|15|5|51|4|N
26|2|1385|C|2|0|U|647|30|5|249|E2602|145|0|0|0|0|0|0|0|0|0|0|0|0|0|0|0|0|0|0|0|0|0||||||||
26|2|1409|C|1|0|M|680|30|4|249|E2602|148|0|0|0|0|0|0|0|0|0|0|0|0|0|0|0|0|0|0|0|0|0||||||||
26|2|1410|C|4|0|U|711|30|4|249|E2602|98|0|0|0|0|0|0|0|0|0|0|0|0|0|0|0|0|0|0|0|0|0|2024|4|25|15|56|5|4|N
26|2|1410|C|9|0|U|711|30|4|249|E2602|99|0|0|0|0|0|0|0|0|0|0|0|0|0|0|0|0|0|0|0|0|0||||||||
26|2|1426|B|1|0|U|276|30|4|249|E2602|143|0|0|0|0|0|0|0|0|0|0|0|0|0|0|0|0|0|0|0|0|0||||||||
26|2|1438|C|2|0|M|634|30|4|249|E2602|153|0|0|0|0|0|0|0|0|0|0|0|0|0|0|0|0|0|0|0|0|0||||||||
26|2|1438|C|3|0|M|634|30|4|249|E2602|153|0|0|0|0|0|0|0|0|0|0|0|0|0|0|0|0|0|0|0|0|0||||||||
26|2|1573|C|3|0|U|716|30|4|249|E2602|129|75|258|13|0|17|110|46|0|16|0|39|0|0|0|39|1|0|614|401|102|110|2024|4|25|13|59|30|4|N
26|2|1574|C|2|0|U|684|30|4|249|E2602|127|0|0|0|0|0|0|0|0|0|0|0|0|0|0|0|0|0|0|0|0|0||||||||
26|2|1596|C|3|0|U|689|30|4|249|E2602|90|0|0|0|0|0|0|0|0|0|0|0|0|0|0|0|0|0|0|0|0|0||||||||
26|3|338|B|1|0|U|684|49|12|250|E2603|28|0|0|0|0|0|0|0|0|0|0|0|0|0|0|0|0|0|0|0|0|0||||||||
26|3|338|C|1|0|U|684|49|12|250|E2603|28|0|0|0|0|0|0|0|0|0|0|0|0|0|0|0|0|0|0|0|0|0||||||||
26|3|345|C|3|0|U|647|49|10|250|E2603|118|0|0|0|0|0|0|0|0|0|0|0|0|0|0|0|0|0|0|0|0|0||||||||
26|3|357|B|1|0|U|558|49|12|250|E2603|41|78|40|10|27|4|240|86|0|4|0|0|0|4|2|0|3|7|505|132|123|240|2024|4|25|14|5|30|4|N
26|3|359|C|1|0|U|643|49|10|250|E2603|120|0|0|0|0|0|0|0|0|0|0|0|0|0|0|0|0|0|0|0|0|0||||||||
26|3|377|B|1|0|U|654|49|6|250|E2603|97|48|77|7|13|14|124|81|0|36|0|0|6|8|0|0|2|9|425|168|122|124|2024|4|25|15|16|19|4|N
26|3|381|C|1|0|U|557|49|10|250|E2603|103|0|0|0|0|0|0|0|0|0|0|0|0|0|0|0|0|0|0|0|0|0||||||||
26|3|390|B|1|0|U|577|49|10|250|E2603|110|0|0|0|0|0|0|0|0|0|0|0|0|0|0|0|0|0|0|0|0|0||||||||
26|3|397|B|1|0|U|639|49|6|250|E2603|109|0|0|0|0|0|0|0|0|0|0|0|0|0|0|0|0|0|0|0|0|0||||||||
26|3|448|C|1|0|U|702|49|6|250|E2603|79|62|87|7|2|2|194|29|0|86|0|0|0|2|0|12|5|10|498|242|47|194|2024|4|25|15|15|40|4|N
26|3|450|C|1|0|U|558|49|6|250|E2603|80|45|134|1|16|2|142|41|0|30|0|0|6|0|10|0|5|4|436|210|75|142|2024|4|25|15|25|47|1|N
26|3|590|C|3|0|M|719|49|11|250|E2603|68|71|162|44|0|36|121|76|0|0|0|0|0|0|2|0|3|11|526|277|114|121|2024|4|25|14|7|16|4|N
26|3|601|C|8|0|U|712|49|11|250|E2603|124|12|6|4|0|1|9|7|0|0|0|7|11|0|0|0|3|7|67|29|19|9|2024|4|25|15|0|54|4|N
26|3|1346|B|1|0|U|729|49|12|250|E2603|44|52|16|8|47|30|230|56|0|6|0|0|0|13|4|0|4|9|475|82|150|230|2024|4|25|15|21|45|4|N
26|3|1348|B|1|0|U|657|49|12|250|E2603|47|63|23|18|16|2|120|56|0|73|0|4|22|0|11|0|2|2|412|181|107|120|2024|4|25|15|11|37|4|N
26|3|1352|C|1|0|U|725|49|12|250|E2603|45|22|37|85|15|13|82|72|0|39|0|0|0|0|0|0|2|8|375|183|100|82|2024|4|25|15|0|59|4|N
26|3|1442|C|1|0|M|697|49|11|250|E2603|32|0|0|0|0|0|0|0|0|0|0|0|0|0|0|0|0|0|0|0|0|0||||||||
26|3|1446|B|1|0|U|590|49|12|250|E2603|19|32|14|118|9|13|253|8|0|4|0|2|19|0|0|0|3|10|485|170|49|253|2024|4|25|14|15|13|4|N
26|3|1482|B|1|0|U|471|49|11|250|E2603|67|15|110|57|1|0|184|35|0|0|0|0|0|14|5|0|0|9|430|182|55|184|2024|4|25|14|12|14|4|N
26|3|1488|B|1|0|U|699|49|11|250|E2603|63|0|0|0|0|0|0|0|0|0|0|0|0|0|0|0|0|0|0|0|0|0||||||||
26|3|1491|B|1|0|U|536|49|11|250|E2603|63|0|0|0|0|0|0|0|0|0|0|0|0|0|0|0|0|0|0|0|0|0||||||||
26|3|1601|C|1|0|U|731|49|12|250|E2603|2|0|0|0|0|0|0|0|0|0|0|0|0|0|0|0|0|0|0|0|0|0||||||||
26|3|1605|C|3|0|U|623|49|12|250|E2603|5|57|10|104|3|40|145|55|0|1|0|0|0|0|0|0|2|9|426|172|98|145|2024|4|25|15|11|2|4|N
26|4|39|B|1|0|R|233|4|21|251|E2604|3|0|0|0|0|0|0|0|0|0|0|0|0|0|0|0|0|0|0|0|0|0||||||||
26|4|47|B|1|0|M|610|7|7|251|E2604|9|0|0|0|0|0|0|0|0|0|0|0|0|0|0|0|0|0|0|0|0|0||||||||
26|4|99|B|1|0|R|514|17|7|251|E2604|17|0|0|0|0|0|0|0|0|0|0|0|0|0|0|0|0|0|0|0|0|0|2024|4|25|15|54|37|1|N
26|4|110|C|1|0|M|539|23|18|251|E2604|28|0|0|0|0|0|0|0|0|0|0|0|0|0|0|0|0|0|0|0|0|0||||||||
26|4|155|B|1|0|U|726|29|7|251|E2604|22|145|27|6|35|12|213|65|0|6|0|0|6|0|1|0|4|12|532|184|119|213|2024|4|25|15|10|55|4|N
26|4|233|B|1|0|M|539|32|21|251|E2604|1|0|0|0|0|0|0|0|0|0|0|0|0|0|0|0|0|0|0|0|0|0||||||||
26|4|235|C|1|0|U|626|32|21|251|E2604|1|0|0|0|0|0|0|0|0|0|0|0|0|0|0|0|0|0|0|0|0|0||||||||
26|4|247|B|1|0|M|579|33|18|251|E2604|28|0|0|0|0|0|0|0|0|0|0|0|0|0|0|0|0|0|0|0|0|0||||||||
26|4|257|C|1|0|U|692|36|3|251|E2604|44|0|0|0|0|0|0|0|0|0|0|0|0|0|0|0|0|0|0|0|0|0||||||||
26|4|334|B|1|0|R|516|48|18|251|E2604|57|2|67|8|3|49|220|74|0|0|0|0|1|0|4|0|5|6|439|77|131|220|2024|4|25|15|15|8|1|N
26|4|748|B|1|0|M|501|57|18|251|E2604|37|0|0|0|0|0|0|0|0|0|0|0|0|0|0|0|0|0|0|0|0|0||||||||
26|4|1004|B|1|0|U|637|60|14|251|E2604|100|0|0|0|0|0|0|0|0|0|0|0|0|0|0|0|0|0|0|0|0|0||||||||
26|4|1010|C|1|0|U|482|60|14|251|E2604|99|0|0|0|0|0|0|0|0|0|0|0|0|0|0|0|0|0|0|0|0|0||||||||
26|4|1016|C|1|0|R|557|60|14|251|E2604|87|0|0|0|0|0|0|0|0|0|0|0|0|0|0|0|0|0|0|0|0|0||||||||
26|4|1041|C|2|0|U|688|61|13|251|E2604|128|0|0|0|0|0|0|0|0|0|0|0|0|0|0|0|0|0|0|0|0|0||||||||
26|4|1075|C|1|0|U|507|61|13|251|E2604|120|0|0|0|0|0|0|0|0|0|0|0|0|0|0|0|0|0|0|0|0|0||||||||
26|4|1079|B|1|0|U|666|61|13|251|E2604|119|12|51|17|0|17|249|150|0|28|0|10|1|0|0|0|5|0|540|118|168|249|2024|4|25|15|21|22|4|N
26|4|1081|C|1|0|M|490|61|13|251|E2604|117|0|0|0|0|0|0|0|0|0|0|0|0|0|0|0|0|0|0|0|0|0||||||||
26|4|1088|B|1|0|R|642|61|14|251|E2604|85|0|0|0|0|0|0|0|0|0|0|0|0|0|0|0|0|0|0|0|0|0||||||||
26|4|1098|C|2|0|M|613|61|14|251|E2604|83|9|102|52|6|10|190|27|30|55|0|0|0|0|0|0|0|10|491|248|43|190|2024|4|25|15|51|21|1|N
26|4|1102|B|1|0|U|654|72|14|251|E2604|63|2|182|15|0|5|178|55|0|2|0|0|0|0|3|0|3|2|447|201|63|178|2024|4|25|15|30|8|4|N
26|4|1317|B|1|0|M|588|69|21|251|E2604|59|0|0|0|0|0|0|0|0|0|0|0|0|0|0|0|0|0|0|0|0|0||||||||
26|4|1518|B|1|0|U|609|61|13|251|E2604|134|16|105|36|4|0|324|5|0|0|0|0|0|0|0|5|2|9|506|157|14|324|2024|4|25|15|8|50|4|N
26|5|344|C|4|0|U|733|49|10|252|E2605|14|102|62|74|15|70|107|48|0|108|0|0|0|31|0|56|2|10|685|346|220|107|2024|4|25|15|38|36|1|N
26|5|413|C|2|0|U|636|49|10|252|E2605|26|63|10|23|3|5|365|12|0|26|0|0|0|0|9|0|2|9|527|122|29|365|2024|4|25|15|11|1|4|N
26|5|415|C|6|0|U|653|49|10|252|E2605|29|0|0|0|0|0|0|0|0|0|0|0|0|0|0|0|0|0|0|0|0|0||||||||
26|5|439|C|2|0|U|510|49|10|252|E2605|30|0|0|0|0|0|0|0|0|0|0|0|0|0|0|0|0|0|0|0|0|0||||||||
26|5|463|C|1|0|U|599|49|6|252|E2605|40|0|0|0|0|0|0|0|0|0|0|0|0|0|0|0|0|0|0|0|0|0||||||||
26|5|469|B|1|0|U|417|49|10|252|E2605|23|0|0|0|0|0|0|0|0|0|0|0|0|0|0|0|0|0|0|0|0|0||||||||
26|5|471|B|1|0|U|600|49|6|252|E2605|42|0|0|0|0|0|0|0|0|0|0|0|0|0|0|0|0|0|0|0|0|0|2024|4|25|16|10|22|4|N
26|5|533|E|1|4|M|732|49|8|252|E2605|89|102|21|4|3|1|2|53|0|3|0|0|0|0|3|0|3|10|205|130|60|2|2024|4|25|15|42|40|1|N
26|5|534|B|1|0|U|673|49|8|252|E2605|81|0|0|0|0|0|0|0|0|0|0|0|0|0|0|0|0|0|0|0|0|0||||||||
26|5|560|B|1|0|U|467|49|8|252|E2605|98|29|80|19|0|8|65|118|0|27|0|47|0|0|1|0|3|1|398|202|127|65|2024|4|25|15|47|32|4|N
26|5|564|C|7|0|U|702|49|9|252|E2605|115|0|0|0|0|0|0|0|0|0|0|0|0|0|0|0|0|0|0|0|0|0||||||||
26|5|569|C|1|0|U|666|49|9|252|E2605|102|6|43|11|69|1|189|104|0|33|0|0|0|47|0|0|1|4|508|93|221|189|2024|4|25|15|13|56|4|N
26|5|569|E|1|1|U|669|49|9|252|E2605|101|25|207|33|63|21|75|31|0|11|0|0|17|1|0|0|0|4|488|276|133|75|2024|4|25|15|51|23|1|N
26|5|571|C|8|0|U|668|49|9|252|E2605|108|0|0|0|0|0|0|0|0|0|0|0|0|0|0|0|0|0|0|0|0|0|2024|4|25|16|7|0|4|N
26|5|587|E|1|0|R|372|49|10|252|E2605|141|0|0|0|0|0|0|0|0|0|0|0|0|0|0|0|0|0|0|0|0|0||||||||
26|5|589|C|5|0|M|720|49|10|252|E2605|143|0|0|0|0|0|0|0|0|0|0|0|0|0|0|0|0|0|0|0|0|0||||||||
26|5|1507|B|1|0|U|448|49|6|252|E2605|46|62|90|7|26|42|110|4|0|3|0|0|0|3|11|2|4|3|367|162|88|110|2024|4|25|15|12|33|4|N
26|5|1533|C|1|0|U|499|49|9|252|E2605|120|0|0|0|0|0|0|0|0|0|0|0|0|0|0|0|0|0|0|0|0|0||||||||
26|5|1535|B|1|0|U|481|49|9|252|E2605|133|0|0|0|0|0|0|0|0|0|0|0|0|0|0|0|0|0|0|0|0|0||||||||
26|5|1546|B|1|0|U|505|49|9|252|E2605|137|0|0|0|0|0|0|0|0|0|0|0|0|0|0|0|0|0|0|0|0|0|2024|4|25|16|7|17|1|N
26|5|1550|C|1|0|U|661|49|9|252|E2605|127|0|0|0|0|0|0|0|0|0|0|0|0|0|0|0|0|0|0|0|0|0|2024|4|25|16|9|31|4|N
26|5|1553|C|1|0|U|670|49|9|252|E2605|136|0|0|0|0|0|0|0|0|0|0|0|0|0|0|0|0|0|0|0|0|0||||||||
26|5|1610|C|2|0|U|636|49|10|252|E2605|1|43|58|11|11|1|188|16|0|1|0|0|0|2|0|0|0|1|332|113|30|188|2024|4|25|15|2|23|4|N
26|5|1612|C|2|0|U|649|49|10|252|E2605|2|0|0|0|0|0|0|0|0|0|0|0|0|0|0|0|0|0|0|0|0|0|2024|4|25|15|56|28|1|N
26|5|1615|C|1|0|U|692|49|10|252|E2605|5|39|53|5|0|1|174|31|0|50|0|4|0|5|11|0|5|3|381|151|48|174|2024|4|25|15|47|54|1|N
26|5|1618|B|1|0|U|629|49|10|252|E2605|8|0|0|0|0|0|0|0|0|0|0|0|0|0|0|0|0|0|0|0|0|0||||||||
26|6|773|C|1|0|U|613|59|16|253|E2606|56|12|66|26|1|7|180|55|0|18|0|0|0|42|0|55|5|10|477|122|160|180|2024|4|25|14|12|4|4|N
26|6|777|B|1|0|U|642|59|16|253|E2606|59|108|96|3|4|4|166|71|0|31|0|0|0|3|2|4|0|2|494|238|88|166|2024|4|25|14|8|7|4|N
26|6|782|C|1|0|U|507|59|16|253|E2606|67|0|0|0|0|0|0|0|0|0|0|0|0|0|0|0|0|0|0|0|0|0||||||||
26|6|792|B|1|0|U|492|59|16|253|E2606|54|29|30|0|6|27|48|19|0|72|0|87|0|0|14|0|3|3|338|218|66|48|2024|4|25|15|24|1|1|N
26|6|807|C|8|0|U|720|59|17|253|E2606|115|0|0|0|0|0|0|0|0|0|0|0|0|0|0|0|0|0|0|0|0|0||||||||
26|6|834|B|1|0|U|436|59|17|253|E2606|106|0|0|0|0|0|0|0|0|0|0|0|0|0|0|0|0|0|0|0|0|0||||||||
26|6|874|B|1|0|U|590|59|15|253|E2606|6|52|54|48|0|29|79|38|0|8|0|0|46|0|0|0|4|9|367|162|113|79|2024|4|25|15|41|42|1|N
26|6|881|C|1|0|U|546|59|15|253|E2606|33|91|9|80|1|4|142|35|0|0|0|0|0|0|0|0|5|9|376|180|40|142|2024|4|25|15|14|24|1|N
26|6|887|C|7|0|M|720|59|17|253|E2606|129|0|0|0|0|0|0|0|0|0|0|0|0|0|0|0|0|0|0|0|0|0||||||||
26|6|901|C|7|0|U|701|59|15|253|E2606|12|59|77|118|17|9|110|86|0|9|0|0|0|0|0|0|3|2|490|263|112|110|2024|4|25|15|22|16|1|N
26|6|910|B|1|0|U|706|59|15|253|E2606|17|17|65|9|8|8|204|72|0|45|0|28|0|2|7|0|0|3|468|164|97|204|2024|4|25|14|10|5|4|N
26|6|911|C|6|0|U|729|59|15|253|E2606|45|8|89|99|0|13|223|45|0|19|0|0|3|0|9|0|5|11|524|215|70|223|2024|4|25|14|15|23|4|N
26|6|914|C|1|0|U|463|59|15|253|E2606|18|0|0|0|0|0|0|0|0|0|0|0|0|0|0|0|0|0|0|0|0|0||||||||
26|6|922|B|1|0|U|559|59|15|253|E2606|23|7|123|3|35|62|88|18|0|34|0|0|0|1|0|0|2|11|384|167|116|88|2024|4|25|15|8|52|4|N
26|6|924|B|1|0|U|648|59|15|253|E2606|51|40|92|79|28|15|161|16|0|0|0|0|0|0|9|0|4|11|455|211|68|161|2024|4|25|14|4|48|4|N
26|6|943|B|1|0|U|557|59|16|253|E2606|79|70|106|23|0|34|242|31|0|0|0|8|0|0|0|0|5|12|531|207|65|242|2024|4|25|15|45|34|1|N
26|6|945|C|1|0|U|601|59|16|253|E2606|80|0|0|0|0|0|0|0|0|0|0|0|0|0|0|0|0|0|0|0|0|0|2024|4|25|15|58|21|1|N
26|6|956|C|12|0|M|744|59|17|253|E2606|125|0|0|0|0|0|0|0|0|0|0|0|0|0|0|0|0|0|0|0|0|0|2024|4|25|16|6|9|1|N
26|6|956|E|2|1|M|500|59|17|253|E2606|101|0|0|0|0|0|0|0|0|0|0|0|0|0|0|0|0|0|0|0|0|0||||||||
26|6|960|B|1|0|R|565|59|17|253|E2606|111|86|39|74|49|0|62|32|0|20|0|7|0|0|0|0|2|11|382|226|81|62|2024|4|25|15|25|43|1|N
26|6|968|B|1|0|R|475|59|17|253|E2606|137|0|32|120|0|40|94|60|0|7|0|0|0|1|1|8|3|12|378|159|110|94|2024|4|25|14|11|5|4|N
26|6|972|C|1|0|R|417|59|17|253|E2606|138|0|0|0|0|0|0|0|0|0|0|0|0|0|0|0|0|0|0|0|0|0|2024|4|25|16|1|47|1|N
26|6|974|C|1|0|U|610|59|17|253|E2606|139|0|0|0|0|0|0|0|0|0|0|0|0|0|0|0|0|0|0|0|0|0||||||||
26|6|1562|B|1|0|U|606|59|16|253|E2606|95|123|134|4|72|48|57|11|0|5|0|0|0|0|0|0|5|2|461|266|131|57|2024|4|25|14|6|21|4|N
26|6|1568|B|1|0|U|519|59|15|253|E2606|40|0|0|0|0|0|0|0|0|0|0|0|0|0|0|0|0|0|0|0|0|0||||||||
26|6|1581|C|1|0|U|655|59|16|253|E2606|72|40|15|12|0|2|217|16|0|11|0|0|0|0|0|0|3|0|316|78|18|217|2024|4|25|15|10|25|1|N
26|7|1109|C|4|0|U|732|62|21|254|E2607|1|0|0|0|0|0|0|0|0|0|0|0|0|0|0|0|0|0|0|0|0|0||||||||
26|7|1110|C|1|0|M|586|62|21|254|E2607|2|36|24|49|2|14|159|16|0|2|0|0|2|4|9|0|0|8|325|111|47|159|2024|4|25|15|19|23|1|N
26|7|1158|E|1|0|R|150|63|20|254|E2607|27|0|0|0|0|0|0|0|0|0|0|0|0|0|0|0|0|0|0|0|0|0|2024|4|25|16|14|43|1|N
26|7|1174|C|1|0|U|617|63|20|254|E2607|34|0|0|0|0|0|0|0|0|0|0|0|0|0|0|0|0|0|0|0|0|0||||||||
26|7|1176|B|1|0|R|454|63|20|254|E2607|36|0|0|0|0|0|0|0|0|0|0|0|0|0|0|0|0|0|0|0|0|0||||||||
26|7|1185|C|1|0|U|460|63|20|254|E2607|35|0|0|0|0|0|0|0|0|0|0|0|0|0|0|0|0|0|0|0|0|0||||||||
26|7|1189|C|1|0|U|558|64|21|254|E2607|40|0|0|0|0|0|0|0|0|0|0|0|0|0|0|0|0|0|0|0|0|0|2024|4|25|16|4|52|4|N
26|7|1190|C|2|0|U|714|64|21|254|E2607|41|0|0|0|0|0|0|0|0|0|0|0|0|0|0|0|0|0|0|0|0|0||||||||
26|7|1213|C|1|0|R|523|64|21|254|E2607|54|21|44|1|1|68|219|45|0|3|0|3|0|0|0|1|5|4|415|72|115|219|2024|4|25|15|37|54|1|N
26|7|1229|B|1|0|U|583|64|21|254|E2607|64|46|75|61|35|7|148|30|0|0|0|1|12|0|0|1|1|10|427|183|85|148|2024|4|25|15|12|37|4|N
26|7|1239|C|2|0|U|531|65|19|254|E2607|73|0|0|0|0|0|0|0|0|0|0|0|0|0|0|0|0|0|0|0|0|0|2024|4|25|16|7|23|1|N
26|7|1257|C|1|0|U|522|65|19|254|E2607|83|0|0|0|0|0|0|0|0|0|0|0|0|0|0|0|0|0|0|0|0|0||||||||
26|7|1260|C|1|0|U|670|65|19|254|E2607|85|23|16|48|0|6|117|142|0|2|0|3|8|13|0|9|1|1|389|92|178|117|2024|4|25|15|29|41|4|N
26|7|1261|C|6|0|U|723|65|19|254|E2607|88|4|28|41|3|57|146|99|0|94|0|7|0|12|0|0|4|8|503|174|171|146|2024|4|25|15|15|45|4|N
26|7|1267|C|5|0|M|729|65|19|254|E2607|94|0|0|0|0|0|0|0|0|0|0|0|0|0|0|0|0|0|0|0|0|0||||||||
26|7|1269|C|1|0|U|588|65|19|254|E2607|95|69|46|0|14|57|155|21|0|14|0|5|41|0|0|0|4|11|437|134|133|155|2024|4|25|15|19|42|4|N
26|7|1275|B|1|0|R|414|65|20|254|E2607|100|0|0|0|0|0|0|0|0|0|0|0|0|0|0|0|0|0|0|0|0|0||||||||
26|7|1276|B|1|0|R|469|65|20|254|E2607|100|0|0|0|0|0|0|0|0|0|0|0|0|0|0|0|0|0|0|0|0|0||||||||
26|7|1307|B|1|0|M|638|67|21|254|E2607|119|28|29|16|0|3|163|17|0|9|0|0|2|0|83|0|3|0|353|82|105|163|2024|4|25|15|37|19|4|N
26|7|1311|C|1|0|M|566|68|21|254|E2607|122|34|45|0|84|10|147|57|0|17|0|0|1|0|6|0|1|1|403|96|158|147|2024|4|25|15|14|9|4|N
26|7|1313|B|1|0|R|289|68|21|254|E2607|123|0|0|0|0|0|0|0|0|0|0|0|0|0|0|0|0|0|0|0|0|0|2024|4|25|16|9|47|4|N
27|1|3|B|1|0|U|565|1|21|255|E2701|3|54|28|5|57|73|94|3|4|22|0|0|0|32|0|27|4|10|413|113|192|94|2024|4|25|15|30|51|4|N
27|1|23|B|1|0|R|424|1|21|255|E2701|14|0|0|0|0|0|0|0|0|0|0|0|0|0|0|0|0|0|0|0|0|0||||||||
27|1|24|C|1|0|M|659|1|21|255|E2701|14|0|0|0|0|0|0|0|0|0|0|0|0|0|0|0|0|0|0|0|0|0||||||||
27|1|42|E|1|0|R|372|1|21|255|E2701|21|2|10|28|19|5|76|117|0|0|0|0|0|0|0|0|4|9|270|40|141|76|2024|4|25|15|11|41|4|N
27|1|675|B|1|0|U|406|7|14|255|E2701|28|8|22|8|16|23|57|36|2|0|0|2|0|0|0|0|3|11|188|42|75|57|2024|4|25|15|37|42|4|N
27|1|868|C|1|0|R|578|11|14|255|E2701|46|44|14|0|34|61|83|10|18|20|0|0|0|0|0|9|1|10|304|96|114|83|2024|4|25|15|37|36|1|N
27|1|881|B|1|0|U|563|12|16|255|E2701|53|0|0|0|0|0|0|0|0|0|0|0|0|0|0|0|0|0|0|0|0|0|2024|4|25|15|53|1|1|N
27|1|882|C|1|0|U|700|12|16|255|E2701|54|0|0|0|0|0|0|0|0|0|0|0|0|0|0|0|0|0|0|0|0|0|2024|4|25|16|4|46|1|N
27|1|906|B|1|0|R|429|12|14|255|E2701|67|0|0|0|0|0|0|0|0|0|0|0|0|0|0|0|0|0|0|0|0|0||||||||
27|1|918|B|1|0|M|618|12|16|255|E2701|76|0|0|0|0|0|0|0|0|0|0|0|0|0|0|0|0|0|0|0|0|0||||||||
27|1|930|C|1|0|M|515|12|16|255|E2701|85|0|0|0|0|0|0|0|0|0|0|0|0|0|0|0|0|0|0|0|0|0||||||||
27|1|933|C|1|0|M|439|12|16|255|E2701|82|66|107|0|6|11|27|92|0|0|0|0|0|0|3|21|1|10|344|173|133|27|2024|4|25|15|37|44|4|N
27|1|940|B|1|0|M|627|12|16|255|E2701|92|0|0|0|0|0|0|0|0|0|0|0|0|0|0|0|0|0|0|0|0|0||||||||
27|1|945|C|3|0|R|662|12|16|255|E2701|96|0|0|0|0|0|0|0|0|0|0|0|0|0|0|0|0|0|0|0|0|0||||||||
27|1|951|B|1|0|R|479|12|16|255|E2701|99|0|0|0|0|0|0|0|0|0|0|0|0|0|0|0|0|0|0|0|0|0||||||||
27|1|1095|B|1|0|U|388|17|21|255|E2701|104|0|0|0|0|0|0|0|0|0|0|0|0|0|0|0|0|0|0|0|0|0||||||||
27|1|1096|C|1|0|U|587|17|21|255|E2701|105|0|0|0|0|0|0|0|0|0|0|0|0|0|0|0|0|0|0|0|0|0||||||||
27|1|1099|C|1|0|U|534|17|21|255|E2701|107|0|0|0|0|0|0|0|0|0|0|0|0|0|0|0|0|0|0|0|0|0||||||||
27|1|1105|C|1|0|U|653|17|21|255|E2701|111|0|0|0|0|0|0|0|0|0|0|0|0|0|0|0|0|0|0|0|0|0||||||||
27|1|1111|B|1|0|R|717|17|21|255|E2701|116|0|0|0|0|0|0|0|0|0|0|0|0|0|0|0|0|0|0|0|0|0||||||||
27|1|1119|C|1|0|R|521|17|21|255|E2701|117|0|0|0|0|0|0|0|0|0|0|0|0|0|0|0|0|0|0|0|0|0||||||||
27|2|49|B|1|0|U|521|2|3|256|E2702|3|105|105|0|13|5|92|3|1|0|0|0|0|0|0|0|1|0|325|211|21|92|2024|4|25|14|15|21|1|N
27|2|59|B|1|0|U|456|2|2|256|E2702|8|0|0|0|0|0|0|0|0|0|0|0|0|0|0|0|0|0|0|0|0|0||||||||
27|2|68|B|1|0|U|650|2|2|256|E2702|8|0|0|0|0|0|0|0|0|0|0|0|0|0|0|0|0|0|0|0|0|0||||||||
27|2|71|C|6|0|U|660|2|1|256|E2702|14|0|0|0|0|0|0|0|0|0|0|0|0|0|0|0|0|0|0|0|0|0||||||||
27|2|73|B|1|0|U|409|2|2|256|E2702|15|0|0|0|0|0|0|0|0|0|0|0|0|0|0|0|0|0|0|0|0|0||||||||
27|2|81|C|2|0|U|640|2|1|256|E2702|16|0|0|0|0|0|0|0|0|0|0|0|0|0|0|0|0|0|0|0|0|0||||||||
27|2|87|C|2|0|U|581|2|3|256|E2702|27|0|0|0|0|0|0|0|0|0|0|0|0|0|0|0|0|0|0|0|0|0|2024|4|25|16|14|49|4|N
27|2|90|C|1|0|R|665|2|2|256|E2702|63|0|0|0|0|0|0|0|0|0|0|0|0|0|0|0|0|0|0|0|0|0||||||||
27|2|107|C|1|0|R|664|2|2|256|E2702|68|0|0|0|0|0|0|0|0|0|0|0|0|0|0|0|0|0|0|0|0|0|2024|4|25|16|3|12|1|N
27|2|114|C|1|0|U|474|2|1|256|E2702|68|0|0|0|0|0|0|0|0|0|0|0|0|0|0|0|0|0|0|0|0|0|2024|4|25|16|5|48|1|N
27|2|121|C|1|0|U|518|2|3|256|E2702|40|17|23|20|151|13|45|19|0|0|0|0|0|0|2|0|0|2|292|60|185|45|2024|4|25|15|39|3|1|N
27|2|146|B|1|0|R|655|2|3|256|E2702|58|0|0|0|0|0|0|0|0|0|0|0|0|0|0|0|0|0|0|0|0|0||||||||
27|2|148|C|3|0|U|591|2|2|256|E2702|57|5|1|4|6|2|1|5|0|0|0|0|0|0|0|7|2|6|39|10|20|1|2024|4|25|15|40|7|4|N
27|2|154|B|1|0|U|631|2|2|256|E2702|61|0|0|0|0|0|0|0|0|0|0|0|0|0|0|0|0|0|0|0|0|0||||||||
27|2|158|B|1|0|U|420|2|1|256|E2702|70|0|0|0|0|0|0|0|0|0|0|0|0|0|0|0|0|0|0|0|0|0||||||||
27|2|685|B|1|0|U|475|8|15|256|E2702|111|0|0|0|0|0|0|0|0|0|0|0|0|0|0|0|0|0|0|0|0|0||||||||
27|2|687|B|1|0|U|528|8|15|256|E2702|106|0|0|0|0|0|0|0|0|0|0|0|0|0|0|0|0|0|0|0|0|0||||||||
27|2|713|C|1|0|R|558|8|1|256|E2702|92|0|0|0|0|0|0|0|0|0|0|0|0|0|0|0|0|0|0|0|0|0||||||||
27|2|718|C|1|0|U|508|8|1|256|E2702|97|0|0|0|0|0|0|0|0|0|0|0|0|0|0|0|0|0|0|0|0|0|2024|4|25|15|53|56|1|N
27|2|733|C|2|0|R|601|8|1|256|E2702|113|0|0|0|0|0|0|0|0|0|0|0|0|0|0|0|0|0|0|0|0|0|2024|4|25|16|7|8|1|N
27|2|737|C|1|0|R|397|8|15|256|E2702|112|0|0|0|0|0|0|0|0|0|0|0|0|0|0|0|0|0|0|0|0|0||||||||
27|2|759|B|1|0|R|643|8|15|256|E2702|122|0|0|0|0|0|0|0|0|0|0|0|0|0|0|0|0|0|0|0|0|0||||||||
27|2|768|B|1|0|U|466|8|15|256|E2702|135|0|0|0|0|0|0|0|0|0|0|0|0|0|0|0|0|0|0|0|0|0||||||||
27|2|770|B|1|0|R|554|8|15|256|E2702|119|0|0|0|0|0|0|0|0|0|0|0|0|0|0|0|0|0|0|0|0|0||||||||
27|2|780|B|1|0|R|537|8|15|256|E2702|139|0|0|0|0|0|0|0|0|0|0|0|0|0|0|0|0|0|0|0|0|0||||||||
27|3|515|B|1|0|U|660|5|11|257|E2703|67|6|76|14|20|117|102|23|1|22|0|0|0|0|1|2|3|3|390|119|163|102|2024|4|25|15|40|35|1|N
27|3|516|C|1|0|U|711|5|12|257|E2703|38|0|0|0|0|0|0|0|0|0|0|0|0|0|0|0|0|0|0|0|0|0||||||||
27|3|517|C|1|0|U|536|5|12|257|E2703|38|0|0|0|0|0|0|0|0|0|0|0|0|0|0|0|0|0|0|0|0|0||||||||
27|3|518|B|1|0|U|538|5|11|257|E2703|67|23|74|0|7|93|120|67|0|0|0|0|0|2|0|24|0|12|422|97|193|120|2024|4|25|15|49|56|1|N
27|3|532|C|1|0|U|413|5|11|257|E2703|70|0|0|0|0|0|0|0|0|0|0|0|0|0|0|0|0|0|0|0|0|0|2024|4|25|15|53|20|4|N
27|3|536|C|1|0|U|634|5|12|257|E2703|41|28|1|13|80|97|149|59|0|0|0|2|1|0|0|0|3|11|444|44|237|149|2024|4|25|15|4|10|4|N
27|3|540|C|1|0|R|440|5|19|257|E2703|5|69|9|0|17|35|88|112|0|0|0|0|3|0|0|2|3|7|345|78|169|88|2024|4|25|14|7|11|1|N
27|3|542|C|2|0|R|507|5|19|257|E2703|2|4|13|18|8|28|206|104|0|21|0|3|0|3|0|2|4|9|423|59|145|206|2024|4|25|14|4|27|1|N
27|3|554|C|1|0|R|652|5|12|257|E2703|9|18|34|5|18|48|141|68|0|0|0|0|0|4|13|3|5|4|361|57|154|141|2024|4|25|15|42|0|4|N
27|3|565|C|2|0|U|558|5|12|257|E2703|16|0|0|0|0|0|0|0|0|0|0|0|0|0|0|0|0|0|0|0|0|0||||||||
27|3|568|C|2|0|U|616|5|12|257|E2703|12|47|7|0|23|16|125|17|15|0|0|7|0|0|0|36|2|7|302|76|92|125|2024|4|25|15|32|47|4|N
27|3|582|C|1|0|R|550|5|12|257|E2703|37|0|0|0|0|0|0|0|0|0|0|0|0|0|0|0|0|0|0|0|0|0||||||||
27|3|584|B|1|0|U|732|5|12|257|E2703|27|154|203|2|39|11|166|37|0|0|0|0|0|29|6|3|0|6|656|359|125|166|2024|4|25|15|36|24|4|N
27|3|592|C|1|0|R|621|5|11|257|E2703|56|0|0|0|0|0|0|0|0|0|0|0|0|0|0|0|0|0|0|0|0|0|2024|4|25|15|57|35|4|N
27|3|601|C|1|0|U|626|5|12|257|E2703|24|25|28|16|6|4|119|103|0|2|0|0|0|55|0|0|1|2|361|71|168|119|2024|4|25|15|27|41|1|N
27|3|608|C|1|0|R|652|5|11|257|E2703|59|0|0|0|0|0|0|0|0|0|0|0|0|0|0|0|0|0|0|0|0|0||||||||
27|3|626|C|1|0|R|568|6|11|257|E2703|76|0|0|0|0|0|0|0|0|0|0|0|0|0|0|0|0|0|0|0|0|0|2024|4|25|15|55|8|1|N
27|3|642|C|3|0|U|633|6|13|257|E2703|79|0|0|0|0|0|0|0|0|0|0|0|0|0|0|0|0|0|0|0|0|0||||||||
27|3|662|C|1|0|R|735|6|13|257|E2703|95|0|0|0|0|0|0|0|0|0|0|0|0|0|0|0|0|0|0|0|0|0||||||||
27|3|667|B|1|0|R|583|6|13|257|E2703|95|0|0|0|0|0|0|0|0|0|0|0|0|0|0|0|0|0|0|0|0|0||||||||
27|4|241|B|1|0|U|596|4|7|258|E2704|48|0|0|0|0|0|0|0|0|0|0|0|0|0|0|0|0|0|0|0|0|0|2024|4|25|16|0|26|2|N
27|4|243|C|1|0|U|647|4|7|258|E2704|50|0|0|0|0|0|0|0|0|0|0|0|0|0|0|0|0|0|0|0|0|0||||||||
27|4|253|C|2|0|U|643|4|7|258|E2704|51|50|11|3|19|3|136|48|40|0|0|0|11|0|6|13|2|10|352|104|100|136|2024|4|25|15|15|21|4|N
27|4|256|C|1|0|U|572|4|7|258|E2704|62|0|0|0|0|0|0|0|0|0|0|0|0|0|0|0|0|0|0|0|0|0||||||||
27|4|257|C|1|0|U|659|4|7|258|E2704|61|0|0|0|0|0|0|0|0|0|0|0|0|0|0|0|0|0|0|0|0|0|2024|4|25|16|4|43|4|N
27|4|279|B|1|0|U|560|4|7|258|E2704|72|7|12|0|37|72|169|68|0|0|0|0|0|3|2|18|0|2|390|19|200|169|2024|4|25|14|12|48|4|N
27|4|294|B|1|0|U|739|4|7|258|E2704|75|71|0|27|105|107|214|32|0|0|0|0|0|0|0|60|1|4|621|98|304|214|2024|4|25|15|43|52|1|N
27|4|300|C|1|0|U|491|4|9|258|E2704|105|0|0|0|0|0|0|0|0|0|0|0|0|0|0|0|0|0|0|0|0|0|2024|4|25|16|10|51|4|N
27|4|319|B|1|0|U|403|4|9|258|E2704|110|0|0|0|0|0|0|0|0|0|0|0|0|0|0|0|0|0|0|0|0|0||||||||
27|4|327|B|1|0|U|531|4|8|258|E2704|89|0|0|0|0|0|0|0|0|0|0|0|0|0|0|0|0|0|0|0|0|0||||||||
27|4|338|B|1|0|U|436|4|9|258|E2704|117|0|0|0|0|0|0|0|0|0|0|0|0|0|0|0|0|0|0|0|0|0||||||||
27|4|345|C|2|0|U|705|4|8|258|E2704|92|35|113|0|15|32|147|49|0|3|0|3|1|27|3|3|0|0|431|154|130|147|2024|4|25|14|15|2|4|N
27|4|356|C|2|0|U|593|4|9|258|E2704|130|0|0|0|0|0|0|0|0|0|0|0|0|0|0|0|0|0|0|0|0|0||||||||
27|4|359|B|1|0|U|676|4|9|258|E2704|122|41|40|2|66|17|236|30|0|0|0|0|1|1|0|9|0|9|452|83|124|236|2024|4|25|14|16|45|4|N
27|4|359|C|2|0|U|676|4|9|258|E2704|122|28|58|1|43|42|106|16|0|0|0|28|0|24|3|38|0|4|391|115|166|106|2024|4|25|15|5|48|4|N
27|4|369|B|1|0|U|662|4|8|258|E2704|96|1|94|0|13|46|146|40|0|0|0|2|0|6|0|66|5|3|422|97|171|146|2024|4|25|15|34|34|4|N
27|4|379|B|1|0|U|527|4|9|258|E2704|134|7|22|0|12|44|104|167|0|0|0|0|0|0|0|0|0|9|365|29|223|104|2024|4|25|14|11|11|4|N
27|4|386|B|1|0|U|465|4|9|258|E2704|132|0|0|0|0|0|0|0|0|0|0|0|0|0|0|0|0|0|0|0|0|0||||||||
27|4|416|C|3|0|U|690|4|9|258|E2704|139|0|0|0|0|0|0|0|0|0|0|0|0|0|0|0|0|0|0|0|0|0||||||||
27|4|426|C|1|0|U|589|4|6|258|E2704|15|0|0|0|0|0|0|0|0|0|0|0|0|0|0|0|0|0|0|0|0|0||||||||
27|4|429|C|2|0|U|710|4|6|258|E2704|19|0|0|0|0|0|0|0|0|0|0|0|0|0|0|0|0|0|0|0|0|0||||||||
27|4|438|C|3|0|R|591|4|6|258|E2704|30|39|5|0|13|17|80|77|0|3|0|9|0|45|0|9|3|9|309|56|161|80|2024|4|25|15|38|11|1|N
27|4|446|C|2|0|U|646|4|6|258|E2704|36|0|0|0|0|0|0|0|0|0|0|0|0|0|0|0|0|0|0|0|0|0||||||||
27|4|448|C|1|0|R|557|4|6|258|E2704|38|0|0|0|0|0|0|0|0|0|0|0|0|0|0|0|0|0|0|0|0|0||||||||
27|4|1183|B|1|0|U|607|4|6|258|E2704|43|0|0|0|0|0|0|0|0|0|0|0|0|0|0|0|0|0|0|0|0|0||||||||
27|5|197|C|1|0|R|628|3|4|259|E2705|30|36|42|35|16|4|135|36|11|2|0|0|0|1|0|10|3|10|341|126|67|135|2024|4|25|15|49|10|4|N
27|5|198|B|1|0|R|612|3|4|259|E2705|31|0|0|0|0|0|0|0|0|0|0|0|0|0|0|0|0|0|0|0|0|0||||||||
27|5|200|C|2|0|R|620|3|4|259|E2705|31|0|0|0|0|0|0|0|0|0|0|0|0|0|0|0|0|0|0|0|0|0||||||||
27|5|213|B|1|0|U|657|3|4|259|E2705|27|0|0|0|0|0|0|0|0|0|0|0|0|0|0|0|0|0|0|0|0|0||||||||
27|5|228|B|1|0|R|449|3|4|259|E2705|16|0|0|0|0|0|0|0|0|0|0|0|0|0|0|0|0|0|0|0|0|0||||||||
27|5|824|C|1|0|U|612|10|17|259|E2705|45|0|0|0|0|0|0|0|0|0|0|0|0|0|0|0|0|0|0|0|0|0||||||||
27|5|829|C|4|0|M|688|10|17|259|E2705|58|0|0|0|0|0|0|0|0|0|0|0|0|0|0|0|0|0|0|0|0|0||||||||
27|5|840|C|2|0|U|696|10|17|259|E2705|65|69|34|4|14|68|218|34|0|1|0|0|12|0|0|0|1|6|461|108|128|218|2024|4|25|11|18|56|4|N
27|5|956|C|2|0|U|687|13|18|259|E2705|81|0|0|0|0|0|0|0|0|0|0|0|0|0|0|0|0|0|0|0|0|0||||||||
27|5|969|B|1|0|R|614|13|17|259|E2705|78|0|0|0|0|0|0|0|0|0|0|0|0|0|0|0|0|0|0|0|0|0||||||||
27|5|972|B|1|0|U|701|13|18|259|E2705|86|0|0|0|0|0|0|0|0|0|0|0|0|0|0|0|0|0|0|0|0|0||||||||
27|5|973|C|1|0|R|541|13|18|259|E2705|87|0|0|0|0|0|0|0|0|0|0|0|0|0|0|0|0|0|0|0|0|0||||||||
27|5|999|B|1|0|U|533|14|19|259|E2705|122|0|0|0|0|0|0|0|0|0|0|0|0|0|0|0|0|0|0|0|0|0||||||||
27|5|1009|C|1|0|R|614|14|19|259|E2705|117|0|0|0|0|0|0|0|0|0|0|0|0|0|0|0|0|0|0|0|0|0||||||||
27|5|1014|C|3|0|R|608|14|19|259|E2705|109|0|0|0|0|0|0|0|0|0|0|0|0|0|0|0|0|0|0|0|0|0||||||||
27|5|1020|B|1|0|R|702|14|19|259|E2705|113|0|0|0|0|0|0|0|0|0|0|0|0|0|0|0|0|0|0|0|0|0||||||||
27|5|1022|C|3|0|R|713|14|19|259|E2705|135|0|0|0|0|0|0|0|0|0|0|0|0|0|0|0|0|0|0|0|0|0||||||||
27|5|1032|E|1|1|R|474|14|19|259|E2705|133|0|0|0|0|0|0|0|0|0|0|0|0|0|0|0|0|0|0|0|0|0||||||||
27|5|1136|C|1|0|U|677|13|18|259|E2705|92|67|10|2|2|2|218|94|8|0|0|0|22|0|0|62|2|4|493|87|182|218|2024|4|25|12|20|49|4|N
27|5|1137|C|1|0|U|506|13|18|259|E2705|94|24|9|0|50|1|106|18|0|0|0|0|0|2|0|58|0|8|276|33|129|106|2024|4|25|12|27|18|4|N
27|5|1138|B|1|0|U|608|13|18|259|E2705|93|15|54|0|36|8|75|130|2|0|0|0|0|0|0|31|0|4|355|71|205|75|2024|4|25|12|19|38|4|N
27|5|1140|B|1|0|U|739|13|18|259|E2705|92|25|5|0|83|37|166|203|0|0|0|7|2|0|0|85|4|4|621|37|410|166|2024|4|25|12|25|40|4|N
27|5|1190|C|1|0|U|725|13|18|259|E2705|106|0|0|0|0|0|0|0|0|0|0|0|0|0|0|0|0|0|0|0|0|0|2024|4|25|16|7|39|4|N
27|5|1190|C|3|0|U|725|13|18|259|E2705|106|0|0|0|0|0|0|0|0|0|0|0|0|0|0|0|0|0|0|0|0|0|2024|4|25|16|10|48|4|N
27|6|392|B|1|0|U|584|4|8|260|E2706|9|0|0|0|0|0|0|0|0|0|0|0|0|0|0|0|0|0|0|0|0|0|2024|4|25|16|7|4|1|N
27|6|398|C|4|0|U|701|4|8|260|E2706|3|125|81|0|4|4|327|39|0|0|0|0|0|3|1|1|5|0|590|206|52|327|2024|4|25|15|30|39|4|N
27|6|400|B|1|0|U|632|4|8|260|E2706|8|0|0|0|0|0|0|0|0|0|0|0|0|0|0|0|0|0|0|0|0|0||||||||
27|6|418|B|1|0|U|699|4|5|260|E2706|15|0|0|0|0|0|0|0|0|0|0|0|0|0|0|0|0|0|0|0|0|0||||||||
27|6|418|C|1|0|U|698|4|5|260|E2706|15|0|0|0|0|0|0|0|0|0|0|0|0|0|0|0|0|0|0|0|0|0||||||||
27|6|452|C|2|0|M|714|4|8|260|E2706|28|0|0|0|0|0|0|0|0|0|0|0|0|0|0|0|0|0|0|0|0|0||||||||
27|6|489|B|1|0|R|616|4|10|260|E2706|74|64|49|0|24|8|66|122|35|0|0|0|0|0|9|34|5|4|420|148|197|66|2024|4|25|14|14|4|1|N
27|6|494|C|3|0|M|649|4|5|260|E2706|16|0|0|0|0|0|0|0|0|0|0|0|0|0|0|0|0|0|0|0|0|0||||||||
27|6|494|C|6|0|M|648|4|5|260|E2706|16|0|0|0|0|0|0|0|0|0|0|0|0|0|0|0|0|0|0|0|0|0||||||||
27|6|495|B|1|0|R|642|4|5|260|E2706|51|0|0|0|0|0|0|0|0|0|0|0|0|0|0|0|0|0|0|0|0|0||||||||
27|6|497|C|1|0|U|593|4|5|260|E2706|49|52|12|7|0|74|191|30|0|0|0|0|9|43|8|32|0|9|467|71|196|191|2024|4|25|14|4|43|4|N
27|6|504|C|1|0|R|711|4|10|260|E2706|72|0|0|0|0|0|0|0|0|0|0|0|0|0|0|0|0|0|0|0|0|0||||||||
27|6|505|C|1|0|R|683|4|10|260|E2706|72|0|0|0|0|0|0|0|0|0|0|0|0|0|0|0|0|0|0|0|0|0||||||||
27|6|507|C|1|0|R|590|4|5|260|E2706|65|0|0|0|0|0|0|0|0|0|0|0|0|0|0|0|0|0|0|0|0|0||||||||
27|6|804|B|1|0|R|539|9|16|260|E2706|83|29|72|2|52|83|83|121|0|2|0|0|0|11|0|4|5|10|474|105|271|83|2024|4|25|15|51|41|1|N
27|6|806|C|1|0|R|514|9|16|260|E2706|84|0|0|0|0|0|0|0|0|0|0|0|0|0|0|0|0|0|0|0|0|0||||||||
27|6|1055|C|1|0|R|569|15|20|260|E2706|107|0|0|0|0|0|0|0|0|0|0|0|0|0|0|0|0|0|0|0|0|0||||||||
27|6|1059|B|1|0|R|444|15|20|260|E2706|92|0|0|0|0|0|0|0|0|0|0|0|0|0|0|0|0|0|0|0|0|0||||||||
27|6|1070|C|1|0|U|709|16|20|260|E2706|113|30|26|0|75|45|14|185|2|5|0|0|26|0|1|7|2|8|426|63|339|14|2024|4|25|14|11|15|4|N
27|6|1084|B|1|0|R|443|16|20|260|E2706|124|0|0|0|0|0|0|0|0|0|0|0|0|0|0|0|0|0|0|0|0|0|2024|4|25|16|1|32|1|N
27|6|1177|C|2|0|U|724|4|10|260|E2706|66|45|39|4|10|149|21|26|0|0|0|0|6|91|0|6|3|7|407|88|288|21|2024|4|25|15|18|18|4|N
27|6|1197|B|1|0|U|662|4|10|260|E2706|59|21|28|0|26|1|74|3|8|0|0|0|0|6|0|0|1|11|179|57|36|74|2024|4|25|15|11|32|4|N
28|1|761|B|1|0|U|736|27|1|261|E2801|18|101|35|0|0|2|159|120|0|0|0|0|9|0|0|0|3|0|429|136|131|159|2024|4|25|13|9|6|4|N
28|1|778|B|1|0|U|582|27|1|261|E2801|25|0|0|0|0|0|0|0|0|0|0|0|0|0|0|0|0|0|0|0|0|0||||||||
28|1|792|B|1|0|U|701|27|2|261|E2801|58|211|85|31|0|1|131|117|0|0|9|0|0|0|0|0|1|7|593|336|118|131|2024|4|25|13|19|27|4|N
28|1|801|B|1|0|U|620|27|2|261|E2801|53|117|67|10|52|0|67|98|0|0|0|0|4|5|0|0|5|0|425|194|159|67|2024|4|25|13|40|35|4|N
28|1|817|C|4|0|U|672|27|2|261|E2801|85|0|0|0|0|0|0|0|0|0|0|0|0|0|0|0|0|0|0|0|0|0||||||||
28|1|829|C|1|0|U|441|27|2|261|E2801|62|0|0|0|0|0|0|0|0|0|0|0|0|0|0|0|0|0|0|0|0|0||||||||
28|1|832|B|1|0|U|448|27|2|261|E2801|65|80|95|1|0|22|66|102|0|0|0|0|3|0|0|0|4|9|382|176|127|66|2024|4|25|15|51|39|1|N
28|1|836|B|1|0|U|378|27|2|261|E2801|77|3|232|0|0|10|37|18|0|0|0|0|20|0|0|0|5|2|327|235|48|37|2024|4|25|13|7|6|4|N
28|1|849|C|1|0|U|414|27|2|261|E2801|66|7|8|3|3|17|88|31|0|0|0|0|41|1|0|0|0|11|210|18|93|88|2024|4|25|13|9|6|4|N
28|1|853|C|2|0|U|597|27|2|261|E2801|98|41|11|17|4|5|135|141|0|0|1|0|101|2|0|0|1|0|459|70|253|135|2024|4|25|15|6|12|4|N
28|1|861|B|1|0|U|663|27|2|261|E2801|76|94|14|69|86|20|137|42|0|0|0|0|31|0|0|0|5|9|507|177|179|137|2024|4|25|13|6|59|4|N
28|1|875|B|1|0|U|627|27|2|261|E2801|73|81|18|6|86|57|62|64|0|0|0|0|11|0|0|0|2|4|391|105|218|62|2024|4|25|14|13|13|1|N
28|1|879|E|1|0|U|707|27|2|261|E2801|92|31|111|3|0|6|86|82|0|0|1|0|102|0|0|0|3|1|426|146|190|86|2024|4|25|15|30|33|1|N
28|1|884|B|1|0|U|484|27|2|261|E2801|104|72|28|1|0|2|187|30|0|0|0|0|29|0|0|0|5|6|360|101|61|187|2024|4|25|15|47|37|4|N
28|1|886|C|1|0|U|541|27|2|261|E2801|106|0|0|0|0|0|0|0|0|0|0|0|0|0|0|0|0|0|0|0|0|0|2024|4|25|16|11|8|1|N
28|1|889|C|4|0|U|710|27|2|261|E2801|94|104|44|2|0|4|173|45|0|1|0|0|158|0|0|0|1|0|532|151|207|173|2024|4|25|13|19|22|4|N
28|1|896|C|1|0|U|684|27|3|261|E2801|117|15|20|18|0|0|137|168|0|3|3|0|77|0|0|0|5|1|447|59|245|137|2024|4|25|13|19|16|4|N
28|1|899|B|1|0|U|574|27|3|261|E2801|133|79|117|0|0|15|63|99|0|0|2|0|30|0|0|0|3|7|415|198|144|63|2024|4|25|13|27|42|4|N
28|1|900|C|2|0|U|581|27|3|261|E2801|136|0|0|0|0|0|0|0|0|0|0|0|0|0|0|0|0|0|0|0|0|0|2024|4|25|15|58|11|1|N
28|1|904|C|3|0|M|665|27|3|261|E2801|138|0|0|0|0|0|0|0|0|0|0|0|0|0|0|0|0|0|0|0|0|0|2024|4|25|16|7|5|1|N
28|1|1985|B|1|0|U|599|27|1|261|E2801|35|0|0|0|0|0|0|0|0|0|0|0|0|0|0|0|0|0|0|0|0|0|2024|4|25|16|5|34|1|N
28|1|1989|C|1|0|U|595|27|1|261|E2801|36|116|27|14|0|37|67|112|0|1|13|0|21|0|0|0|5|9|422|171|170|67|2024|4|25|14|8|46|1|N
28|1|1992|C|2|0|U|624|27|1|261|E2801|37|0|0|0|0|0|0|0|0|0|0|0|0|0|0|0|0|0|0|0|0|0||||||||
28|1|1996|C|1|0|U|732|27|1|261|E2801|39|0|0|0|0|0|0|0|0|0|0|0|0|0|0|0|0|0|0|0|0|0|2024|4|25|15|54|38|1|N
28|1|2053|B|1|0|U|694|27|2|261|E2801|112|0|0|0|0|0|0|0|0|0|0|0|0|0|0|0|0|0|0|0|0|0||||||||
28|2|970|C|1|0|U|483|32|6|262|E2802|19|0|0|0|0|0|0|0|0|0|0|0|0|0|0|0|0|0|0|0|0|0||||||||
28|2|1031|B|1|0|U|472|32|6|262|E2802|67|0|0|0|0|0|0|0|0|0|0|0|0|0|0|0|0|0|0|0|0|0|2024|4|25|16|4|53|4|N
28|2|1039|C|1|0|U|671|32|6|262|E2802|25|0|0|0|0|0|0|0|0|0|0|0|0|0|0|0|0|0|0|0|0|0||||||||
28|2|1041|B|1|0|U|532|32|6|262|E2802|30|26|98|3|16|7|85|145|0|0|9|0|8|0|0|0|2|11|410|136|176|85|2024|4|25|15|30|15|4|N
28|2|1042|C|1|0|U|657|32|6|262|E2802|30|61|1|4|0|13|79|146|0|0|7|0|78|1|0|0|1|11|402|73|238|79|2024|4|25|15|39|27|4|N
28|2|1045|B|1|0|U|491|32|6|262|E2802|70|0|0|0|0|0|0|0|0|0|0|0|0|0|0|0|0|0|0|0|0|0||||||||
28|2|1082|C|1|0|U|597|32|6|262|E2802|33|34|90|1|0|0|208|86|0|0|14|0|12|0|0|0|3|11|459|139|98|208|2024|4|25|15|44|7|4|N
28|2|1087|C|2|0|M|714|32|7|262|E2802|134|0|0|0|0|0|0|0|0|0|0|0|0|0|0|0|0|0|0|0|0|0||||||||
28|2|1090|C|2|0|U|581|32|7|262|E2802|140|35|67|4|0|7|58|94|0|0|0|0|31|1|0|0|4|12|313|106|133|58|2024|4|25|14|11|30|4|N
28|2|1098|C|2|0|U|553|32|6|262|E2802|32|33|7|9|0|27|172|19|0|0|66|0|0|0|0|0|2|0|335|115|46|172|2024|4|25|15|41|37|1|N
28|2|1100|C|1|0|U|506|32|6|262|E2802|51|171|24|0|0|7|75|17|0|0|1|0|113|0|0|0|4|0|412|196|137|75|2024|4|25|15|48|26|4|N
28|2|1103|C|1|0|U|553|32|6|262|E2802|37|19|3|0|0|9|144|84|0|0|12|0|20|0|0|0|4|6|301|34|113|144|2024|4|25|15|8|13|4|N
28|2|1122|C|5|0|U|717|32|7|262|E2802|109|0|0|0|0|0|0|0|0|0|0|0|0|0|0|0|0|0|0|0|0|0|2024|4|25|16|4|3|1|N
28|2|1796|C|1|0|U|431|32|7|262|E2802|142|0|0|0|0|0|0|0|0|0|0|0|0|0|0|0|0|0|0|0|0|0||||||||
28|2|1802|C|1|0|U|453|32|7|262|E2802|128|0|0|0|0|0|0|0|0|0|0|0|0|0|0|0|0|0|0|0|0|0|2024|4|25|16|9|39|1|N
28|2|1807|B|1|0|U|490|32|7|262|E2802|121|0|0|0|0|0|0|0|0|0|0|0|0|0|0|0|0|0|0|0|0|0||||||||
28|2|1810|C|1|0|U|394|32|7|262|E2802|122|29|23|18|0|0|65|82|0|0|0|0|43|0|0|0|1|6|267|70|125|65|2024|4|25|15|9|35|4|N
28|2|1812|B|1|0|U|446|32|7|262|E2802|123|0|0|0|0|0|0|0|0|0|0|0|0|0|0|0|0|0|0|0|0|0||||||||
28|2|1890|C|1|0|M|701|32|7|262|E2802|101|0|0|0|0|0|0|0|0|0|0|0|0|0|0|0|0|0|0|0|0|0||||||||
28|2|1897|C|4|0|M|683|32|7|262|E2802|100|0|0|0|0|0|0|0|0|0|0|0|0|0|0|0|0|0|0|0|0|0||||||||
28|2|1902|B|1|0|U|606|32|7|262|E2802|107|0|0|0|0|0|0|0|0|0|0|0|0|0|0|0|0|0|0|0|0|0||||||||
28|2|1912|B|1|0|U|665|32|7|262|E2802|98|0|0|0|0|0|0|0|0|0|0|0|0|0|0|0|0|0|0|0|0|0||||||||
28|2|1937|B|1|0|U|539|32|7|262|E2802|147|0|0|0|0|0|0|0|0|0|0|0|0|0|0|0|0|0|0|0|0|0||||||||
28|2|2153|C|2|0|U|556|32|6|262|E2802|40|16|34|7|0|1|28|227|0|0|0|0|1|37|0|0|0|6|357|57|266|28|2024|4|25|15|37|32|4|N
28|2|2154|B|1|0|U|703|32|6|262|E2802|42|0|0|0|0|0|0|0|0|0|0|0|0|0|0|0|0|0|0|0|0|0||||||||
28|2|2154|C|1|0|U|702|32|6|262|E2802|42|0|0|0|0|0|0|0|0|0|0|0|0|0|0|0|0|0|0|0|0|0|2024|4|25|16|3|48|4|N
28|3|4|B|1|0|M|473|1|13|263|E2803|147|0|0|0|0|0|0|0|0|0|0|0|0|0|0|0|0|0|0|0|0|0||||||||
28|3|515|C|6|0|U|681|22|9|263|E2803|61|0|0|0|0|0|0|0|0|0|0|0|0|0|0|0|0|0|0|0|0|0||||||||
28|3|609|C|1|0|U|652|22|12|263|E2803|67|0|0|0|0|0|0|0|0|0|0|0|0|0|0|0|0|0|0|0|0|0||||||||
28|3|609|C|5|0|U|651|22|12|263|E2803|67|0|0|0|0|0|0|0|0|0|0|0|0|0|0|0|0|0|0|0|0|0||||||||
28|3|682|C|1|0|R|696|22|9|263|E2803|46|0|0|0|0|0|0|0|0|0|0|0|0|0|0|0|0|0|0|0|0|0||||||||
28|3|692|E|1|0|R|460|22|9|263|E2803|70|0|0|0|0|0|0|0|0|0|0|0|0|0|0|0|0|0|0|0|0|0||||||||
28|3|694|C|5|0|M|740|22|9|263|E2803|69|0|0|0|0|0|0|0|0|0|0|0|0|0|0|0|0|0|0|0|0|0|2024|4|25|16|6|57|1|N
28|3|694|C|8|0|M|740|22|9|263|E2803|69|0|0|0|0|0|0|0|0|0|0|0|0|0|0|0|0|0|0|0|0|0||||||||
28|3|695|B|1|0|R|457|22|9|263|E2803|54|0|0|0|0|0|0|0|0|0|0|0|0|0|0|0|0|0|0|0|0|0||||||||
28|3|699|C|3|0|M|692|22|9|263|E2803|71|36|27|0|0|7|124|133|0|0|3|0|67|9|0|0|0|10|416|66|216|124|2024|4|25|15|18|13|1|N
28|3|926|C|1|0|U|633|30|13|263|E2803|133|73|22|1|58|0|77|134|0|0|40|0|2|1|0|0|2|5|415|136|195|77|2024|4|25|14|15|49|4|N
28|3|1139|C|3|0|M|718|33|8|263|E2803|1|0|0|0|0|0|0|0|0|0|0|0|0|0|0|0|0|0|0|0|0|0|2024|4|25|16|8|31|1|N
28|3|1142|C|1|0|M|464|33|8|263|E2803|15|0|0|0|0|0|0|0|0|0|0|0|0|0|0|0|0|0|0|0|0|0||||||||
28|3|1149|B|1|0|U|601|33|8|263|E2803|23|61|132|26|1|11|77|84|0|0|1|0|14|0|0|0|0|11|418|220|110|77|2024|4|25|14|6|10|1|N
28|3|1153|B|1|0|U|599|33|8|263|E2803|17|0|0|0|0|0|0|0|0|0|0|0|0|0|0|0|0|0|0|0|0|0||||||||
28|3|1162|B|1|0|U|497|33|8|263|E2803|9|0|0|0|0|0|0|0|0|0|0|0|0|0|0|0|0|0|0|0|0|0||||||||
28|3|1209|B|1|0|R|726|33|8|263|E2803|45|0|0|0|0|0|0|0|0|0|0|0|0|0|0|0|0|0|0|0|0|0||||||||
28|3|1227|B|1|0|U|470|35|13|263|E2803|114|16|11|0|0|8|119|162|0|0|0|0|13|0|0|0|3|8|340|27|183|119|2024|4|25|15|52|3|1|N
28|3|1242|C|1|0|U|561|35|13|263|E2803|112|88|11|3|0|18|43|87|0|0|0|0|7|0|0|0|0|0|257|102|112|43|2024|4|25|15|11|15|4|N
28|3|1256|E|1|0|R|264|35|13|263|E2803|104|11|7|11|1|20|60|42|0|0|0|0|9|1|0|0|1|1|164|29|73|60|2024|4|25|15|42|27|1|N
28|3|1271|B|1|0|M|435|35|13|263|E2803|118|0|0|0|0|0|0|0|0|0|0|0|0|0|0|0|0|0|0|0|0|0|2024|4|25|16|14|17|1|N
28|3|1291|B|1|0|R|540|37|16|263|E2803|154|0|0|0|0|0|0|0|0|0|0|0|0|0|0|0|0|0|0|0|0|0||||||||
28|3|1292|B|1|0|R|400|37|16|263|E2803|157|0|0|0|0|0|0|0|0|0|0|0|0|0|0|0|0|0|0|0|0|0||||||||
28|3|1517|B|1|0|U|670|40|9|263|E2803|84|20|50|3|6|15|94|123|0|0|1|0|140|0|0|0|5|1|458|74|284|94|2024|4|25|14|10|46|1|N
28|3|1539|B|1|0|U|387|40|9|263|E2803|95|0|0|0|0|0|0|0|0|0|0|0|0|0|0|0|0|0|0|0|0|0||||||||
28|3|1550|C|2|0|U|499|40|9|263|E2803|80|0|0|0|0|0|0|0|0|0|0|0|0|0|0|0|0|0|0|0|0|0||||||||
28|3|1554|B|1|0|M|248|40|9|263|E2803|98|0|0|0|0|0|0|0|0|0|0|0|0|0|0|0|0|0|0|0|0|0||||||||
28|3|2104|C|1|0|U|637|22|9|263|E2803|65|20|10|47|0|0|154|93|0|0|0|0|55|0|0|0|0|2|381|77|148|154|2024|4|25|14|16|58|4|N
28|3|2146|B|1|0|M|739|33|8|263|E2803|18|0|0|0|0|0|0|0|0|0|0|0|0|0|0|0|0|0|0|0|0|0||||||||
28|4|516|C|1|0|U|421|22|12|264|E2804|2|0|0|0|0|0|0|0|0|0|0|0|0|0|0|0|0|0|0|0|0|0||||||||
28|4|534|C|1|0|U|453|22|12|264|E2804|7|0|0|0|0|0|0|0|0|0|0|0|0|0|0|0|0|0|0|0|0|0||||||||
28|4|546|C|4|0|U|700|22|10|264|E2804|110|61|62|3|0|1|162|175|0|0|9|0|11|0|0|0|3|7|494|135|187|162|2024|4|25|15|47|57|1|N
28|4|549|B|1|0|U|378|22|12|264|E2804|79|34|3|0|4|3|137|81|0|0|2|0|0|0|0|0|2|1|267|39|88|137|2024|4|25|15|30|52|1|N
28|4|558|B|1|0|U|507|22|12|264|E2804|87|32|147|54|0|0|98|33|0|0|0|0|17|0|0|0|5|3|389|233|50|98|2024|4|25|15|45|33|1|N
28|4|590|C|1|0|U|581|22|12|264|E2804|17|2|42|128|0|1|59|133|0|2|0|0|29|1|0|0|1|3|401|174|164|59|2024|4|25|14|5|24|4|N
28|4|605|C|1|0|U|545|22|12|264|E2804|68|7|66|0|10|30|87|66|0|0|8|0|50|6|0|0|5|11|346|81|162|87|2024|4|25|14|7|40|4|N
28|4|610|C|4|0|U|664|22|12|264|E2804|47|0|0|0|0|0|0|0|0|0|0|0|0|0|0|0|0|0|0|0|0|0||||||||
28|4|613|C|1|0|U|704|22|11|264|E2804|73|0|0|0|0|0|0|0|0|0|0|0|0|0|0|0|0|0|0|0|0|0||||||||
28|4|634|C|1|0|U|666|22|12|264|E2804|44|41|146|4|0|4|188|109|0|0|0|0|17|0|0|0|0|11|520|191|130|188|2024|4|25|14|9|49|4|N
28|4|639|C|9|0|U|707|22|11|264|E2804|57|28|154|3|0|20|88|174|0|7|70|0|31|2|0|0|3|10|590|262|227|88|2024|4|25|15|1|22|4|N
28|4|640|C|2|0|U|714|22|11|264|E2804|60|30|13|1|0|17|102|189|0|0|0|0|48|0|0|0|1|5|406|44|254|102|2024|4|25|14|9|51|4|N
28|4|648|B|1|0|U|674|22|12|264|E2804|46|29|33|17|0|22|184|88|2|0|13|3|66|0|0|0|4|9|470|97|176|184|2024|4|25|14|9|52|4|N
28|4|652|C|1|0|U|557|22|12|264|E2804|22|0|0|0|0|0|0|0|0|0|0|0|0|0|0|0|0|0|0|0|0|0||||||||
28|4|663|B|1|0|U|668|22|12|264|E2804|23|0|12|8|0|1|221|46|0|0|0|4|61|0|0|0|5|6|364|24|108|221|2024|4|25|14|18|45|1|N
28|4|665|C|5|0|U|645|22|12|264|E2804|25|59|0|5|0|21|149|73|0|0|0|0|98|11|0|0|2|1|419|64|203|149|2024|4|25|15|51|50|4|N
28|4|672|C|5|0|U|692|22|11|264|E2804|33|92|5|0|0|2|203|85|0|0|0|0|111|0|0|0|2|7|507|97|198|203|2024|4|25|14|11|20|4|N
28|4|672|E|1|0|U|670|22|11|264|E2804|34|0|0|0|0|0|0|0|0|0|0|0|0|0|0|0|0|0|0|0|0|0||||||||
28|4|1998|C|1|0|U|611|22|10|264|E2804|140|49|43|0|0|32|56|103|0|0|3|0|0|0|0|0|2|3|291|95|135|56|2024|4|25|14|7|8|4|N
28|4|2000|B|1|0|U|603|22|10|264|E2804|144|0|0|0|0|0|0|0|0|0|0|0|0|0|0|0|0|0|0|0|0|0||||||||
28|4|2002|C|2|0|U|533|22|10|264|E2804|143|0|0|0|0|0|0|0|0|0|0|0|0|0|0|0|0|0|0|0|0|0||||||||
28|4|2007|C|3|0|U|739|22|10|264|E2804|136|41|19|5|0|1|124|132|0|0|0|0|8|13|0|3|4|3|353|65|157|124|2024|4|25|14|6|11|4|N
28|4|2031|C|1|0|U|626|22|10|264|E2804|114|80|28|0|0|0|150|137|0|0|0|0|176|0|0|0|0|12|583|108|313|150|2024|4|25|14|12|59|4|N
28|4|2058|C|1|0|U|640|22|12|264|E2804|15|114|2|7|0|0|126|126|0|0|0|0|18|0|0|0|5|12|410|123|144|126|2024|4|25|14|17|34|1|N
28|4|2063|C|1|0|U|711|22|11|264|E2804|36|0|0|0|0|0|0|0|0|0|0|0|0|0|0|0|0|0|0|0|0|0||||||||
28|4|2109|C|2|0|U|661|22|11|264|E2804|35|41|89|2|0|1|76|70|0|0|2|0|72|0|0|0|2|10|365|134|143|76|2024|4|25|15|51|37|1|N
28|5|117|B|1|0|M|565|6|16|265|E2805|4|57|27|12|0|34|34|92|0|0|0|0|8|0|0|0|2|2|268|96|134|34|2024|4|25|14|14|51|1|N
28|5|144|E|1|0|R|288|8|16|265|E2805|7|0|0|0|0|0|0|0|0|0|0|0|0|0|0|0|0|0|0|0|0|0|2024|4|25|15|59|56|1|N
28|5|148|B|1|0|R|414|8|16|265|E2805|9|0|0|0|0|0|0|0|0|0|0|0|0|0|0|0|0|0|0|0|0|0||||||||
28|5|368|C|1|0|M|429|17|16|265|E2805|32|0|0|0|0|0|0|0|0|0|0|0|0|0|0|0|0|0|0|0|0|0||||||||
28|5|399|E|1|0|R|146|19|16|265|E2805|39|0|0|0|0|0|0|0|0|0|0|0|0|0|0|0|0|0|0|0|0|0||||||||
28|5|1501|C|1|0|U|663|39|16|265|E2805|54|118|5|10|0|5|121|61|0|0|0|0|106|3|0|0|0|7|436|133|175|121|2024|4|25|14|4|48|4|N
28|5|1507|C|1|0|R|417|39|16|265|E2805|51|0|0|0|0|0|0|0|0|0|0|0|0|0|0|0|0|0|0|0|0|0||||||||
28|5|1515|B|1|0|R|412|39|16|265|E2805|57|0|0|0|0|0|0|0|0|0|0|0|0|0|0|0|0|0|0|0|0|0||||||||
28|5|1515|E|1|0|R|431|39|16|265|E2805|57|0|0|0|0|0|0|0|0|0|0|0|0|0|0|0|0|0|0|0|0|0||||||||
28|5|1562|C|6|0|U|732|41|14|265|E2805|69|0|0|0|0|0|0|0|0|0|0|0|0|0|0|0|0|0|0|0|0|0||||||||
28|5|1570|C|1|0|U|535|41|14|265|E2805|78|80|41|0|10|0|69|74|0|0|15|0|61|7|0|0|0|6|363|136|152|69|2024|4|25|15|31|5|2|N
28|5|1573|C|6|0|U|719|41|14|265|E2805|82|1|5|0|0|2|2|2|0|0|0|0|0|0|0|0|0|0|12|6|4|2|2024|4|25|14|8|53|4|N
28|5|1577|C|7|0|U|692|41|14|265|E2805|73|0|0|0|0|0|0|0|0|0|0|0|0|0|0|0|0|0|0|0|0|0||||||||
28|5|1579|C|1|0|U|569|41|14|265|E2805|67|35|12|0|0|12|176|60|0|0|0|0|11|0|0|2|0|5|313|47|85|176|2024|4|25|15|6|31|4|N
28|5|1595|B|1|0|U|711|41|14|265|E2805|147|114|22|2|110|1|144|80|0|0|11|0|128|0|0|0|3|12|627|149|319|144|2024|4|25|14|8|33|4|N
28|5|1618|B|1|0|U|525|41|15|265|E2805|152|0|0|0|0|0|0|0|0|0|0|0|0|0|0|0|0|0|0|0|0|0||||||||
28|5|1622|C|1|0|U|529|41|15|265|E2805|133|0|0|0|0|0|0|0|0|0|0|0|0|0|0|0|0|0|0|0|0|0||||||||
28|5|1629|C|1|0|U|411|41|15|265|E2805|155|0|0|0|0|0|0|0|0|0|0|0|0|0|0|0|0|0|0|0|0|0||||||||
28|5|1637|B|1|0|U|642|41|14|265|E2805|99|0|0|0|0|0|0|0|0|0|0|0|0|0|0|0|0|0|0|0|0|0||||||||
28|5|1650|C|3|0|U|679|41|15|265|E2805|142|17|17|17|17|17|17|17|17|17|17|17|17|17|17|17|17|17|289|119|119|17|2024|4|25|14|12|2|4|N
28|5|1659|B|1|0|U|661|41|15|265|E2805|113|88|73|0|0|0|53|115|0|0|18|0|40|0|0|0|2|4|393|179|155|53|2024|4|25|14|3|42|4|N
28|5|1677|B|1|0|U|394|41|15|265|E2805|116|0|0|0|0|0|0|0|0|0|0|0|0|0|0|0|0|0|0|0|0|0||||||||
28|5|1695|C|1|0|U|437|41|15|265|E2805|129|6|7|1|0|0|57|50|0|0|0|0|3|0|0|0|5|11|140|14|53|57|2024|4|25|14|15|46|4|N
28|5|1703|C|1|0|R|534|41|14|265|E2805|61|0|0|0|0|0|0|0|0|0|0|0|0|0|0|0|0|0|0|0|0|0|2024|4|25|15|53|53|1|N
28|5|1708|B|1|0|M|655|41|14|265|E2805|90|0|0|0|0|0|0|0|0|0|0|0|0|0|0|0|0|0|0|0|0|0||||||||
28|5|1708|C|2|0|M|655|41|14|265|E2805|90|0|0|0|0|0|0|0|0|0|0|0|0|0|0|0|0|0|0|0|0|0||||||||
28|5|1711|B|1|0|R|136|41|15|265|E2805|106|0|0|0|0|0|0|0|0|0|0|0|0|0|0|0|0|0|0|0|0|0||||||||
28|5|2117|C|1|0|M|709|41|15|265|E2805|103|0|0|0|0|0|0|0|0|0|0|0|0|0|0|0|0|0|0|0|0|0||||||||
28|6|17|C|1|0|U|414|2|17|266|E2806|7|26|26|0|0|1|70|78|0|0|0|0|21|0|0|0|3|0|225|52|100|70|2024|4|25|14|11|4|4|N
28|6|36|C|3|0|U|601|3|18|266|E2806|27|35|1|41|0|0|10|102|0|0|0|0|40|0|0|0|2|9|240|77|142|10|2024|4|25|15|37|10|1|N
28|6|40|E|1|1|U|652|3|18|266|E2806|30|35|3|7|0|81|268|40|0|0|0|0|24|0|0|5|3|9|475|45|150|268|2024|4|25|15|29|57|1|N
28|6|46|C|1|0|U|659|3|18|266|E2806|41|95|9|3|5|58|41|194|0|0|6|0|24|0|0|0|3|6|444|113|281|41|2024|4|25|14|7|15|4|N
28|6|57|B|1|0|M|543|3|18|266|E2806|15|0|0|0|0|0|0|0|0|0|0|0|0|0|0|0|0|0|0|0|0|0||||||||
28|6|57|C|1|0|M|543|3|18|266|E2806|15|0|0|0|0|0|0|0|0|0|0|0|0|0|0|0|0|0|0|0|0|0||||||||
28|6|60|B|1|0|M|541|3|18|266|E2806|13|0|0|0|0|0|0|0|0|0|0|0|0|0|0|0|0|0|0|0|0|0||||||||
28|6|61|B|1|0|R|729|3|18|266|E2806|21|92|76|17|0|67|116|29|0|52|6|0|29|3|0|0|2|10|499|243|128|116|2024|4|25|15|25|3|2|N
28|6|74|C|3|0|U|609|3|18|266|E2806|65|0|0|0|0|0|0|0|0|0|0|0|0|0|0|0|0|0|0|0|0|0||||||||
28|6|77|C|4|0|M|744|3|19|266|E2806|58|0|0|0|0|0|0|0|0|0|0|0|0|0|0|0|0|0|0|0|0|0|2024|4|25|16|13|51|2|N
28|6|102|E|1|0|M|199|4|16|266|E2806|90|12|5|0|0|1|69|50|0|0|0|0|0|0|0|0|3|4|144|17|51|69|2024|4|25|14|10|38|1|N
28|6|272|B|1|0|R|290|11|16|266|E2806|97|15|25|0|0|3|53|18|0|0|0|0|7|1|0|0|2|10|134|40|29|53|2024|4|25|14|5|2|1|N
28|6|272|E|1|0|R|334|11|16|266|E2806|97|25|25|0|0|22|25|49|0|0|0|0|33|0|0|0|2|3|184|50|104|25|2024|4|25|14|10|40|1|N
28|6|272|E|2|0|R|379|11|16|266|E2806|97|5|21|0|0|43|48|37|0|0|0|0|0|0|0|0|1|11|166|26|80|48|2024|4|25|14|13|2|1|N
28|6|299|B|1|0|M|682|12|17|266|E2806|103|0|0|0|0|0|0|0|0|0|0|0|0|0|0|0|0|0|0|0|0|0||||||||
28|6|304|B|1|0|R|215|12|17|266|E2806|101|10|7|0|0|25|24|12|0|0|0|0|15|0|0|0|1|6|100|17|52|24|2024|4|25|15|11|59|1|N
28|6|310|C|1|0|R|604|12|17|266|E2806|115|29|53|4|0|104|33|273|0|0|0|0|4|0|0|0|1|12|513|86|381|33|2024|4|25|15|18|10|1|N
28|6|418|C|2|0|U|547|21|17|266|E2806|133|0|0|0|0|0|0|0|0|0|0|0|0|0|0|0|0|0|0|0|0|0||||||||
28|6|440|C|1|0|U|579|21|17|266|E2806|139|66|24|1|5|0|42|139|0|0|0|0|24|0|0|0|2|6|309|91|168|42|2024|4|25|15|7|16|4|N
28|6|448|C|1|0|U|700|21|17|266|E2806|124|0|0|0|0|0|0|0|0|0|0|0|0|0|0|0|0|0|0|0|0|0||||||||
28|6|482|B|1|0|R|697|21|17|266|E2806|149|39|54|0|0|80|247|91|0|0|16|0|1|0|0|0|5|5|538|109|172|247|2024|4|25|15|28|35|1|N
28|6|488|C|1|0|U|393|21|17|266|E2806|154|0|0|0|0|0|0|0|0|0|0|0|0|0|0|0|0|0|0|0|0|0|2024|4|25|15|57|16|4|N
28|6|907|B|1|0|M|399|28|16|266|E2806|92|0|0|0|0|0|0|0|0|0|0|0|0|0|0|0|0|0|0|0|0|0|2024|4|25|16|0|33|1|N
28|6|910|C|1|0|M|539|29|16|266|E2806|158|0|0|0|0|0|0|0|0|0|0|0|0|0|0|0|0|0|0|0|0|0||||||||
28|6|917|B|1|0|R|405|29|16|266|E2806|160|0|0|0|0|0|0|0|0|0|0|0|0|0|0|0|0|0|0|0|0|0||||||||
28|6|920|B|1|0|R|570|29|16|266|E2806|159|0|0|0|0|0|0|0|0|0|0|0|0|0|0|0|0|0|0|0|0|0||||||||
28|6|2015|C|1|0|U|685|3|18|266|E2806|47|0|0|0|0|0|0|0|0|0|0|0|0|0|0|0|0|0|0|0|0|0||||||||
28|6|2067|C|2|0|U|716|3|18|266|E2806|66|150|214|21|0|59|24|54|0|0|7|0|26|0|0|11|3|5|574|392|150|24|2024|4|25|14|16|41|4|N
28|6|2151|B|1|0|U|611|3|18|266|E2806|46|51|29|6|0|12|123|74|0|0|1|0|113|0|0|8|5|4|426|87|207|123|2024|4|25|14|11|27|4|N
28|6|2151|C|1|0|U|611|3|18|266|E2806|46|4|29|46|14|25|194|144|0|0|0|0|25|0|0|0|3|0|484|79|208|194|2024|4|25|14|7|37|4|N
28|7|127|B|1|0|U|535|7|3|267|E2807|15|80|34|23|0|18|72|109|0|0|0|0|54|0|0|0|0|6|396|137|181|72|2024|4|25|14|11|0|4|N
28|7|139|C|1|0|M|435|7|3|267|E2807|18|0|0|0|0|0|0|0|0|0|0|0|0|0|0|0|0|0|0|0|0|0||||||||
28|7|742|B|1|0|R|128|25|3|267|E2807|5|0|0|0|0|0|0|0|0|0|0|0|0|0|0|0|0|0|0|0|0|0||||||||
28|7|936|C|1|0|U|734|32|4|267|E2807|32|58|20|46|0|17|163|60|0|0|0|0|95|0|0|0|1|9|469|124|172|163|2024|4|25|15|19|57|4|N
28|7|944|C|7|0|U|745|32|4|267|E2807|29|0|0|0|0|0|0|0|0|0|0|0|0|0|0|0|0|0|0|0|0|0||||||||
28|7|944|C|10|0|U|745|32|4|267|E2807|30|78|32|18|0|7|136|113|0|0|0|0|37|0|0|0|3|4|428|128|157|136|2024|4|25|15|5|1|4|N
28|7|966|C|15|0|U|743|32|4|267|E2807|44|0|0|0|0|0|0|0|0|0|0|0|0|0|0|0|0|0|0|0|0|0|2024|4|25|16|7|35|2|N
28|7|967|C|1|0|U|640|32|4|267|E2807|39|0|0|0|0|0|0|0|0|0|0|0|0|0|0|0|0|0|0|0|0|0||||||||
28|7|991|C|3|0|M|657|32|4|267|E2807|27|0|0|0|0|0|0|0|0|0|0|0|0|0|0|0|0|0|0|0|0|0||||||||
28|7|1076|C|2|0|U|573|32|5|267|E2807|76|0|0|0|0|0|0|0|0|0|0|0|0|0|0|0|0|0|0|0|0|0||||||||
28|7|1748|B|1|0|U|587|32|5|267|E2807|81|0|0|0|0|0|0|0|0|0|0|0|0|0|0|0|0|0|0|0|0|0||||||||
28|7|1750|B|1|0|U|406|32|5|267|E2807|80|0|0|0|0|0|0|0|0|0|0|0|0|0|0|0|0|0|0|0|0|0||||||||
28|7|1765|B|1|0|U|391|32|5|267|E2807|82|0|0|0|0|0|0|0|0|0|0|0|0|0|0|0|0|0|0|0|0|0||||||||
28|7|1771|B|1|0|U|412|32|5|267|E2807|87|0|0|0|0|0|0|0|0|0|0|0|0|0|0|0|0|0|0|0|0|0||||||||
28|7|1772|C|4|0|U|667|32|5|267|E2807|94|54|6|1|12|0|155|186|0|0|0|0|25|0|0|0|1|10|450|61|223|155|2024|4|25|14|6|0|4|N
28|7|1853|C|1|0|U|640|32|5|267|E2807|73|189|50|0|1|41|68|111|0|0|0|0|10|0|0|0|2|2|474|239|163|68|2024|4|25|15|32|50|4|N
28|7|1863|C|1|0|U|562|32|5|267|E2807|70|15|8|67|0|23|164|148|0|0|2|0|35|0|0|0|1|11|474|92|206|164|2024|4|25|14|16|18|4|N
28|7|1885|B|1|0|U|705|32|5|267|E2807|60|80|76|0|0|56|133|98|0|0|1|0|10|3|0|0|0|5|462|157|167|133|2024|4|25|14|11|37|4|N
28|7|1970|B|1|0|U|657|32|4|267|E2807|49|17|61|3|0|1|291|94|0|0|15|0|15|0|0|0|3|8|508|96|110|291|2024|4|25|14|1|19|4|N
28|7|1973|B|1|0|U|540|32|4|267|E2807|49|39|7|12|0|43|51|90|0|0|9|0|99|0|0|0|4|2|356|67|232|51|2024|4|25|14|6|19|4|N
28|7|2042|C|1|0|M|740|32|5|267|E2807|62|66|32|48|0|10|245|109|0|0|15|0|45|0|0|0|5|0|575|161|164|245|2024|4|25|15|33|17|1|N
28|7|2097|C|2|0|U|747|32|8|267|E2807|114|43|22|61|6|3|223|68|0|0|0|0|26|0|0|0|1|2|455|126|103|223|2024|4|25|15|13|43|4|N
28|7|2136|C|1|0|M|720|32|5|267|E2807|104|0|0|0|0|0|0|0|0|0|0|0|0|0|0|0|0|0|0|0|0|0||||||||
28|8|158|C|3|0|U|628|9|20|268|E2808|14|24|1|2|0|0|151|167|0|0|0|0|142|0|0|0|3|11|501|27|309|151|2024|4|25|15|19|47|1|N
28|8|185|B|1|0|U|669|9|20|268|E2808|50|65|16|73|0|0|99|246|0|0|0|0|0|0|0|0|2|5|506|154|246|99|2024|4|25|15|8|54|4|N
28|8|190|C|1|0|U|654|9|20|268|E2808|30|0|0|0|0|0|0|0|0|0|0|0|0|0|0|0|0|0|0|0|0|0||||||||
28|8|195|B|1|0|U|591|9|20|268|E2808|33|23|49|6|0|0|150|157|0|0|0|0|129|0|0|0|4|11|529|78|286|150|2024|4|25|15|45|40|1|N
28|8|213|B|1|0|U|483|9|20|268|E2808|55|22|86|1|0|10|21|83|0|0|2|0|11|0|0|1|1|3|241|111|105|21|2024|4|25|14|14|31|4|N
28|8|220|B|1|0|U|729|9|20|268|E2808|38|0|0|0|0|0|0|0|0|0|0|0|0|0|0|0|0|0|0|0|0|0|2024|4|25|16|9|13|1|N
28|8|227|C|1|0|U|663|9|20|268|E2808|61|0|0|0|0|0|0|0|0|0|0|0|0|0|0|0|0|0|0|0|0|0|2024|4|25|16|10|53|1|N
28|8|232|B|1|0|U|598|9|20|268|E2808|70|0|0|0|0|0|0|0|0|0|0|0|0|0|0|0|0|0|0|0|0|0||||||||
28|8|241|B|1|0|U|514|9|20|268|E2808|64|110|13|22|0|3|31|96|0|0|0|0|11|0|0|0|5|1|292|145|110|31|2024|4|25|15|0|54|4|N
28|8|256|B|1|0|U|528|9|20|268|E2808|67|0|0|0|0|0|0|0|0|0|0|0|0|0|0|0|0|0|0|0|0|0|2024|4|25|16|9|30|1|N
28|8|1306|C|1|0|U|502|38|21|268|E2808|77|70|2|14|0|6|116|55|0|0|0|0|38|0|0|0|4|10|315|86|99|116|2024|4|25|15|11|10|4|N
28|8|1314|C|1|0|U|701|38|21|268|E2808|74|39|23|34|4|5|124|79|0|0|0|7|23|0|0|0|0|12|350|103|111|124|2024|4|25|14|9|36|4|N
28|8|1319|B|1|0|U|668|38|21|268|E2808|86|37|39|0|0|1|89|131|0|0|3|0|34|0|0|0|5|2|341|79|166|89|2024|4|25|14|3|16|4|N
28|8|1343|C|1|0|U|399|38|21|268|E2808|96|0|0|0|0|0|0|0|0|0|0|0|0|0|0|0|0|0|0|0|0|0||||||||
28|8|1346|B|1|0|U|627|38|21|268|E2808|107|21|92|0|12|6|110|171|0|2|0|0|23|0|0|0|4|10|451|115|212|110|2024|4|25|15|40|46|1|N
28|8|1347|C|1|0|U|625|38|21|268|E2808|98|27|24|0|0|1|68|213|0|10|0|0|158|0|0|0|4|1|506|61|372|68|2024|4|25|14|8|1|4|N
28|8|1348|C|2|0|U|563|38|21|268|E2808|99|0|0|0|0|0|0|0|0|0|0|0|0|0|0|0|0|0|0|0|0|0|2024|4|25|16|14|55|1|N
28|8|1354|C|1|0|U|630|38|21|268|E2808|106|0|0|0|0|0|0|0|0|0|0|0|0|0|0|0|0|0|0|0|0|0|2024|4|25|16|1|8|1|N
28|8|1358|B|1|0|M|665|38|21|268|E2808|100|0|0|0|0|0|0|0|0|0|0|0|0|0|0|0|0|0|0|0|0|0||||||||
28|8|1358|C|2|0|M|665|38|21|268|E2808|100|0|0|0|0|0|0|0|0|0|0|0|0|0|0|0|0|0|0|0|0|0||||||||
28|8|1364|B|1|0|U|539|38|21|268|E2808|114|29|9|11|35|43|126|34|0|0|48|0|29|0|0|0|4|0|368|97|141|126|2024|4|25|14|8|42|4|N
28|8|1367|C|1|0|U|654|38|21|268|E2808|112|0|0|0|0|0|0|0|0|0|0|0|0|0|0|0|0|0|0|0|0|0||||||||
28|8|1371|C|1|0|U|654|38|22|268|E2808|118|0|0|0|0|0|0|0|0|0|0|0|0|0|0|0|0|0|0|0|0|0|2024|4|25|16|7|44|1|N
28|8|1392|C|1|0|U|604|38|22|268|E2808|132|0|0|0|0|0|0|0|0|0|0|0|0|0|0|0|0|0|0|0|0|0||||||||
28|8|1404|C|1|0|U|425|38|22|268|E2808|139|79|23|0|0|27|120|18|0|0|0|0|3|0|0|0|1|11|282|102|48|120|2024|4|25|14|4|50|4|N
28|8|1424|C|1|0|U|613|38|22|268|E2808|151|103|94|35|11|0|104|106|0|0|10|0|38|8|0|0|1|1|511|242|163|104|2024|4|25|14|3|25|4|N
28|8|1428|C|1|0|U|707|38|22|268|E2808|152|0|0|0|0|0|0|0|0|0|0|0|0|0|0|0|0|0|0|0|0|0|2024|4|25|16|7|36|1|N
28|8|1429|B|1|0|U|424|38|22|268|E2808|152|0|0|0|0|0|0|0|0|0|0|0|0|0|0|0|0|0|0|0|0|0|2024|4|25|16|11|31|1|N
28|8|1433|B|1|0|U|690|38|22|268|E2808|148|0|0|0|0|0|0|0|0|0|0|0|0|0|0|0|0|0|0|0|0|0||||||||
28|8|1470|B|1|0|U|516|38|22|268|E2808|175|167|1|0|0|4|222|30|0|1|0|0|24|0|0|0|0|8|457|169|58|222|2024|4|25|15|51|48|1|N
28|8|2127|C|2|0|U|704|9|19|268|E2808|10|0|0|0|0|0|0|0|0|0|0|0|0|0|0|0|0|0|0|0|0|0||||||||
28|8|2129|C|1|0|U|456|38|21|268|E2808|113|0|0|0|0|0|0|0|0|0|0|0|0|0|0|0|0|0|0|0|0|0||||||||
29|1|13|C|1|0|U|612|3|4|269|E2901|118|53|52|0|8|38|192|62|0|10|0|0|26|11|8|0|3|7|470|115|153|192|2024|4|25|15|26|6|4|N
29|1|31|C|1|0|U|617|3|4|269|E2901|129|14|1|1|59|35|150|31|0|1|0|0|18|17|3|0|2|10|342|17|163|150|2024|4|25|14|14|59|4|N
29|1|34|B|1|0|U|703|3|4|269|E2901|141|0|0|0|0|0|0|0|0|0|0|0|0|0|0|0|0|0|0|0|0|0||||||||
29|1|48|B|1|0|U|365|3|4|269|E2901|119|0|0|0|0|0|0|0|0|0|0|0|0|0|0|0|0|0|0|0|0|0||||||||
29|1|74|C|1|0|M|591|5|11|269|E2901|4|33|4|0|33|37|236|3|0|1|0|0|29|2|14|6|0|2|400|38|124|236|2024|4|25|15|33|2|1|N
29|1|77|B|1|0|U|520|5|11|269|E2901|9|0|0|0|0|0|0|0|0|0|0|0|0|0|0|0|0|0|0|0|0|0||||||||
29|1|109|C|3|0|U|645|8|11|269|E2901|15|13|6|0|37|29|154|65|0|0|0|0|0|41|0|3|1|2|351|19|175|154|2024|4|25|15|31|26|1|N
29|1|120|B|1|0|R|294|9|8|269|E2901|17|0|0|0|0|0|0|0|0|0|0|0|0|0|0|0|0|0|0|0|0|0||||||||
29|1|180|B|1|0|M|705|13|11|269|E2901|76|28|9|0|5|98|87|149|0|1|0|4|0|26|47|0|4|6|464|42|325|87|2024|4|25|15|41|10|1|N
29|1|182|B|1|0|U|523|13|10|269|E2901|87|0|0|0|0|0|0|0|0|0|0|0|0|0|0|0|0|0|0|0|0|0||||||||
29|1|183|C|2|0|U|587|13|10|269|E2901|86|0|0|0|0|0|0|0|0|0|0|0|0|0|0|0|0|0|0|0|0|0|2024|4|25|16|5|43|1|N
29|1|194|C|1|0|U|607|13|10|269|E2901|97|3|0|14|66|73|93|83|0|2|0|1|3|50|16|12|3|4|423|20|303|93|2024|4|25|14|17|36|1|N
29|1|207|C|1|0|M|415|13|10|269|E2901|85|0|0|0|0|0|0|0|0|0|0|0|0|0|0|0|0|0|0|0|0|0||||||||
29|1|404|C|3|0|M|687|30|3|269|E2901|35|0|0|0|0|0|0|0|0|0|0|0|0|0|0|0|0|0|0|0|0|0||||||||
29|1|411|B|1|0|U|614|31|3|269|E2901|109|53|0|0|11|76|60|43|0|0|0|43|0|0|25|0|0|1|312|96|155|60|2024|4|25|15|13|55|4|N
29|1|412|C|3|0|U|719|31|3|269|E2901|110|0|0|0|0|0|0|0|0|0|0|0|0|0|0|0|0|0|0|0|0|0|2024|4|25|16|2|3|1|N
29|1|414|B|1|0|U|409|31|3|269|E2901|111|0|0|0|0|0|0|0|0|0|0|0|0|0|0|0|0|0|0|0|0|0||||||||
29|1|470|C|1|0|U|549|34|2|269|E2901|68|10|40|0|149|33|74|64|0|2|1|0|3|93|1|0|1|0|471|53|343|74|2024|4|25|15|37|7|1|N
29|1|481|C|1|0|M|694|34|2|269|E2901|60|19|8|24|14|29|168|236|0|1|2|0|4|66|5|5|4|5|590|54|359|168|2024|4|25|15|50|4|1|N
29|1|488|B|1|0|U|717|34|2|269|E2901|58|0|0|0|0|0|0|0|0|0|0|0|0|0|0|0|0|0|0|0|0|0|2024|4|25|16|3|59|4|N
29|1|497|B|1|0|R|263|34|2|269|E2901|62|17|33|0|0|15|64|15|0|0|0|0|0|0|23|3|0|5|175|50|56|64|2024|4|25|15|48|57|1|N
29|1|499|C|1|0|R|509|34|2|269|E2901|65|54|8|0|0|16|137|13|0|4|0|19|0|2|15|24|5|2|299|85|70|137|2024|4|25|15|42|16|1|N
29|1|521|B|1|0|U|562|37|10|269|E2901|32|45|125|0|4|58|38|25|0|42|0|0|0|11|17|7|4|4|380|212|122|38|2024|4|25|15|34|58|1|N
29|1|541|B|1|0|U|602|39|3|269|E2901|51|14|2|0|33|46|111|35|0|27|40|0|0|13|11|0|4|1|337|83|138|111|2024|4|25|15|17|19|4|N
29|1|543|C|1|0|U|587|39|3|269|E2901|52|0|0|0|0|0|0|0|0|0|0|0|0|0|0|0|0|0|0|0|0|0||||||||
29|1|545|B|1|0|U|693|39|3|269|E2901|48|0|0|0|0|0|0|0|0|0|0|0|0|0|0|0|0|0|0|0|0|0||||||||
29|2|6|B|1|0|U|450|2|5|270|E2902|8|10|30|0|51|37|52|50|0|28|0|0|0|0|25|1|3|9|296|68|164|52|2024|4|25|14|6|19|4|N
29|2|84|B|1|0|U|392|6|1|270|E2902|17|0|0|0|0|0|0|0|0|0|0|0|0|0|0|0|0|0|0|0|0|0|2024|4|25|15|56|19|1|N
29|2|92|B|1|0|M|727|6|1|270|E2902|23|14|43|1|0|6|261|72|17|3|5|0|8|6|42|0|1|9|488|83|134|261|2024|4|25|15|4|56|4|N
29|2|94|C|1|0|M|468|6|1|270|E2902|15|0|0|0|0|0|0|0|0|0|0|0|0|0|0|0|0|0|0|0|0|0|2024|4|25|16|3|55|1|N
29|2|167|B|1|0|R|389|12|6|270|E2902|40|0|0|0|0|0|0|0|0|0|0|0|0|0|0|0|0|0|0|0|0|0|2024|4|25|15|58|14|4|N
29|2|222|C|1|0|M|646|14|6|270|E2902|45|21|7|0|12|75|109|115|0|0|0|0|30|1|23|0|3|2|398|28|256|109|2024|4|25|15|50|39|4|N
29|2|224|C|1|0|M|395|14|6|270|E2902|46|5|8|0|3|95|100|52|0|12|0|0|0|1|1|0|4|12|293|25|152|100|2024|4|25|15|38|24|4|N
29|2|233|B|1|0|U|655|15|6|270|E2902|68|14|0|1|84|54|139|144|0|1|0|0|0|5|1|0|1|11|455|16|288|139|2024|4|25|14|8|40|4|N
29|2|253|C|2|0|M|589|15|6|270|E2902|66|20|9|18|5|66|116|98|0|1|0|0|0|31|2|0|2|10|378|48|202|116|2024|4|25|15|44|43|1|N
29|2|295|C|4|0|U|603|60|1|270|E2902|28|2|7|0|18|7|69|217|0|4|0|2|34|0|4|3|1|0|368|15|283|69|2024|4|25|14|8|23|4|N
29|2|296|C|1|0|U|622|60|1|270|E2902|29|0|0|0|0|0|0|0|0|0|0|0|0|0|0|0|0|0|0|0|0|0|2024|4|25|16|5|13|1|N
29|2|299|C|2|0|U|623|21|1|270|E2902|34|0|17|0|20|148|114|86|0|0|0|0|4|0|28|0|1|2|420|17|286|114|2024|4|25|15|38|30|1|N
29|2|300|C|1|0|M|522|21|1|270|E2902|35|0|0|0|0|0|0|0|0|0|0|0|0|0|0|0|0|0|0|0|0|0|2024|4|25|15|55|5|1|N
29|2|329|B|1|0|M|580|23|13|270|E2902|91|0|0|0|0|0|0|0|0|0|0|0|0|0|0|0|0|0|0|0|0|0|2024|4|25|16|8|38|4|N
29|2|335|B|1|0|U|711|24|5|270|E2902|92|0|0|0|0|0|0|0|0|0|0|0|0|0|0|0|0|0|0|0|0|0|2024|4|25|15|59|6|4|N
29|2|341|B|1|0|R|172|24|5|270|E2902|134|0|2|0|11|13|76|21|0|4|0|0|0|7|2|0|2|7|145|6|54|76|2024|4|25|15|35|2|1|N
29|2|465|C|3|0|U|665|33|7|270|E2902|122|0|0|0|0|0|0|0|0|0|0|0|0|0|0|0|0|0|0|0|0|0|2024|4|25|15|57|0|4|N
29|2|465|C|7|0|U|664|33|7|270|E2902|123|5|86|2|1|90|64|77|0|0|0|0|0|73|77|138|0|4|617|93|456|64|2024|4|25|14|17|10|1|N
29|2|517|C|2|0|U|556|36|5|270|E2902|132|107|15|0|1|124|91|31|0|0|0|1|0|7|2|14|2|7|402|123|179|91|2024|4|25|14|12|44|4|N
29|2|519|C|1|0|U|417|36|5|270|E2902|130|34|0|0|17|50|124|37|0|3|0|0|2|3|41|3|4|6|324|37|153|124|2024|4|25|14|6|56|4|N
29|2|550|B|1|0|M|497|40|5|270|E2902|139|19|0|2|6|12|69|135|0|4|0|14|46|25|7|0|4|11|354|39|231|69|2024|4|25|15|12|37|4|N
29|2|575|C|1|0|U|609|43|2|270|E2902|141|45|9|1|99|35|87|48|0|0|1|0|4|1|28|0|5|10|373|56|215|87|2024|4|25|14|9|28|4|N
29|2|579|C|1|0|U|701|43|2|270|E2902|143|38|3|0|34|136|172|73|0|0|0|0|14|0|18|0|1|8|497|41|275|172|2024|4|25|15|14|46|4|N
29|2|612|B|1|0|U|238|33|7|270|E2902|106|0|0|0|0|0|0|0|0|0|0|0|0|0|0|0|0|0|0|0|0|0|2024|4|25|15|53|40|1|N
29|2|617|B|1|0|R|454|43|2|270|E2902|144|0|0|0|0|0|0|0|0|0|0|0|0|0|0|0|0|0|0|0|0|0|2024|4|25|15|57|26|4|N
29|2|630|C|1|0|U|687|33|7|270|E2902|115|38|33|0|19|9|119|55|2|0|0|0|0|11|81|0|4|11|382|73|175|119|2024|4|25|14|11|35|4|N
29|2|633|C|1|0|U|708|19|6|270|E2902|79|7|1|0|69|10|120|96|0|5|0|0|0|0|20|6|3|12|349|13|201|120|2024|4|25|15|44|33|1|N
29|3|127|C|2|0|U|729|10|9|271|E2903|26|68|29|24|15|28|167|62|0|29|0|0|12|2|55|0|0|12|503|150|174|167|2024|4|25|15|23|19|4|N
29|3|153|B|1|0|U|567|52|9|271|E2903|40|3|13|2|8|57|130|2|0|17|0|0|24|0|1|0|5|7|269|35|92|130|2024|4|25|14|8|42|4|N
29|3|153|C|2|0|U|566|52|9|271|E2903|40|66|4|0|13|40|30|194|0|0|0|0|0|0|1|12|3|3|366|70|260|30|2024|4|25|15|46|14|1|N
29|3|265|B|1|0|U|741|17|14|271|E2903|96|0|0|0|0|0|0|0|0|0|0|0|0|0|0|0|0|0|0|0|0|0||||||||
29|3|279|C|1|0|U|626|18|8|271|E2903|1|45|17|0|21|13|145|126|0|41|0|0|1|0|0|19|4|3|435|103|180|145|2024|4|25|14|4|0|1|N
29|3|283|C|2|0|U|562|18|8|271|E2903|5|19|10|0|3|8|117|158|0|0|0|0|0|5|6|0|2|11|339|29|180|117|2024|4|25|14|8|16|1|N
29|3|314|B|1|0|U|675|46|14|271|E2903|89|0|0|0|0|0|0|0|0|0|0|0|0|0|0|0|0|0|0|0|0|0|2024|4|25|15|55|42|2|N
29|3|315|B|1|0|U|550|46|14|271|E2903|92|0|0|0|0|0|0|0|0|0|0|0|0|0|0|0|0|0|0|0|0|0|2024|4|25|15|54|6|1|N
29|3|360|C|2|0|U|634|25|15|271|E2903|117|38|0|0|32|83|188|108|0|2|0|0|8|2|11|0|2|10|484|40|244|188|2024|4|25|15|37|26|1|N
29|3|360|C|3|0|U|633|25|15|271|E2903|117|32|28|0|22|23|185|137|0|25|0|20|17|1|0|6|2|6|504|105|206|185|2024|4|25|14|5|12|4|N
29|3|376|C|2|0|U|547|27|14|271|E2903|108|7|1|0|0|22|92|121|0|0|0|22|0|3|1|0|4|6|279|30|147|92|2024|4|25|14|10|33|4|N
29|3|377|B|1|0|U|695|27|14|271|E2903|109|4|5|1|1|4|121|222|0|0|0|0|78|0|31|3|5|5|480|10|339|121|2024|4|25|15|25|12|1|N
29|3|382|C|1|0|U|571|28|12|271|E2903|47|15|2|0|1|112|60|12|0|0|0|0|0|132|15|0|2|4|355|17|272|60|2024|4|25|15|51|46|4|N
29|3|383|C|1|0|U|588|28|12|271|E2903|48|0|3|0|0|35|98|37|0|79|0|0|0|32|0|0|5|4|293|82|104|98|2024|4|25|14|5|30|4|N
29|3|384|B|1|0|U|663|28|12|271|E2903|50|28|2|1|43|24|103|126|0|14|0|0|25|13|51|72|3|1|506|45|354|103|2024|4|25|15|43|55|1|N
29|3|385|B|1|0|R|417|28|12|271|E2903|44|5|3|0|18|9|84|45|0|25|0|4|5|47|0|0|1|7|253|37|124|84|2024|4|25|15|21|50|1|N
29|3|558|B|1|0|U|652|41|14|271|E2903|100|17|2|11|77|47|59|128|0|0|47|2|55|0|36|4|4|9|498|79|347|59|2024|4|25|14|11|9|4|N
29|3|560|C|3|0|U|737|41|14|271|E2903|98|28|0|27|2|33|191|49|0|0|0|0|0|5|1|0|2|5|343|55|90|191|2024|4|25|15|35|27|4|N
29|3|563|C|3|0|U|577|41|14|271|E2903|103|11|8|1|29|20|161|171|0|51|0|0|0|10|42|0|4|10|518|71|272|161|2024|4|25|14|9|35|4|N
29|3|566|C|1|0|U|510|41|14|271|E2903|94|0|31|0|29|41|40|66|0|20|0|0|0|41|7|1|5|3|284|51|185|40|2024|4|25|14|4|51|4|N
29|3|568|C|2|0|U|549|41|14|271|E2903|106|0|0|0|0|0|0|0|0|0|0|0|0|0|0|0|0|0|0|0|0|0||||||||
29|3|590|C|3|0|U|643|44|13|271|E2903|72|70|0|1|4|40|123|88|0|6|0|11|4|0|39|3|2|3|394|88|178|123|2024|4|25|15|28|38|1|N
29|3|623|C|1|0|U|618|25|15|271|E2903|126|39|0|0|13|26|176|87|0|20|9|0|0|43|11|2|2|0|428|68|182|176|2024|4|25|15|31|17|4|N
30|1|699|B|1|0|R|598|37|2|272|E3001|85|0|0|0|0|0|0|0|0|0|0|0|0|0|0|0|0|0|0|0|0|0||||||||
30|1|701|B|1|0|R|735|37|2|272|E3001|83|0|0|0|0|0|0|0|0|0|0|0|0|0|0|0|0|0|0|0|0|0||||||||
30|1|703|E|1|0|R|180|37|2|272|E3001|84|0|0|0|0|0|0|0|0|0|0|0|0|0|0|0|0|0|0|0|0|0||||||||
30|1|1321|C|1|0|U|528|57|2|272|E3001|109|0|0|0|0|0|0|0|0|0|0|0|0|0|0|0|0|0|0|0|0|0||||||||
30|1|1725|B|1|0|R|610|80|2|272|E3001|126|0|0|0|0|0|0|0|0|0|0|0|0|0|0|0|0|0|0|0|0|0||||||||
30|1|2781|E|1|0|R|259|122|1|272|E3001|70|39|8|2|17|7|36|21|0|0|0|0|0|2|0|0|4|2|138|49|47|36|2024|4|25|15|33|20|1|N
30|1|2795|E|1|0|R|199|122|1|272|E3001|71|7|4|0|0|0|58|11|0|0|0|0|0|14|0|0|4|12|110|11|25|58|2024|4|25|15|49|30|4|N
30|1|2814|B|1|0|U|738|124|1|272|E3001|27|72|14|3|95|23|165|36|0|0|0|0|0|16|0|0|4|11|439|89|170|165|2024|4|25|15|40|22|4|N
30|1|2819|C|2|0|U|673|124|1|272|E3001|3|49|36|0|1|18|103|21|0|0|0|0|0|5|24|0|2|1|260|85|69|103|2024|4|25|15|36|49|4|N
30|1|2824|C|1|0|U|634|124|1|272|E3001|8|16|135|9|6|17|145|72|0|0|0|1|0|2|9|3|0|3|418|161|109|145|2024|4|25|15|24|39|4|N
30|1|2845|B|1|0|R|531|124|1|272|E3001|16|0|0|0|0|0|0|0|0|0|0|0|0|0|0|0|0|0|0|0|0|0||||||||
30|1|2865|C|1|0|U|441|124|1|272|E3001|23|0|0|0|0|0|0|0|0|0|0|0|0|0|0|0|0|0|0|0|0|0|2024|4|25|16|2|45|4|N
30|1|3071|C|2|0|U|513|130|2|272|E3001|116|0|0|0|0|0|0|0|0|0|0|0|0|0|0|0|0|0|0|0|0|0|2024|4|25|16|10|56|4|N
30|1|3076|B|1|0|R|725|130|2|272|E3001|115|0|0|0|0|0|0|0|0|0|0|0|0|0|0|0|0|0|0|0|0|0|2024|4|25|16|9|20|4|N
30|1|3222|B|1|0|U|599|133|1|272|E3001|53|7|54|0|5|8|196|163|0|0|0|0|0|6|0|0|4|3|446|61|182|196|2024|4|25|15|52|38|4|N
30|1|3241|B|1|0|U|618|133|1|272|E3001|40|59|6|0|45|18|167|25|8|0|0|0|8|6|0|0|5|11|358|73|102|167|2024|4|25|15|31|10|4|N
30|1|3243|B|1|0|U|485|133|1|272|E3001|41|3|4|9|57|21|149|37|0|0|1|1|0|8|23|0|4|1|318|18|146|149|2024|4|25|15|3|51|4|N
30|1|3550|B|1|0|R|445|151|1|272|E3001|73|46|41|5|89|5|5|22|1|0|0|0|0|4|7|0|4|11|240|93|127|5|2024|4|25|15|43|3|4|N
30|1|3583|B|1|0|R|212|153|1|272|E3001|38|24|1|0|24|0|37|25|0|0|0|0|0|28|4|0|0|12|155|25|81|37|2024|4|25|15|36|44|4|N
30|1|3586|B|1|0|R|417|153|1|272|E3001|60|30|50|15|7|9|77|20|0|0|0|0|0|4|0|0|2|1|215|95|40|77|2024|4|25|15|24|28|4|N
30|1|3613|B|1|0|U|622|156|2|272|E3001|130|0|0|0|0|0|0|0|0|0|0|0|0|0|0|0|0|0|0|0|0|0||||||||
30|1|3613|C|1|0|U|622|156|2|272|E3001|130|0|0|0|0|0|0|0|0|0|0|0|0|0|0|0|0|0|0|0|0|0||||||||
30|1|3624|C|1|0|U|678|156|2|272|E3001|140|0|0|0|0|0|0|0|0|0|0|0|0|0|0|0|0|0|0|0|0|0||||||||
30|1|3636|C|1|0|R|631|156|2|272|E3001|144|0|0|0|0|0|0|0|0|0|0|0|0|0|0|0|0|0|0|0|0|0||||||||
30|1|3639|C|1|0|R|683|156|2|272|E3001|143|0|0|0|0|0|0|0|0|0|0|0|0|0|0|0|0|0|0|0|0|0||||||||
30|1|3654|C|2|0|R|608|156|2|272|E3001|151|0|0|0|0|0|0|0|0|0|0|0|0|0|0|0|0|0|0|0|0|0||||||||
30|1|4698|B|1|0|U|486|207|1|272|E3001|104|209|2|14|30|1|108|2|0|0|0|0|0|22|0|0|5|12|405|225|55|108|2024|4|25|15|36|40|4|N
30|1|4707|C|1|0|R|451|207|1|272|E3001|101|0|0|0|0|0|0|0|0|0|0|0|0|0|0|0|0|0|0|0|0|0||||||||
30|2|122|B|1|0|R|408|8|4|273|E3002|63|5|43|0|6|16|79|52|0|0|0|4|0|4|5|2|5|10|231|52|85|79|2024|4|25|15|49|35|1|N
30|2|133|C|1|0|R|462|8|4|273|E3002|22|0|0|0|0|0|0|0|0|0|0|0|0|0|0|0|0|0|0|0|0|0|2024|4|25|15|55|38|4|N
30|2|136|C|2|0|R|524|8|4|273|E3002|26|5|0|0|4|7|141|101|0|0|0|0|0|57|23|0|3|0|341|5|192|141|2024|4|25|15|37|0|1|N
30|2|138|B|1|0|R|540|8|4|273|E3002|29|0|0|0|0|0|0|0|0|0|0|0|0|0|0|0|0|0|0|0|0|0||||||||
30|2|141|C|1|0|R|553|8|4|273|E3002|39|0|0|0|0|0|0|0|0|0|0|0|0|0|0|0|0|0|0|0|0|0||||||||
30|2|148|C|1|0|R|432|8|4|273|E3002|48|0|0|0|0|0|0|0|0|0|0|0|0|0|0|0|0|0|0|0|0|0||||||||
30|2|156|C|1|0|R|417|8|4|273|E3002|39|0|0|0|0|0|0|0|0|0|0|0|0|0|0|0|0|0|0|0|0|0||||||||
30|2|168|E|1|0|R|647|8|4|273|E3002|50|74|1|0|34|15|179|95|1|0|0|0|0|15|0|0|0|6|420|76|159|179|2024|4|25|15|14|36|1|N
30|2|329|S|1|0|U|0|15|1|273|E3002|132|0|0|0|0|0|0|0|0|0|0|0|0|0|0|0|0|0|0|0|0|0||||||||
30|2|487|E|1|0|R|530|28|4|273|E3002|2|11|56|47|14|6|34|20|0|5|0|0|0|16|0|0|5|7|221|119|56|34|2024|4|25|15|28|32|4|N
30|2|490|B|1|0|R|413|28|4|273|E3002|4|0|0|0|0|0|0|0|0|0|0|0|0|0|0|0|0|0|0|0|0|0||||||||
30|2|629|C|1|0|R|650|33|4|273|E3002|56|0|0|0|0|0|0|0|0|0|0|0|0|0|0|0|0|0|0|0|0|0|2024|4|25|16|14|30|1|N
30|2|1344|B|1|0|M|564|60|2|273|E3002|109|0|0|0|0|0|0|0|0|0|0|0|0|0|0|0|0|0|0|0|0|0|2024|4|25|16|11|36|1|N
30|2|1353|B|1|0|R|497|60|2|273|E3002|124|35|2|1|0|1|59|101|0|0|0|0|0|18|0|0|3|6|226|38|120|59|2024|4|25|13|9|56|4|N
30|2|1376|B|1|0|R|466|60|2|273|E3002|125|0|0|0|0|0|0|0|0|0|0|0|0|0|0|0|0|0|0|0|0|0||||||||
30|2|1407|B|1|0|R|240|62|1|273|E3002|136|0|0|0|0|0|0|0|0|0|0|0|0|0|0|0|0|0|0|0|0|0||||||||
30|2|1625|E|1|0|M|430|74|4|273|E3002|6|0|0|0|0|0|0|0|0|0|0|0|0|0|0|0|0|0|0|0|0|0||||||||
30|2|1636|B|1|0|R|537|74|4|273|E3002|79|0|0|0|0|0|0|0|0|0|0|0|0|0|0|0|0|0|0|0|0|0|2024|4|25|15|59|2|1|N
30|2|1753|C|1|0|R|582|82|4|273|E3002|103|0|0|0|0|0|0|0|0|0|0|0|0|0|0|0|0|0|0|0|0|0||||||||
30|2|1761|B|1|0|R|467|82|4|273|E3002|103|0|0|0|0|0|0|0|0|0|0|0|0|0|0|0|0|0|0|0|0|0||||||||
30|2|3763|C|2|0|U|741|166|2|273|E3002|143|0|0|0|0|0|0|0|0|0|0|0|0|0|0|0|0|0|0|0|0|0||||||||
30|2|3765|C|1|0|R|709|166|2|273|E3002|145|0|0|0|0|0|0|0|0|0|0|0|0|0|0|0|0|0|0|0|0|0||||||||
30|2|3766|B|1|0|R|690|166|2|273|E3002|145|0|0|0|0|0|0|0|0|0|0|0|0|0|0|0|0|0|0|0|0|0||||||||
30|2|3802|B|1|0|R|379|169|4|273|E3002|15|0|0|0|0|0|0|0|0|0|0|0|0|0|0|0|0|0|0|0|0|0|2024|4|25|16|12|14|4|N
30|2|4555|E|1|0|R|168|198|4|273|E3002|76|0|0|0|0|0|0|0|0|0|0|0|0|0|0|0|0|0|0|0|0|0|2024|4|25|16|0|59|1|N
30|3|46|C|1|0|R|551|3|27|274|E3003|55|0|0|0|0|0|0|0|0|0|0|0|0|0|0|0|0|0|0|0|0|0||||||||
30|3|1186|C|1|0|U|613|50|26|274|E3003|21|0|0|0|0|0|0|0|0|0|0|0|0|0|0|0|0|0|0|0|0|0||||||||
30|3|1195|S|1|0|U|0|50|26|274|E3003|29|24|3|11|4|11|153|35|2|0|8|0|0|82|15|83|2|1|434|48|230|153|2024|4|25|14|11|21|4|N
30|3|1204|C|1|0|M|455|50|26|274|E3003|3|18|13|18|15|58|27|7|1|0|12|1|0|40|0|0|5|0|215|63|120|27|2024|4|25|14|15|30|1|N
30|3|1229|B|1|0|U|387|50|26|274|E3003|9|30|2|0|37|27|69|61|0|0|0|0|0|3|0|0|1|10|240|32|128|69|2024|4|25|13|26|21|4|N
30|3|1242|B|1|0|R|637|50|26|274|E3003|31|0|0|0|0|0|0|0|0|0|0|0|0|0|0|0|0|0|0|0|0|0||||||||
30|3|1395|B|1|0|R|244|61|26|274|E3003|44|0|0|0|0|0|0|0|0|0|0|0|0|0|0|0|0|0|0|0|0|0||||||||
30|3|1396|B|1|0|R|745|61|26|274|E3003|45|0|0|0|0|0|0|0|0|0|0|0|0|0|0|0|0|0|0|0|0|0||||||||
30|3|1396|C|1|0|R|745|61|26|274|E3003|45|0|0|0|0|0|0|0|0|0|0|0|0|0|0|0|0|0|0|0|0|0||||||||
30|3|1703|C|2|0|U|719|79|24|274|E3003|118|0|0|0|0|0|0|0|0|0|0|0|0|0|0|0|0|0|0|0|0|0||||||||
30|3|1703|C|3|0|U|719|79|24|274|E3003|118|0|0|0|0|0|0|0|0|0|0|0|0|0|0|0|0|0|0|0|0|0||||||||
30|3|1708|B|1|0|U|629|79|24|274|E3003|124|0|0|0|0|0|0|0|0|0|0|0|0|0|0|0|0|0|0|0|0|0||||||||
30|3|1717|C|1|0|R|539|79|24|274|E3003|129|0|0|0|0|0|0|0|0|0|0|0|0|0|0|0|0|0|0|0|0|0||||||||
30|3|1717|E|1|0|R|658|79|24|274|E3003|129|0|0|0|0|0|0|0|0|0|0|0|0|0|0|0|0|0|0|0|0|0||||||||
30|3|2182|B|1|0|U|584|95|24|274|E3003|107|0|0|0|0|0|0|0|0|0|0|0|0|0|0|0|0|0|0|0|0|0||||||||
30|3|2189|C|1|0|R|437|95|24|274|E3003|109|0|0|0|0|0|0|0|0|0|0|0|0|0|0|0|0|0|0|0|0|0||||||||
30|3|2199|E|1|0|R|411|95|24|274|E3003|116|0|0|0|0|0|0|0|0|0|0|0|0|0|0|0|0|0|0|0|0|0||||||||
30|3|3086|E|1|0|R|303|131|27|274|E3003|138|0|0|0|0|0|0|0|0|0|0|0|0|0|0|0|0|0|0|0|0|0||||||||
30|3|3099|B|1|0|R|630|131|27|274|E3003|137|0|0|0|0|0|0|0|0|0|0|0|0|0|0|0|0|0|0|0|0|0||||||||
30|3|3103|C|1|0|M|522|131|27|274|E3003|143|0|0|0|0|0|0|0|0|0|0|0|0|0|0|0|0|0|0|0|0|0||||||||
30|3|3430|B|1|0|R|538|143|27|274|E3003|103|0|0|0|0|0|0|0|0|0|0|0|0|0|0|0|0|0|0|0|0|0||||||||
30|3|3433|B|1|0|R|535|143|27|274|E3003|103|0|0|0|0|0|0|0|0|0|0|0|0|0|0|0|0|0|0|0|0|0||||||||
30|3|3484|B|1|0|R|419|145|27|274|E3003|89|0|0|0|0|0|0|0|0|0|0|0|0|0|0|0|0|0|0|0|0|0||||||||
30|3|3490|E|2|0|R|315|145|27|274|E3003|88|0|0|0|0|0|0|0|0|0|0|0|0|0|0|0|0|0|0|0|0|0||||||||
30|3|3499|B|1|0|R|375|146|26|274|E3003|50|0|0|0|0|0|0|0|0|0|0|0|0|0|0|0|0|0|0|0|0|0|2024|4|25|16|2|31|2|N
30|3|4910|C|2|0|R|734|50|26|274|E3003|5|0|0|0|0|0|0|0|0|0|0|0|0|0|0|0|0|0|0|0|0|0||||||||
30|4|525|B|1|0|U|513|29|16|275|E3004|81|0|0|0|0|0|0|0|0|0|0|0|0|0|0|0|0|0|0|0|0|0||||||||
30|4|538|B|1|0|U|386|29|16|275|E3004|95|0|0|0|0|0|0|0|0|0|0|0|0|0|0|0|0|0|0|0|0|0||||||||
30|4|549|C|1|0|U|740|29|16|275|E3004|108|7|6|0|108|71|289|9|0|0|4|4|0|23|0|0|2|5|528|21|211|289|2024|4|25|15|1|23|4|N
30|4|563|C|1|0|U|563|29|16|275|E3004|114|7|44|46|49|10|79|34|0|0|0|0|0|2|2|0|2|0|275|97|97|79|2024|4|25|15|18|34|4|N
30|4|581|C|2|0|U|717|29|16|275|E3004|127|7|0|13|15|47|91|47|0|0|0|0|0|27|10|0|1|3|261|20|146|91|2024|4|25|15|43|4|4|N
30|4|4368|C|1|0|U|558|192|15|275|E3004|50|0|0|0|0|0|0|0|0|0|0|0|0|0|0|0|0|0|0|0|0|0||||||||
30|4|4380|B|1|0|U|426|192|15|275|E3004|52|0|0|0|0|0|0|0|0|0|0|0|0|0|0|0|0|0|0|0|0|0||||||||
30|4|4381|B|1|0|U|679|192|15|275|E3004|52|58|1|6|2|6|247|60|16|0|0|1|0|2|1|0|2|11|413|82|71|247|2024|4|25|14|8|45|4|N
30|4|4386|C|1|0|U|450|192|15|275|E3004|46|0|0|0|0|0|0|0|0|0|0|0|0|0|0|0|0|0|0|0|0|0||||||||
30|4|4407|B|1|0|U|337|192|15|275|E3004|68|4|41|14|46|1|21|30|0|0|0|0|0|4|0|0|2|7|170|59|81|21|2024|4|25|14|5|23|4|N
30|4|4421|C|4|0|U|744|192|15|275|E3004|35|80|5|3|81|40|85|70|0|0|1|0|0|37|127|0|0|4|533|89|355|85|2024|4|25|14|11|40|4|N
30|4|4427|B|1|0|U|517|192|15|275|E3004|69|0|0|0|0|0|0|0|0|0|0|0|0|0|0|0|0|0|0|0|0|0||||||||
30|4|4442|C|1|0|U|448|192|15|275|E3004|58|5|0|1|5|15|90|32|11|0|0|0|0|2|0|3|5|2|171|17|57|90|2024|4|25|15|18|36|4|N
30|4|4451|B|1|0|U|444|192|15|275|E3004|37|0|0|0|0|0|0|0|0|0|0|0|0|0|0|0|0|0|0|0|0|0||||||||
30|4|4461|C|3|0|U|564|192|15|275|E3004|27|8|0|0|0|15|135|86|0|0|17|0|0|2|0|0|5|8|276|25|103|135|2024|4|25|15|18|42|4|N
30|4|4468|B|1|0|U|722|192|15|275|E3004|131|30|0|10|0|38|202|79|142|0|0|0|0|20|9|0|4|10|544|182|146|202|2024|4|25|15|19|26|4|N
30|4|4471|C|1|0|U|582|192|15|275|E3004|133|0|0|0|0|0|0|0|0|0|0|0|0|0|0|0|0|0|0|0|0|0||||||||
30|4|4490|C|3|0|U|692|192|15|275|E3004|1|20|2|32|0|6|127|120|15|0|0|0|0|3|1|0|5|2|333|69|130|127|2024|4|25|14|3|41|4|N
30|4|4490|C|4|0|U|692|192|15|275|E3004|2|0|0|0|0|0|0|0|0|0|0|0|0|0|0|0|0|0|0|0|0|0||||||||
30|4|4494|C|4|0|U|691|192|15|275|E3004|11|26|0|7|5|8|213|102|0|0|0|0|0|0|0|6|5|6|378|33|121|213|2024|4|25|15|2|11|4|N
30|4|4495|C|4|0|U|718|192|15|275|E3004|16|29|0|31|12|76|165|127|0|0|1|0|0|13|15|0|0|8|477|61|243|165|2024|4|25|14|16|41|4|N
30|4|4747|C|1|0|U|650|192|15|275|E3004|49|12|18|12|17|10|246|16|0|0|0|0|0|38|1|0|1|12|383|42|82|246|2024|4|25|14|14|49|4|N
30|4|4930|C|2|0|R|532|29|16|275|E3004|129|0|0|0|0|0|0|0|0|0|0|0|0|0|0|0|0|0|0|0|0|0||||||||
30|4|4936|C|2|0|U|582|192|15|275|E3004|8|73|32|3|0|24|164|65|0|0|0|0|0|3|0|0|2|11|377|108|92|164|2024|4|25|15|34|14|4|N
30|5|3111|C|2|0|U|734|132|5|276|E3005|2|14|57|1|24|34|252|40|1|0|0|0|0|43|5|2|5|9|487|73|148|252|2024|4|25|15|10|32|4|N
30|5|3118|C|2|0|U|641|132|5|276|E3005|8|154|2|13|17|0|115|92|0|0|0|0|0|20|1|0|1|3|418|169|130|115|2024|4|25|13|59|52|4|N
30|5|3129|B|1|0|U|696|132|5|276|E3005|15|1|4|87|0|2|109|20|0|0|0|4|0|38|1|0|1|8|275|96|61|109|2024|4|25|15|4|46|4|N
30|5|3139|B|1|0|U|622|132|5|276|E3005|19|171|24|1|6|103|178|36|0|0|0|0|0|5|0|0|1|3|528|196|150|178|2024|4|25|15|33|31|4|N
30|5|3144|C|5|0|U|632|132|5|276|E3005|22|6|47|1|105|83|55|16|2|2|0|0|0|165|0|0|4|3|489|58|369|55|2024|4|25|14|5|1|4|N
30|5|3155|C|1|0|U|414|132|5|276|E3005|31|18|15|35|12|9|135|31|0|0|0|0|0|0|0|0|1|0|256|68|52|135|2024|4|25|14|14|54|4|N
30|5|3166|C|2|0|U|516|132|5|276|E3005|35|29|13|18|18|54|51|21|0|0|0|0|0|4|0|0|0|0|208|60|97|51|2024|4|25|14|7|7|4|N
30|5|3553|C|1|0|U|461|152|3|276|E3005|65|7|3|21|56|2|103|47|0|0|0|0|0|22|0|0|2|3|266|31|127|103|2024|4|25|15|13|10|4|N
30|5|3568|C|1|0|R|474|152|3|276|E3005|70|23|3|17|0|8|99|46|0|0|0|0|0|0|15|0|1|1|213|43|69|99|2024|4|25|15|20|36|4|N
30|5|3932|C|1|0|M|492|174|3|276|E3005|73|33|26|30|0|92|129|30|0|0|7|0|4|5|0|0|5|11|372|96|131|129|2024|4|25|15|28|59|4|N
30|5|3936|C|1|0|R|410|174|3|276|E3005|74|0|0|0|0|0|0|0|0|0|0|0|0|0|0|0|0|0|0|0|0|0||||||||
30|5|3949|C|1|0|M|596|174|3|276|E3005|87|0|24|1|42|57|80|52|6|0|0|0|0|2|19|0|2|8|293|31|172|80|2024|4|25|15|39|17|4|N
30|5|3950|B|1|0|R|701|174|3|276|E3005|82|9|2|2|2|24|262|51|0|0|0|3|0|25|63|0|2|9|454|16|165|262|2024|4|25|15|5|29|4|N
30|5|3954|C|2|0|M|707|174|3|276|E3005|90|6|3|3|25|8|137|182|0|0|0|0|0|23|0|0|2|9|398|12|238|137|2024|4|25|15|40|19|4|N
30|5|3961|B|1|0|U|511|174|3|276|E3005|95|2|0|2|0|1|250|139|0|0|0|0|0|8|1|0|1|3|407|4|149|250|2024|4|25|15|11|42|4|N
30|5|3970|B|1|0|U|584|174|3|276|E3005|100|1|5|0|16|61|104|60|0|0|0|0|0|2|0|0|1|10|260|6|139|104|2024|4|25|15|8|31|4|N
30|5|4110|B|1|0|U|722|188|3|276|E3005|118|0|0|0|0|0|0|0|0|0|0|0|0|0|0|0|0|0|0|0|0|0|2024|4|25|16|7|16|4|N
30|5|4113|C|1|0|U|391|188|3|276|E3005|128|24|2|2|1|0|157|59|0|0|6|0|0|3|0|0|0|8|262|34|63|157|2024|4|25|15|29|6|4|N
30|5|4133|C|1|0|U|459|188|3|276|E3005|145|6|4|28|1|96|123|44|0|0|0|0|0|33|0|0|4|1|340|38|174|123|2024|4|25|15|42|39|4|N
30|5|4138|C|1|0|U|642|188|3|276|E3005|108|10|0|14|0|31|108|131|0|0|0|0|0|8|2|0|1|4|309|24|172|108|2024|4|25|15|16|26|4|N
30|5|4141|B|1|0|U|648|188|3|276|E3005|106|18|3|1|43|12|142|41|8|0|0|0|0|29|0|0|3|7|307|30|125|142|2024|4|25|15|17|21|4|N
30|5|4145|B|1|0|U|609|188|3|276|E3005|146|29|53|1|7|61|209|93|0|0|0|0|0|17|1|0|2|11|484|83|179|209|2024|4|25|15|36|24|4|N
30|5|4146|C|1|0|U|721|188|3|276|E3005|146|13|8|6|0|2|249|149|0|38|0|0|0|4|28|2|4|7|510|65|185|249|2024|4|25|15|42|46|4|N
30|5|4153|B|1|0|R|668|188|3|276|E3005|104|27|22|5|0|8|187|73|0|0|0|7|0|14|1|0|1|0|345|61|96|187|2024|4|25|15|24|31|4|N
30|5|4154|C|2|0|R|656|188|3|276|E3005|143|0|0|0|0|0|0|0|0|0|0|0|0|0|0|0|0|0|0|0|0|0||||||||
30|5|4155|C|3|0|U|710|188|3|276|E3005|140|0|0|0|0|0|0|0|0|0|0|0|0|0|0|0|0|0|0|0|0|0||||||||
30|5|4155|E|1|0|U|398|188|3|276|E3005|139|0|1|3|100|10|116|15|0|0|0|0|0|42|5|0|0|0|292|4|172|116|2024|4|25|15|46|24|4|N
30|6|667|C|1|0|R|638|35|3|277|E3006|6|0|0|0|0|0|0|0|0|0|0|0|0|0|0|0|0|0|0|0|0|0|2024|4|25|15|53|10|4|N
30|6|940|B|1|0|U|542|42|5|277|E3006|72|0|0|0|0|0|0|0|0|0|0|0|0|0|0|0|0|0|0|0|0|0|2024|4|25|15|55|22|4|N
30|6|944|C|1|0|U|549|42|5|277|E3006|75|0|0|0|0|0|0|0|0|0|0|0|0|0|0|0|0|0|0|0|0|0||||||||
30|6|946|C|2|0|R|564|42|5|277|E3006|77|13|42|0|3|9|110|54|21|0|0|0|0|43|0|0|4|11|310|76|109|110|2024|4|25|15|42|52|4|N
30|6|948|B|1|0|M|668|42|5|277|E3006|65|0|0|0|0|0|0|0|0|0|0|0|0|0|0|0|0|0|0|0|0|0||||||||
30|6|1270|C|1|0|R|400|52|6|277|E3006|92|0|0|0|0|0|0|0|0|0|0|0|0|0|0|0|0|0|0|0|0|0||||||||
30|6|1276|C|1|0|U|577|53|6|277|E3006|100|20|2|26|9|0|100|36|0|0|0|1|0|79|2|0|0|2|277|49|126|100|2024|4|25|14|13|56|4|N
30|6|1514|C|2|0|R|642|68|6|277|E3006|85|0|0|0|0|0|0|0|0|0|0|0|0|0|0|0|0|0|0|0|0|0|2024|4|25|15|58|33|1|N
30|6|1526|B|1|0|U|675|69|6|277|E3006|108|0|0|0|0|0|0|0|0|0|0|0|0|0|0|0|0|0|0|0|0|0||||||||
30|6|1528|B|1|0|R|593|69|6|277|E3006|110|0|0|0|0|0|0|0|0|0|0|0|0|0|0|0|0|0|0|0|0|0||||||||
30|6|1565|C|4|0|U|600|71|7|277|E3006|128|0|0|0|0|0|0|0|0|0|0|0|0|0|0|0|0|0|0|0|0|0|2024|4|25|16|0|51|4|N
30|6|2375|B|1|0|U|680|104|6|277|E3006|113|9|17|2|0|17|148|43|44|0|2|0|0|30|32|0|5|12|361|74|122|148|2024|4|25|14|13|10|4|N
30|6|2899|C|3|0|U|700|125|6|277|E3006|29|0|0|0|0|0|0|0|0|0|0|0|0|0|0|0|0|0|0|0|0|0||||||||
30|6|2920|C|2|0|U|602|125|6|277|E3006|44|16|77|3|11|2|173|75|0|0|0|0|0|34|0|0|0|3|394|96|122|173|2024|4|25|15|40|50|4|N
30|6|2929|C|1|0|M|653|125|6|277|E3006|19|0|0|0|0|0|0|0|0|0|0|0|0|0|0|0|0|0|0|0|0|0||||||||
30|6|2947|E|1|0|R|439|125|6|277|E3006|26|0|0|0|0|0|0|0|0|0|0|0|0|0|0|0|0|0|0|0|0|0||||||||
30|6|2957|C|1|0|R|531|125|6|277|E3006|52|0|28|1|25|5|118|198|0|0|15|0|0|48|1|0|5|7|451|44|277|118|2024|4|25|15|2|55|4|N
30|6|2971|B|1|0|R|575|125|6|277|E3006|55|0|0|0|0|0|0|0|0|0|0|0|0|0|0|0|0|0|0|0|0|0||||||||
30|6|2971|C|1|0|R|574|125|6|277|E3006|55|0|0|0|0|0|0|0|0|0|0|0|0|0|0|0|0|0|0|0|0|0||||||||
30|6|2975|C|1|0|R|389|125|6|277|E3006|84|0|14|7|13|0|69|19|0|0|3|0|0|0|38|0|0|2|165|24|70|69|2024|4|25|14|4|22|4|N
30|6|2989|E|2|0|R|354|125|6|277|E3006|63|0|0|0|0|0|0|0|0|0|0|0|0|0|0|0|0|0|0|0|0|0||||||||
30|6|4761|B|1|0|M|490|158|7|277|E3006|137|0|0|0|0|0|0|0|0|0|0|0|0|0|0|0|0|0|0|0|0|0||||||||
30|6|4765|B|1|0|U|453|158|7|277|E3006|143|0|0|0|0|0|0|0|0|0|0|0|0|0|0|0|0|0|0|0|0|0||||||||
30|6|4963|C|2|0|U|627|42|5|277|E3006|69|34|20|13|2|16|46|40|0|0|0|16|0|8|122|0|5|1|323|83|188|46|2024|4|25|14|4|0|4|N
30|6|4965|C|1|0|U|668|42|5|277|E3006|67|0|0|0|0|0|0|0|0|0|0|0|0|0|0|0|0|0|0|0|0|0|2024|4|25|16|6|49|4|N
30|7|225|E|1|0|R|259|11|9|278|E3007|17|0|0|0|0|0|0|0|0|0|0|0|0|0|0|0|0|0|0|0|0|0||||||||
30|7|231|B|1|0|R|329|11|9|278|E3007|3|2|10|0|4|1|12|10|0|0|0|0|0|0|4|0|4|1|48|12|19|12|2024|4|25|14|25|7|1|N
30|7|239|C|1|0|R|723|11|9|278|E3007|5|21|4|17|5|58|302|28|8|0|0|0|0|1|0|0|3|5|452|50|92|302|2024|4|25|15|31|48|1|N
30|7|242|C|1|0|R|604|11|9|278|E3007|15|2|2|6|6|5|99|21|0|0|29|25|0|2|0|0|5|5|207|64|34|99|2024|4|25|15|46|16|1|N
30|7|434|C|1|0|R|395|24|9|278|E3007|26|0|0|0|0|0|0|0|0|0|0|0|0|0|0|0|0|0|0|0|0|0|2024|4|25|16|10|31|1|N
30|7|435|C|1|0|R|516|24|9|278|E3007|25|1|37|33|24|3|48|90|4|0|0|0|0|0|14|0|2|9|265|75|131|48|2024|4|25|14|12|46|4|N
30|7|445|E|1|0|R|388|24|9|278|E3007|36|1|5|1|1|10|66|40|0|0|6|0|0|0|44|0|2|6|182|13|95|66|2024|4|25|15|26|33|1|N
30|7|450|E|1|0|R|735|24|9|278|E3007|34|22|14|24|0|201|56|54|13|0|0|1|0|108|0|0|2|10|505|74|363|56|2024|4|25|15|23|50|1|N
30|7|451|B|1|0|R|490|24|9|278|E3007|33|8|66|1|24|44|161|74|29|0|0|0|0|18|0|0|2|4|431|104|160|161|2024|4|25|15|19|16|1|N
30|7|458|B|1|0|R|462|24|9|278|E3007|38|0|0|0|0|0|0|0|0|0|0|0|0|0|0|0|0|0|0|0|0|0||||||||
30|7|1840|B|1|0|R|665|88|9|278|E3007|49|23|60|16|27|12|187|7|0|0|1|0|0|5|1|0|2|11|352|100|52|187|2024|4|25|14|11|20|4|N
30|7|2309|E|1|0|M|728|103|7|278|E3007|63|40|22|0|63|58|158|73|0|0|31|0|0|3|0|0|0|0|448|93|197|158|2024|4|25|15|29|52|1|N
30|7|2314|C|2|0|U|713|103|7|278|E3007|56|0|0|0|0|0|0|0|0|0|0|0|0|0|0|0|0|0|0|0|0|0||||||||
30|7|2327|B|1|0|R|393|103|7|278|E3007|90|0|0|0|0|0|0|0|0|0|0|0|0|0|0|0|0|0|0|0|0|0||||||||
30|7|2347|B|1|0|R|484|103|7|278|E3007|91|0|0|0|0|0|0|0|0|0|0|0|0|0|0|0|0|0|0|0|0|0||||||||
30|7|2360|E|1|1|M|454|103|7|278|E3007|88|0|0|0|0|0|0|0|0|0|0|0|0|0|0|0|0|0|0|0|0|0||||||||
30|7|2369|B|1|0|R|359|103|7|278|E3007|80|0|0|0|0|0|0|0|0|0|0|0|0|0|0|0|0|0|0|0|0|0|2024|4|25|16|9|1|1|N
30|7|2531|C|1|0|U|421|110|8|278|E3007|108|0|0|0|0|0|0|0|0|0|0|0|0|0|0|0|0|0|0|0|0|0||||||||
30|7|2569|B|1|0|R|475|110|8|278|E3007|120|0|0|0|0|0|0|0|0|0|0|0|0|0|0|0|0|0|0|0|0|0||||||||
30|7|2610|B|1|0|M|509|115|8|278|E3007|154|8|0|49|2|111|94|29|6|0|0|0|0|0|0|0|0|4|303|63|142|94|2024|4|25|13|7|40|4|N
30|7|2619|B|1|0|R|467|115|8|278|E3007|156|0|0|0|0|0|0|0|0|0|0|0|0|0|0|0|0|0|0|0|0|0||||||||
30|7|4046|C|1|0|U|628|182|7|278|E3007|141|0|0|0|0|0|0|0|0|0|0|0|0|0|0|0|0|0|0|0|0|0||||||||
30|7|4067|E|1|0|R|194|182|7|278|E3007|121|0|0|0|0|0|0|0|0|0|0|0|0|0|0|0|0|0|0|0|0|0||||||||
30|7|4069|E|1|0|R|270|182|7|278|E3007|122|0|0|0|0|0|0|0|0|0|0|0|0|0|0|0|0|0|0|0|0|0||||||||
30|7|4863|B|1|0|U|747|110|8|278|E3007|103|0|0|0|0|0|0|0|0|0|0|0|0|0|0|0|0|0|0|0|0|0||||||||
30|7|4863|C|1|0|U|747|110|8|278|E3007|103|0|0|0|0|0|0|0|0|0|0|0|0|0|0|0|0|0|0|0|0|0||||||||
30|7|4867|C|1|0|M|516|182|7|278|E3007|127|0|0|0|0|0|0|0|0|0|0|0|0|0|0|0|0|0|0|0|0|0||||||||
30|7|4990|B|1|0|U|572|103|7|278|E3007|58|0|0|0|0|0|0|0|0|0|0|0|0|0|0|0|0|0|0|0|0|0|2024|4|25|16|0|38|4|N
30|8|51|C|1|0|R|590|4|13|279|E3008|118|0|0|0|0|0|0|0|0|0|0|0|0|0|0|0|0|0|0|0|0|0||||||||
30|8|53|C|1|0|R|512|4|13|279|E3008|114|0|0|0|0|0|0|0|0|0|0|0|0|0|0|0|0|0|0|0|0|0||||||||
30|8|63|C|1|0|R|438|4|13|279|E3008|62|0|0|0|0|0|0|0|0|0|0|0|0|0|0|0|0|0|0|0|0|0||||||||
30|8|74|B|1|0|M|426|4|13|279|E3008|63|0|0|0|0|0|0|0|0|0|0|0|0|0|0|0|0|0|0|0|0|0|2024|4|25|16|11|16|4|N
30|8|184|C|1|0|U|708|10|8|279|E3008|28|2|4|1|1|123|124|96|0|0|1|0|0|0|0|0|0|5|357|8|220|124|2024|4|25|15|21|52|4|N
30|8|186|B|1|0|U|601|10|8|279|E3008|29|0|0|0|0|0|0|0|0|0|0|0|0|0|0|0|0|0|0|0|0|0|2024|4|25|15|57|59|1|N
30|8|375|B|1|0|U|604|17|13|279|E3008|84|0|0|0|0|0|0|0|0|0|0|0|0|0|0|0|0|0|0|0|0|0||||||||
30|8|464|C|3|0|R|640|25|13|279|E3008|151|0|0|0|0|0|0|0|0|0|0|0|0|0|0|0|0|0|0|0|0|0||||||||
30|8|968|B|1|0|R|405|44|8|279|E3008|11|0|0|0|0|0|0|0|0|0|0|0|0|0|0|0|0|0|0|0|0|0||||||||
30|8|969|B|1|0|R|521|44|8|279|E3008|12|55|16|13|3|49|113|58|0|0|0|1|0|2|6|0|3|5|324|85|118|113|2024|4|25|15|26|14|1|N
30|8|1336|B|1|0|M|672|59|8|279|E3008|42|0|0|0|0|0|0|0|0|0|0|0|0|0|0|0|0|0|0|0|0|0||||||||
30|8|1480|E|1|2|M|700|67|13|279|E3008|132|0|0|0|0|0|0|0|0|0|0|0|0|0|0|0|0|0|0|0|0|0||||||||
30|8|1482|C|1|0|M|544|67|13|279|E3008|142|0|0|0|0|0|0|0|0|0|0|0|0|0|0|0|0|0|0|0|0|0||||||||
30|8|1485|C|1|0|M|666|67|13|279|E3008|139|0|0|0|0|0|0|0|0|0|0|0|0|0|0|0|0|0|0|0|0|0||||||||
30|8|1497|B|1|0|R|535|67|13|279|E3008|121|0|0|0|0|0|0|0|0|0|0|0|0|0|0|0|0|0|0|0|0|0||||||||
30|8|2602|B|1|0|R|383|113|8|279|E3008|54|0|0|0|0|0|0|0|0|0|0|0|0|0|0|0|0|0|0|0|0|0||||||||
30|8|3005|C|1|0|U|715|127|13|279|E3008|101|0|0|0|0|0|0|0|0|0|0|0|0|0|0|0|0|0|0|0|0|0||||||||
30|8|3016|C|1|0|M|673|127|13|279|E3008|109|0|0|0|0|0|0|0|0|0|0|0|0|0|0|0|0|0|0|0|0|0||||||||
30|8|3018|C|1|0|R|603|127|13|279|E3008|108|0|0|0|0|0|0|0|0|0|0|0|0|0|0|0|0|0|0|0|0|0||||||||
30|8|3268|B|1|0|R|512|134|13|279|E3008|95|0|0|0|0|0|0|0|0|0|0|0|0|0|0|0|0|0|0|0|0|0|2024|4|25|16|11|18|1|N
30|8|3273|B|1|0|R|635|134|13|279|E3008|160|0|0|0|0|0|0|0|0|0|0|0|0|0|0|0|0|0|0|0|0|0||||||||
30|8|3757|C|2|0|M|564|165|8|279|E3008|53|0|0|0|0|0|0|0|0|0|0|0|0|0|0|0|0|0|0|0|0|0||||||||
30|8|4183|B|1|0|U|697|190|13|279|E3008|70|3|64|31|17|14|163|75|0|0|0|0|0|0|45|0|0|10|422|98|151|163|2024|4|25|15|38|59|4|N
30|8|4184|B|1|0|U|459|190|13|279|E3008|68|2|17|31|1|7|112|10|0|0|2|6|47|39|1|0|0|10|285|58|105|112|2024|4|25|15|39|21|4|N
30|8|4184|C|1|0|U|458|190|13|279|E3008|68|1|74|0|0|0|43|1|0|0|2|3|0|0|0|0|2|11|137|80|1|43|2024|4|25|15|41|35|4|N
30|8|4188|B|1|0|U|388|190|13|279|E3008|73|0|0|0|0|0|0|0|0|0|0|0|0|0|0|0|0|0|0|0|0|0|2024|4|25|16|3|40|1|N
30|8|4191|B|1|0|U|495|190|13|279|E3008|73|0|0|0|0|0|0|0|0|0|0|0|0|0|0|0|0|0|0|0|0|0|2024|4|25|16|8|35|1|N
30|8|4549|E|1|0|R|243|197|8|279|E3008|17|0|0|0|0|0|0|0|0|0|0|0|0|0|0|0|0|0|0|0|0|0||||||||
30|9|465|C|2|0|M|617|26|12|280|E3009|4|0|0|0|0|0|0|0|0|0|0|0|0|0|0|0|0|0|0|0|0|0|2024|4|25|16|6|15|4|N
30|9|470|C|2|0|R|523|26|12|280|E3009|10|0|0|0|0|0|0|0|0|0|0|0|0|0|0|0|0|0|0|0|0|0|2024|4|25|16|3|38|4|N
30|9|471|C|1|0|R|655|26|12|280|E3009|10|0|0|0|0|0|0|0|0|0|0|0|0|0|0|0|0|0|0|0|0|0|2024|4|25|16|1|47|4|N
30|9|472|E|1|0|R|190|26|12|280|E3009|11|1|8|4|0|29|62|1|1|0|0|0|0|1|9|0|4|6|126|14|40|62|2024|4|25|15|31|51|4|N
30|9|479|B|1|0|M|724|27|12|280|E3009|18|30|5|52|1|38|221|18|0|0|1|15|0|13|16|0|4|5|419|103|86|221|2024|4|25|15|37|48|1|N
30|9|707|B|1|0|R|491|38|8|280|E3009|24|0|0|0|0|0|0|0|0|0|0|0|0|0|0|0|0|0|0|0|0|0||||||||
30|9|719|B|1|0|M|729|40|12|280|E3009|31|0|0|0|0|0|0|0|0|0|0|0|0|0|0|0|0|0|0|0|0|0||||||||
30|9|728|B|1|0|U|562|40|12|280|E3009|36|55|32|8|21|14|55|113|0|0|25|0|0|40|0|0|0|5|368|120|188|55|2024|4|25|11|30|19|4|N
30|9|728|C|1|0|U|562|40|12|280|E3009|36|0|7|5|20|10|197|96|4|0|0|0|0|3|23|0|2|7|374|16|152|197|2024|4|25|14|9|11|4|N
30|9|731|C|2|0|U|580|40|12|280|E3009|38|0|0|0|0|0|0|0|0|0|0|0|0|0|0|0|0|0|0|0|0|0|2024|4|25|15|59|20|1|N
30|9|1153|B|1|0|U|495|48|12|280|E3009|56|0|0|0|0|0|0|0|0|0|0|0|0|0|0|0|0|0|0|0|0|0||||||||
30|9|1157|C|1|0|R|557|48|12|280|E3009|58|0|0|0|0|0|0|0|0|0|0|0|0|0|0|0|0|0|0|0|0|0||||||||
30|9|2172|C|1|0|R|527|94|8|280|E3009|67|0|0|0|0|0|0|0|0|0|0|0|0|0|0|0|0|0|0|0|0|0||||||||
30|9|3043|C|1|0|U|601|129|9|280|E3009|76|0|0|0|0|0|0|0|0|0|0|0|0|0|0|0|0|0|0|0|0|0||||||||
30|9|3043|C|2|0|U|601|129|9|280|E3009|76|0|0|0|0|0|0|0|0|0|0|0|0|0|0|0|0|0|0|0|0|0||||||||
30|9|3049|B|1|0|R|734|129|9|280|E3009|81|0|0|0|0|0|0|0|0|0|0|0|0|0|0|0|0|0|0|0|0|0||||||||
30|9|3055|B|1|0|R|315|129|9|280|E3009|85|26|37|5|0|20|33|17|0|0|0|1|0|5|14|0|0|3|161|69|56|33|2024|4|25|15|42|8|4|N
30|9|3284|C|2|0|M|603|136|12|280|E3009|92|0|0|0|0|0|0|0|0|0|0|0|0|0|0|0|0|0|0|0|0|0|2024|4|25|16|4|38|1|N
30|9|3289|C|2|0|M|697|137|9|280|E3009|97|0|0|0|0|0|0|0|0|0|0|0|0|0|0|0|0|0|0|0|0|0||||||||
30|9|3293|E|1|0|R|723|137|9|280|E3009|96|0|0|0|0|0|0|0|0|0|0|0|0|0|0|0|0|0|0|0|0|0||||||||
30|9|3750|C|1|0|R|421|163|12|280|E3009|105|0|0|0|0|0|0|0|0|0|0|0|0|0|0|0|0|0|0|0|0|0|2024|4|25|16|10|52|1|N
30|9|4039|E|1|0|U|720|181|12|280|E3009|114|0|0|0|0|0|0|0|0|0|0|0|0|0|0|0|0|0|0|0|0|0||||||||
30|9|4501|C|2|0|U|540|193|9|280|E3009|129|0|0|0|0|0|0|0|0|0|0|0|0|0|0|0|0|0|0|0|0|0||||||||
30|9|4513|C|1|0|U|483|194|12|280|E3009|121|24|22|5|10|22|193|22|0|0|0|0|0|1|0|1|2|7|309|51|56|193|2024|4|25|14|11|9|4|N
30|10|1849|C|1|0|U|705|89|11|281|E3010|9|2|12|2|28|10|80|142|0|0|0|0|0|0|2|0|0|10|288|16|182|80|2024|4|25|14|15|12|4|N
30|10|1863|B|1|0|U|624|89|11|281|E3010|21|16|33|1|7|38|116|79|70|0|0|0|0|13|1|0|3|3|380|120|138|116|2024|4|25|14|14|26|1|N
30|10|1865|C|1|0|U|509|89|11|281|E3010|24|12|18|69|15|9|30|7|0|0|0|0|0|27|53|0|4|9|253|99|111|30|2024|4|25|14|5|11|4|N
30|10|1866|C|1|0|U|740|89|11|281|E3010|15|38|8|4|57|37|333|111|0|0|6|0|0|0|1|0|0|11|606|56|206|333|2024|4|25|14|3|41|1|N
30|10|1878|B|1|0|U|714|89|11|281|E3010|29|128|71|0|0|74|244|19|0|0|0|0|0|0|2|0|5|12|555|199|95|244|2024|4|25|14|9|28|1|N
30|10|1895|B|1|0|U|745|89|11|281|E3010|26|68|5|16|22|11|118|64|5|0|0|18|0|0|0|0|2|9|338|112|97|118|2024|4|25|15|29|9|4|N
30|10|1896|C|1|0|U|688|89|11|281|E3010|25|0|0|0|0|0|0|0|0|0|0|0|0|0|0|0|0|0|0|0|0|0||||||||
30|10|1899|B|1|0|U|513|89|11|281|E3010|55|0|0|0|0|0|0|0|0|0|0|0|0|0|0|0|0|0|0|0|0|0||||||||
30|10|1925|C|2|0|U|561|89|11|281|E3010|40|4|70|1|26|25|130|7|0|0|0|1|0|2|1|0|0|9|276|76|61|130|2024|4|25|14|5|56|4|N
30|10|1928|C|1|0|U|542|89|11|281|E3010|62|17|8|3|16|10|180|89|0|0|0|0|0|5|17|0|5|3|353|28|137|180|2024|4|25|15|46|10|4|N
30|10|1930|B|1|0|U|711|89|11|281|E3010|60|0|0|0|0|0|0|0|0|0|0|0|0|0|0|0|0|0|0|0|0|0||||||||
30|10|1933|C|1|0|U|469|89|11|281|E3010|55|0|0|0|0|0|0|0|0|0|0|0|0|0|0|0|0|0|0|0|0|0||||||||
30|10|1935|B|1|0|U|474|89|11|281|E3010|27|0|0|0|0|0|0|0|0|0|0|0|0|0|0|0|0|0|0|0|0|0|2024|4|25|15|56|17|4|N
30|10|1946|B|1|0|U|410|89|11|281|E3010|61|0|0|0|0|0|0|0|0|0|0|0|0|0|0|0|0|0|0|0|0|0|2024|4|25|15|55|32|4|N
30|10|1958|C|1|0|U|670|89|11|281|E3010|45|46|16|1|137|1|122|52|3|0|0|0|0|7|0|0|2|1|388|66|197|122|2024|4|25|14|14|54|4|N
30|10|1962|B|1|0|U|507|89|11|281|E3010|51|28|3|0|0|26|124|122|0|0|0|0|0|21|6|0|2|10|342|31|175|124|2024|4|25|15|46|38|1|N
30|10|2002|B|1|0|U|470|89|10|281|E3010|146|0|0|0|0|0|0|0|0|0|0|0|0|0|0|0|0|0|0|0|0|0|2024|4|25|16|14|26|1|N
30|10|2017|C|1|0|U|530|89|11|281|E3010|80|0|0|0|0|0|0|0|0|0|0|0|0|0|0|0|0|0|0|0|0|0|2024|4|25|16|8|4|4|N
30|10|2028|B|1|0|U|529|89|10|281|E3010|132|3|0|33|1|0|253|10|0|0|0|0|0|5|0|0|2|0|307|36|16|253|2024|4|25|15|44|10|4|N
30|10|2029|C|1|0|U|464|89|10|281|E3010|132|1|5|25|15|15|173|63|0|0|17|0|0|8|0|0|0|6|328|48|101|173|2024|4|25|15|40|42|4|N
30|10|2044|B|1|0|U|557|89|11|281|E3010|80|0|0|0|0|0|0|0|0|0|0|0|0|0|0|0|0|0|0|0|0|0|2024|4|25|16|3|59|4|N
30|10|2061|C|1|0|U|397|89|10|281|E3010|101|0|0|0|0|0|0|0|0|0|0|0|0|0|0|0|0|0|0|0|0|0||||||||
30|10|2071|B|1|0|U|637|89|10|281|E3010|121|9|1|39|4|3|237|65|0|0|1|0|0|45|3|0|2|8|417|50|120|237|2024|4|25|15|16|3|4|N
30|10|2080|C|1|0|U|498|89|10|281|E3010|91|81|98|0|0|11|93|20|0|0|0|0|0|55|2|0|5|6|371|179|88|93|2024|4|25|15|45|10|1|N
30|10|2091|B|1|0|U|516|89|10|281|E3010|108|0|0|0|0|0|0|0|0|0|0|0|0|0|0|0|0|0|0|0|0|0||||||||
30|10|2095|C|3|0|U|611|89|10|281|E3010|138|21|0|0|0|0|154|7|0|0|0|0|0|18|0|0|4|10|214|21|25|154|2024|4|25|14|11|42|4|N
30|10|2099|C|1|0|U|708|89|10|281|E3010|112|10|1|26|14|52|198|11|12|0|0|0|0|0|99|0|0|0|423|49|176|198|2024|4|25|15|8|15|4|N
30|10|4939|C|1|0|U|679|89|11|281|E3010|11|44|126|0|30|9|64|9|0|0|0|0|0|0|0|0|3|7|292|170|48|64|2024|4|25|14|2|58|1|N
30|10|4978|B|1|0|U|604|89|10|281|E3010|166|13|48|0|6|0|70|151|0|0|0|0|0|0|75|0|1|5|369|61|232|70|2024|4|25|15|43|18|1|N
30|11|763|C|1|0|U|702|41|29|282|E3011|23|32|2|8|48|5|184|151|0|0|2|0|0|12|1|0|2|11|458|44|217|184|2024|4|25|15|7|28|4|N
30|11|775|C|1|0|U|672|41|29|282|E3011|74|0|0|0|0|0|0|0|0|0|0|0|0|0|0|0|0|0|0|0|0|0|2024|4|25|15|53|20|4|N
30|11|796|B|1|0|U|519|41|29|282|E3011|75|0|0|0|0|0|0|0|0|0|0|0|0|0|0|0|0|0|0|0|0|0|2024|4|25|15|53|21|4|N
30|11|824|B|1|0|U|694|41|29|282|E3011|59|13|8|22|18|19|299|6|0|0|0|0|0|2|0|0|5|12|404|43|45|299|2024|4|25|15|51|50|4|N
30|11|840|C|1|0|U|439|41|29|282|E3011|85|0|0|0|0|0|0|0|0|0|0|0|0|0|0|0|0|0|0|0|0|0||||||||
30|11|842|B|1|0|U|687|41|30|282|E3011|88|89|83|0|36|37|61|108|0|0|0|0|0|0|2|0|2|0|418|172|183|61|2024|4|25|15|28|59|4|N
30|11|844|B|1|0|U|537|41|29|282|E3011|80|65|13|96|6|25|141|105|2|0|0|0|0|2|0|0|5|10|470|176|138|141|2024|4|25|15|36|46|4|N
30|11|858|B|1|0|U|413|41|29|282|E3011|61|0|0|0|0|0|0|0|0|0|0|0|0|0|0|0|0|0|0|0|0|0|2024|4|25|15|53|29|4|N
30|11|891|C|2|0|U|718|41|29|282|E3011|46|12|36|3|17|40|74|80|0|0|0|0|0|87|15|0|3|0|367|51|239|74|2024|4|25|15|11|14|4|N
30|11|909|C|1|0|U|416|41|30|282|E3011|98|53|36|13|32|0|76|37|0|0|0|0|0|6|0|0|1|1|255|102|75|76|2024|4|25|15|31|23|4|N
30|11|921|C|1|0|R|514|41|30|282|E3011|106|0|0|0|0|0|0|0|0|0|0|0|0|0|0|0|0|0|0|0|0|0||||||||
30|11|1775|C|3|0|U|579|84|30|282|E3011|112|0|0|0|0|0|0|0|0|0|0|0|0|0|0|0|0|0|0|0|0|0||||||||
30|11|1777|E|1|0|U|608|84|30|282|E3011|114|0|0|0|0|0|0|0|0|0|0|0|0|0|0|0|0|0|0|0|0|0||||||||
30|11|2588|B|1|0|U|511|112|30|282|E3011|123|0|0|0|0|0|0|0|0|0|0|0|0|0|0|0|0|0|0|0|0|0||||||||
30|11|4663|B|1|0|U|392|205|30|282|E3011|147|67|12|9|64|1|28|9|1|0|3|1|0|7|0|0|2|6|210|93|81|28|2024|4|25|15|12|14|4|N
30|11|4667|B|1|0|M|432|206|30|282|E3011|138|0|0|0|0|0|0|0|0|0|0|0|0|0|0|0|0|0|0|0|0|0||||||||
30|11|4678|C|1|0|U|399|206|30|282|E3011|135|0|0|0|0|0|0|0|0|0|0|0|0|0|0|0|0|0|0|0|0|0||||||||
30|11|4695|E|1|0|R|341|206|30|282|E3011|126|10|0|1|0|20|117|15|0|0|0|0|0|1|0|0|0|3|167|11|36|117|2024|4|25|14|12|38|4|N
30|11|4742|C|1|0|U|522|41|29|282|E3011|25|32|9|3|37|15|79|31|0|0|0|0|0|0|0|0|4|1|211|44|83|79|2024|4|25|15|17|5|4|N
30|11|4841|B|1|0|U|570|41|29|282|E3011|3|43|0|10|8|14|97|33|0|0|3|0|0|19|0|0|4|12|243|56|74|97|2024|4|25|15|28|50|4|N
30|11|4844|C|1|0|M|746|41|29|282|E3011|5|139|29|0|13|8|323|4|51|0|0|0|0|6|25|0|0|4|602|219|56|323|2024|4|25|15|21|53|4|N
30|11|4872|C|1|0|U|623|41|29|282|E3011|22|4|273|4|45|24|111|1|0|0|0|0|0|1|15|0|4|4|486|281|86|111|2024|4|25|15|8|36|4|N
30|11|4880|C|1|0|U|581|41|29|282|E3011|38|65|8|25|9|27|42|152|0|0|0|0|0|1|3|0|2|2|336|98|192|42|2024|4|25|14|13|50|4|N
30|11|4881|C|1|0|U|595|41|29|282|E3011|40|10|18|43|49|5|221|22|0|0|0|2|0|5|6|0|1|4|386|73|87|221|2024|4|25|15|12|40|4|N
30|11|4991|B|1|0|U|587|41|29|282|E3011|20|13|17|6|31|78|213|47|0|0|5|0|0|6|0|0|1|7|424|41|162|213|2024|4|25|15|7|31|4|N
30|11|5001|B|1|0|M|679|205|30|282|E3011|148|11|40|4|24|49|109|77|0|0|0|0|0|71|0|0|3|4|392|55|221|109|2024|4|25|15|6|56|4|N
30|12|4217|C|3|0|U|722|192|14|283|E3012|12|0|0|0|0|0|0|0|0|0|0|0|0|0|0|0|0|0|0|0|0|0|2024|4|25|16|10|25|2|N
30|12|4219|B|1|0|U|536|192|14|283|E3012|15|0|0|0|0|0|0|0|0|0|0|0|0|0|0|0|0|0|0|0|0|0||||||||
30|12|4228|C|2|0|U|684|192|14|283|E3012|10|16|0|0|1|15|86|80|30|0|0|0|0|119|9|0|2|5|363|46|224|86|2024|4|25|13|8|59|4|N
30|12|4231|B|1|0|U|704|192|14|283|E3012|71|0|0|0|0|0|0|0|0|0|0|0|0|0|0|0|0|0|0|0|0|0||||||||
30|12|4243|B|1|0|U|747|192|14|283|E3012|20|0|0|0|0|0|0|0|0|0|0|0|0|0|0|0|0|0|0|0|0|0||||||||
30|12|4246|B|1|0|U|444|192|14|283|E3012|17|0|0|0|0|0|0|0|0|0|0|0|0|0|0|0|0|0|0|0|0|0||||||||
30|12|4251|B|1|0|U|456|192|14|283|E3012|19|0|0|0|0|0|0|0|0|0|0|0|0|0|0|0|0|0|0|0|0|0||||||||
30|12|4255|B|1|0|U|404|192|14|283|E3012|65|0|0|0|0|0|0|0|0|0|0|0|0|0|0|0|0|0|0|0|0|0||||||||
30|12|4265|B|1|0|U|593|192|14|283|E3012|62|47|21|2|0|35|224|28|0|0|0|1|0|0|0|0|4|3|365|71|63|224|2024|4|25|14|17|55|4|N
30|12|4275|B|1|0|U|382|192|14|283|E3012|56|0|0|0|0|0|0|0|0|0|0|0|0|0|0|0|0|0|0|0|0|0||||||||
30|12|4279|B|1|0|U|509|192|14|283|E3012|64|0|0|0|0|0|0|0|0|0|0|0|0|0|0|0|0|0|0|0|0|0|2024|4|25|15|56|27|1|N
30|12|4307|C|5|0|U|698|192|14|283|E3012|86|0|0|0|0|0|0|0|0|0|0|0|0|0|0|0|0|0|0|0|0|0||||||||
30|12|4307|C|8|0|U|698|192|14|283|E3012|86|0|0|0|0|0|0|0|0|0|0|0|0|0|0|0|0|0|0|0|0|0||||||||
30|12|4312|C|1|0|U|600|192|14|283|E3012|59|0|0|0|0|0|0|0|0|0|0|0|0|0|0|0|0|0|0|0|0|0||||||||
30|12|4329|B|1|0|U|621|192|15|283|E3012|109|11|5|11|3|0|12|8|0|0|0|2|0|2|0|0|2|3|59|29|13|12|2024|4|25|15|2|44|4|N
30|12|4388|B|1|0|U|487|192|14|283|E3012|61|2|23|36|48|41|108|20|0|0|3|0|0|37|8|0|1|4|331|64|154|108|2024|4|25|15|29|28|4|N
30|12|4486|C|6|0|U|658|192|14|283|E3012|100|11|7|4|47|6|85|61|0|0|0|0|0|85|61|0|0|2|369|22|260|85|2024|4|25|15|14|41|1|N
30|12|4498|C|7|0|M|737|192|15|283|E3012|125|0|0|0|0|0|0|0|0|0|0|0|0|0|0|0|0|0|0|0|0|0||||||||
30|12|4778|B|1|0|U|513|192|14|283|E3012|27|0|0|0|0|0|0|0|0|0|0|0|0|0|0|0|0|0|0|0|0|0||||||||
30|12|4793|C|1|0|U|634|192|14|283|E3012|35|13|4|20|20|87|64|33|0|0|0|0|0|2|0|11|4|4|262|37|153|64|2024|4|25|14|10|48|4|N
30|12|4804|B|1|0|U|520|192|14|283|E3012|37|148|0|9|7|10|95|31|0|0|0|0|0|1|3|0|1|2|307|157|52|95|2024|4|25|15|3|18|4|N
30|12|4962|B|1|0|M|668|192|14|283|E3012|84|0|0|0|0|0|0|0|0|0|0|0|0|0|0|0|0|0|0|0|0|0||||||||
30|13|107|E|1|0|R|474|7|17|284|E3013|1|0|0|0|0|0|0|0|0|0|0|0|0|0|0|0|0|0|0|0|0|0||||||||
30|13|611|E|2|0|R|218|32|17|284|E3013|14|0|0|0|0|0|0|0|0|0|0|0|0|0|0|0|0|0|0|0|0|0||||||||
30|13|978|B|1|0|R|579|45|18|284|E3013|23|0|0|0|0|0|0|0|0|0|0|0|0|0|0|0|0|0|0|0|0|0||||||||
30|13|1604|C|1|0|U|570|73|18|284|E3013|41|24|3|6|4|80|84|47|0|0|9|0|0|5|10|0|5|6|283|42|146|84|2024|4|25|15|16|10|4|N
30|13|1608|C|2|0|U|708|73|18|284|E3013|40|0|0|0|0|0|0|0|0|0|0|0|0|0|0|0|0|0|0|0|0|0||||||||
30|13|1608|S|1|0|U|0|73|18|284|E3013|40|0|0|0|0|0|0|0|0|0|0|0|0|0|0|0|0|0|0|0|0|0||||||||
30|13|1613|B|1|0|R|429|73|18|284|E3013|44|0|0|0|0|0|0|0|0|0|0|0|0|0|0|0|0|0|0|0|0|0||||||||
30|13|1613|E|1|0|R|323|73|18|284|E3013|44|0|0|0|0|0|0|0|0|0|0|0|0|0|0|0|0|0|0|0|0|0||||||||
30|13|1614|B|1|0|R|663|73|18|284|E3013|45|0|0|0|0|0|0|0|0|0|0|0|0|0|0|0|0|0|0|0|0|0||||||||
30|13|1616|E|1|0|R|557|73|18|284|E3013|52|23|43|12|0|6|146|113|0|0|0|0|0|12|1|0|4|12|372|78|132|146|2024|4|25|15|46|13|3|N
30|13|1767|C|2|0|M|537|83|18|284|E3013|56|0|0|0|0|0|0|0|0|0|0|0|0|0|0|0|0|0|0|0|0|0||||||||
30|13|1769|B|1|0|U|581|83|18|284|E3013|58|0|0|0|0|0|0|0|0|0|0|0|0|0|0|0|0|0|0|0|0|0||||||||
30|13|1769|C|3|0|U|580|83|18|284|E3013|58|0|0|0|0|0|0|0|0|0|0|0|0|0|0|0|0|0|0|0|0|0||||||||
30|13|1770|B|1|0|R|663|83|18|284|E3013|59|0|0|0|0|0|0|0|0|0|0|0|0|0|0|0|0|0|0|0|0|0||||||||
30|13|2249|B|1|0|U|682|101|16|284|E3013|70|0|0|0|0|0|0|0|0|0|0|0|0|0|0|0|0|0|0|0|0|0||||||||
30|13|2390|C|1|0|M|642|106|16|284|E3013|80|0|0|0|0|0|0|0|0|0|0|0|0|0|0|0|0|0|0|0|0|0||||||||
30|13|2391|C|1|0|R|726|106|16|284|E3013|75|0|0|0|0|0|0|0|0|0|0|0|0|0|0|0|0|0|0|0|0|0||||||||
30|13|2995|C|1|0|U|635|126|17|284|E3013|104|0|0|0|0|0|0|0|0|0|0|0|0|0|0|0|0|0|0|0|0|0||||||||
30|13|3513|B|1|0|M|712|149|17|284|E3013|111|0|0|0|0|0|0|0|0|0|0|0|0|0|0|0|0|0|0|0|0|0|2024|4|25|15|58|38|3|N
30|13|3514|B|1|0|M|502|149|17|284|E3013|115|0|0|0|0|0|0|0|0|0|0|0|0|0|0|0|0|0|0|0|0|0||||||||
30|13|3754|C|2|0|M|532|164|18|284|E3013|121|0|0|0|0|0|0|0|0|0|0|0|0|0|0|0|0|0|0|0|0|0||||||||
30|13|4849|C|1|0|U|707|106|16|284|E3013|81|0|0|0|0|0|0|0|0|0|0|0|0|0|0|0|0|0|0|0|0|0||||||||
30|14|1432|C|1|0|U|656|63|30|285|E3014|13|0|0|0|0|0|0|0|0|0|0|0|0|0|0|0|0|0|0|0|0|0||||||||
30|14|1435|B|1|0|U|555|63|30|285|E3014|12|0|0|0|0|0|0|0|0|0|0|0|0|0|0|0|0|0|0|0|0|0||||||||
30|14|1435|C|1|0|U|555|63|30|285|E3014|12|0|0|0|0|0|0|0|0|0|0|0|0|0|0|0|0|0|0|0|0|0||||||||
30|14|1448|E|1|0|R|360|63|30|285|E3014|21|0|0|0|0|0|0|0|0|0|0|0|0|0|0|0|0|0|0|0|0|0||||||||
30|14|1449|B|1|0|R|382|63|30|285|E3014|21|0|0|0|0|0|0|0|0|0|0|0|0|0|0|0|0|0|0|0|0|0||||||||
30|14|1579|B|1|0|U|525|72|28|285|E3014|28|0|0|0|0|0|0|0|0|0|0|0|0|0|0|0|0|0|0|0|0|0||||||||
30|14|1592|B|1|0|R|575|209|28|285|E3014|139|0|0|0|0|0|0|0|0|0|0|0|0|0|0|0|0|0|0|0|0|0||||||||
30|14|2123|C|1|0|U|464|91|27|285|E3014|108|24|14|12|13|0|170|148|0|0|0|0|0|12|0|0|4|5|402|50|173|170|2024|4|25|15|35|34|4|N
30|14|2127|C|1|0|U|484|91|27|285|E3014|113|4|0|9|25|43|122|21|9|0|4|31|0|64|2|0|2|7|343|57|155|122|2024|4|25|14|16|38|4|N
30|14|2147|B|1|0|U|376|93|28|285|E3014|35|0|0|0|0|0|0|0|0|0|0|0|0|0|0|0|0|0|0|0|0|0||||||||
30|14|2153|B|1|0|R|476|93|28|285|E3014|39|0|0|0|0|0|0|0|0|0|0|0|0|0|0|0|0|0|0|0|0|0||||||||
30|14|2162|B|1|0|U|536|93|28|285|E3014|41|18|27|18|56|138|110|48|1|0|4|1|0|0|0|0|1|10|432|69|242|110|2024|4|25|14|15|3|1|N
30|14|2164|B|1|0|R|403|93|28|285|E3014|44|0|0|0|0|0|0|0|0|0|0|0|0|0|0|0|0|0|0|0|0|0||||||||
30|14|2423|B|1|0|U|514|109|28|285|E3014|76|65|9|20|7|12|163|68|0|0|0|20|1|49|0|0|3|7|424|114|137|163|2024|4|25|15|47|29|4|N
30|14|2438|C|1|0|U|717|109|28|285|E3014|78|5|80|10|5|8|135|87|14|0|0|0|0|38|9|0|2|2|395|109|147|135|2024|4|25|15|35|36|4|N
30|14|2440|B|1|0|U|681|109|28|285|E3014|73|37|30|26|2|106|130|135|0|0|0|0|0|1|0|0|0|9|476|93|244|130|2024|4|25|15|36|24|4|N
30|14|2454|B|1|0|U|440|109|28|285|E3014|67|0|0|0|0|0|0|0|0|0|0|0|0|0|0|0|0|0|0|0|0|0||||||||
30|14|2460|B|1|0|U|509|109|28|285|E3014|52|0|0|0|0|0|0|0|0|0|0|0|0|0|0|0|0|0|0|0|0|0||||||||
30|14|2471|B|1|0|U|410|109|28|285|E3014|66|8|26|21|1|1|46|50|0|0|0|0|0|1|10|0|1|4|169|55|63|46|2024|4|25|15|1|49|4|N
30|14|2472|B|1|0|U|384|109|28|285|E3014|59|7|23|1|0|4|74|38|0|0|0|0|0|46|8|0|0|8|209|31|96|74|2024|4|25|15|23|14|4|N
30|14|2473|B|1|0|U|424|109|28|285|E3014|59|0|0|0|0|0|0|0|0|0|0|0|0|0|0|0|0|0|0|0|0|0||||||||
30|14|2481|B|1|0|U|653|109|28|285|E3014|65|0|0|0|0|0|0|0|0|0|0|0|0|0|0|0|0|0|0|0|0|0||||||||
30|14|2492|C|3|0|U|708|109|28|285|E3014|54|0|0|0|0|0|0|0|0|0|0|0|0|0|0|0|0|0|0|0|0|0||||||||
30|14|2493|B|1|0|R|613|109|28|285|E3014|87|54|113|18|14|6|50|18|0|1|0|0|0|22|4|0|3|6|309|186|64|50|2024|4|25|15|44|41|4|N
30|14|2499|C|1|0|R|714|109|28|285|E3014|88|93|0|25|121|109|177|22|4|0|0|0|0|1|0|0|0|0|552|122|253|177|2024|4|25|15|48|23|4|N
30|14|2516|E|1|0|R|734|109|28|285|E3014|98|0|0|0|0|0|0|0|0|0|0|0|0|0|0|0|0|0|0|0|0|0||||||||
30|15|415|B|1|0|U|527|23|20|286|E3015|62|0|0|0|0|0|0|0|0|0|0|0|0|0|0|0|0|0|0|0|0|0||||||||
30|15|424|C|1|0|R|608|23|20|286|E3015|64|0|0|0|0|0|0|0|0|0|0|0|0|0|0|0|0|0|0|0|0|0||||||||
30|15|590|B|1|0|R|531|30|18|286|E3015|12|0|0|0|0|0|0|0|0|0|0|0|0|0|0|0|0|0|0|0|0|0||||||||
30|15|1162|C|1|0|M|640|49|18|286|E3015|4|52|35|0|1|10|213|153|0|0|0|10|0|2|1|0|2|11|490|97|167|213|2024|4|25|14|17|58|1|N
30|15|1162|C|3|0|M|640|49|18|286|E3015|4|0|0|0|0|0|0|0|0|0|0|0|0|0|0|0|0|0|0|0|0|0||||||||
30|15|1177|C|1|0|R|565|49|18|286|E3015|18|0|0|0|0|0|0|0|0|0|0|0|0|0|0|0|0|0|0|0|0|0||||||||
30|15|1668|C|1|0|U|498|76|21|286|E3015|65|0|0|0|0|0|0|0|0|0|0|0|0|0|0|0|0|0|0|0|0|0||||||||
30|15|1785|C|1|0|U|451|85|21|286|E3015|53|0|0|0|0|0|0|0|0|0|0|0|0|0|0|0|0|0|0|0|0|0|2024|4|25|16|14|4|4|N
30|15|1788|B|1|0|M|727|85|21|286|E3015|54|0|0|0|0|0|0|0|0|0|0|0|0|0|0|0|0|0|0|0|0|0||||||||
30|15|2271|C|1|0|R|604|102|21|286|E3015|44|0|0|0|0|0|0|0|0|0|0|0|0|0|0|0|0|0|0|0|0|0||||||||
30|15|2273|C|1|0|R|671|102|21|286|E3015|47|0|0|0|0|0|0|0|0|0|0|0|0|0|0|0|0|0|0|0|0|0||||||||
30|15|2274|B|1|0|U|481|102|21|286|E3015|47|0|0|0|0|0|0|0|0|0|0|0|0|0|0|0|0|0|0|0|0|0||||||||
30|15|2670|C|2|0|U|638|119|20|286|E3015|84|40|0|17|17|25|304|5|0|0|0|0|0|3|35|0|1|10|457|57|85|304|2024|4|25|15|25|11|4|N
30|15|2711|B|1|0|U|387|119|20|286|E3015|96|28|24|17|14|7|85|30|0|0|0|14|0|31|0|0|4|8|262|83|82|85|2024|4|25|15|4|48|4|N
30|15|2712|B|1|0|U|409|119|20|286|E3015|96|0|0|0|0|0|0|0|0|0|0|0|0|0|0|0|0|0|0|0|0|0||||||||
30|15|2719|B|1|0|U|602|119|20|286|E3015|118|0|0|0|0|0|0|0|0|0|0|0|0|0|0|0|0|0|0|0|0|0||||||||
30|15|2725|C|1|0|U|681|119|20|286|E3015|113|0|0|0|0|0|0|0|0|0|0|0|0|0|0|0|0|0|0|0|0|0||||||||
30|15|2757|B|1|0|U|653|119|20|286|E3015|125|27|0|20|77|5|372|12|0|3|0|0|0|4|2|0|1|7|530|50|100|372|2024|4|25|15|13|48|4|N
30|15|2760|C|1|0|U|550|119|20|286|E3015|129|0|0|0|0|0|0|0|0|0|0|0|0|0|0|0|0|0|0|0|0|0||||||||
30|15|3308|B|1|0|U|582|139|21|286|E3015|79|49|33|46|18|0|80|97|0|0|0|0|0|23|34|0|5|4|389|128|172|80|2024|4|25|15|44|16|4|N
30|15|3313|B|1|0|U|548|139|21|286|E3015|74|0|0|0|0|0|0|0|0|0|0|0|0|0|0|0|0|0|0|0|0|0||||||||
30|15|3315|B|1|0|U|355|139|21|286|E3015|69|3|16|0|1|23|35|44|0|0|3|11|0|12|4|0|2|6|160|33|84|35|2024|4|25|15|8|38|4|N
30|16|301|B|1|0|R|747|14|19|287|E3016|3|0|0|0|0|0|0|0|0|0|0|0|0|0|0|0|0|0|0|0|0|0||||||||
30|16|306|C|1|0|M|632|14|19|287|E3016|6|0|0|0|0|0|0|0|0|0|0|0|0|0|0|0|0|0|0|0|0|0|2024|4|25|16|7|53|4|N
30|16|983|C|2|0|U|706|46|19|287|E3016|30|0|0|0|0|0|0|0|0|0|0|0|0|0|0|0|0|0|0|0|0|0|2024|4|25|15|53|44|4|N
30|16|1010|C|1|0|U|550|46|19|287|E3016|75|4|49|17|0|42|107|15|1|0|1|0|0|0|8|0|5|4|253|72|65|107|2024|4|25|15|25|33|4|N
30|16|1013|B|1|0|U|399|46|19|287|E3016|77|1|21|0|33|19|38|23|0|0|4|0|0|1|0|0|4|2|146|26|76|38|2024|4|25|15|19|38|4|N
30|16|1025|B|1|0|U|512|46|19|287|E3016|71|2|4|8|46|17|143|24|0|0|7|0|7|26|20|0|1|0|305|21|140|143|2024|4|25|15|19|14|4|N
30|16|1029|C|1|0|U|513|46|19|287|E3016|82|67|0|0|51|4|100|42|0|0|0|0|0|70|0|0|3|11|348|67|167|100|2024|4|25|15|47|25|4|N
30|16|1044|B|1|0|U|403|46|19|287|E3016|40|42|2|4|20|8|120|31|28|0|0|0|0|20|1|0|2|6|284|76|80|120|2024|4|25|15|12|58|4|N
30|16|1057|B|1|0|U|716|46|19|287|E3016|81|0|0|0|0|0|0|0|0|0|0|0|0|0|0|0|0|0|0|0|0|0||||||||
30|16|1063|C|1|0|U|733|46|19|287|E3016|68|32|2|0|62|13|158|89|0|0|0|0|0|109|24|0|1|2|492|34|297|158|2024|4|25|15|1|2|4|N
30|16|1065|B|1|0|U|545|46|19|287|E3016|65|35|3|72|8|2|96|44|5|0|3|0|0|89|6|0|2|9|374|118|149|96|2024|4|25|15|2|47|4|N
30|16|1072|B|1|0|U|677|46|19|287|E3016|48|0|0|0|0|0|0|0|0|0|0|0|0|0|0|0|0|0|0|0|0|0|2024|4|25|15|55|23|4|N
30|16|1086|B|1|0|R|687|46|19|287|E3016|26|76|0|3|89|57|124|98|0|0|0|3|0|1|1|0|0|8|460|82|246|124|2024|4|25|15|40|22|4|N
30|16|1093|C|4|0|R|689|46|19|287|E3016|61|0|11|8|45|12|78|14|24|0|0|0|0|18|0|0|4|2|216|43|89|78|2024|4|25|15|31|42|4|N
30|16|1294|C|1|0|U|558|55|17|287|E3016|92|82|2|12|4|15|135|52|0|0|9|16|0|0|0|0|2|8|337|121|71|135|2024|4|25|14|16|29|4|N
30|16|1296|B|1|0|U|517|55|17|287|E3016|94|0|0|0|0|0|0|0|0|0|0|0|0|0|0|0|0|0|0|0|0|0||||||||
30|16|1533|B|1|0|U|521|70|20|287|E3016|111|220|28|11|5|3|47|15|0|0|20|0|0|8|4|6|1|11|379|279|41|47|2024|4|25|15|18|0|4|N
30|16|1535|B|1|0|U|716|70|20|287|E3016|112|20|36|0|17|29|144|56|0|0|0|0|0|33|0|0|44|6|385|56|135|144|2024|4|25|15|27|38|4|N
30|16|1546|C|2|0|M|568|70|20|287|E3016|103|0|0|0|0|0|0|0|0|0|0|0|0|0|0|0|0|0|0|0|0|0|2024|4|25|15|58|22|4|N
30|16|1551|B|1|0|U|381|70|20|287|E3016|109|79|13|0|103|3|76|7|0|0|0|0|0|4|2|0|0|0|287|92|119|76|2024|4|25|15|21|18|4|N
30|16|1552|C|3|0|U|715|70|20|287|E3016|114|0|0|0|0|0|0|0|0|0|0|0|0|0|0|0|0|0|0|0|0|0||||||||
30|16|1812|C|2|0|M|641|87|20|287|E3016|123|0|0|0|0|0|0|0|0|0|0|0|0|0|0|0|0|0|0|0|0|0||||||||
30|16|4539|C|2|0|U|591|196|19|287|E3016|142|0|0|0|0|0|0|0|0|0|0|0|0|0|0|0|0|0|0|0|0|0||||||||
30|16|4540|B|1|0|R|337|196|19|287|E3016|91|0|0|0|0|0|0|0|0|0|0|0|0|0|0|0|0|0|0|0|0|0||||||||
30|16|4540|E|1|0|R|160|196|19|287|E3016|91|0|0|0|0|0|0|0|0|0|0|0|0|0|0|0|0|0|0|0|0|0||||||||
30|16|4985|B|1|0|U|559|46|19|287|E3016|59|18|47|15|4|0|180|29|18|0|0|1|0|0|0|0|1|2|315|99|33|180|2024|4|25|15|15|45|4|N
30|17|255|C|1|0|U|701|12|17|288|E3017|8|49|35|80|25|0|106|118|0|0|0|0|0|153|0|0|0|3|569|164|296|106|2024|4|25|14|15|38|4|N
30|17|261|B|1|0|U|746|12|17|288|E3017|10|96|50|33|8|29|126|42|0|0|1|0|0|6|23|4|4|12|434|180|112|126|2024|4|25|15|37|57|1|N
30|17|269|B|1|0|R|405|12|17|288|E3017|14|0|0|0|0|0|0|0|0|0|0|0|0|0|0|0|0|0|0|0|0|0||||||||
30|17|274|B|1|0|R|388|12|17|288|E3017|18|0|0|0|0|0|0|0|0|0|0|0|0|0|0|0|0|0|0|0|0|0||||||||
30|17|280|B|1|0|R|737|12|17|288|E3017|5|0|0|0|0|0|0|0|0|0|0|0|0|0|0|0|0|0|0|0|0|0||||||||
30|17|1095|C|2|0|M|619|47|23|288|E3017|27|0|0|0|0|0|0|0|0|0|0|0|0|0|0|0|0|0|0|0|0|0||||||||
30|17|1103|B|1|0|U|704|47|23|288|E3017|32|48|21|0|86|20|56|23|5|0|0|0|0|10|4|0|2|7|282|74|143|56|2024|4|25|15|26|21|4|N
30|17|1115|C|2|0|M|529|47|23|288|E3017|37|3|7|1|5|20|189|40|0|0|12|2|0|9|0|0|0|0|288|25|74|189|2024|4|25|15|39|30|4|N
30|17|1681|C|1|0|R|375|77|17|288|E3017|63|3|46|0|6|36|112|30|0|0|0|0|0|29|0|0|4|9|275|49|101|112|2024|4|25|15|41|8|1|N
30|17|1682|B|1|0|R|655|77|17|288|E3017|62|4|27|0|1|29|127|71|0|0|36|0|0|17|6|0|1|0|319|67|124|127|2024|4|25|15|44|11|1|N
30|17|1796|B|1|0|R|562|86|23|288|E3017|67|0|0|0|0|0|0|0|0|0|0|0|0|0|0|0|0|0|0|0|0|0|2024|4|25|16|1|2|4|N
30|17|2236|C|1|0|R|407|98|24|288|E3017|75|0|0|0|0|0|0|0|0|0|0|0|0|0|0|0|0|0|0|0|0|0||||||||
30|17|2767|B|1|0|M|555|120|23|288|E3017|77|0|0|0|0|0|0|0|0|0|0|0|0|0|0|0|0|0|0|0|0|0||||||||
30|17|3784|C|1|0|U|504|168|24|288|E3017|82|0|0|0|0|0|0|0|0|0|0|0|0|0|0|0|0|0|0|0|0|0||||||||
30|17|3794|B|1|0|R|581|168|24|288|E3017|83|0|0|0|0|0|0|0|0|0|0|0|0|0|0|0|0|0|0|0|0|0|2024|4|25|15|54|3|4|N
30|17|3861|C|2|0|M|533|173|23|288|E3017|91|0|0|0|0|0|0|0|0|0|0|0|0|0|0|0|0|0|0|0|0|0||||||||
30|17|3892|C|1|0|R|671|173|23|288|E3017|107|0|0|0|0|0|0|0|0|0|0|0|0|0|0|0|0|0|0|0|0|0||||||||
30|17|3899|C|1|0|M|506|173|23|288|E3017|111|0|0|0|0|0|0|0|0|0|0|0|0|0|0|0|0|0|0|0|0|0||||||||
30|17|3906|C|1|0|R|467|173|23|288|E3017|114|0|0|0|0|0|0|0|0|0|0|0|0|0|0|0|0|0|0|0|0|0||||||||
30|17|3997|B|1|0|R|407|177|24|288|E3017|129|0|0|0|0|0|0|0|0|0|0|0|0|0|0|0|0|0|0|0|0|0||||||||
30|17|4019|C|1|0|U|536|180|17|288|E3017|136|0|0|0|0|0|0|0|0|0|0|0|0|0|0|0|0|0|0|0|0|0||||||||
30|17|4026|C|2|0|R|509|180|17|288|E3017|139|0|0|0|0|0|0|0|0|0|0|0|0|0|0|0|0|0|0|0|0|0||||||||
30|17|4029|E|1|0|R|315|180|17|288|E3017|141|0|0|0|0|0|0|0|0|0|0|0|0|0|0|0|0|0|0|0|0|0||||||||
30|17|4032|B|1|0|R|469|180|17|288|E3017|135|0|0|0|0|0|0|0|0|0|0|0|0|0|0|0|0|0|0|0|0|0||||||||
30|17|4619|C|1|0|U|722|204|23|288|E3017|149|0|0|0|0|0|0|0|0|0|0|0|0|0|0|0|0|0|0|0|0|0||||||||
30|17|4635|B|1|0|R|385|204|23|288|E3017|152|0|0|0|0|0|0|0|0|0|0|0|0|0|0|0|0|0|0|0|0|0||||||||
30|17|4635|C|1|0|R|384|204|23|288|E3017|152|0|0|0|0|0|0|0|0|0|0|0|0|0|0|0|0|0|0|0|0|0||||||||
30|17|4642|C|1|0|R|428|204|23|288|E3017|159|0|0|0|0|0|0|0|0|0|0|0|0|0|0|0|0|0|0|0|0|0||||||||
30|18|92|C|2|0|M|602|6|21|289|E3018|1|13|15|8|0|47|143|47|22|0|0|0|0|6|0|0|0|3|304|58|100|143|2024|4|25|14|9|48|1|N
30|18|94|E|1|0|M|538|6|21|289|E3018|3|0|0|0|0|0|0|0|0|0|0|0|0|0|0|0|0|0|0|0|0|0|2024|4|25|15|53|46|1|N
30|18|96|B|1|0|R|479|6|21|289|E3018|1|21|22|24|11|5|65|64|0|0|1|0|0|35|4|0|0|2|254|68|119|65|2024|4|25|14|16|51|1|N
30|18|104|B|1|0|R|701|6|21|289|E3018|7|38|2|7|11|0|176|39|1|0|0|15|0|11|31|0|0|10|341|63|92|176|2024|4|25|14|7|46|1|N
30|18|397|B|1|0|R|653|21|22|289|E3018|15|0|0|0|0|0|0|0|0|0|0|0|0|0|0|0|0|0|0|0|0|0||||||||
30|18|1287|B|1|0|M|535|54|23|289|E3018|27|12|31|25|45|43|126|2|0|0|0|0|0|5|6|0|5|10|310|68|101|126|2024|4|25|15|44|2|1|N
30|18|2238|B|1|0|R|268|99|22|289|E3018|30|1|0|5|6|6|40|72|0|0|0|0|0|1|0|0|2|10|143|6|85|40|2024|4|25|15|38|8|1|N
30|18|2240|C|2|0|U|561|100|21|289|E3018|31|0|0|23|18|12|146|37|0|0|0|0|0|0|0|0|0|7|243|23|67|146|2024|4|25|15|2|41|4|N
30|18|2246|E|1|0|R|455|100|21|289|E3018|36|0|0|0|0|0|0|0|0|0|0|0|0|0|0|0|0|0|0|0|0|0||||||||
30|18|2581|E|1|0|R|609|111|22|289|E3018|39|27|32|0|14|1|55|11|7|0|0|68|0|22|3|0|4|5|249|134|51|55|2024|4|25|15|14|32|1|N
30|18|2623|C|1|0|U|490|116|21|289|E3018|44|18|54|14|2|25|154|34|0|0|0|0|0|1|0|0|4|5|311|86|62|154|2024|4|25|15|11|6|4|N
30|18|2625|C|3|0|M|714|116|21|289|E3018|45|0|0|0|0|0|0|0|0|0|0|0|0|0|0|0|0|0|0|0|0|0||||||||
30|18|2626|B|1|0|U|528|116|21|289|E3018|46|40|4|3|0|16|74|93|0|0|65|0|0|0|3|0|2|5|305|112|112|74|2024|4|25|15|30|2|4|N
30|18|2629|C|1|0|U|535|116|21|289|E3018|47|52|55|17|19|124|61|15|0|0|0|11|0|23|0|0|1|8|386|135|181|61|2024|4|25|15|8|9|4|N
30|18|2658|C|1|0|R|479|118|23|289|E3018|61|20|40|7|0|19|110|1|0|0|0|1|0|30|0|0|4|0|232|68|50|110|2024|4|25|15|13|15|4|N
30|18|3282|C|1|0|R|415|135|22|289|E3018|72|0|0|0|0|0|0|0|0|0|0|0|0|0|0|0|0|0|0|0|0|0||||||||
30|18|3504|E|1|1|M|604|148|22|289|E3018|76|0|0|0|0|0|0|0|0|0|0|0|0|0|0|0|0|0|0|0|0|0||||||||
30|18|3700|C|2|0|M|686|159|22|289|E3018|84|0|0|0|0|0|0|0|0|0|0|0|0|0|0|0|0|0|0|0|0|0|2024|4|25|15|53|10|1|N
30|18|3700|C|4|0|M|686|159|22|289|E3018|84|0|0|0|0|0|0|0|0|0|0|0|0|0|0|0|0|0|0|0|0|0|2024|4|25|15|57|3|1|N
30|18|3775|B|1|0|R|437|167|22|289|E3018|95|0|0|0|0|0|0|0|0|0|0|0|0|0|0|0|0|0|0|0|0|0|2024|4|25|16|6|2|1|N
30|18|3834|E|1|1|R|438|172|22|289|E3018|113|0|0|0|0|0|0|0|0|0|0|0|0|0|0|0|0|0|0|0|0|0||||||||
30|18|3836|B|1|0|U|580|172|22|289|E3018|101|11|0|3|4|110|43|70|0|0|0|0|0|46|0|0|0|8|295|14|230|43|2024|4|25|15|6|42|4|N
30|18|4578|C|1|0|R|575|201|22|289|E3018|128|0|0|0|0|0|0|0|0|0|0|0|0|0|0|0|0|0|0|0|0|0||||||||
30|18|4584|B|1|0|R|631|201|22|289|E3018|130|0|0|0|0|0|0|0|0|0|0|0|0|0|0|0|0|0|0|0|0|0||||||||
30|19|345|C|1|0|U|508|16|24|290|E3019|54|2|33|49|66|0|100|72|0|0|2|0|0|13|15|0|0|9|361|86|166|100|2024|4|25|15|11|25|4|N
30|19|347|B|1|0|R|206|16|24|290|E3019|53|8|3|0|19|1|56|15|0|0|0|1|0|1|0|1|1|0|106|12|37|56|2024|4|25|15|10|42|4|N
30|19|350|B|1|0|R|473|16|24|290|E3019|58|0|0|0|0|0|0|0|0|0|0|0|0|0|0|0|0|0|0|0|0|0||||||||
30|19|352|C|1|0|R|496|16|24|290|E3019|59|0|0|0|0|0|0|0|0|0|0|0|0|0|0|0|0|0|0|0|0|0||||||||
30|19|633|C|1|0|U|701|34|25|290|E3019|87|2|8|0|16|129|171|102|0|0|0|1|0|40|0|0|2|5|476|11|287|171|2024|4|25|15|42|50|4|N
30|19|636|B|1|0|U|596|34|25|290|E3019|88|9|2|58|9|27|110|43|0|0|0|70|0|9|0|0|0|5|342|139|88|110|2024|4|25|13|55|18|4|N
30|19|640|C|1|0|U|535|34|25|290|E3019|90|25|0|78|10|7|88|24|0|0|0|0|0|15|31|13|2|5|298|103|100|88|2024|4|25|15|19|36|4|N
30|19|652|C|2|0|R|498|34|25|290|E3019|93|0|9|24|54|27|120|78|0|0|0|0|0|23|0|0|5|10|350|33|182|120|2024|4|25|15|28|34|1|N
30|19|655|C|2|0|R|562|34|25|290|E3019|95|11|23|14|8|1|173|7|26|0|0|0|0|30|0|0|3|0|296|74|46|173|2024|4|25|15|12|17|4|N
30|19|1661|B|1|0|U|600|75|25|290|E3019|107|2|90|17|1|50|133|34|0|0|0|25|0|0|2|0|1|5|360|134|87|133|2024|4|25|15|24|21|4|N
30|19|2379|C|3|0|U|700|105|26|290|E3019|127|0|0|0|0|0|0|0|0|0|0|0|0|0|0|0|0|0|0|0|0|0||||||||
30|19|2381|E|1|0|R|504|105|26|290|E3019|133|0|0|0|0|0|0|0|0|0|0|0|0|0|0|0|0|0|0|0|0|0||||||||
30|19|2383|B|1|0|R|436|105|26|290|E3019|129|0|0|0|0|0|0|0|0|0|0|0|0|0|0|0|0|0|0|0|0|0||||||||
30|19|3362|B|1|0|R|548|142|25|290|E3019|17|0|58|9|93|3|212|19|0|0|1|0|0|1|0|0|2|2|400|68|116|212|2024|4|25|15|11|42|4|N
30|19|3390|E|1|0|M|387|142|25|290|E3019|40|69|42|0|55|8|54|9|0|0|0|0|0|6|24|0|2|6|275|111|102|54|2024|4|25|15|33|51|4|N
30|19|3397|C|2|0|R|583|142|25|290|E3019|27|3|1|0|30|5|339|57|15|0|0|0|0|0|4|0|4|10|468|19|96|339|2024|4|25|15|30|59|4|N
30|19|3398|C|1|0|R|557|142|25|290|E3019|29|0|0|0|0|0|0|0|0|0|0|0|0|0|0|0|0|0|0|0|0|0||||||||
30|19|3399|C|1|0|R|555|142|25|290|E3019|30|0|0|0|0|0|0|0|0|0|0|0|0|0|0|0|0|0|0|0|0|0||||||||
30|19|3400|B|1|0|R|402|142|25|290|E3019|43|2|1|2|25|8|123|16|27|0|0|0|0|17|16|0|3|2|242|32|82|123|2024|4|25|14|6|8|4|N
30|19|3451|B|1|0|R|560|144|24|290|E3019|71|48|66|0|5|0|102|101|0|0|0|0|0|12|0|0|2|6|342|114|118|102|2024|4|25|15|48|31|1|N
30|19|3452|C|1|0|R|642|144|24|290|E3019|71|0|0|0|0|0|0|0|0|0|0|0|0|0|0|0|0|0|0|0|0|0||||||||
30|19|3454|C|1|0|R|600|144|24|290|E3019|72|94|0|37|8|13|94|47|0|0|0|0|0|41|0|0|3|1|338|131|109|94|2024|4|25|15|24|52|1|N
30|19|3467|B|1|0|R|705|144|24|290|E3019|82|28|20|29|29|41|268|32|0|0|0|0|0|27|0|0|0|3|477|77|129|268|2024|4|25|15|42|57|4|N
30|19|3538|B|1|0|R|622|150|26|290|E3019|123|0|0|0|0|0|0|0|0|0|0|0|0|0|0|0|0|0|0|0|0|0||||||||
30|19|5000|C|2|0|U|702|150|26|290|E3019|126|0|0|0|0|0|0|0|0|0|0|0|0|0|0|0|0|0|0|0|0|0||||||||
31|1|83|C|1|0|U|734|19|18|291|E3101|39|0|0|0|0|0|0|0|0|0|0|0|0|0|0|0|0|0|0|0|0|0|2024|4|25|15|52|43|4|N
31|1|84|C|1|0|M|580|19|18|291|E3101|40|0|0|0|0|0|0|0|0|0|0|0|0|0|0|0|0|0|0|0|0|0|2024|4|25|16|12|0|1|N
31|1|95|C|1|0|M|683|21|19|291|E3101|108|0|0|0|0|0|0|0|0|0|0|0|0|0|0|0|0|0|0|0|0|0||||||||
31|1|127|B|1|0|U|380|30|18|291|E3101|74|0|0|0|0|0|0|0|0|0|0|0|0|0|0|0|0|0|0|0|0|0|2024|4|25|16|12|43|4|N
31|1|726|B|1|0|R|184|58|20|291|E3101|63|0|0|0|0|0|0|0|0|0|0|0|0|0|0|0|0|0|0|0|0|0||||||||
31|1|765|B|1|0|M|485|60|18|291|E3101|74|0|0|0|0|0|0|0|0|0|0|0|0|0|0|0|0|0|0|0|0|0||||||||
31|1|802|B|1|0|M|725|73|20|291|E3101|65|0|0|0|0|0|0|0|0|0|0|0|0|0|0|0|0|0|0|0|0|0||||||||
31|1|868|C|2|0|U|598|85|18|291|E3101|20|50|10|16|78|38|52|23|0|25|0|0|1|0|3|114|5|12|427|101|257|52|2024|4|25|15|27|24|4|N
31|1|911|B|1|0|R|643|92|19|291|E3101|116|0|0|0|0|0|0|0|0|0|0|0|0|0|0|0|0|0|0|0|0|0||||||||
31|1|932|C|2|0|U|532|96|17|291|E3101|25|0|0|0|0|0|0|0|0|0|0|0|0|0|0|0|0|0|0|0|0|0||||||||
31|1|935|C|2|0|U|641|96|17|291|E3101|27|36|132|127|38|22|51|59|0|0|0|4|0|0|34|19|5|5|532|299|172|51|2024|4|25|15|30|43|4|N
31|1|937|C|2|0|U|595|96|17|291|E3101|32|8|48|75|71|17|121|39|0|1|0|0|0|0|0|23|2|7|412|132|150|121|2024|4|25|14|12|29|4|N
31|1|966|B|1|0|M|551|96|17|291|E3101|43|101|5|50|2|17|150|25|0|5|0|1|0|0|5|0|1|6|368|162|49|150|2024|4|25|15|12|39|4|N
31|1|1016|C|1|0|U|666|102|19|291|E3101|93|0|0|0|0|0|0|0|0|0|0|0|0|0|0|0|0|0|0|0|0|0||||||||
31|1|1016|C|4|0|U|666|102|19|291|E3101|94|0|0|0|0|0|0|0|0|0|0|0|0|0|0|0|0|0|0|0|0|0||||||||
31|1|1020|B|1|0|U|475|102|19|291|E3101|83|0|0|0|0|0|0|0|0|0|0|0|0|0|0|0|0|0|0|0|0|0|2024|4|25|16|5|21|4|N
31|1|1021|C|1|0|U|604|102|19|291|E3101|86|5|35|85|0|36|57|38|0|1|0|0|0|0|0|1|5|4|267|126|75|57|2024|4|25|15|32|16|4|N
31|1|1027|C|3|0|U|605|102|19|291|E3101|98|0|0|0|0|0|0|0|0|0|0|0|0|0|0|0|0|0|0|0|0|0||||||||
31|1|1036|C|1|0|M|699|102|19|291|E3101|105|0|0|0|0|0|0|0|0|0|0|0|0|0|0|0|0|0|0|0|0|0||||||||
31|1|1049|B|1|0|R|744|104|18|291|E3101|91|0|0|0|0|0|0|0|0|0|0|0|0|0|0|0|0|0|0|0|0|0||||||||
31|2|7|C|1|0|U|576|2|11|292|E3102|20|0|0|0|0|0|0|0|0|0|0|0|0|0|0|0|0|0|0|0|0|0||||||||
31|2|7|C|3|0|U|576|2|11|292|E3102|20|0|0|0|0|0|0|0|0|0|0|0|0|0|0|0|0|0|0|0|0|0||||||||
31|2|20|C|1|0|U|508|4|15|292|E3102|33|10|22|64|0|2|9|0|0|13|0|11|0|0|72|7|4|10|224|120|81|9|2024|4|25|15|14|8|4|N
31|2|22|C|1|0|M|389|4|15|292|E3102|34|0|0|0|0|0|0|0|0|0|0|0|0|0|0|0|0|0|0|0|0|0||||||||
31|2|61|B|1|0|U|579|13|14|292|E3102|45|0|0|0|0|0|0|0|0|0|0|0|0|0|0|0|0|0|0|0|0|0|2024|4|25|16|2|34|4|N
31|2|110|C|1|0|M|534|26|14|292|E3102|35|25|61|58|1|31|51|48|0|1|0|5|0|0|0|20|0|4|305|150|100|51|2024|4|25|13|59|45|4|N
31|2|117|B|1|0|U|602|27|16|292|E3102|66|53|59|44|0|69|31|14|0|47|0|0|0|0|0|2|3|4|326|203|85|31|2024|4|25|15|35|56|4|N
31|2|153|C|1|0|U|531|34|11|292|E3102|104|0|0|0|0|0|0|0|0|0|0|0|0|0|0|0|0|0|0|0|0|0||||||||
31|2|193|C|2|0|U|595|40|16|292|E3102|110|87|14|4|102|17|17|144|0|0|0|1|0|0|0|56|3|2|447|106|319|17|2024|4|25|15|31|3|4|N
31|2|658|C|1|0|U|656|51|14|292|E3102|42|0|0|0|0|0|0|0|0|0|0|0|0|0|0|0|0|0|0|0|0|0|2024|4|25|16|2|50|4|N
31|2|660|B|1|0|R|526|51|14|292|E3102|42|0|0|0|0|0|0|0|0|0|0|0|0|0|0|0|0|0|0|0|0|0|2024|4|25|16|5|10|4|N
31|2|664|C|1|0|U|388|52|15|292|E3102|52|0|0|0|0|0|0|0|0|0|0|0|0|0|0|0|0|0|0|0|0|0||||||||
31|2|665|C|1|0|M|555|52|15|292|E3102|53|0|0|0|0|0|0|0|0|0|0|0|0|0|0|0|0|0|0|0|0|0||||||||
31|2|736|B|1|0|U|572|59|14|292|E3102|1|0|0|0|0|0|0|0|0|0|0|0|0|0|0|0|0|0|0|0|0|0||||||||
31|2|748|B|1|0|U|593|59|14|292|E3102|11|17|40|82|0|0|28|68|0|0|0|0|0|0|19|1|1|4|260|139|88|28|2024|4|25|15|8|27|4|N
31|2|757|C|1|0|U|695|59|14|292|E3102|8|51|31|55|0|13|55|66|93|5|0|3|0|0|2|2|3|11|390|238|83|55|2024|4|25|15|24|19|4|N
31|2|789|B|1|0|U|645|69|18|292|E3102|133|0|0|0|0|0|0|0|0|0|0|0|0|0|0|0|0|0|0|0|0|0||||||||
31|2|803|C|1|0|M|734|74|15|292|E3102|103|9|9|134|6|172|66|103|3|53|0|0|0|0|29|0|4|12|600|208|310|66|2024|4|25|14|13|36|4|N
31|2|856|B|1|0|M|670|82|14|292|E3102|36|163|55|69|14|25|44|32|1|1|0|0|0|0|1|0|2|8|415|289|72|44|2024|4|25|15|8|10|4|N
31|2|859|C|1|0|U|598|83|14|292|E3102|38|0|0|0|0|0|0|0|0|0|0|0|0|0|0|0|0|0|0|0|0|0||||||||
31|2|876|C|1|0|U|659|86|16|292|E3102|83|30|6|62|2|177|125|0|0|16|0|0|0|0|59|3|5|2|487|114|241|125|2024|4|25|15|13|35|4|N
31|2|877|B|1|0|R|131|86|16|292|E3102|83|37|0|12|18|11|17|2|0|0|0|0|0|0|0|6|0|11|114|49|37|17|2024|4|25|15|13|35|4|N
31|2|920|C|2|0|M|690|93|15|292|E3102|88|0|0|0|0|0|0|0|0|0|0|0|0|0|0|0|0|0|0|0|0|0||||||||
31|2|929|B|1|0|R|471|95|15|292|E3102|93|0|0|0|0|0|0|0|0|0|0|0|0|0|0|0|0|0|0|0|0|0||||||||
31|3|308|B|1|0|U|712|50|8|293|E3103|1|46|18|86|27|115|72|40|0|53|0|0|0|0|1|24|1|4|487|203|207|72|2024|4|25|15|3|57|4|N
31|3|311|C|3|0|U|658|50|1|293|E3103|6|16|83|87|18|4|81|77|0|18|0|0|0|0|3|38|2|4|431|204|140|81|2024|4|25|13|19|6|4|N
31|3|313|B|1|0|U|527|50|1|293|E3103|7|34|110|31|5|9|55|98|0|0|0|0|0|0|0|6|3|8|359|175|118|55|2024|4|25|15|1|31|4|N
31|3|340|B|1|0|U|400|50|1|293|E3103|9|8|32|43|10|0|78|45|0|4|0|0|0|0|0|4|5|8|237|87|59|78|2024|4|25|15|8|9|4|N
31|3|341|C|1|0|U|445|50|1|293|E3103|9|18|129|147|0|23|15|18|0|0|0|0|0|0|9|2|4|11|376|294|52|15|2024|4|25|15|12|25|4|N
31|3|343|B|1|0|U|458|50|1|293|E3103|5|12|84|51|11|12|29|0|0|62|0|0|0|0|0|34|4|9|308|209|57|29|2024|4|25|15|2|58|4|N
31|3|372|C|1|0|U|411|50|1|293|E3103|21|0|0|0|0|0|0|0|0|0|0|0|0|0|0|0|0|0|0|0|0|0||||||||
31|3|377|B|1|0|U|592|50|1|293|E3103|23|5|7|77|77|16|42|42|0|0|0|0|0|0|5|3|4|11|289|89|143|42|2024|4|25|14|4|42|4|N
31|3|378|B|1|0|U|601|50|1|293|E3103|24|197|14|97|44|18|71|29|0|28|0|0|0|0|0|0|1|12|511|336|91|71|2024|4|25|14|6|26|4|N
31|3|414|C|1|0|U|547|50|7|293|E3103|30|0|0|0|0|0|0|0|0|0|0|0|0|0|0|0|0|0|0|0|0|0||||||||
31|3|415|B|1|0|U|505|50|7|293|E3103|30|0|0|0|0|0|0|0|0|0|0|0|0|0|0|0|0|0|0|0|0|0||||||||
31|3|420|B|1|0|U|504|50|1|293|E3103|36|6|8|24|7|2|213|33|0|0|0|0|0|0|2|0|4|10|309|38|44|213|2024|4|25|15|26|12|4|N
31|3|471|C|5|0|U|626|50|7|293|E3103|56|58|70|57|1|25|112|0|0|32|0|0|0|0|2|181|5|2|545|217|209|112|2024|4|25|15|14|40|4|N
31|3|473|C|4|0|U|713|50|7|293|E3103|50|0|0|0|0|0|0|0|0|0|0|0|0|0|0|0|0|0|0|0|0|0||||||||
31|3|473|C|8|0|U|713|50|7|293|E3103|51|128|10|161|19|7|73|44|0|0|0|0|0|0|36|30|3|10|521|299|136|73|2024|4|25|15|16|13|4|N
31|3|477|C|4|0|U|648|50|7|293|E3103|73|0|0|0|0|0|0|0|0|0|0|0|0|0|0|0|0|0|0|0|0|0||||||||
31|3|498|B|1|0|U|488|50|1|293|E3103|64|0|0|0|0|0|0|0|0|0|0|0|0|0|0|0|0|0|0|0|0|0|2024|4|25|16|3|5|1|N
31|3|622|C|1|0|U|562|50|5|293|E3103|111|0|0|0|0|0|0|0|0|0|0|0|0|0|0|0|0|0|0|0|0|0||||||||
31|3|627|C|3|0|U|712|50|6|293|E3103|102|127|14|79|117|44|136|38|0|0|0|0|0|0|1|4|4|8|572|220|204|136|2024|4|25|13|17|5|4|N
31|3|628|C|3|0|U|721|50|5|293|E3103|113|0|0|0|0|0|0|0|0|0|0|0|0|0|0|0|0|0|0|0|0|0|2024|4|25|16|13|37|1|N
31|3|652|B|1|0|R|688|50|6|293|E3103|121|0|0|0|0|0|0|0|0|0|0|0|0|0|0|0|0|0|0|0|0|0||||||||
31|3|1082|B|1|0|U|502|50|7|293|E3103|67|0|0|0|0|0|0|0|0|0|0|0|0|0|0|0|0|0|0|0|0|0||||||||
31|3|1145|B|1|0|U|645|50|6|293|E3103|108|0|0|0|0|0|0|0|0|0|0|0|0|0|0|0|0|0|0|0|0|0||||||||
31|4|259|C|1|0|U|552|50|2|294|E3104|80|0|0|0|0|0|0|0|0|0|0|0|0|0|0|0|0|0|0|0|0|0||||||||
31|4|265|C|7|0|U|715|50|3|294|E3104|97|0|0|0|0|0|0|0|0|0|0|0|0|0|0|0|0|0|0|0|0|0||||||||
31|4|267|C|3|0|U|605|50|2|294|E3104|81|0|0|0|0|0|0|0|0|0|0|0|0|0|0|0|0|0|0|0|0|0||||||||
31|4|272|C|1|0|U|554|50|2|294|E3104|80|0|0|0|0|0|0|0|0|0|0|0|0|0|0|0|0|0|0|0|0|0||||||||
31|4|274|B|1|0|U|662|50|2|294|E3104|87|0|0|0|0|0|0|0|0|0|0|0|0|0|0|0|0|0|0|0|0|0||||||||
31|4|282|B|1|0|U|639|50|3|294|E3104|102|0|0|0|0|0|0|0|0|0|0|0|0|0|0|0|0|0|0|0|0|0||||||||
31|4|289|C|3|0|U|677|50|2|294|E3104|65|31|13|76|96|12|17|7|0|0|0|0|0|0|0|4|0|8|264|120|119|17|2024|4|25|15|44|27|4|N
31|4|316|C|1|0|U|490|50|2|294|E3104|105|14|18|35|0|15|58|21|0|0|0|0|0|0|0|124|3|9|297|67|160|58|2024|4|25|15|41|35|4|N
31|4|319|B|1|0|U|495|50|3|294|E3104|115|0|0|0|0|0|0|0|0|0|0|0|0|0|0|0|0|0|0|0|0|0||||||||
31|4|333|B|1|0|U|739|50|2|294|E3104|116|0|0|0|0|0|0|0|0|0|0|0|0|0|0|0|0|0|0|0|0|0||||||||
31|4|643|E|1|1|M|730|50|9|294|E3104|47|0|0|0|0|0|0|0|0|0|0|0|0|0|0|0|0|0|0|0|0|0||||||||
31|4|643|E|1|3|M|730|50|9|294|E3104|47|0|0|0|0|0|0|0|0|0|0|0|0|0|0|0|0|0|0|0|0|0||||||||
31|4|644|C|3|0|U|648|50|8|294|E3104|19|63|5|34|36|35|61|85|3|0|0|11|0|0|1|95|2|4|435|116|252|61|2024|4|25|15|48|33|4|N
31|4|1069|B|1|0|U|720|50|2|294|E3104|60|0|0|0|0|0|0|0|0|0|0|0|0|0|0|0|0|0|0|0|0|0||||||||
31|4|1108|B|1|0|U|744|50|8|294|E3104|21|0|0|0|0|0|0|0|0|0|0|0|0|0|0|0|0|0|0|0|0|0|2024|4|25|15|52|55|4|N
31|4|1108|C|7|0|U|743|50|8|294|E3104|22|0|0|0|0|0|0|0|0|0|0|0|0|0|0|0|0|0|0|0|0|0|2024|4|25|16|8|12|4|N
31|4|1116|B|1|0|U|622|50|8|294|E3104|7|36|12|118|24|51|38|5|54|16|0|0|0|0|1|0|0|4|359|236|81|38|2024|4|25|15|4|2|4|N
31|4|1124|C|3|0|U|720|50|8|294|E3104|1|0|0|0|0|0|0|0|0|0|0|0|0|0|0|0|0|0|0|0|0|0||||||||
31|4|1128|C|1|0|U|606|50|8|294|E3104|4|0|0|0|0|0|0|0|0|0|0|0|0|0|0|0|0|0|0|0|0|0||||||||
31|4|1152|C|4|0|U|683|50|8|294|E3104|18|0|0|0|0|0|0|0|0|0|0|0|0|0|0|0|0|0|0|0|0|0||||||||
31|5|18|B|1|0|M|623|3|20|295|E3105|85|0|0|0|0|0|0|0|0|0|0|0|0|0|0|0|0|0|0|0|0|0|2024|4|25|15|52|43|4|N
31|5|52|B|1|0|U|460|11|13|295|E3105|109|36|47|43|39|6|76|4|0|1|0|22|0|0|9|4|4|4|295|149|62|76|2024|4|25|15|31|25|4|N
31|5|106|B|1|0|M|593|24|21|295|E3105|57|47|44|149|1|32|49|48|0|2|0|0|0|0|0|18|2|7|399|242|99|49|2024|4|25|15|23|10|4|N
31|5|146|B|1|0|U|738|33|13|295|E3105|30|45|31|199|5|22|175|26|0|4|0|0|1|0|0|0|3|12|523|279|54|175|2024|4|25|15|18|53|4|N
31|5|181|C|2|0|U|570|38|13|295|E3105|119|29|45|89|58|1|6|1|0|0|0|0|0|0|33|0|5|4|271|163|93|6|2024|4|25|15|11|18|4|N
31|5|182|C|1|0|M|679|38|13|295|E3105|122|6|5|3|9|8|9|9|9|9|8|9|10|12|9|12|12|5|144|49|69|9|2024|4|25|15|25|19|4|N
31|5|230|C|2|0|U|569|44|13|295|E3105|112|24|7|178|4|80|35|4|0|40|0|0|0|0|1|2|0|4|379|249|91|35|2024|4|25|15|18|20|4|N
31|5|232|C|1|0|M|603|45|12|295|E3105|21|12|33|114|14|54|30|10|0|2|0|44|0|0|11|20|1|1|346|205|109|30|2024|4|25|13|33|20|4|N
31|5|239|C|1|0|M|604|48|13|295|E3105|22|103|6|5|6|77|86|22|0|0|0|0|0|0|5|1|1|3|315|114|111|86|2024|4|25|13|35|28|4|N
31|5|240|C|2|0|U|560|48|13|295|E3105|25|0|0|0|0|0|0|0|0|0|0|0|0|0|0|0|0|0|0|0|0|0||||||||
31|5|250|B|1|0|R|692|48|13|295|E3105|29|3|24|15|99|22|24|25|0|66|0|0|0|0|0|0|5|10|293|108|146|24|2024|4|25|15|22|25|4|N
31|5|680|B|1|0|M|657|53|12|295|E3105|37|57|60|119|18|52|56|24|0|8|0|0|0|0|24|0|4|11|433|244|118|56|2024|4|25|15|15|2|4|N
31|5|700|C|2|0|U|578|56|21|295|E3105|81|0|0|0|0|0|0|0|0|0|0|0|0|0|0|0|0|0|0|0|0|0||||||||
31|5|772|C|2|0|M|647|63|13|295|E3105|126|59|120|73|15|4|59|43|0|5|0|0|0|0|0|0|2|9|389|257|62|59|2024|4|25|15|23|10|4|N
31|5|778|B|1|0|U|616|66|21|295|E3105|62|0|0|0|0|0|0|0|0|0|0|0|0|0|0|0|0|0|0|0|0|0||||||||
31|5|805|C|1|0|M|661|75|20|295|E3105|55|0|0|0|0|0|0|0|0|0|0|0|0|0|0|0|0|0|0|0|0|0||||||||
31|5|826|C|3|0|U|725|79|20|295|E3105|96|0|0|0|0|0|0|0|0|0|0|0|0|0|0|0|0|0|0|0|0|0||||||||
31|5|886|C|1|0|U|579|89|21|295|E3105|67|5|13|225|8|10|42|42|0|8|0|1|0|0|2|15|5|9|385|252|77|42|2024|4|25|15|6|33|4|N
31|5|894|C|1|0|U|652|89|21|295|E3105|71|0|0|0|0|0|0|0|0|0|0|0|0|0|0|0|0|0|0|0|0|0||||||||
31|5|990|C|4|0|U|680|101|12|295|E3105|12|124|37|45|18|139|9|5|0|3|0|0|0|0|1|93|2|3|479|209|256|9|2024|4|25|15|38|16|4|N
31|5|991|C|2|0|M|682|101|12|295|E3105|1|0|0|0|0|0|0|0|0|0|0|0|0|0|0|0|0|0|0|0|0|0||||||||
31|5|995|C|2|0|U|696|101|12|295|E3105|16|0|0|0|0|0|0|0|0|0|0|0|0|0|0|0|0|0|0|0|0|0||||||||
31|5|998|C|4|0|U|607|101|12|295|E3105|13|40|35|25|6|44|37|33|2|3|0|0|0|0|2|18|3|0|248|105|103|37|2024|4|25|15|33|23|4|N
31|6|206|B|1|0|U|703|41|10|296|E3106|6|0|0|0|0|0|0|0|0|0|0|0|0|0|0|0|0|0|0|0|0|0||||||||
31|6|207|C|15|0|U|736|41|11|296|E3106|10|0|0|0|0|0|0|0|0|0|0|0|0|0|0|0|0|0|0|0|0|0||||||||
31|6|208|C|1|0|U|628|41|10|296|E3106|5|0|0|0|0|0|0|0|0|0|0|0|0|0|0|0|0|0|0|0|0|0||||||||
31|6|213|C|1|0|U|745|41|10|296|E3106|14|3|56|73|30|34|115|22|0|5|0|0|0|0|51|148|1|9|547|137|285|115|2024|4|25|15|46|9|4|N
31|6|215|C|4|0|U|691|41|10|296|E3106|17|0|0|0|0|0|0|0|0|0|0|0|0|0|0|0|0|0|0|0|0|0||||||||
31|6|324|B|1|0|U|578|50|3|296|E3106|42|85|77|98|46|24|77|14|0|7|0|0|0|0|0|0|5|8|441|267|84|77|2024|4|25|15|44|40|2|N
31|6|326|B|1|0|U|534|50|3|296|E3106|41|0|0|0|0|0|0|0|0|0|0|0|0|0|0|0|0|0|0|0|0|0||||||||
31|6|398|B|1|0|U|726|50|4|296|E3106|75|111|26|226|30|20|205|16|0|0|0|6|0|0|0|1|3|12|656|369|67|205|2024|4|25|14|15|20|4|N
31|6|398|S|1|0|U|0|50|4|296|E3106|75|111|59|113|10|41|41|51|0|2|0|1|0|0|3|0|3|10|445|286|105|41|2024|4|25|15|13|30|4|N
31|6|402|C|2|0|U|508|50|4|296|E3106|43|0|9|175|26|45|80|33|0|10|0|6|0|0|2|3|4|12|405|200|109|80|2024|4|25|15|17|18|4|N
31|6|434|B|1|0|U|594|50|4|296|E3106|65|0|0|0|0|0|0|0|0|0|0|0|0|0|0|0|0|0|0|0|0|0||||||||
31|6|506|C|1|0|U|464|50|4|296|E3106|69|72|13|106|1|21|60|2|0|25|0|26|0|0|16|0|4|8|354|242|40|60|2024|4|25|15|20|19|4|N
31|6|508|C|4|0|U|654|50|4|296|E3106|117|82|29|36|3|68|149|5|0|1|0|28|0|0|0|2|5|9|417|176|78|149|2024|4|25|14|10|12|4|N
31|6|514|B|1|0|U|544|50|5|296|E3106|118|14|0|112|4|7|33|25|0|0|0|0|0|0|0|86|3|2|286|126|122|33|2024|4|25|14|11|6|4|N
31|6|525|C|1|0|U|412|50|5|296|E3106|85|0|0|0|0|0|0|0|0|0|0|0|0|0|0|0|0|0|0|0|0|0|2024|4|25|16|13|19|1|N
31|6|528|C|1|0|U|505|50|5|296|E3106|82|20|44|59|4|38|66|27|4|0|0|0|0|0|5|47|2|7|323|127|121|66|2024|4|25|15|49|25|1|N
31|6|532|B|1|0|U|687|50|5|296|E3106|108|0|0|0|0|0|0|0|0|0|0|0|0|0|0|0|0|0|0|0|0|0|2024|4|25|16|14|38|1|N
31|6|559|C|1|0|U|555|50|5|296|E3106|92|0|0|0|0|0|0|0|0|0|0|0|0|0|0|0|0|0|0|0|0|0||||||||
31|6|567|C|1|0|U|578|50|5|296|E3106|105|0|0|0|0|0|0|0|0|0|0|0|0|0|0|0|0|0|0|0|0|0||||||||
31|6|574|C|1|0|U|504|50|5|296|E3106|95|0|0|0|0|0|0|0|0|0|0|0|0|0|0|0|0|0|0|0|0|0||||||||
31|6|1167|B|1|0|U|484|41|10|296|E3106|24|36|2|66|2|16|71|0|0|1|0|0|0|0|0|60|0|9|263|105|78|71|2024|4|25|15|39|48|1|N
32|1|129|B|1|0|U|408|9|18|297|E3201|5|0|0|0|0|0|0|0|0|0|0|0|0|0|0|0|0|0|0|0|0|0||||||||
32|1|135|C|2|0|U|682|10|7|297|E3201|39|0|0|0|0|0|0|0|0|0|0|0|0|0|0|0|0|0|0|0|0|0||||||||
32|1|163|C|1|0|U|750|10|8|297|E3201|69|0|0|0|0|0|0|0|0|0|0|0|0|0|0|0|0|0|0|0|0|0|2024|4|25|15|58|34|1|N
32|1|179|B|1|0|U|450|10|6|297|E3201|15|0|0|0|0|0|0|0|0|0|0|0|0|0|0|0|0|0|0|0|0|0||||||||
32|1|187|B|1|0|U|418|10|6|297|E3201|17|24|3|4|8|14|140|25|37|0|0|0|0|5|0|0|1|5|266|68|52|140|2024|4|25|13|31|11|4|N
32|1|199|B|1|0|U|405|10|6|297|E3201|26|49|2|21|7|3|70|84|0|0|0|0|0|0|14|4|0|6|260|72|112|70|2024|4|25|15|46|40|4|N
32|1|206|B|1|0|U|667|10|6|297|E3201|27|0|0|0|0|0|0|0|0|0|0|0|0|0|0|0|0|0|0|0|0|0||||||||
32|1|271|C|1|0|U|619|10|7|297|E3201|64|35|65|10|0|23|98|188|6|0|0|0|3|2|17|0|0|12|459|116|233|98|2024|4|25|15|8|37|4|N
32|1|280|B|1|0|R|340|10|8|297|E3201|77|0|0|0|0|0|0|0|0|0|0|0|0|0|0|0|0|0|0|0|0|0||||||||
32|1|285|B|1|0|R|196|10|8|297|E3201|75|0|0|0|0|0|0|0|0|0|0|0|0|0|0|0|0|0|0|0|0|0|2024|4|25|16|6|14|4|N
32|1|324|B|1|0|R|294|10|8|297|E3201|86|29|18|15|0|1|41|34|10|0|0|0|0|1|1|1|1|4|156|72|38|41|2024|4|25|15|43|33|1|N
32|1|333|B|1|0|R|240|10|7|297|E3201|51|18|1|3|4|42|31|24|22|0|0|0|0|0|0|0|5|6|156|44|70|31|2024|4|25|15|31|26|1|N
32|1|711|B|1|0|R|406|21|18|297|E3201|91|0|0|0|0|0|0|0|0|0|0|0|0|0|0|0|0|0|0|0|0|0|2024|4|25|15|57|4|2|N
32|1|733|B|1|0|M|678|22|17|297|E3201|100|0|0|0|0|0|0|0|0|0|0|0|0|0|0|0|0|0|0|0|0|0||||||||
32|1|886|B|1|0|U|596|29|18|297|E3201|105|0|0|0|0|0|0|0|0|0|0|0|0|0|0|0|0|0|0|0|0|0||||||||
32|1|887|B|1|0|U|521|29|18|297|E3201|106|0|0|0|0|0|0|0|0|0|0|0|0|0|0|0|0|0|0|0|0|0||||||||
32|1|893|B|1|0|U|644|29|18|297|E3201|106|0|0|0|0|0|0|0|0|0|0|0|0|0|0|0|0|0|0|0|0|0||||||||
32|1|1257|C|1|0|U|464|40|7|297|E3201|111|0|0|0|0|0|0|0|0|0|0|0|0|0|0|0|0|0|0|0|0|0||||||||
32|1|1269|C|1|0|R|484|40|7|297|E3201|116|14|50|1|13|68|143|25|0|0|0|33|0|0|5|22|4|10|388|98|133|143|2024|4|25|13|8|35|4|N
32|1|1273|B|1|0|U|419|40|7|297|E3201|117|45|29|15|0|16|47|71|2|0|0|0|0|0|0|0|1|1|227|91|87|47|2024|4|25|13|12|59|4|N
32|1|1277|B|1|0|M|521|40|7|297|E3201|118|0|0|0|0|0|0|0|0|0|0|0|0|0|0|0|0|0|0|0|0|0||||||||
32|1|1292|B|1|0|U|492|42|18|297|E3201|137|0|0|0|0|0|0|0|0|0|0|0|0|0|0|0|0|0|0|0|0|0||||||||
32|1|1363|B|1|0|R|661|42|18|297|E3201|147|0|0|0|0|0|0|0|0|0|0|0|0|0|0|0|0|0|0|0|0|0||||||||
32|1|1540|B|1|0|U|255|49|8|297|E3201|164|0|0|0|0|0|0|0|0|0|0|0|0|0|0|0|0|0|0|0|0|0||||||||
32|1|1555|B|1|0|R|340|49|8|297|E3201|165|0|0|0|0|0|0|0|0|0|0|0|0|0|0|0|0|0|0|0|0|0||||||||
32|1|1570|B|1|0|R|229|49|8|297|E3201|162|0|0|0|0|0|0|0|0|0|0|0|0|0|0|0|0|0|0|0|0|0||||||||
32|1|1579|B|1|0|R|196|49|8|297|E3201|163|0|0|0|0|0|0|0|0|0|0|0|0|0|0|0|0|0|0|0|0|0||||||||
32|1|1596|B|1|0|R|224|49|8|297|E3201|153|0|0|0|0|0|0|0|0|0|0|0|0|0|0|0|0|0|0|0|0|0||||||||
32|1|1913|B|1|0|U|735|10|8|297|E3201|71|0|0|0|0|0|0|0|0|0|0|0|0|0|0|0|0|0|0|0|0|0|2024|4|25|16|4|12|4|N
32|2|2|B|1|0|M|590|1|16|298|E3202|159|0|0|0|0|0|0|0|0|0|0|0|0|0|0|0|0|0|0|0|0|0||||||||
32|2|28|B|1|0|R|197|3|16|298|E3202|166|0|0|0|0|0|0|0|0|0|0|0|0|0|0|0|0|0|0|0|0|0||||||||
32|2|103|B|1|0|U|494|8|5|298|E3202|64|0|0|0|0|0|0|0|0|0|0|0|0|0|0|0|0|0|0|0|0|0||||||||
32|2|608|C|2|0|U|562|20|10|298|E3202|1|25|112|15|23|125|77|14|2|0|0|0|0|0|9|3|2|0|407|154|174|77|2024|4|25|14|13|2|4|N
32|2|611|B|1|0|U|592|20|10|298|E3202|3|72|7|35|11|66|135|80|0|0|1|0|0|0|0|0|3|3|413|115|157|135|2024|4|25|14|7|48|4|N
32|2|659|B|1|0|R|221|20|10|298|E3202|22|0|0|0|0|0|0|0|0|0|0|0|0|0|0|0|0|0|0|0|0|0||||||||
32|2|672|B|1|0|U|465|20|10|298|E3202|20|0|0|0|0|0|0|0|0|0|0|0|0|0|0|0|0|0|0|0|0|0||||||||
32|2|756|C|1|0|R|437|23|16|298|E3202|154|0|0|0|0|0|0|0|0|0|0|0|0|0|0|0|0|0|0|0|0|0||||||||
32|2|766|C|1|0|M|440|24|13|298|E3202|84|0|0|0|0|0|0|0|0|0|0|0|0|0|0|0|0|0|0|0|0|0||||||||
32|2|768|C|1|0|U|552|24|13|298|E3202|85|0|0|0|0|0|0|0|0|0|0|0|0|0|0|0|0|0|0|0|0|0|2024|4|25|16|11|17|1|N
32|2|773|C|1|0|U|650|24|13|298|E3202|87|0|0|0|0|0|0|0|0|0|0|0|0|0|0|0|0|0|0|0|0|0||||||||
32|2|782|B|1|0|R|504|24|13|298|E3202|75|0|0|0|0|0|0|0|0|0|0|0|0|0|0|0|0|0|0|0|0|0||||||||
32|2|784|B|1|0|R|539|24|13|298|E3202|75|28|6|7|3|19|44|73|4|0|0|0|0|0|0|0|4|4|192|45|95|44|2024|4|25|15|33|38|2|N
32|2|790|B|1|0|R|445|24|13|298|E3202|78|0|0|0|0|0|0|0|0|0|0|0|0|0|0|0|0|0|0|0|0|0||||||||
32|2|880|B|1|0|R|141|28|16|298|E3202|190|0|0|0|0|0|0|0|0|0|0|0|0|0|0|0|0|0|0|0|0|0||||||||
32|2|931|B|1|0|R|256|31|10|298|E3202|40|0|0|0|0|0|0|0|0|0|0|0|0|0|0|0|0|0|0|0|0|0|2024|4|25|15|54|30|1|N
32|2|933|B|1|0|R|348|31|10|298|E3202|40|51|3|8|0|0|47|103|8|0|5|1|0|3|0|0|4|2|235|76|106|47|2024|4|25|15|51|14|1|N
32|2|954|B|1|0|U|637|33|16|298|E3202|149|0|0|0|0|0|0|0|0|0|0|0|0|0|0|0|0|0|0|0|0|0||||||||
32|2|956|B|1|0|M|560|33|16|298|E3202|149|0|0|0|0|0|0|0|0|0|0|0|0|0|0|0|0|0|0|0|0|0||||||||
32|2|965|B|1|0|U|680|34|15|298|E3202|141|0|0|0|0|0|0|0|0|0|0|0|0|0|0|0|0|0|0|0|0|0||||||||
32|2|1036|C|2|0|U|662|36|11|298|E3202|98|0|0|0|0|0|0|0|0|0|0|0|0|0|0|0|0|0|0|0|0|0||||||||
32|2|1059|B|1|0|R|558|36|11|298|E3202|69|0|0|0|0|0|0|0|0|0|0|0|0|0|0|0|0|0|0|0|0|0|2024|4|25|16|0|25|1|N
32|2|1065|B|1|0|R|320|36|11|298|E3202|101|37|28|28|14|6|67|94|0|0|0|0|0|0|0|2|1|8|285|93|116|67|2024|4|25|15|32|46|1|N
32|2|1075|B|1|0|R|177|36|11|298|E3202|105|0|0|0|0|0|0|0|0|0|0|0|0|0|0|0|0|0|0|0|0|0|2024|4|25|15|58|20|4|N
32|2|1389|C|2|0|M|525|44|15|298|E3202|128|0|0|0|0|0|0|0|0|0|0|0|0|0|0|0|0|0|0|0|0|0||||||||
32|2|1463|B|1|0|R|212|46|10|298|E3202|34|0|0|0|0|0|0|0|0|0|0|0|0|0|0|0|0|0|0|0|0|0||||||||
32|2|1482|B|1|0|R|299|58|16|298|E3202|185|0|0|0|0|0|0|0|0|0|0|0|0|0|0|0|0|0|0|0|0|0||||||||
32|2|1483|B|1|0|R|164|58|16|298|E3202|185|0|0|0|0|0|0|0|0|0|0|0|0|0|0|0|0|0|0|0|0|0||||||||
32|2|1716|C|1|0|U|598|55|5|298|E3202|49|0|0|0|0|0|0|0|0|0|0|0|0|0|0|0|0|0|0|0|0|0||||||||
32|2|1723|C|1|0|U|533|55|10|298|E3202|50|0|0|0|0|0|0|0|0|0|0|0|0|0|0|0|0|0|0|0|0|0||||||||
32|2|1727|B|1|0|M|444|55|5|298|E3202|56|0|0|0|0|0|0|0|0|0|0|0|0|0|0|0|0|0|0|0|0|0|2024|4|25|16|4|24|1|N
32|2|1734|C|1|0|M|442|55|10|298|E3202|52|0|0|0|0|0|0|0|0|0|0|0|0|0|0|0|0|0|0|0|0|0||||||||
32|2|1750|B|1|0|R|207|55|5|298|E3202|42|0|0|0|0|0|0|0|0|0|0|0|0|0|0|0|0|0|0|0|0|0||||||||
32|2|1764|B|1|0|R|179|55|5|298|E3202|43|10|1|1|0|13|14|8|53|0|0|1|0|0|0|0|5|4|110|66|21|14|2024|4|25|15|38|51|4|N
32|3|44|C|1|0|M|706|5|9|299|E3203|8|41|86|7|1|29|48|132|5|2|6|3|11|0|23|0|0|3|397|150|196|48|2024|4|25|15|50|10|1|N
32|3|61|B|1|0|M|461|6|17|299|E3203|17|76|109|3|0|0|20|1|0|0|0|14|16|23|15|0|3|2|282|202|55|20|2024|4|25|15|22|56|1|N
32|3|64|B|1|0|U|512|6|17|299|E3203|16|39|6|48|46|33|145|47|0|0|0|0|2|0|0|0|4|2|372|93|128|145|2024|4|25|14|9|28|4|N
32|3|65|B|1|0|U|421|6|17|299|E3203|16|57|6|4|5|15|118|53|0|0|0|0|0|0|5|0|2|6|271|67|78|118|2024|4|25|14|11|44|4|N
32|3|76|C|1|0|U|663|7|12|299|E3203|19|90|38|13|1|47|90|19|34|12|0|2|0|0|0|0|3|10|359|189|67|90|2024|4|25|14|6|5|4|N
32|3|77|B|1|0|U|746|7|12|299|E3203|18|0|0|0|0|0|0|0|0|0|0|0|0|0|0|0|0|0|0|0|0|0||||||||
32|3|93|B|1|0|R|101|7|12|299|E3203|22|2|1|5|1|2|4|6|5|0|0|0|0|4|0|1|2|7|40|13|14|4|2024|4|25|14|8|58|1|N
32|3|384|B|1|0|R|139|13|9|299|E3203|27|0|0|0|0|0|0|0|0|0|0|0|0|0|0|0|0|0|0|0|0|0||||||||
32|3|416|B|1|0|R|147|14|12|299|E3203|31|46|13|0|6|6|14|9|0|0|0|0|0|0|2|1|0|11|108|59|24|14|2024|4|25|15|26|35|1|N
32|3|829|B|1|0|R|285|26|12|299|E3203|46|37|36|22|3|0|85|1|6|0|11|0|1|0|0|1|5|3|211|112|6|85|2024|4|25|14|8|18|1|N
32|3|851|B|1|0|R|426|26|12|299|E3203|46|25|21|39|2|29|70|78|0|0|0|27|0|0|0|0|2|7|300|112|109|70|2024|4|25|14|15|51|1|N
32|3|867|B|1|0|R|224|26|12|299|E3203|43|8|7|6|5|4|7|6|9|8|7|9|8|8|9|6|2|4|113|54|46|7|2024|4|25|14|12|54|4|N
32|3|1090|C|1|0|U|561|37|9|299|E3203|66|75|1|10|0|80|27|85|1|0|0|6|0|0|9|1|3|10|308|93|175|27|2024|4|25|15|22|38|4|N
32|3|1204|C|1|0|U|602|39|17|299|E3203|93|198|3|22|11|43|66|48|3|0|0|2|0|13|39|13|0|3|464|228|167|66|2024|4|25|14|17|43|4|N
32|3|1231|C|1|0|U|594|39|17|299|E3203|70|0|0|0|0|0|0|0|0|0|0|0|0|0|0|0|0|0|0|0|0|0||||||||
32|3|1284|B|1|0|M|390|41|12|299|E3203|95|35|31|26|5|34|159|27|0|0|0|0|0|0|0|8|3|1|329|92|74|159|2024|4|25|14|8|7|1|N
32|3|1604|C|1|0|R|573|50|2|299|E3203|97|99|1|16|1|45|40|86|0|1|0|8|0|36|18|0|1|6|358|125|186|40|2024|4|25|15|30|47|1|N
32|3|1784|B|1|0|U|554|56|2|299|E3203|117|0|0|0|0|0|0|0|0|0|0|0|0|0|0|0|0|0|0|0|0|0|2024|4|25|15|53|41|1|N
32|3|1789|B|1|0|U|678|56|2|299|E3203|145|35|42|77|74|5|99|18|0|0|6|2|0|0|0|0|2|6|366|162|97|99|2024|4|25|15|18|32|4|N
32|3|1791|C|3|0|U|597|56|2|299|E3203|149|0|0|0|0|0|0|0|0|0|0|0|0|0|0|0|0|0|0|0|0|0||||||||
32|3|1798|B|1|0|U|555|56|2|299|E3203|119|116|25|1|17|89|90|17|0|4|0|0|0|1|31|3|0|4|398|146|158|90|2024|4|25|14|4|32|4|N
32|3|1805|B|1|0|U|498|56|2|299|E3203|123|121|13|0|15|10|7|26|0|0|0|1|0|12|19|0|2|7|233|135|82|7|2024|4|25|15|44|30|1|N
32|3|1841|B|1|0|U|391|56|1|299|E3203|140|0|0|0|0|0|0|0|0|0|0|0|0|0|0|0|0|0|0|0|0|0|2024|4|25|16|7|56|1|N
32|3|1846|B|1|0|U|745|56|1|299|E3203|152|0|0|0|0|0|0|0|0|0|0|0|0|0|0|0|0|0|0|0|0|0||||||||
32|3|1855|B|1|0|U|675|56|2|299|E3203|132|105|54|3|3|11|98|120|3|0|0|2|0|0|16|5|1|7|428|167|155|98|2024|4|25|14|7|40|4|N
32|3|1874|B|1|0|M|699|56|1|299|E3203|151|50|70|25|40|50|90|100|0|5|10|5|5|5|10|10|0|30|505|165|220|90|2024|4|25|15|32|24|4|N
32|3|1910|C|2|0|M|682|39|17|299|E3203|86|89|27|13|14|34|110|148|38|0|0|0|0|0|7|0|4|9|493|167|203|110|2024|4|25|15|35|39|1|N
32|3|1916|B|1|0|U|716|56|1|299|E3203|163|0|0|0|0|0|0|0|0|0|0|0|0|0|0|0|0|0|0|0|0|0|2024|4|25|16|7|56|4|N
32|3|1922|B|1|0|U|651|56|1|299|E3203|159|0|0|0|0|0|0|0|0|0|0|0|0|0|0|0|0|0|0|0|0|0|2024|4|25|16|7|20|1|N
32|3|1950|B|1|0|U|585|5|9|299|E3203|7|81|1|15|0|58|127|105|0|0|2|0|0|1|22|2|3|2|419|99|188|127|2024|4|25|15|38|21|1|N
32|4|450|B|1|0|U|580|16|11|300|E3204|6|0|0|0|0|0|0|0|0|0|0|0|0|0|0|0|0|0|0|0|0|0|2024|4|25|16|2|20|1|N
32|4|455|B|1|0|U|734|16|11|300|E3204|7|0|0|0|0|0|0|0|0|0|0|0|0|0|0|0|0|0|0|0|0|0|2024|4|25|16|1|25|1|N
32|4|469|C|1|0|U|656|17|3|300|E3204|30|0|0|0|0|0|0|0|0|0|0|0|0|0|0|0|0|0|0|0|0|0||||||||
32|4|472|B|1|0|U|615|17|3|300|E3204|34|0|0|0|0|0|0|0|0|0|0|0|0|0|0|0|0|0|0|0|0|0||||||||
32|4|485|B|1|0|U|663|17|3|300|E3204|37|0|0|0|0|0|0|0|0|0|0|0|0|0|0|0|0|0|0|0|0|0||||||||
32|4|486|B|1|0|U|396|17|3|300|E3204|28|0|0|0|0|0|0|0|0|0|0|0|0|0|0|0|0|0|0|0|0|0||||||||
32|4|506|C|1|0|U|492|17|5|300|E3204|21|0|0|0|0|0|0|0|0|0|0|0|0|0|0|0|0|0|0|0|0|0||||||||
32|4|521|C|3|0|U|673|17|4|300|E3204|58|36|14|150|2|107|180|68|0|0|0|0|0|0|0|0|0|7|564|200|177|180|2024|4|25|14|17|37|4|N
32|4|536|B|1|0|U|528|17|5|300|E3204|23|0|0|0|0|0|0|0|0|0|0|0|0|0|0|0|0|0|0|0|0|0||||||||
32|4|1094|S|1|0|M|0|38|14|300|E3204|94|0|0|0|0|0|0|0|0|0|0|0|0|0|0|0|0|0|0|0|0|0||||||||
32|4|1109|C|2|0|R|503|38|14|300|E3204|88|0|0|0|0|0|0|0|0|0|0|0|0|0|0|0|0|0|0|0|0|0|2024|4|25|15|56|10|1|N
32|4|1117|B|1|0|R|461|38|14|300|E3204|93|0|0|0|0|0|0|0|0|0|0|0|0|0|0|0|0|0|0|0|0|0|2024|4|25|16|9|22|1|N
32|4|1119|B|1|0|M|619|38|14|300|E3204|93|0|0|0|0|0|0|0|0|0|0|0|0|0|0|0|0|0|0|0|0|0||||||||
32|4|1124|B|1|0|R|581|38|14|300|E3204|108|0|0|0|0|0|0|0|0|0|0|0|0|0|0|0|0|0|0|0|0|0||||||||
32|4|1129|B|1|0|R|580|38|14|300|E3204|97|0|0|0|0|0|0|0|0|0|0|0|0|0|0|0|0|0|0|0|0|0|2024|4|25|16|6|12|1|N
32|4|1143|B|1|0|U|632|38|14|300|E3204|103|81|32|28|0|49|124|116|1|0|6|0|0|14|0|0|0|9|460|148|179|124|2024|4|25|15|44|9|4|N
32|4|1150|B|1|0|U|651|38|14|300|E3204|107|83|41|2|0|11|139|86|0|0|0|0|0|2|17|2|0|3|386|126|118|139|2024|4|25|15|49|40|1|N
32|4|1162|B|1|0|R|306|38|14|300|E3204|87|0|0|0|0|0|0|0|0|0|0|0|0|0|0|0|0|0|0|0|0|0||||||||
32|4|1661|C|1|0|U|592|52|13|300|E3204|122|38|72|2|33|66|214|38|0|0|0|0|0|0|14|0|4|11|492|112|151|214|2024|4|25|15|6|8|4|N
32|4|1676|C|1|0|M|560|53|11|300|E3204|128|0|0|0|0|0|0|0|0|0|0|0|0|0|0|0|0|0|0|0|0|0|2024|4|25|16|5|2|1|N
32|4|1685|B|1|0|U|420|53|11|300|E3204|126|0|0|0|0|0|0|0|0|0|0|0|0|0|0|0|0|0|0|0|0|0|2024|4|25|16|6|32|1|N
32|4|1887|C|1|0|U|591|17|4|300|E3204|68|0|0|0|0|0|0|0|0|0|0|0|0|0|0|0|0|0|0|0|0|0||||||||
32|4|1891|B|1|0|U|493|17|4|300|E3204|70|0|0|0|0|0|0|0|0|0|0|0|0|0|0|0|0|0|0|0|0|0||||||||
32|4|1933|C|1|0|U|573|17|3|300|E3204|50|0|0|0|0|0|0|0|0|0|0|0|0|0|0|0|0|0|0|0|0|0||||||||
